decoyID	intron_gc	site_gc_49nt
A1CF_50807502	0.382011	0.510204
A2ML1_8826760	0.426762	0.632653
A2ML1_8849532	0.415119	0.510204
A2ML1_8867699	0.415080	0.448980
A2ML1_8867811	0.415080	0.367347
A2M_9100279	0.373457	0.387755
A2M_9103696	0.372855	0.367347
A3GALT2_33309614	0.571553	0.755102
A3GALT2_33311725	0.571553	0.510204
AAAS_53314155	0.468313	0.408163
AACS_125070230	0.520226	0.510204
AACS_125073804	0.520226	0.428571
AACS_125088805	0.506423	0.653061
AACS_125106654	0.494429	0.469388
AACS_125117179	0.546412	0.510204
AACS_125119798	0.518101	0.551020
AACS_125130203	0.503082	0.469388
AACS_125132452	0.503082	0.612245
AADACL3_12722025	0.465263	0.448980
AADAC_151815965	0.361501	0.326531
AADAC_151819330	0.380100	0.448980
AADAT_170069353	0.393068	0.306122
AAGAB_67203352	0.355932	0.408163
AAGAB_67232035	0.385935	0.612245
AAGAB_67234107	0.385935	0.448980
AAGAB_67246573	0.393844	0.448980
AAK1_69511785	0.415569	0.346939
AAK1_69522332	0.442631	0.571429
AAK1_69525388	0.434142	0.489796
AAK1_69531600	0.404798	0.367347
AAMP_218267031	0.548323	0.469388
AANAT_76462888	0.532040	0.510204
AANAT_76469377	0.632047	0.653061
AAR2_36242699	0.427168	0.428571
AARSD1_42957828	0.475475	0.408163
AARS_70260447	0.488961	0.530612
AARS_70265893	0.472445	0.530612
AARS_70272795	0.470862	0.571429
AASS_122125448	0.366994	0.469388
AATF_36986433	0.391513	0.408163
AATF_36988418	0.385562	0.387755
AATF_37049371	0.459911	0.632653
AATK-AS1_81166531	0.754575	0.591837
AATK_81124442	0.671728	0.653061
AATK_81134651	0.584871	0.673469
AATK_81153873	0.584871	0.571429
AATK_81162978	0.584871	0.612245
ABAT_8776279	0.481337	0.673469
ABAT_8779802	0.512224	0.510204
ABC13-47488600E17.1_113967652	0.532071	0.632653
ABC13-47488600E17.1_113968983	0.532071	0.571429
ABC13-47488600E17.1_113969494	0.532071	0.612245
ABC7-42404400C24.1_47762466	0.612676	0.632653
ABCA10_69221257	0.367822	0.346939
ABCA12_214954375	0.367459	0.387755
ABCA12_214987228	0.364924	0.387755
ABCA12_215013480	0.352415	0.428571
ABCA13_48235135	0.427982	0.428571
ABCA13_48235783	0.427982	0.387755
ABCA13_48243863	0.434027	0.469388
ABCA13_48247709	0.420743	0.469388
ABCA13_48280005	0.398734	0.408163
ABCA13_48314032	0.354000	0.448980
ABCA13_48374700	0.368577	0.510204
ABCA13_48510287	0.434410	0.510204
ABCA13_48524143	0.376170	0.387755
ABCA1_104861049	0.418121	0.448980
ABCA3_2278673	0.615702	0.632653
ABCA3_2278677	0.615702	0.632653
ABCA3_2280551	0.554852	0.591837
ABCA3_2280874	0.554852	0.489796
ABCA3_2290332	0.553394	0.673469
ABCA3_2307805	0.505699	0.448980
ABCA3_2323796	0.521678	0.632653
ABCA3_2326594	0.480102	0.448980
ABCA4_94009309	0.485996	0.530612
ABCA4_94009492	0.485996	0.551020
ABCA4_94010929	0.632530	0.530612
ABCA4_94011583	0.511878	0.510204
ABCA4_94035001	0.449532	0.387755
ABCA4_94040935	0.441258	0.428571
ABCA4_94080154	0.447835	0.591837
ABCA4_94108394	0.517851	0.551020
ABCA4_94118567	0.483129	0.571429
ABCA5_69252125	0.379250	0.571429
ABCA6_69081145	0.383903	0.346939
ABCA6_69097451	0.350626	0.367347
ABCA6_69122224	0.365581	0.346939
ABCA6_69128122	0.303098	0.326531
ABCA7_1048436	0.579839	0.632653
ABCA8_68876703	0.430675	0.510204
ABCA8_68884611	0.420526	0.428571
ABCA8_68886735	0.349794	0.265306
ABCA8_68889857	0.337519	0.408163
ABCA8_68906823	0.310914	0.387755
ABCA8_68932629	0.356815	0.387755
ABCA9_68985128	0.475362	0.469388
ABCA9_68993408	0.417438	0.428571
ABCA9_69048428	0.379625	0.448980
ABCB10_229521440	0.399853	0.448980
ABCB10_229527539	0.450519	0.489796
ABCB10_229536361	0.425686	0.306122
ABCB10_229538813	0.425686	0.346939
ABCB10_229547772	0.463446	0.551020
ABCB11_168945046	0.361252	0.224490
ABCB11_169016297	0.415601	0.469388
ABCB1_87508947	0.412256	0.489796
ABCB1_87520506	0.405653	0.408163
ABCB1_87534552	0.378831	0.387755
ABCB1_87550838	0.369952	0.346939
ABCB4_87419673	0.400145	0.530612
ABCB4_87440707	0.341907	0.265306
ABCB4_87448610	0.381245	0.530612
ABCB5_20753576	0.367708	0.387755
ABCB5_20753661	0.367708	0.510204
ABCB9_122944273	0.512224	0.428571
ABCB9_122947348	0.543524	0.571429
ABCC10_43434397	0.530952	0.551020
ABCC10_43434470	0.530952	0.469388
ABCC10_43440381	0.500326	0.530612
ABCC11_48170636	0.520896	0.448980
ABCC11_48175497	0.533201	0.673469
ABCC11_48194258	0.443308	0.428571
ABCC11_48208552	0.450428	0.571429
ABCC11_48230031	0.439725	0.530612
ABCC11_48230862	0.398719	0.448980
ABCC12_48105757	0.526952	0.551020
ABCC12_48114438	0.528253	0.571429
ABCC12_48129028	0.434146	0.530612
ABCC12_48134009	0.466075	0.591837
ABCC12_48134019	0.466075	0.571429
ABCC12_48138028	0.466075	0.489796
ABCC1_16035008	0.462890	0.387755
ABCC1_16036396	0.462890	0.673469
ABCC1_16037274	0.489166	0.510204
ABCC1_16052689	0.466742	0.489796
ABCC1_16103878	0.523881	0.469388
ABCC1_16104011	0.523881	0.510204
ABCC1_16112918	0.486648	0.530612
ABCC1_16121821	0.468687	0.612245
ABCC1_16125159	0.454139	0.489796
ABCC1_16129466	0.466735	0.448980
ABCC2_99797017	0.461568	0.510204
ABCC2_99808948	0.465861	0.387755
ABCC2_99833559	0.427936	0.428571
ABCC3_50672847	0.472690	0.591837
ABCC3_50673336	0.624242	0.632653
ABCC3_50676245	0.609626	0.632653
ABCC3_50688672	0.544481	0.612245
ABCC4_95078759	0.458224	0.469388
ABCC4_95185479	0.418632	0.408163
ABCC4_95192191	0.447640	0.551020
ABCC4_95194241	0.447640	0.530612
ABCC5_183947135	0.405347	0.489796
ABCC5_183949917	0.555556	0.612245
ABCC5_183967900	0.452582	0.489796
ABCC5_183978975	0.448130	0.387755
ABCC5_184017049	0.449438	0.571429
ABCC5_184017137	0.449438	0.653061
ABCC6_16162518	0.489496	0.387755
ABCC6_16173551	0.488827	0.387755
ABCC6_16182604	0.562791	0.469388
ABCC6_16185184	0.500718	0.571429
ABCC6_16186105	0.500718	0.510204
ABCC6_16190482	0.560520	0.551020
ABCC6_16190541	0.560520	0.591837
ABCC8_17400096	0.508651	0.551020
ABCC8_17403180	0.461889	0.551020
ABCC8_17414004	0.541142	0.551020
ABCC9_21848344	0.365714	0.428571
ABCC9_21894411	0.400000	0.326531
ABCC9_21907288	0.350112	0.346939
ABCD1_153737374	0.612796	0.591837
ABCD1_153738761	0.586972	0.530612
ABCD1_153742055	0.600794	0.469388
ABCD3_94467854	0.344171	0.265306
ABCD3_94479982	0.330540	0.367347
ABCE1_145127089	0.400578	0.428571
ABCF2_151223582	0.455231	0.448980
ABCF2_151224338	0.453858	0.448980
ABCG1_42282521	0.615421	0.591837
ABCG1_42282767	0.615421	0.571429
ABCG1_42286714	0.550158	0.632653
ABCG1_42287591	0.550158	0.591837
ABCG1_42290025	0.484168	0.632653
ABCG2_88110236	0.402087	0.285714
ABCG4_119157294	0.480722	0.551020
ABCG8_43839959	0.487199	0.530612
ABCG8_43876378	0.526316	0.551020
ABHD10_111982656	0.346601	0.326531
ABHD10_111983464	0.346601	0.346939
ABHD10_111986076	0.346601	0.530612
ABHD10_111987715	0.335723	0.326531
ABHD12B_50880221	0.439863	0.387755
ABHD12_25307532	0.499048	0.612245
ABHD16A_31689757	0.563003	0.632653
ABHD16A_31697285	0.437308	0.387755
ABHD18_128014324	0.414871	0.326531
ABHD2_89153352	0.384747	0.367347
ABHD2_89191561	0.445564	0.387755
ABHD3_21702765	0.376037	0.265306
ABHD4_22605527	0.481640	0.591837
ABHD4_22606779	0.454545	0.530612
ABHD4_22610666	0.503165	0.367347
ABHD5_43692357	0.410272	0.428571
ABHD5_43699070	0.410272	0.367347
ABHD5_43704480	0.379454	0.326531
ABHD5_43706225	0.379454	0.469388
ABHD6_58267187	0.419059	0.510204
ABHD6_58268981	0.452152	0.571429
ABHD6_58289216	0.523171	0.346939
ABI1_26750201	0.347475	0.285714
ABI1_26752662	0.327975	0.367347
ABI1_26768766	0.382961	0.469388
ABI1_26844732	0.405011	0.367347
ABI2_203383320	0.374816	0.408163
ABI2_203398732	0.364836	0.489796
ABI3BP_100751946	0.366906	0.326531
ABI3BP_100799223	0.359606	0.367347
ABI3BP_100899780	0.364491	0.326531
ABI3BP_100901973	0.364491	0.265306
ABI3_49215056	0.500791	0.326531
ABL1_130855560	0.459953	0.489796
ABL1_130869444	0.469372	0.448980
ABL1_130875706	0.477692	0.408163
ABL1_130878326	0.477692	0.530612
ABL1_130878339	0.477692	0.387755
ABL1_130879751	0.420000	0.387755
ABL1_130881645	0.511199	0.510204
ABL2_179110078	0.472619	0.469388
ABL2_179129288	0.398879	0.306122
ABLIM1_114436534	0.447619	0.571429
ABLIM1_114438855	0.479616	0.530612
ABLIM1_114440338	0.442287	0.469388
ABLIM1_114450140	0.398557	0.387755
ABLIM1_114473162	0.319035	0.346939
ABLIM1_114474222	0.428184	0.448980
ABLIM2_8008710	0.511190	0.469388
ABLIM2_8008917	0.511190	0.612245
ABLIM2_8047767	0.556562	0.510204
ABLIM2_8048362	0.556562	0.612245
ABLIM3_149211553	0.454309	0.408163
ABLIM3_149230391	0.447287	0.489796
ABLIM3_149231238	0.417295	0.632653
ABLIM3_149245504	0.471351	0.591837
ABLIM3_149245541	0.471351	0.469388
ABLIM3_149246230	0.471351	0.306122
ABLIM3_149248227	0.487533	0.551020
ABLIM3_149256209	0.454979	0.387755
ABO_133260810	0.581668	0.448980
ABO_133262203	0.439237	0.489796
ABRACL_139033281	0.483993	0.428571
ABRACL_139033404	0.483993	0.591837
ABR_1006774	0.679397	0.734694
ABR_1006839	0.679397	0.734694
ABR_1006904	0.679397	0.734694
ABR_1006973	0.679397	0.693878
ABR_1007034	0.679397	0.734694
ABR_1007099	0.679397	0.734694
ABR_1011661	0.601833	0.469388
ABR_1038355	0.582378	0.591837
ABR_1051002	0.610000	0.510204
ABR_1054266	0.610000	0.591837
ABR_1073980	0.595541	0.653061
ABR_1075528	0.595541	0.673469
ABR_1077971	0.595541	0.632653
ABR_1090319	0.541869	0.653061
ABR_1093155	0.556112	0.469388
ABTB2_34156249	0.558993	0.571429
ABTB2_34161769	0.578313	0.428571
ABTB2_34201948	0.485368	0.448980
AC000120.7_92204503	0.384015	0.367347
AC004381.6_20827671	0.333333	0.367347
AC004381.6_20841747	0.379509	0.612245
AC004702.2_20276623	0.447931	0.530612
AC005160.3_40783480	0.406716	0.265306
AC005224.2_14214179	0.468702	0.489796
AC005281.1_12538758	0.425091	0.551020
AC006129.2_41555208	0.354545	0.387755
AC007204.2_19958143	0.412364	0.571429
AC012358.7_55216266	0.394484	0.489796
AC020594.5_33556621	0.425274	0.387755
AC020594.5_33558610	0.471642	0.489796
AC074286.1_177334585	0.385939	0.428571
AC078852.2_1358325	0.588225	0.653061
AC079584.3_143603735	0.380249	0.448980
AC092835.2_95211401	0.384589	0.469388
AC092835.2_95211588	0.384589	0.489796
AC104389.28_5477380	0.392776	0.591837
AC107072.2_76639483	0.488506	0.551020
AC131097.4_241899523	0.559378	0.653061
AC138517.6_139471292	0.546039	0.632653
AC138647.1_141516441	0.577926	0.510204
ACAA1_38132921	0.493834	0.448980
ACAA2_49790842	0.387293	0.306122
ACACA_37089161	0.459917	0.530612
ACACA_37129257	0.367787	0.346939
ACACA_37205956	0.348352	0.346939
ACACA_37210679	0.378884	0.510204
ACACA_37242304	0.441154	0.326531
ACACA_37254203	0.376982	0.387755
ACACA_37275118	0.416717	0.408163
ACACB_109184329	0.406848	0.591837
ACACB_109186844	0.475199	0.571429
ACACB_109192055	0.483206	0.571429
ACACB_109192960	0.483206	0.428571
ACACB_109208035	0.498700	0.428571
ACACB_109259984	0.519329	0.530612
ACAD10_111705367	0.425737	0.571429
ACAD10_111710436	0.449698	0.469388
ACAD10_111712192	0.449698	0.489796
ACAD10_111715030	0.489093	0.448980
ACAD10_111718641	0.432901	0.408163
ACAD10_111725810	0.531662	0.612245
ACAD10_111747047	0.486911	0.530612
ACAD10_111750980	0.485766	0.530612
ACAD11_132604977	0.325989	0.367347
ACAD11_132627620	0.373850	0.469388
ACAD11_132638124	0.359086	0.326531
ACAD11_132640506	0.387041	0.408163
ACAD11_132643268	0.383149	0.551020
ACAD8_134258799	0.498695	0.551020
ACAD9_128885533	0.428361	0.612245
ACAD9_128901536	0.460515	0.448980
ACADL_210192363	0.334489	0.510204
ACADL_210197036	0.374499	0.408163
ACADL_210221008	0.416286	0.387755
ACADM_75738766	0.386844	0.428571
ACADSB_123038861	0.404889	0.510204
ACAN_88836869	0.521375	0.591837
ACAP1_7341673	0.490389	0.530612
ACAP1_7341778	0.490389	0.489796
ACAP1_7351218	0.657627	0.755102
ACAP2_195417845	0.388374	0.551020
ACAP3_1295074	0.677778	0.795918
ACAT1_108144832	0.400650	0.448980
ACAT2_159768771	0.407889	0.326531
ACBD5_27205461	0.416750	0.367347
ACCSL_44052898	0.502164	0.551020
ACCS_44068439	0.473353	0.326531
ACCS_44071002	0.473353	0.469388
ACE2_15563833	0.377612	0.428571
ACE2_15580469	0.423752	0.346939
ACE2_15599754	0.396714	0.428571
ACER1_6312645	0.485615	0.489796
ACER2_19450354	0.399901	0.571429
ACER3_76863266	0.382195	0.469388
ACE_63483786	0.610345	0.632653
ACIN1_23070348	0.490378	0.469388
ACLY_41895362	0.514659	0.530612
ACLY_41911896	0.535363	0.612245
ACMSD_134862374	0.473837	0.346939
ACO2_41501304	0.491801	0.551020
ACO2_41516395	0.558732	0.673469
ACOT11_54593889	0.537481	0.530612
ACOT11_54603080	0.533159	0.530612
ACOT11_54603584	0.533159	0.591837
ACOT12_81368929	0.369084	0.346939
ACOT12_81388397	0.409631	0.428571
ACOT7_6319562	0.523395	0.387755
ACOT7_6333670	0.568213	0.612245
ACOT7_6335773	0.568213	0.673469
ACOX1_75948630	0.444005	0.530612
ACOX2_58512354	0.420171	0.448980
ACOX2_58529556	0.524851	0.510204
ACOX2_58532633	0.495711	0.571429
ACOX3_8371191	0.531567	0.489796
ACOX3_8388038	0.583609	0.612245
ACOX3_8388176	0.583609	0.612245
ACOX3_8394383	0.477378	0.551020
ACOXL_110786246	0.456871	0.448980
ACOXL_110790538	0.456871	0.510204
ACOXL_110800758	0.483732	0.591837
ACP1_270495	0.417614	0.244898
ACP2_47246037	0.504430	0.632653
ACP7_39106498	0.468294	0.428571
ACPP_132333492	0.401487	0.489796
ACRBP_6645574	0.505677	0.408163
ACSBG1_78175093	0.467596	0.612245
ACSBG1_78177998	0.467596	0.306122
ACSBG2_6183446	0.441516	0.571429
ACSBG2_6185064	0.441516	0.551020
ACSF3_89099071	0.521075	0.469388
ACSF3_89099548	0.521075	0.530612
ACSF3_89116342	0.583716	0.591837
ACSF3_89116421	0.583716	0.673469
ACSL1_184762721	0.519440	0.551020
ACSL1_184763553	0.405135	0.571429
ACSL1_184765330	0.455959	0.510204
ACSL1_184766027	0.508661	0.632653
ACSL1_184766335	0.508661	0.428571
ACSL1_184767818	0.458627	0.612245
ACSL1_184770047	0.407084	0.306122
ACSL1_184778597	0.457288	0.571429
ACSL1_184780637	0.442886	0.408163
ACSL3_222907196	0.412601	0.469388
ACSL3_222940410	0.362168	0.428571
ACSL6_131963648	0.480599	0.551020
ACSL6_131966201	0.480599	0.591837
ACSL6_131969885	0.402573	0.448980
ACSL6_131977547	0.482326	0.469388
ACSL6_131989049	0.557769	0.571429
ACSL6_131993534	0.532811	0.448980
ACSM3_20781588	0.339688	0.306122
ACSM4_7320407	0.387097	0.387755
ACSM5_20417887	0.368289	0.551020
ACSM6_95208638	0.383426	0.428571
ACSS1_25023877	0.455951	0.448980
ACSS1_25024190	0.455951	0.632653
ACSS2_34894624	0.433003	0.632653
ACSS2_34919201	0.444867	0.612245
ACSS3_81138931	0.327436	0.387755
ACSS3_81150016	0.349349	0.306122
ACTC1_34793605	0.430631	0.346939
ACTG2_73909457	0.417722	0.428571
ACTG2_73917777	0.448987	0.510204
ACTL6A_179569009	0.425142	0.367347
ACTL8_17824975	0.470124	0.591837
ACTN1_68893904	0.533051	0.571429
ACTN1_68896166	0.533051	0.530612
ACTN1_68898331	0.533051	0.428571
ACTN1_68903828	0.515774	0.673469
ACTN1_68912497	0.487504	0.571429
ACTN2_236741633	0.487957	0.387755
ACTN2_236742121	0.487957	0.612245
ACTN2_236760895	0.418775	0.387755
ACTN3_66550318	0.542128	0.530612
ACTN3_66555982	0.593308	0.571429
ACTN3_66560526	0.613027	0.571429
ACTN4_38700512	0.498159	0.693878
ACTN4_38707250	0.545088	0.408163
ACTN4_38707836	0.545088	0.489796
ACTN4_38710193	0.598718	0.714286
ACTR10_58217435	0.356090	0.551020
ACTR1A_102484553	0.524351	0.469388
ACTR3B_152834367	0.470837	0.612245
ACTR3_113916038	0.349015	0.408163
ACTR3_113942664	0.376686	0.326531
ACTR3_113948291	0.376686	0.530612
ACTR5_38749687	0.444637	0.469388
ACTR5_38750392	0.418826	0.469388
ACTR5_38751275	0.418826	0.367347
ACTR6_100206453	0.381648	0.387755
ACTR8_53869439	0.444147	0.244898
ACVR1B_51979710	0.448896	0.428571
ACVR1B_51982246	0.469096	0.530612
ACVR1B_51985835	0.458135	0.469388
ACVR1C_157552979	0.382632	0.469388
ACVR1_157737964	0.381137	0.387755
ACVR1_157774274	0.381435	0.510204
ACVR1_157778944	0.381143	0.448980
ACVR1_157780648	0.407893	0.306122
ACVR2A_147917976	0.292157	0.306122
ACVRL1_51912967	0.584369	0.469388
ACY3_67646440	0.584783	0.612245
ACYP2_54124411	0.399574	0.510204
ADAL_43331771	0.404808	0.428571
ADAL_43337414	0.399665	0.367347
ADAL_43339095	0.399665	0.408163
ADAM10_58640331	0.356748	0.448980
ADAM10_58641029	0.345299	0.469388
ADAM10_58645537	0.362235	0.346939
ADAM11_44779172	0.532176	0.551020
ADAM12_126040582	0.492521	0.387755
ADAM12_126045030	0.459050	0.653061
ADAM15_155059722	0.483842	0.428571
ADAM17_9502523	0.473520	0.469388
ADAM17_9504319	0.473520	0.591837
ADAM18_39639495	0.344426	0.346939
ADAM19_157481154	0.530457	0.571429
ADAM19_157493643	0.470510	0.551020
ADAM19_157506447	0.400962	0.408163
ADAM19_157507566	0.461111	0.591837
ADAM22_87966374	0.379499	0.346939
ADAM22_88126153	0.360639	0.367347
ADAM22_88128374	0.360639	0.448980
ADAM23_206543990	0.356518	0.489796
ADAM23_206549861	0.283333	0.265306
ADAM23_206568021	0.378695	0.551020
ADAM23_206571685	0.425137	0.469388
ADAM2_39768805	0.323832	0.448980
ADAM2_39769172	0.323832	0.265306
ADAM2_39823481	0.347592	0.367347
ADAM2_39830624	0.319699	0.367347
ADAM32_39161548	0.360979	0.306122
ADAM33_3671345	0.589041	0.489796
ADAM7_24466599	0.347996	0.326531
ADAM7_24471437	0.322911	0.489796
ADAM8_133271094	0.674419	0.632653
ADAM9_39072709	0.358001	0.469388
ADAMDEC1_24386831	0.376190	0.571429
ADAMDEC1_24394713	0.370865	0.469388
ADAMDEC1_24399602	0.378417	0.408163
ADAMTS10_8596702	0.558603	0.571429
ADAMTS10_8598656	0.501385	0.591837
ADAMTS12_33588852	0.406794	0.448980
ADAMTS12_33643192	0.436709	0.591837
ADAMTS12_33649903	0.379213	0.469388
ADAMTS13_133427120	0.496941	0.428571
ADAMTS13_133439649	0.552954	0.489796
ADAMTS13_133440780	0.575547	0.591837
ADAMTS13_133448471	0.466715	0.530612
ADAMTS14_70706618	0.520837	0.591837
ADAMTS14_70729545	0.520718	0.448980
ADAMTS14_70729837	0.520718	0.489796
ADAMTS14_70734289	0.553509	0.530612
ADAMTS14_70740403	0.476954	0.387755
ADAMTS14_70747712	0.512071	0.551020
ADAMTS14_70753798	0.564249	0.612245
ADAMTS15_130464222	0.492825	0.428571
ADAMTS15_130465676	0.492825	0.510204
ADAMTS15_130472838	0.539988	0.489796
ADAMTS16_5193322	0.421772	0.367347
ADAMTS16_5194548	0.421772	0.510204
ADAMTS16_5305656	0.511509	0.428571
ADAMTS16_5317947	0.490574	0.591837
ADAMTS17_100053009	0.490531	0.448980
ADAMTS17_100053022	0.490531	0.428571
ADAMTS17_100254373	0.474586	0.489796
ADAMTS17_100341565	0.805353	0.816327
ADAMTS17_99975991	0.525641	0.632653
ADAMTS17_99994083	0.487333	0.551020
ADAMTS18_77287184	0.440678	0.612245
ADAMTS18_77433238	0.414469	0.428571
ADAMTS18_77433491	0.414469	0.591837
ADAMTS19_129681734	0.348499	0.244898
ADAMTS20_43431730	0.389095	0.367347
ADAMTS20_43452753	0.298927	0.326531
ADAMTS2_179125518	0.614443	0.591837
ADAMTS2_179127334	0.617615	0.653061
ADAMTS2_179127904	0.617615	0.632653
ADAMTS2_179131824	0.576255	0.591837
ADAMTS2_179133142	0.558178	0.632653
ADAMTS2_179139510	0.623650	0.632653
ADAMTS2_179139572	0.623650	0.673469
ADAMTS2_179344511	0.743191	0.673469
ADAMTS2_179344566	0.743191	0.734694
ADAMTS2_179344615	0.743191	0.795918
ADAMTS3_72307413	0.294383	0.387755
ADAMTS4_161194390	0.450523	0.163265
ADAMTS6_65300362	0.353450	0.346939
ADAMTS7_78762106	0.623938	0.510204
ADAMTS7_78769232	0.573742	0.571429
ADAMTS7_78777788	0.514753	0.632653
ADAMTS7_78797449	0.582257	0.632653
ADAMTS8_130410417	0.497577	0.448980
ADAMTS8_130413403	0.477816	0.571429
ADAMTS9_64533565	0.429535	0.510204
ADAMTS9_64566067	0.367291	0.346939
ADAMTS9_64647578	0.393710	0.428571
ADAMTSL1_18683467	0.347968	0.591837
ADAMTSL2_133532684	0.636273	0.571429
ADAMTSL2_133543187	0.548731	0.653061
ADAMTSL2_133544293	0.548731	0.632653
ADAMTSL2_133547280	0.554389	0.612245
ADAMTSL2_133550723	0.554389	0.612245
ADAMTSL2_133557704	0.574141	0.551020
ADAMTSL2_133563134	0.606028	0.530612
ADAMTSL2_133563432	0.606028	0.571429
ADAMTSL2_133563540	0.606028	0.693878
ADAMTSL2_133571941	0.634183	0.632653
ADAMTSL3_83990921	0.415527	0.571429
ADAMTSL3_84016177	0.447527	0.428571
ADAMTSL3_84037322	0.453652	0.469388
ADAMTSL3_84037326	0.453652	0.448980
ADAP1_899614	0.674304	0.673469
ADAP1_899759	0.674304	0.632653
ADAP1_928819	0.582016	0.448980
ADAP1_934500	0.582016	0.673469
ADAP2_30926375	0.498136	0.469388
ADAP2_30930775	0.493763	0.428571
ADARB1_45134483	0.501221	0.653061
ADARB1_45152517	0.471354	0.653061
ADARB1_45178701	0.496589	0.571429
ADARB1_45181231	0.461682	0.510204
ADARB1_45181546	0.461682	0.551020
ADARB2_1183926	0.522468	0.673469
ADAR_154585894	0.457143	0.306122
ADAR_154589676	0.469388	0.551020
ADAR_154595958	0.425332	0.448980
ADAR_154596616	0.425332	0.346939
ADAR_154604221	0.454613	0.387755
ADAT1_75609149	0.418254	0.408163
ADAT1_75621929	0.436157	0.693878
ADAT2_143429478	0.416754	0.306122
ADA_44632403	0.534930	0.428571
ADA_44634741	0.534930	0.448980
ADCK1_77818805	0.476725	0.306122
ADCK1_77927117	0.505220	0.530612
ADCK2_140678061	0.494655	0.489796
ADCK5_144379309	0.570373	0.551020
ADCK5_144388944	0.540323	0.632653
ADCY10_167832737	0.432220	0.469388
ADCY10_167855409	0.442985	0.510204
ADCY10_167857639	0.396495	0.306122
ADCY10_167857650	0.396495	0.408163
ADCY10_167860180	0.420676	0.285714
ADCY10_167860453	0.420676	0.551020
ADCY10_167860755	0.420676	0.448980
ADCY10_167899779	0.399902	0.448980
ADCY10_167904318	0.482517	0.632653
ADCY1_45649063	0.501288	0.387755
ADCY1_45649252	0.501288	0.510204
ADCY1_45661546	0.555733	0.551020
ADCY1_45706698	0.391374	0.285714
ADCY1_45709872	0.529326	0.530612
ADCY1_45710474	0.529326	0.551020
ADCY2_7414557	0.410163	0.306122
ADCY2_7707495	0.373599	0.551020
ADCY2_7823203	0.470061	0.367347
ADCY3_24836393	0.553535	0.551020
ADCY3_24836711	0.553535	0.510204
ADCY3_24838318	0.526090	0.653061
ADCY3_24840031	0.597392	0.551020
ADCY4_24328585	0.521339	0.448980
ADCY4_24333039	0.544850	0.510204
ADCY5_123291836	0.560442	0.448980
ADCY5_123330024	0.561841	0.571429
ADCY6_48772742	0.460541	0.489796
ADCY6_48775230	0.608871	0.632653
ADCY7_50290307	0.516619	0.591837
ADCY7_50290363	0.516619	0.653061
ADCY7_50292176	0.622108	0.612245
ADCY7_50292951	0.628788	0.632653
ADCY7_50295788	0.567437	0.571429
ADCY8_130785219	0.414077	0.489796
ADCY9_3977830	0.520539	0.530612
ADCY9_3985478	0.577526	0.693878
ADCY9_3989791	0.480157	0.428571
ADCY9_4023535	0.452411	0.571429
ADCYAP1R1_31085902	0.539851	0.448980
ADCYAP1R1_31086626	0.540741	0.612245
ADCYAP1R1_31089643	0.354356	0.367347
ADD1_2903875	0.459647	0.489796
ADD1_2906633	0.442611	0.428571
ADD1_2907186	0.442611	0.428571
ADD1_2910216	0.501354	0.367347
ADD1_2926991	0.551020	0.510204
ADD1_2927517	0.551020	0.653061
ADD2_70664643	0.490046	0.551020
ADD2_70678601	0.508475	0.510204
ADD2_70683512	0.384100	0.530612
ADD2_70687639	0.457049	0.448980
ADD2_70709240	0.466707	0.469388
ADD3_110116207	0.424170	0.448980
ADD3_110127676	0.394144	0.510204
ADGB_146728385	0.409512	0.428571
ADGB_146736304	0.335630	0.469388
ADGRA1_133100332	0.623697	0.632653
ADGRA1_133100421	0.623697	0.714286
ADGRA1_133101082	0.623697	0.591837
ADGRA2_37830252	0.555396	0.408163
ADGRA2_37836292	0.582143	0.591837
ADGRA2_37837035	0.582143	0.510204
ADGRA2_37837082	0.582143	0.489796
ADGRA3_22417413	0.353415	0.428571
ADGRB1_142476333	0.663857	0.714286
ADGRB1_142489789	0.629407	0.653061
ADGRB1_142524593	0.649531	0.653061
ADGRB1_142532307	0.615269	0.632653
ADGRB1_142533630	0.625284	0.693878
ADGRB1_142534133	0.625284	0.653061
ADGRB1_142535793	0.625284	0.653061
ADGRB2_31739729	0.506897	0.510204
ADGRB2_31757733	0.595417	0.653061
ADGRB3_69337780	0.318097	0.285714
ADGRD1_131003942	0.561721	0.816327
ADGRD1_131008137	0.541774	0.408163
ADGRD1_131011454	0.541774	0.530612
ADGRD1_131107754	0.562631	0.306122
ADGRD1_131108404	0.562631	0.571429
ADGRD1_131135874	0.568009	0.591837
ADGRD1_131138879	0.632196	0.632653
ADGRD2_124452995	0.605769	0.653061
ADGRD2_124469944	0.615222	0.530612
ADGRD2_124475194	0.580004	0.632653
ADGRD2_124475809	0.616734	0.673469
ADGRD2_124476087	0.616734	0.591837
ADGRE1_6898514	0.436561	0.408163
ADGRE1_6910729	0.394467	0.448980
ADGRE1_6915351	0.440860	0.346939
ADGRE1_6919848	0.473282	0.448980
ADGRE1_6934160	0.470996	0.469388
ADGRE2_14737524	0.426481	0.326531
ADGRE2_14764021	0.436874	0.489796
ADGRE3_14630368	0.379285	0.469388
ADGRF1_47004232	0.370440	0.428571
ADGRF1_47011767	0.375592	0.530612
ADGRF1_47015043	0.416479	0.551020
ADGRF1_47028084	0.437855	0.428571
ADGRF1_47028152	0.437855	0.448980
ADGRF1_47028816	0.437855	0.428571
ADGRF3_26313617	0.645161	0.591837
ADGRF3_26317129	0.579545	0.612245
ADGRF4_47712978	0.400336	0.571429
ADGRF4_47716050	0.359337	0.408163
ADGRF5_46880102	0.431095	0.448980
ADGRG1_57642999	0.567605	0.530612
ADGRG1_57658325	0.519706	0.489796
ADGRG2_18996673	0.410482	0.612245
ADGRG2_19015077	0.454562	0.489796
ADGRG2_19017665	0.454562	0.367347
ADGRG2_19020878	0.384562	0.591837
ADGRG2_19030210	0.362842	0.346939
ADGRG3_57676983	0.504642	0.530612
ADGRG4_136356411	0.401170	0.346939
ADGRG4_136358504	0.391531	0.265306
ADGRG4_136363729	0.364459	0.387755
ADGRG4_136401892	0.407419	0.632653
ADGRG5_57571766	0.529329	0.571429
ADGRG6_142307661	0.355796	0.448980
ADGRG6_142402580	0.310160	0.326531
ADGRL1_14171608	0.506307	0.448980
ADGRL1_14182974	0.542329	0.653061
ADGRL1_14183251	0.542329	0.612245
ADGRL2_81910355	0.334576	0.326531
ADGRL2_81949566	0.337903	0.448980
ADGRL3_61981020	0.329640	0.367347
ADGRL3_61982505	0.329640	0.326531
ADGRL4_78919284	0.337711	0.571429
ADGRL4_79005400	0.348903	0.265306
ADGRV1_90622524	0.384773	0.408163
ADGRV1_90652861	0.308527	0.469388
ADGRV1_90680949	0.351335	0.326531
ADGRV1_90695814	0.316779	0.367347
ADH4_99124691	0.422191	0.530612
ADH5_99073563	0.382834	0.387755
ADH6_99210664	0.331292	0.306122
ADH6_99218525	0.410515	0.408163
ADH7_99418449	0.396260	0.469388
ADH7_99418461	0.396260	0.551020
ADHFE1_66444095	0.388305	0.428571
ADHFE1_66467173	0.431244	0.591837
ADI1_3500540	0.488735	0.714286
ADI1_3500556	0.488735	0.632653
ADIG_38583854	0.497207	0.510204
ADIPOR1_202941897	0.343653	0.285714
ADIPOR2_1719832	0.393968	0.367347
ADIPOR2_1784704	0.391444	0.448980
ADK_74625379	0.380993	0.448980
ADNP2_80111392	0.425096	0.469388
ADNP_50896812	0.413913	0.469388
ADORA2A_24440193	0.533012	0.469388
ADPGK_72778103	0.424153	0.408163
ADPRHL1_113427312	0.558059	0.612245
ADPRHL1_113428507	0.558059	0.612245
ADPRHL2_36089988	0.516917	0.551020
ADPRHL2_36091203	0.516917	0.408163
ADPRM_10707093	0.411311	0.428571
ADRB3_37964452	0.560000	0.510204
ADRB3_37964484	0.560000	0.469388
ADRM1_62306646	0.608563	0.653061
ADSS_244413556	0.417474	0.551020
AFAP1L1_149302298	0.505476	0.469388
AFAP1L1_149318134	0.413772	0.387755
AFAP1L1_149319851	0.506787	0.489796
AFAP1L1_149320717	0.470121	0.530612
AFAP1L1_149330908	0.452165	0.326531
AFAP1L2_114332646	0.530612	0.653061
AFAP1_7765497	0.539786	0.551020
AFAP1_7767598	0.539786	0.571429
AFAP1_7797831	0.446107	0.346939
AFAP1_7801251	0.477567	0.632653
AFAP1_7818231	0.441196	0.612245
AFDN_167905183	0.419732	0.387755
AFDN_167920121	0.415349	0.612245
AFDN_167949216	0.431843	0.326531
AFF1_87046092	0.406056	0.489796
AFF1_87111495	0.377624	0.551020
AFF1_87124893	0.426620	0.448980
AFF2_148647130	0.383662	0.428571
AFF2_148957642	0.405688	0.306122
AFF3_99554870	0.425398	0.510204
AFF3_99583183	0.437169	0.367347
AFF4_132887637	0.328063	0.346939
AFF4_132932640	0.361227	0.387755
AFG3L2_12336480	0.423581	0.510204
AFG3L2_12354032	0.472702	0.510204
AFG3L2_12367548	0.472591	0.428571
AFG3L2_12374724	0.474323	0.448980
AFG3L2_12375143	0.474323	0.571429
AFMID_78197602	0.504459	0.612245
AFMID_78197605	0.504459	0.632653
AFM_73485277	0.424201	0.510204
AFP_73446886	0.367678	0.346939
AGAP11_86983401	0.401305	0.510204
AGAP1_235561585	0.484853	0.571429
AGAP1_235561597	0.484853	0.591837
AGAP1_235741543	0.464237	0.448980
AGAP1_235749672	0.473159	0.653061
AGAP1_235822721	0.466552	0.571429
AGAP1_235861375	0.466552	0.428571
AGAP1_236018501	0.458469	0.489796
AGAP1_236048130	0.512109	0.428571
AGAP1_236048734	0.512109	0.530612
AGAP2_57734404	0.524064	0.448980
AGAP2_57736354	0.607341	0.571429
AGAP2_57739110	0.607341	0.591837
AGAP3_151132156	0.591076	0.653061
AGAP3_151135388	0.574426	0.632653
AGBL1_86268600	0.393737	0.285714
AGBL1_86270324	0.452611	0.428571
AGBL1_86279457	0.385779	0.408163
AGBL2_47666519	0.468384	0.387755
AGBL2_47706203	0.465800	0.632653
AGBL2_47707240	0.465800	0.326531
AGBL2_47713379	0.442736	0.428571
AGBL3_134989469	0.361549	0.326531
AGBL3_135035438	0.322218	0.367347
AGBL3_135081530	0.308642	0.346939
AGBL4_48535264	0.450370	0.489796
AGBL4_48588400	0.445717	0.387755
AGBL5_27067423	0.467054	0.530612
AGFG1_227528706	0.339433	0.367347
AGFG1_227531829	0.328058	0.387755
AGFG2_100559387	0.494711	0.469388
AGFG2_100560701	0.494711	0.653061
AGGF1_77052469	0.366864	0.326531
AGK_141611639	0.356543	0.285714
AGK_141634219	0.377979	0.448980
AGL_99885800	0.366219	0.387755
AGL_99919221	0.356726	0.428571
AGMAT_15577286	0.486810	0.591837
AGO1_35893510	0.508861	0.510204
AGO2_140533891	0.539271	0.469388
AGO2_140540702	0.591574	0.632653
AGO2_140550416	0.539421	0.714286
AGO2_140550506	0.539421	0.632653
AGO2_140556286	0.596010	0.510204
AGO2_140558755	0.583942	0.653061
AGO2_140561189	0.562822	0.653061
AGO2_140561527	0.562822	0.530612
AGO2_140628414	0.513543	0.530612
AGO4_35840133	0.436279	0.612245
AGO4_35852156	0.398281	0.387755
AGO4_35853034	0.398281	0.653061
AGPAT2_136674207	0.641883	0.653061
AGPAT2_136675802	0.660101	0.714286
AGPAT2_136677740	0.611914	0.755102
AGPAT3_43916965	0.537814	0.469388
AGPAT3_43961346	0.496537	0.489796
AGPAT3_43975637	0.505873	0.673469
AGPAT4_161147038	0.448009	0.408163
AGPAT4_161147636	0.448009	0.367347
AGPAT5_6750692	0.400858	0.346939
AGPS_177514784	0.348641	0.306122
AGR2_16796038	0.396400	0.469388
AGR2_16800381	0.396849	0.612245
AGRN_1020994	0.689655	0.591837
AGRN_1021015	0.689655	0.693878
AGRN_1021019	0.689655	0.673469
AGRN_1045067	0.588072	0.673469
AGRN_1045079	0.588072	0.673469
AGRN_1045694	0.660287	0.693878
AGRP_67482872	0.592233	0.510204
AGTPBP1_85681650	0.353123	0.428571
AGTRAP_11749615	0.609823	0.551020
AGT_230712340	0.513614	0.489796
AGXT2_35000167	0.446110	0.448980
AGXT2_35034308	0.361511	0.387755
AGXT2_35039648	0.378049	0.448980
AGXT2_35040947	0.419689	0.510204
AGXT2_35046788	0.419689	0.530612
AHCTF1_246855849	0.341922	0.326531
AHCTF1_246858569	0.434501	0.632653
AHCTF1_246891095	0.279944	0.306122
AHCTF1_246896189	0.394829	0.448980
AHCTF1_246909485	0.372008	0.408163
AHCTF1_246917486	0.355448	0.387755
AHCYL1_110010415	0.394584	0.367347
AHCYL1_110011747	0.435259	0.489796
AHCYL1_110013612	0.383437	0.530612
AHCYL1_110020497	0.400362	0.489796
AHCYL2_129403959	0.422098	0.428571
AHCYL2_129410507	0.420558	0.367347
AHCYL2_129414897	0.414490	0.489796
AHCYL2_129418997	0.414490	0.326531
AHCYL2_129419636	0.414490	0.367347
AHCY_34290138	0.516713	0.571429
AHCY_34292736	0.520025	0.530612
AHCY_34296249	0.505812	0.510204
AHRR_370585	0.561283	0.653061
AHRR_426577	0.503416	0.469388
AHSG_186614627	0.452790	0.469388
AIDA_222670404	0.389615	0.408163
AIDA_222709751	0.409677	0.408163
AIF1L_131097033	0.541030	0.775510
AIF1L_131113117	0.579471	0.469388
AIF1L_131114322	0.579471	0.653061
AIF1L_131118045	0.493092	0.489796
AIFM1_130140416	0.478064	0.408163
AIFM2_70116342	0.500999	0.510204
AIFM2_70125815	0.497221	0.448980
AIFM3_20976011	0.605505	0.551020
AIG1_143244196	0.399988	0.469388
AIM1L_26331656	0.451519	0.591837
AIM2_159069258	0.397266	0.265306
AJ003147.9_3189147	0.624114	0.693878
AJ003147.9_3190734	0.475330	0.408163
AJAP1_4771612	0.557931	0.551020
AJAP1_4776860	0.519409	0.612245
AK1_127869818	0.574622	0.571429
AK2_33021703	0.439007	0.428571
AK2_33023623	0.439007	0.428571
AK3_4718255	0.424277	0.489796
AK3_4719441	0.440588	0.571429
AK3_4722152	0.440588	0.408163
AK4_65212901	0.424295	0.285714
AK7_96397992	0.448839	0.469388
AK7_96408734	0.440090	0.489796
AK7_96449643	0.467126	0.530612
AK8_132855134	0.540108	0.571429
AK8_132863459	0.540108	0.551020
AK9_109529898	0.407709	0.612245
AK9_109531769	0.407709	0.367347
AK9_109546543	0.383140	0.448980
AKAP10_19931207	0.411829	0.306122
AKAP10_19941182	0.328834	0.387755
AKAP10_19968763	0.435159	0.346939
AKAP13_85469215	0.395545	0.530612
AKAP13_85516574	0.391574	0.408163
AKAP13_85577870	0.402222	0.448980
AKAP13_85584326	0.405120	0.510204
AKAP13_85710352	0.430177	0.510204
AKAP13_85721345	0.400526	0.408163
AKAP13_85724346	0.416316	0.469388
AKAP13_85727538	0.452279	0.469388
AKAP13_85727925	0.452279	0.428571
AKAP14_119919663	0.465021	0.448980
AKAP1_57107834	0.511595	0.510204
AKAP1_57111628	0.478951	0.326531
AKAP1_57114222	0.525543	0.673469
AKAP1_57116020	0.518996	0.612245
AKAP3_4638673	0.402215	0.367347
AKAP4_50200074	0.418957	0.326531
AKAP8L_15397412	0.598326	0.653061
AKAP8_15362322	0.540532	0.530612
AKAP9_91993310	0.394888	0.551020
AKAP9_91997393	0.359025	0.326531
AKAP9_92027483	0.422658	0.755102
AKAP9_92027559	0.422658	0.714286
AKAP9_92098075	0.410828	0.346939
AKIP1_8914705	0.452880	0.530612
AKNAD1_108846306	0.458425	0.510204
AKNA_114348259	0.524341	0.489796
AKNA_114349196	0.524341	0.530612
AKNA_114349835	0.524341	0.510204
AKNA_114352059	0.439119	0.530612
AKNA_114352471	0.439119	0.591837
AKNA_114353862	0.439119	0.530612
AKNA_114360128	0.484461	0.530612
AKNA_114360489	0.484461	0.632653
AKNA_114368040	0.566802	0.530612
AKNA_114368648	0.532290	0.530612
AKNA_114374748	0.511314	0.408163
AKNA_114375083	0.511314	0.571429
AKR1A1_45563115	0.493177	0.448980
AKR1A1_45569796	0.479576	0.448980
AKR1B10_134529410	0.467917	0.469388
AKR1B15_134567481	0.468418	0.448980
AKR1B15_134579267	0.413953	0.489796
AKR1B1_134455971	0.485434	0.510204
AKR1B1_134456098	0.485434	0.591837
AKR1B1_134458579	0.485434	0.693878
AKR1C4_5206698	0.389997	0.489796
AKR1D1_138099061	0.392428	0.326531
AKR1D1_138116488	0.403583	0.408163
AKR1E2_4838287	0.465385	0.306122
AKR1E2_4840898	0.465385	0.387755
AKR1E2_4843907	0.573480	0.428571
AKR1E2_4844103	0.573480	0.510204
AKR7A2_19308864	0.511621	0.510204
AKT1S1_49871000	0.592194	0.591837
AKT1_104785738	0.650594	0.551020
AKT3_243847384	0.402990	0.387755
ALAD_113391623	0.583838	0.571429
ALAS1_52202398	0.412264	0.387755
ALAS2_55017114	0.373494	0.469388
ALCAM_105547123	0.341423	0.265306
ALCAM_105547775	0.353438	0.346939
ALDH18A1_95656231	0.456597	0.612245
ALDH1A1_72912459	0.365854	0.387755
ALDH1A1_72915752	0.365854	0.428571
ALDH1A1_72931226	0.379053	0.448980
ALDH1A2_57962319	0.413349	0.306122
ALDH1A2_57965058	0.431420	0.428571
ALDH1A2_57993245	0.366267	0.367347
ALDH1A2_58013371	0.370250	0.387755
ALDH1A3_100898051	0.470530	0.448980
ALDH1A3_100905911	0.458479	0.448980
ALDH1L1_126125208	0.567869	0.612245
ALDH1L1_126132369	0.571250	0.714286
ALDH1L1_126135935	0.574024	0.653061
ALDH1L1_126147296	0.551595	0.653061
ALDH1L2_105051768	0.419990	0.306122
ALDH1L2_105062191	0.445815	0.428571
ALDH1L2_105066478	0.421965	0.489796
ALDH1L2_105071176	0.398233	0.469388
ALDH2_111777003	0.497065	0.367347
ALDH2_111790239	0.525050	0.469388
ALDH2_111791543	0.572543	0.632653
ALDH2_111807508	0.489855	0.428571
ALDH3A1_19743569	0.627660	0.734694
ALDH3A2_19653537	0.495848	0.530612
ALDH3A2_19671561	0.431140	0.387755
ALDH3B1_68019064	0.644928	0.510204
ALDH3B1_68020938	0.607228	0.653061
ALDH3B1_68026812	0.603659	0.693878
ALDH4A1_18874922	0.616250	0.551020
ALDH4A1_18876542	0.543243	0.653061
ALDH4A1_18876558	0.543243	0.571429
ALDH4A1_18885931	0.603593	0.469388
ALDH5A1_24532285	0.435666	0.367347
ALDH6A1_74072405	0.465116	0.489796
ALDH7A1_126546905	0.421082	0.408163
ALDH7A1_126547946	0.421082	0.551020
ALDH8A1_134943129	0.449761	0.387755
ALDH9A1_165667002	0.358586	0.346939
ALG12_49905329	0.576540	0.591837
ALG12_49906291	0.576540	0.612245
ALG12_49911155	0.564638	0.693878
ALG12_49911770	0.564638	0.489796
ALG13_111716097	0.360818	0.265306
ALG13_111717678	0.360818	0.367347
ALG13_111718953	0.412088	0.387755
ALG13_111754431	0.360521	0.469388
ALG14_95072255	0.411233	0.428571
ALG1_5072740	0.500560	0.448980
ALG1_5076362	0.516247	0.530612
ALG6_63368995	0.451184	0.428571
ALG8_78119817	0.392837	0.448980
ALKAL2_281390	0.451318	0.530612
ALKAL2_281396	0.451318	0.510204
ALKAL2_282510	0.451318	0.408163
ALKBH2_109088624	0.497995	0.551020
ALKBH3_43889604	0.422664	0.489796
ALKBH3_43890053	0.414557	0.489796
ALKBH4_102464076	0.524837	0.571429
ALKBH8_107506820	0.351966	0.387755
ALKBH8_107552313	0.271130	0.306122
ALK_29222791	0.527248	0.448980
ALK_29229087	0.521162	0.591837
ALK_29229498	0.521162	0.489796
ALK_29229663	0.521162	0.510204
ALK_29237438	0.487548	0.530612
ALLC_3677594	0.475818	0.653061
ALLC_3698860	0.400247	0.489796
ALOX12B_8073845	0.569407	0.612245
ALOX12B_8075716	0.622271	0.551020
ALOX12B_8078621	0.524069	0.612245
ALOX12B_8084620	0.493579	0.612245
ALOX12_6996520	0.682373	0.530612
ALOX12_6997962	0.480081	0.387755
ALOX15B_8039856	0.631757	0.571429
ALOX15B_8043836	0.537037	0.510204
ALOX15_4636067	0.561955	0.530612
ALOX15_4637433	0.513570	0.489796
ALOX5AP_30737402	0.455153	0.428571
ALOX5AP_30752247	0.455902	0.653061
ALOX5_45377957	0.533342	0.530612
ALOX5_45382173	0.533342	0.510204
ALOX5_45441104	0.570423	0.510204
ALOXE3_8105143	0.486830	0.571429
ALPK1_112433275	0.408418	0.489796
ALPK1_112434123	0.408418	0.285714
ALPK3_84866995	0.434176	0.428571
ALPL_21567861	0.556728	0.448980
ALPL_21568775	0.584832	0.673469
ALS2CL_46677839	0.525890	0.489796
ALS2CL_46678612	0.591463	0.612245
ALS2CR11_201574639	0.319721	0.367347
ALS2CR12_201307770	0.434555	0.551020
ALS2CR12_201308385	0.434555	0.530612
ALX3_110068745	0.605486	0.673469
ALYREF_81891199	0.707171	0.795918
AMBN_70602312	0.334365	0.448980
AMBN_70604692	0.387539	0.367347
AMBN_70605284	0.387539	0.346939
AMDHD2_2524327	0.543421	0.469388
AMDHD2_2524975	0.543421	0.448980
AMFR_56388368	0.402277	0.448980
AMHR2_53424072	0.546053	0.591837
AMHR2_53428680	0.479167	0.551020
AMMECR1L_127869585	0.459417	0.387755
AMMECR1L_127873468	0.458671	0.551020
AMN_102924723	0.574224	0.530612
AMOTL1_94798187	0.397730	0.428571
AMOTL1_94801383	0.396032	0.510204
AMOTL1_94828681	0.440447	0.367347
AMOT_112781868	0.462350	0.346939
AMOT_112833624	0.406880	0.224490
AMPD1_114684492	0.418487	0.510204
AMPD1_114684583	0.418487	0.367347
AMPD2_109623296	0.596139	0.591837
AMPD3_10484651	0.489206	0.448980
AMPD3_10498362	0.564665	0.591837
AMPH_38422697	0.380027	0.530612
AMPH_38474880	0.375578	0.448980
AMPH_38493285	0.410709	0.428571
AMZ1_2711533	0.563868	0.448980
ANAPC1_111809949	0.430349	0.326531
ANAPC1_111834206	0.352941	0.326531
ANAPC1_111857288	0.315011	0.326531
ANAPC1_111863139	0.376394	0.448980
ANAPC1_111882881	0.435964	0.489796
ANAPC2_137181230	0.639148	0.530612
ANAPC4_25380137	0.450479	0.428571
ANAPC4_25409658	0.361702	0.265306
ANGEL1_76789515	0.495908	0.653061
ANGEL2_213004580	0.391262	0.408163
ANGEL2_213007331	0.371909	0.265306
ANGPT2_6515029	0.409636	0.387755
ANGPT2_6516391	0.409636	0.326531
ANGPT2_6520190	0.371090	0.224490
ANGPT4_877899	0.509610	0.551020
ANGPT4_880089	0.492436	0.387755
ANGPT4_882844	0.522026	0.367347
ANGPT4_888540	0.513818	0.551020
ANGPTL2_127092199	0.522321	0.510204
ANGPTL5_101905187	0.379187	0.448980
ANGPTL5_101908039	0.412498	0.367347
ANGPTL8_11241282	0.500871	0.428571
ANHX_133226660	0.569417	0.510204
ANK1_41660563	0.523731	0.632653
ANK1_41663557	0.525335	0.673469
ANK1_41666083	0.544651	0.571429
ANK1_41670783	0.558459	0.530612
ANK1_41697469	0.604413	0.612245
ANK1_41702251	0.474156	0.571429
ANK1_41715259	0.558059	0.612245
ANK1_41719372	0.520604	0.612245
ANK1_41719995	0.458665	0.693878
ANK1_41725555	0.575456	0.612245
ANK1_41726064	0.489639	0.653061
ANK1_41727425	0.513417	0.551020
ANK2_113274380	0.384941	0.346939
ANK2_113311048	0.369222	0.265306
ANK2_113342124	0.374545	0.346939
ANK2_113376328	0.365430	0.285714
ANK2_113378885	0.365430	0.346939
ANK3_60078995	0.366194	0.530612
ANK3_60135311	0.350980	0.571429
ANK3_60179092	0.412184	0.510204
ANK3_60196386	0.406360	0.428571
ANK3_60205607	0.377926	0.428571
ANKAR_189676154	0.287081	0.408163
ANKAR_189695669	0.306680	0.408163
ANKAR_189698850	0.368658	0.571429
ANKDD1A_64912200	0.542015	0.489796
ANKDD1A_64915595	0.542015	0.591837
ANKDD1A_64928574	0.506803	0.469388
ANKDD1A_64931174	0.567138	0.653061
ANKDD1A_64941461	0.428207	0.530612
ANKDD1B_75657599	0.399049	0.387755
ANKEF1_10047917	0.342362	0.428571
ANKFN1_56477306	0.395291	0.428571
ANKFY1_4180904	0.521076	0.591837
ANKHD1_140447634	0.369706	0.408163
ANKHD1_140482472	0.340055	0.306122
ANKHD1_140483002	0.336323	0.510204
ANKH_14749335	0.406924	0.326531
ANKH_14750306	0.406924	0.285714
ANKH_14801217	0.424589	0.285714
ANKK1_113389767	0.459250	0.469388
ANKLE2_132732670	0.527224	0.591837
ANKLE2_132749522	0.526612	0.428571
ANKLE2_132753019	0.460654	0.367347
ANKMY1_240512518	0.590000	0.591837
ANKMY1_240528650	0.519105	0.632653
ANKRD11_89285887	0.583548	0.693878
ANKRD11_89288994	0.572671	0.530612
ANKRD11_89291254	0.581301	0.551020
ANKRD11_89310825	0.542975	0.448980
ANKRD11_89424561	0.481579	0.510204
ANKRD11_89445116	0.481579	0.612245
ANKRD13A_110036533	0.476699	0.612245
ANKRD13D_67296967	0.416897	0.408163
ANKRD16_5880500	0.408140	0.448980
ANKRD17_73119000	0.375286	0.551020
ANKRD17_73124430	0.313670	0.346939
ANKRD17_73152513	0.338854	0.530612
ANKRD17_73152777	0.338854	0.530612
ANKRD18A_38579990	0.376649	0.265306
ANKRD18A_38594860	0.341371	0.387755
ANKRD18A_38597544	0.353501	0.428571
ANKRD22_88826376	0.388866	0.551020
ANKRD23_96842511	0.544016	0.448980
ANKRD24_4214421	0.520281	0.510204
ANKRD24_4215882	0.520281	0.571429
ANKRD26_27026002	0.360904	0.489796
ANKRD26_27067347	0.430305	0.326531
ANKRD26_27082993	0.366802	0.244898
ANKRD26_27083047	0.366802	0.489796
ANKRD26_27088862	0.398033	0.469388
ANKRD26_27096108	0.423866	0.510204
ANKRD26_27096152	0.423866	0.448980
ANKRD26_27099485	0.423866	0.530612
ANKRD27_32615160	0.447923	0.653061
ANKRD27_32619747	0.503138	0.612245
ANKRD27_32628317	0.550360	0.632653
ANKRD27_32630219	0.505486	0.530612
ANKRD27_32634426	0.501972	0.530612
ANKRD27_32647897	0.489563	0.367347
ANKRD28_15677954	0.312694	0.469388
ANKRD28_15689536	0.381774	0.489796
ANKRD28_15709924	0.341927	0.285714
ANKRD28_15723940	0.370621	0.326531
ANKRD28_15801395	0.366037	0.367347
ANKRD28_15855585	0.366037	0.326531
ANKRD29_23630495	0.429617	0.571429
ANKRD30A_37127847	0.336509	0.244898
ANKRD30B_14752399	0.337834	0.387755
ANKRD30B_14769716	0.355500	0.448980
ANKRD30B_14774943	0.350591	0.448980
ANKRD30B_14777186	0.350591	0.367347
ANKRD31_75081587	0.381608	0.367347
ANKRD31_75087113	0.395150	0.367347
ANKRD31_75138747	0.309327	0.367347
ANKRD31_75189613	0.322797	0.408163
ANKRD31_75198124	0.382216	0.346939
ANKRD31_75223955	0.375229	0.530612
ANKRD35_145867688	0.433110	0.448980
ANKRD35_145884907	0.460749	0.653061
ANKRD36C_95979803	0.342148	0.408163
ANKRD36C_95980459	0.342148	0.408163
ANKRD36C_95983033	0.353692	0.489796
ANKRD39_96856570	0.501451	0.469388
ANKRD40_50704721	0.446502	0.428571
ANKRD40_50706125	0.446502	0.224490
ANKRD42_83195409	0.397600	0.489796
ANKRD42_83210714	0.304000	0.306122
ANKRD44_197009290	0.442733	0.489796
ANKRD50_124673360	0.291972	0.367347
ANKRD52_56248971	0.464377	0.693878
ANKRD53_70979575	0.511041	0.367347
ANKRD54_37833912	0.484401	0.469388
ANKRD54_37838206	0.484401	0.510204
ANKRD54_37840029	0.497481	0.469388
ANKRD6_89611989	0.465131	0.448980
ANKRD6_89612185	0.465131	0.571429
ANKRD7_118240970	0.364255	0.469388
ANKS1A_34967758	0.427509	0.346939
ANKS1A_34985476	0.425602	0.346939
ANKS1A_34988892	0.425602	0.285714
ANKS1A_35054041	0.446489	0.591837
ANKS1A_35085647	0.566689	0.591837
ANKS3_4698729	0.690000	0.571429
ANKS3_4720055	0.474676	0.591837
ANKS6_98736817	0.443872	0.551020
ANKS6_98753325	0.463836	0.367347
ANKS6_98772155	0.525795	0.428571
ANLN_36441531	0.404794	0.571429
ANO1_70106050	0.570593	0.530612
ANO1_70109645	0.547547	0.510204
ANO1_70128634	0.557749	0.714286
ANO1_70131220	0.557749	0.612245
ANO1_70152120	0.517501	0.632653
ANO1_70155131	0.525881	0.469388
ANO1_70181919	0.568916	0.571429
ANO2_5563674	0.535445	0.530612
ANO2_5614453	0.442299	0.428571
ANO2_5743826	0.466681	0.489796
ANO2_5803434	0.475154	0.530612
ANO2_5921566	0.578611	0.653061
ANO2_5921884	0.578611	0.632653
ANO2_5921946	0.578611	0.387755
ANO3_26598708	0.314634	0.285714
ANO4_101038378	0.402996	0.510204
ANO4_101127779	0.449109	0.387755
ANO5_22272609	0.380179	0.510204
ANO6_45350546	0.394672	0.469388
ANO6_45373112	0.394678	0.367347
ANO6_45424079	0.403509	0.408163
ANO7_241222843	0.473356	0.469388
ANO9_420860	0.809524	0.714286
ANO9_439729	0.592304	0.632653
ANOS1_8533117	0.325692	0.265306
ANP32B_98007701	0.435017	0.530612
ANP32B_98011614	0.334627	0.571429
ANPEP_89797366	0.463804	0.632653
ANTXR1_69044058	0.434501	0.510204
ANTXR1_69070561	0.377269	0.428571
ANTXR1_69075287	0.353698	0.306122
ANTXR1_69075482	0.353698	0.469388
ANTXR2_80034704	0.333611	0.408163
ANTXRL_46288314	0.451287	0.469388
ANTXRL_46306574	0.483174	0.551020
ANTXRL_46307742	0.614583	0.551020
ANTXRL_46311096	0.581188	0.714286
ANXA11_80167547	0.534743	0.551020
ANXA11_80185940	0.485788	0.408163
ANXA13_123691900	0.436471	0.530612
ANXA13_123697966	0.499438	0.510204
ANXA13_123698217	0.499438	0.530612
ANXA3_78575607	0.395034	0.510204
ANXA3_78583837	0.417737	0.428571
ANXA3_78584822	0.417737	0.530612
ANXA3_78601265	0.402930	0.469388
ANXA4_69813606	0.448835	0.306122
ANXA6_151112322	0.435977	0.326531
ANXA6_151116668	0.435977	0.530612
ANXA6_151127593	0.514706	0.551020
ANXA6_151131090	0.476190	0.591837
ANXA7_73399695	0.424079	0.612245
ANXA9_150994301	0.461427	0.469388
AOAH_36531754	0.419118	0.428571
AOC2_42847511	0.494601	0.408163
AOX1_200603457	0.421212	0.510204
AOX1_200613614	0.392079	0.530612
AOX1_200669808	0.478555	0.428571
AP000654.4_86835345	0.456198	0.469388
AP002954.3_118638264	0.493118	0.551020
AP1AR_112260192	0.362871	0.367347
AP1AR_112260494	0.362871	0.367347
AP1B1_29338732	0.556672	0.591837
AP1B1_29349584	0.536098	0.591837
AP1B1_29356777	0.525367	0.571429
AP1M1_16226312	0.477759	0.653061
AP1S1_101155327	0.568401	0.489796
AP1S1_101157120	0.508278	0.469388
AP1S1_101159564	0.607413	0.489796
AP2A1_49773640	0.515870	0.530612
AP2A1_49775983	0.515870	0.632653
AP2A1_49792791	0.663067	0.693878
AP2A1_49794564	0.551833	0.571429
AP2A2_960315	0.515052	0.612245
AP2A2_976189	0.579045	0.653061
AP2A2_986666	0.594842	0.571429
AP2A2_990031	0.599003	0.591837
AP2B1_35598071	0.427198	0.408163
AP2B1_35625343	0.368913	0.387755
AP2B1_35629838	0.384490	0.428571
AP2B1_35648170	0.391747	0.387755
AP3B1_78115291	0.331063	0.387755
AP3B1_78124464	0.391098	0.530612
AP3B1_78176109	0.300000	0.346939
AP3B1_78177899	0.339066	0.367347
AP3D1_2113899	0.617440	0.591837
AP3D1_2127902	0.657839	0.591837
AP3D1_2137946	0.580764	0.469388
AP3D1_2138230	0.580764	0.632653
AP3M2_42164143	0.416667	0.510204
AP3S2_89876178	0.401143	0.551020
AP3S2_89888816	0.447115	0.571429
AP3S2_89888961	0.447115	0.448980
AP4E1_50913023	0.364160	0.367347
AP4E1_50927346	0.380575	0.428571
AP4E1_50936500	0.363286	0.408163
AP4E1_50963376	0.369244	0.387755
AP4E1_50974221	0.385515	0.489796
AP4E1_50996840	0.380270	0.387755
AP4E1_51001762	0.365706	0.428571
AP4S1_31069600	0.410490	0.489796
AP4S1_31080460	0.416634	0.632653
AP5M1_57277645	0.364562	0.428571
AP5S1_3822930	0.485098	0.653061
AP5S1_3823595	0.485098	0.551020
AP5Z1_4776306	0.457918	0.551020
AP5Z1_4780989	0.457918	0.571429
AP5Z1_4786671	0.571784	0.571429
APAF1_98649239	0.312500	0.326531
APAF1_98717318	0.400785	0.244898
APBA1_69454336	0.463371	0.428571
APBA1_69454649	0.463371	0.448980
APBA1_69456040	0.463371	0.285714
APBA2_28990805	0.473954	0.408163
APBA2_29100058	0.541363	0.571429
APBA2_29112593	0.587495	0.632653
APBB1_6397691	0.464278	0.428571
APBB1_6400773	0.464278	0.612245
APBB2_40823381	0.475204	0.489796
APBB2_40823804	0.486131	0.428571
APBB2_40824906	0.486131	0.551020
APBB2_40829557	0.497996	0.469388
APBB2_40841766	0.451527	0.571429
APBB2_41195726	0.407791	0.571429
APBB3_140560958	0.543726	0.510204
APC2_1455937	0.659130	0.714286
APC2_1456672	0.694196	0.714286
APC_112775379	0.356154	0.306122
APC_112792976	0.370214	0.408163
APC_112796309	0.370214	0.551020
APC_112820150	0.390827	0.387755
APC_112837067	0.391286	0.306122
APEH_49675153	0.611408	0.571429
APEH_49680486	0.556920	0.510204
APEX2_55003646	0.471014	0.428571
APH1B_63282002	0.371021	0.408163
APH1B_63286454	0.371021	0.448980
API5_43335605	0.290258	0.346939
API5_43337595	0.368903	0.408163
APIP_34891916	0.344402	0.510204
APIP_34894129	0.344402	0.244898
APLN_129648980	0.562294	0.469388
APLN_129648987	0.562294	0.448980
APLN_129650936	0.562294	0.571429
APLP2_130120516	0.407308	0.530612
APLP2_130120570	0.407308	0.489796
APLP2_130122635	0.468124	0.530612
APLP2_130127474	0.391444	0.306122
APLP2_130127478	0.391444	0.346939
APLP2_130130307	0.424899	0.428571
APLP2_130134342	0.488550	0.612245
APLP2_130136067	0.462409	0.612245
APLP2_130136422	0.462409	0.571429
APMAP_24972791	0.489362	0.530612
APMAP_24973912	0.380195	0.387755
APMAP_24980757	0.495618	0.551020
APMAP_24991022	0.441334	0.346939
APOBEC1_7650526	0.426848	0.448980
APOBEC3B_38985134	0.474051	0.632653
APOBEC4_183652643	0.381455	0.510204
APOB_21018370	0.438514	0.387755
APOB_21035772	0.502516	0.408163
APOB_21038111	0.431352	0.571429
APOD_195569323	0.469874	0.489796
APOD_195575963	0.438234	0.387755
APOD_195579124	0.438234	0.632653
APOH_66217102	0.414668	0.387755
APOH_66221554	0.448054	0.346939
APOH_66223127	0.448054	0.551020
APOL1_36255778	0.479597	0.530612
APOL3_36142970	0.488284	0.510204
APOL5_35729310	0.510022	0.408163
APOLD1_12781356	0.421496	0.571429
APOOL_85066882	0.366753	0.285714
APOO_23874203	0.417571	0.448980
APOPT1_103563950	0.470817	0.551020
APPL1_57245009	0.390383	0.346939
APPL2_105177522	0.394914	0.408163
APPL2_105197381	0.508189	0.510204
APPL2_105234362	0.427023	0.530612
APP_25896498	0.378857	0.326531
APP_26143173	0.391136	0.265306
APRT_88810699	0.635448	0.530612
AQP3_33445838	0.542493	0.632653
AQP4_26863817	0.502123	0.571429
AQP4_26864655	0.502123	0.612245
AQP8_25228242	0.510878	0.469388
AQP9_58173909	0.458528	0.408163
AQR_34863238	0.336680	0.346939
AQR_34866807	0.336680	0.204082
AQR_34889147	0.367858	0.306122
AQR_34896454	0.347422	0.387755
AQR_34900924	0.341590	0.469388
AQR_34935868	0.374299	0.306122
AQR_34937961	0.374299	0.183673
AQR_34952295	0.408000	0.367347
AQR_34968686	0.427210	0.428571
ARAF_47568658	0.449805	0.469388
ARAP1_72686878	0.530072	0.632653
ARAP1_72691194	0.543060	0.551020
ARAP1_72694748	0.539182	0.387755
ARAP1_72696324	0.543192	0.551020
ARAP1_72701930	0.600357	0.612245
ARAP1_72705949	0.581776	0.653061
ARAP1_72705953	0.581776	0.632653
ARAP1_72706261	0.581776	0.428571
ARAP1_72714080	0.575991	0.510204
ARAP1_72714395	0.550659	0.530612
ARAP2_36081061	0.365297	0.204082
ARAP2_36125654	0.330996	0.510204
ARAP2_36125665	0.330996	0.489796
ARAP2_36129676	0.340402	0.408163
ARAP2_36163708	0.379720	0.326531
ARAP3_141661472	0.441662	0.469388
ARAP3_141664532	0.457614	0.591837
AREG_74447779	0.367491	0.510204
AREL1_74665031	0.383619	0.387755
AREL1_74682812	0.427480	0.571429
AREL1_74683655	0.408696	0.510204
AREL1_74706842	0.415890	0.408163
ARFGAP1_63276063	0.626667	0.653061
ARFGAP1_63277513	0.580764	0.612245
ARFGAP3_42805468	0.529449	0.632653
ARFGAP3_42815274	0.434888	0.306122
ARFGAP3_42820090	0.395966	0.510204
ARFGAP3_42821260	0.395966	0.387755
ARFGAP3_42846542	0.450208	0.530612
ARFGEF1_67200725	0.398741	0.326531
ARFGEF1_67211774	0.391234	0.224490
ARFGEF2_48941461	0.458991	0.387755
ARFGEF2_48958897	0.444367	0.571429
ARFGEF2_48965823	0.409529	0.428571
ARFGEF2_48972189	0.469619	0.653061
ARFGEF2_49009004	0.434331	0.326531
ARFGEF2_49029183	0.435799	0.510204
ARFGEF3_138290978	0.475057	0.489796
ARFGEF3_138296591	0.455088	0.551020
ARFGEF3_138296608	0.455088	0.653061
ARFGEF3_138313500	0.475044	0.367347
ARFGEF3_138320729	0.424858	0.387755
ARFGEF3_138335401	0.401447	0.346939
ARFIP1_152857535	0.378494	0.326531
ARFIP1_152867524	0.404518	0.693878
ARG2_67646383	0.442331	0.367347
ARHGAP10_147739990	0.414718	0.551020
ARHGAP10_148063774	0.500448	0.551020
ARHGAP10_148064050	0.500448	0.591837
ARHGAP17_24978589	0.427096	0.510204
ARHGAP18_129599541	0.328405	0.408163
ARHGAP18_129601348	0.366746	0.612245
ARHGAP18_129608582	0.400000	0.387755
ARHGAP18_129636111	0.407416	0.306122
ARHGAP18_129638946	0.349969	0.326531
ARHGAP19_97230286	0.412767	0.530612
ARHGAP21_24586914	0.367889	0.612245
ARHGAP21_24588192	0.367889	0.285714
ARHGAP22_48448829	0.578687	0.530612
ARHGAP23_38465182	0.621049	0.693878
ARHGAP23_38481844	0.533676	0.591837
ARHGAP23_38484656	0.547148	0.673469
ARHGAP25_68812262	0.446951	0.428571
ARHGAP26_142782647	0.438234	0.469388
ARHGAP26_142883705	0.435919	0.489796
ARHGAP26_142900951	0.423939	0.469388
ARHGAP26_143215060	0.453138	0.571429
ARHGAP27_45405336	0.669596	0.653061
ARHGAP27_45413219	0.502618	0.530612
ARHGAP27_45415231	0.502618	0.510204
ARHGAP28_6870443	0.394904	0.510204
ARHGAP28_6887572	0.374622	0.571429
ARHGAP28_6895136	0.406211	0.387755
ARHGAP28_6910772	0.456013	0.408163
ARHGAP29_94235981	0.390227	0.387755
ARHGAP29_94237144	0.390227	0.591837
ARHGAP30_161054948	0.448870	0.551020
ARHGAP31_119386771	0.423128	0.530612
ARHGAP31_119390076	0.423128	0.448980
ARHGAP31_119404737	0.425754	0.408163
ARHGAP32_128986149	0.367580	0.285714
ARHGAP33_35776917	0.607689	0.612245
ARHGAP33_35781601	0.598214	0.510204
ARHGAP33_35784705	0.719685	0.693878
ARHGAP39_144532591	0.662551	0.632653
ARHGAP40_38636404	0.451061	0.571429
ARHGAP40_38641305	0.499786	0.530612
ARHGAP42_100962816	0.388698	0.571429
ARHGAP42_100975968	0.350998	0.530612
ARHGAP42_100977580	0.369231	0.326531
ARHGAP42_100985958	0.375569	0.551020
ARHGAP44_12945993	0.460247	0.612245
ARHGAP44_12949451	0.564232	0.571429
ARHGAP44_12953523	0.455708	0.408163
ARHGAP44_12956494	0.525223	0.408163
ARHGAP44_12975201	0.501479	0.387755
ARHGAP44_12979081	0.501479	0.551020
ARHGAP44_12983329	0.491273	0.448980
ARHGAP44_12983469	0.491273	0.469388
ARHGAP5_32122139	0.370285	0.489796
ARHGAP5_32149718	0.355799	0.551020
ARHGAP5_32152024	0.360402	0.530612
ARHGAP6_11179594	0.345977	0.510204
ARHGAP6_11184759	0.351470	0.346939
ARHGAP6_11197234	0.393547	0.346939
ARHGAP8_44807053	0.543308	0.693878
ARHGAP8_44845233	0.475578	0.408163
ARHGAP8_44846540	0.578327	0.673469
ARHGAP8_44846548	0.578327	0.693878
ARHGAP8_44848824	0.619750	0.591837
ARHGEF10L_17586680	0.507837	0.551020
ARHGEF10L_17619785	0.562035	0.551020
ARHGEF10L_17629979	0.545775	0.591837
ARHGEF10L_17652575	0.539765	0.591837
ARHGEF10_1861389	0.543130	0.632653
ARHGEF10_1881121	0.560324	0.653061
ARHGEF10_1882454	0.560324	0.387755
ARHGEF10_1883623	0.490003	0.591837
ARHGEF10_1898261	0.546324	0.551020
ARHGEF10_1907964	0.451090	0.408163
ARHGEF10_1925234	0.460938	0.489796
ARHGEF10_1930829	0.523646	0.571429
ARHGEF10_1955853	0.464422	0.591837
ARHGEF11_156944764	0.511111	0.571429
ARHGEF11_156948572	0.461939	0.489796
ARHGEF11_156954670	0.442669	0.612245
ARHGEF11_156956062	0.524194	0.489796
ARHGEF11_156958491	0.478402	0.571429
ARHGEF11_156970400	0.408953	0.428571
ARHGEF11_156971889	0.401858	0.448980
ARHGEF11_156979596	0.460870	0.612245
ARHGEF11_156998111	0.420920	0.530612
ARHGEF12_120415557	0.360202	0.387755
ARHGEF12_120437071	0.359526	0.387755
ARHGEF15_8314152	0.500741	0.448980
ARHGEF15_8314156	0.500741	0.489796
ARHGEF16_3466913	0.625257	0.653061
ARHGEF16_3477187	0.670530	0.673469
ARHGEF16_3479137	0.646018	0.653061
ARHGEF17_73350950	0.518828	0.591837
ARHGEF17_73359369	0.537510	0.510204
ARHGEF18_7456149	0.530065	0.591837
ARHGEF18_7465066	0.518635	0.591837
ARHGEF19_16201495	0.536209	0.428571
ARHGEF1_41891941	0.537374	0.591837
ARHGEF1_41904815	0.584071	0.551020
ARHGEF25_57615835	0.612903	0.612245
ARHGEF26_154190165	0.398145	0.510204
ARHGEF26_154192008	0.369302	0.469388
ARHGEF26_154220492	0.362036	0.448980
ARHGEF26_154254643	0.417969	0.367347
ARHGEF28_73751674	0.430575	0.346939
ARHGEF28_73777128	0.407389	0.346939
ARHGEF28_73852036	0.335205	0.428571
ARHGEF28_73852513	0.335205	0.306122
ARHGEF28_73887302	0.369826	0.367347
ARHGEF2_155950585	0.534682	0.653061
ARHGEF2_155957140	0.449872	0.306122
ARHGEF2_155958689	0.495711	0.612245
ARHGEF2_155972445	0.546227	0.612245
ARHGEF2_155975056	0.546227	0.469388
ARHGEF2_155976064	0.546227	0.530612
ARHGEF33_38935576	0.426929	0.244898
ARHGEF33_38956688	0.428747	0.346939
ARHGEF37_149608668	0.459476	0.489796
ARHGEF37_149609546	0.459476	0.448980
ARHGEF37_149617055	0.476224	0.551020
ARHGEF37_149620275	0.468345	0.530612
ARHGEF37_149628646	0.503578	0.612245
ARHGEF38_105645707	0.357798	0.469388
ARHGEF38_105661768	0.367200	0.408163
ARHGEF39_35663392	0.508943	0.448980
ARHGEF3_56732740	0.428361	0.387755
ARHGEF5_144379866	0.498062	0.510204
ARHGEF6_136668464	0.443598	0.510204
ARHGEF6_136707253	0.364355	0.346939
ARHGEF6_136710592	0.400888	0.489796
ARHGEF7_111197885	0.451722	0.530612
ARHGEF7_111270298	0.463780	0.612245
ARHGEF7_111285526	0.473949	0.469388
ARHGEF7_111286815	0.539044	0.428571
ARHGEF7_111291549	0.423789	0.469388
ARHGEF7_111301408	0.512698	0.510204
ARHGEF9_63705774	0.390484	0.387755
ARID1A_26730571	0.383540	0.204082
ARID1B_157034582	0.393051	0.387755
ARID1B_157171497	0.414248	0.306122
ARID1B_157190592	0.437521	0.612245
ARID1B_157192514	0.437521	0.306122
ARID3A_960238	0.615479	0.673469
ARID3A_961058	0.615479	0.714286
ARID3A_963240	0.615479	0.673469
ARID3A_963804	0.615479	0.510204
ARID3A_967566	0.510417	0.346939
ARID3C_34624713	0.582054	0.653061
ARID4B_235176059	0.342500	0.428571
ARID4B_235225494	0.400000	0.367347
ARIH1_72555544	0.340164	0.489796
ARL10_176368046	0.542022	0.551020
ARL10_176369374	0.483023	0.571429
ARL14EPL_116057233	0.378254	0.428571
ARL14EP_30327160	0.366263	0.571429
ARL15_53946848	0.384210	0.408163
ARL2_65016858	0.550477	0.591837
ARL2_65017791	0.550477	0.489796
ARL3_102679532	0.482308	0.591837
ARL3_102685630	0.482308	0.612245
ARL5A_151806030	0.329805	0.428571
ARL5A_151815386	0.403372	0.469388
ARL5C_39157305	0.505757	0.591837
ARL5C_39163157	0.509009	0.551020
ARL5C_39164470	0.509009	0.448980
ARL6_97785781	0.324490	0.469388
ARL9_56508662	0.479471	0.612245
ARMC10_103093539	0.377028	0.306122
ARMC12_35741050	0.460421	0.530612
ARMC1_65618917	0.453505	0.612245
ARMC2_108897246	0.386796	0.489796
ARMC2_108905212	0.388418	0.367347
ARMC2_108911418	0.288072	0.265306
ARMC2_108960926	0.483698	0.571429
ARMC2_108973266	0.428919	0.408163
ARMC3_22928343	0.408845	0.530612
ARMC4_27936416	0.339443	0.489796
ARMC4_27987152	0.359246	0.387755
ARMC6_19044687	0.464953	0.510204
ARMC6_19055238	0.585366	0.673469
ARMC8_138233187	0.375394	0.448980
ARMC8_138234537	0.375394	0.448980
ARMC8_138265039	0.424201	0.530612
ARMC8_138289361	0.492632	0.530612
ARMC8_138289424	0.492632	0.551020
ARMC8_138290461	0.492632	0.448980
ARMC8_138291922	0.442230	0.428571
ARMC8_138295715	0.442230	0.612245
ARMC9_231210479	0.446792	0.367347
ARMC9_231227462	0.444866	0.510204
ARMC9_231258825	0.472996	0.612245
ARMC9_231262712	0.439124	0.428571
ARMC9_231336474	0.459509	0.673469
ARMCX4_101487135	0.422727	0.408163
ARMT1_151465131	0.405747	0.489796
ARNT2_80578195	0.538171	0.571429
ARNT2_80592378	0.545119	0.510204
ARNT2_80592941	0.545119	0.469388
ARNTL2_27371446	0.384628	0.448980
ARNTL2_27419401	0.381537	0.551020
ARNTL_13351939	0.443499	0.387755
ARNTL_13356557	0.429258	0.326531
ARNTL_13375199	0.463121	0.387755
ARNT_150838750	0.371564	0.469388
ARNT_150840564	0.401228	0.489796
ARNT_150842242	0.401228	0.489796
ARPC1A_99335505	0.415914	0.326531
ARPC1A_99349362	0.475248	0.510204
ARPC1A_99361603	0.457150	0.387755
ARPC2_218225867	0.424119	0.448980
ARPC2_218228669	0.439095	0.530612
ARPC2_218253575	0.502897	0.469388
ARPC3_110441606	0.440845	0.428571
ARPC3_110445803	0.489050	0.224490
ARPC4-TTLL3_9814884	0.516399	0.551020
ARPC4_9793361	0.477062	0.591837
ARPC4_9793432	0.477062	0.551020
ARPC5L_124870113	0.539746	0.591837
ARPIN_89909831	0.535822	0.632653
ARPP21_35740062	0.366815	0.387755
ARRB1_75268089	0.506329	0.469388
ARRB1_75287083	0.524876	0.530612
ARRB1_75290199	0.512917	0.530612
ARRB1_75344355	0.512917	0.530612
ARRDC1_137606369	0.593343	0.795918
ARRDC1_137606679	0.593343	0.653061
ARRDC3_91380260	0.431509	0.755102
ARRDC5_4894847	0.498136	0.591837
ARRDC5_4896524	0.498136	0.551020
ARRDC5_4900223	0.496489	0.673469
ARSB_78900313	0.404321	0.448980
ARSB_78967231	0.369175	0.387755
ARSD_2909979	0.341679	0.530612
ARSD_2910793	0.478370	0.367347
ARSD_2910917	0.478370	0.469388
ARSD_2928382	0.545297	0.673469
ARSE_2937706	0.480097	0.469388
ARSE_2944857	0.474625	0.469388
ARSH_3018504	0.432803	0.346939
ARSH_3021834	0.346916	0.530612
ART1_3661039	0.539683	0.469388
ART1_3661098	0.539683	0.632653
ART3_76079140	0.389599	0.387755
ART3_76104347	0.424242	0.408163
ARVCF_19972552	0.640000	0.653061
ARVCF_19973928	0.650943	0.612245
ARVCF_20011177	0.591118	0.571429
ARVCF_20015709	0.591118	0.530612
ARX_25014174	0.498566	0.551020
ASAH1_18082714	0.410819	0.469388
ASAH2_50213220	0.321853	0.285714
ASAP1_130130344	0.415794	0.367347
ASAP1_130132519	0.415794	0.530612
ASAP1_130133342	0.415794	0.469388
ASAP2_9319719	0.510361	0.408163
ASAP2_9328168	0.438617	0.530612
ASAP2_9373901	0.497674	0.510204
ASAP2_9380962	0.481064	0.530612
ASAP2_9388041	0.467802	0.448980
ASAP2_9392413	0.517287	0.448980
ASAP2_9393016	0.517287	0.530612
ASAP2_9401475	0.518858	0.612245
ASAP3_23431291	0.557895	0.530612
ASAP3_23432237	0.468912	0.612245
ASB11_15285030	0.456598	0.387755
ASB11_15287035	0.456598	0.469388
ASB11_15299884	0.424495	0.571429
ASB13_5650630	0.566414	0.551020
ASB14_57290197	0.383788	0.448980
ASB1_238433985	0.542432	0.530612
ASB1_238444036	0.417147	0.326531
ASB2_93949947	0.509201	0.632653
ASB2_93952936	0.507356	0.551020
ASB4_95532164	0.409443	0.346939
ASB4_95532872	0.409443	0.428571
ASB7_100605052	0.369154	0.448980
ASB9_15245608	0.420618	0.530612
ASB9_15249328	0.433066	0.591837
ASCC1_72160253	0.393379	0.326531
ASCC1_72210008	0.460970	0.428571
ASCC2_29792064	0.540340	0.448980
ASCC2_29814914	0.445880	0.428571
ASCC2_29826755	0.466275	0.551020
ASCC3_100514927	0.321067	0.469388
ASCC3_100627391	0.317073	0.326531
ASCC3_100803853	0.336822	0.306122
ASF1A_118895367	0.426077	0.346939
ASF1A_118904434	0.379874	0.469388
ASF1B_14125971	0.497394	0.612245
ASGR2_7101795	0.567335	0.530612
ASGR2_7108186	0.649819	0.693878
ASH1L-IT1_155396677	0.502879	0.469388
ASH1L_155352138	0.455130	0.428571
ASH1L_155371029	0.439907	0.265306
ASIC1_50058368	0.627098	0.591837
ASIC1_50059363	0.585714	0.591837
ASIC1_50077567	0.567610	0.489796
ASIC1_50078212	0.566553	0.530612
ASIC2_33014245	0.557248	0.530612
ASIC2_33021840	0.494902	0.510204
ASIC2_33026294	0.450199	0.612245
ASIC5_155844386	0.343660	0.530612
ASIP_34261022	0.483239	0.408163
ASIP_34268807	0.436116	0.612245
ASL_66081076	0.527238	0.673469
ASL_66092401	0.568085	0.612245
ASMTL_1419611	0.565081	0.714286
ASMT_1615507	0.487548	0.428571
ASMT_1632435	0.522431	0.632653
ASNA1_12747161	0.542798	0.653061
ASNS_97859574	0.367284	0.469388
ASPA_3481438	0.413866	0.204082
ASPG_104098654	0.566255	0.693878
ASPG_104105752	0.662463	0.653061
ASPG_104105811	0.662463	0.673469
ASPH_61646954	0.423160	0.673469
ASPH_61653515	0.349980	0.551020
ASPM_197096383	0.345992	0.489796
ASPM_197098663	0.345992	0.346939
ASPM_197145894	0.343627	0.408163
ASPN_92475568	0.376918	0.285714
ASPSCR1_81979009	0.641812	0.571429
ASPSCR1_82009410	0.683673	0.734694
ASS1_130486858	0.538219	0.551020
ASS1_130490136	0.562384	0.673469
ASS1_130497363	0.517742	0.632653
ASTL_96126085	0.454251	0.387755
ASTL_96126730	0.454251	0.591837
ASTL_96128914	0.454251	0.571429
ASTL_96130245	0.522139	0.591837
ASTL_96136534	0.545328	0.510204
ASTN1_176886416	0.417318	0.428571
ASTN1_176889218	0.442976	0.612245
ASTN1_176950981	0.443791	0.489796
ASTN1_176961976	0.433982	0.530612
ASTN1_177017151	0.421318	0.367347
ASXL1_32386166	0.405430	0.326531
ASXL2_25755950	0.371320	0.448980
ASXL2_25804831	0.403108	0.612245
ATAD1_87769333	0.360595	0.428571
ATAD1_87784930	0.334811	0.346939
ATAD2B_23762065	0.356221	0.367347
ATAD2B_23788711	0.350158	0.306122
ATAD2B_23804944	0.329303	0.571429
ATAD2B_23871316	0.421790	0.408163
ATAD2_123324036	0.378273	0.408163
ATAD2_123354990	0.407546	0.306122
ATAD2_123372011	0.320849	0.387755
ATAD5_30861109	0.450992	0.469388
ATAD5_30873833	0.413855	0.571429
ATAD5_30889635	0.415361	0.428571
ATAT1_30627421	0.533191	0.408163
ATCAY_3905363	0.506579	0.469388
ATCAY_3909484	0.601794	0.591837
ATE1_121903950	0.415088	0.346939
ATF3_212617299	0.490401	0.448980
ATF6B_32116367	0.563601	0.571429
ATF6B_32121203	0.507246	0.510204
ATF6B_32121822	0.481334	0.653061
ATF7IP2_10428663	0.396046	0.469388
ATF7IP2_10429644	0.339398	0.448980
ATF7IP2_10434649	0.386655	0.408163
ATF7IP2_10438554	0.458647	0.489796
ATF7IP_14435307	0.350178	0.346939
ATF7IP_14436830	0.367412	0.265306
ATF7IP_14446128	0.361468	0.346939
ATF7IP_14446449	0.361468	0.408163
ATF7IP_14475756	0.338854	0.408163
ATF7IP_14478170	0.327939	0.224490
ATF7_53533297	0.425926	0.387755
ATF7_53533434	0.425926	0.387755
ATF7_53538360	0.437770	0.469388
ATF7_53540929	0.437770	0.489796
ATF7_53543997	0.454465	0.408163
ATG12_115839696	0.393931	0.489796
ATG13_46644038	0.424884	0.265306
ATG13_46656411	0.376370	0.448980
ATG14_55377671	0.439757	0.285714
ATG14_55378278	0.436749	0.367347
ATG14_55379986	0.436749	0.591837
ATG16L1_233256032	0.441212	0.387755
ATG16L1_233272584	0.392340	0.530612
ATG16L1_233286602	0.453803	0.408163
ATG16L1_233289771	0.453803	0.510204
ATG16L1_233290579	0.460541	0.510204
ATG16L1_233290737	0.460541	0.551020
ATG16L2_72825123	0.638344	0.714286
ATG16L2_72825226	0.638344	0.653061
ATG16L2_72825772	0.563399	0.428571
ATG2A_64895645	0.615309	0.632653
ATG2A_64898842	0.565112	0.632653
ATG2A_64903425	0.706667	0.714286
ATG2B_96307301	0.389196	0.612245
ATG2B_96331924	0.271364	0.387755
ATG3_112557492	0.389219	0.612245
ATG4A_108131610	0.414381	0.448980
ATG4A_108135091	0.435237	0.408163
ATG4A_108151764	0.451463	0.367347
ATG4B_241667653	0.593558	0.387755
ATG4B_241668984	0.564216	0.551020
ATG4B_241669861	0.564216	0.387755
ATG4C_62820827	0.300610	0.408163
ATG4C_62820832	0.300610	0.448980
ATG4C_62827646	0.383908	0.204082
ATG7_11358327	0.419283	0.510204
ATIC_215342965	0.405893	0.387755
ATL2_38310447	0.399926	0.448980
ATL3_63632036	0.407336	0.632653
ATL3_63646201	0.446771	0.510204
ATL3_63647976	0.410462	0.428571
ATMIN_81036388	0.460478	0.795918
ATM_108232206	0.404822	0.285714
ATM_108254810	0.373793	0.448980
ATM_108270481	0.378566	0.408163
ATM_108272382	0.368889	0.367347
ATOH8_85759306	0.539466	0.591837
ATOH8_85761085	0.539466	0.591837
ATP10A_25704619	0.493787	0.530612
ATP10A_25729888	0.521675	0.571429
ATP10B_160590422	0.423642	0.489796
ATP10B_160604261	0.398090	0.387755
ATP10D_47513341	0.368242	0.489796
ATP10D_47580317	0.384054	0.408163
ATP11A_112807741	0.542890	0.571429
ATP11A_112809925	0.542890	0.714286
ATP11A_112820820	0.470831	0.428571
ATP11A_112836130	0.548451	0.571429
ATP11A_112836176	0.548451	0.387755
ATP11A_112846903	0.492203	0.693878
ATP11A_112869876	0.543618	0.489796
ATP11B_182836284	0.306533	0.346939
ATP11B_182897251	0.273743	0.265306
ATP11B_182897514	0.282500	0.387755
ATP11B_182917637	0.328699	0.387755
ATP11C_139783397	0.410623	0.448980
ATP11C_139788982	0.391658	0.612245
ATP11C_139793999	0.380012	0.346939
ATP11C_139796129	0.380012	0.346939
ATP11C_139804832	0.377895	0.367347
ATP11C_139816287	0.328183	0.367347
ATP11C_139817193	0.367168	0.367347
ATP11C_139824014	0.395547	0.571429
ATP12A_24696312	0.485413	0.530612
ATP12A_24698222	0.485413	0.510204
ATP12A_24698624	0.485413	0.408163
ATP13A1_19656222	0.628151	0.530612
ATP13A1_19656331	0.628151	0.673469
ATP13A1_19656337	0.628151	0.612245
ATP13A1_19662968	0.526348	0.530612
ATP13A2_16992745	0.531996	0.448980
ATP13A3_194424927	0.356345	0.510204
ATP13A3_194424931	0.356345	0.469388
ATP13A3_194425026	0.356345	0.632653
ATP13A3_194470363	0.416716	0.285714
ATP13A4_193441789	0.384328	0.346939
ATP13A4_193446829	0.384493	0.408163
ATP13A4_193460024	0.406516	0.489796
ATP13A4_193460931	0.406516	0.326531
ATP13A5_193314787	0.452442	0.530612
ATP13A5_193318510	0.347201	0.387755
ATP13A5_193330551	0.417220	0.632653
ATP1A1_116387223	0.392229	0.469388
ATP1A3_41975959	0.674757	0.632653
ATP1A4_160166796	0.477178	0.530612
ATP1A4_160173915	0.432570	0.428571
ATP1A4_160175690	0.465774	0.612245
ATP1A4_160185492	0.441800	0.612245
ATP1B1_169114946	0.431453	0.571429
ATP1B3_141897226	0.400165	0.510204
ATP1B4_120378356	0.401606	0.530612
ATP23_57945531	0.441027	0.428571
ATP23_57946830	0.461014	0.387755
ATP23_57951654	0.409528	0.571429
ATP2A1_28903530	0.668471	0.632653
ATP2A1_28904093	0.668471	0.591837
ATP2A3_3925895	0.604160	0.632653
ATP2A3_3945712	0.571811	0.551020
ATP2B1_89600879	0.338598	0.632653
ATP2B1_89617460	0.352822	0.448980
ATP2B2_10346377	0.571465	0.693878
ATP2B2_10355110	0.524097	0.489796
ATP2B2_10380847	0.500418	0.489796
ATP2B2_10403804	0.502963	0.530612
ATP2B3_153537951	0.632878	0.693878
ATP2B3_153539713	0.632878	0.816327
ATP2B3_153539898	0.632878	0.510204
ATP2B3_153550999	0.528748	0.530612
ATP2B3_153557351	0.602022	0.551020
ATP2B3_153557493	0.602022	0.653061
ATP2B4_203713417	0.486928	0.408163
ATP2B4_203717263	0.419710	0.367347
ATP2B4_203722805	0.457599	0.469388
ATP2C1_130937283	0.356775	0.428571
ATP2C1_130975281	0.395956	0.326531
ATP2C1_130995355	0.382202	0.571429
ATP2C1_130998575	0.326241	0.448980
ATP2C2_84405484	0.522468	0.551020
ATP2C2_84410224	0.471780	0.448980
ATP2C2_84413434	0.492262	0.510204
ATP2C2_84447957	0.401047	0.591837
ATP2C2_84453008	0.526769	0.571429
ATP2C2_84459090	0.433615	0.591837
ATP4A_35554487	0.532051	0.469388
ATP4B_113654090	0.526468	0.346939
ATP4B_113656008	0.621359	0.612245
ATP4B_113657968	0.621359	0.693878
ATP5C1_7806827	0.405438	0.346939
ATP5E_59031293	0.436313	0.428571
ATP5J2_99460849	0.497211	0.591837
ATP5O_33907491	0.457617	0.367347
ATP5SL_41438524	0.456714	0.448980
ATP5S_50321417	0.407818	0.387755
ATP5S_50321457	0.407818	0.387755
ATP6V0A1_42463529	0.431789	0.306122
ATP6V0A1_42465605	0.431789	0.387755
ATP6V0A1_42482598	0.463724	0.489796
ATP6V0A1_42509128	0.499920	0.510204
ATP6V0A1_42512254	0.499920	0.551020
ATP6V0A2_123713089	0.451852	0.530612
ATP6V0A2_123713105	0.451852	0.571429
ATP6V0A2_123720962	0.423678	0.387755
ATP6V0A2_123727133	0.414830	0.571429
ATP6V0A4_138711693	0.484920	0.530612
ATP6V0A4_138733927	0.476008	0.551020
ATP6V0A4_138757390	0.415447	0.591837
ATP6V0C_2514718	0.591658	0.693878
ATP6V0D1_67444045	0.578947	0.571429
ATP6V0E2_149874380	0.520308	0.530612
ATP6V0E2_149878352	0.510165	0.673469
ATP6V1A_113805710	0.420320	0.632653
ATP6V1B1_70962205	0.544783	0.510204
ATP6V1B2_20198171	0.408731	0.469388
ATP6V1C1_103057641	0.410516	0.489796
ATP6V1C2_10724494	0.480273	0.469388
ATP6V1C2_10768434	0.568027	0.673469
ATP6V1C2_10771361	0.559445	0.571429
ATP6V1C2_10779735	0.526728	0.448980
ATP6V1C2_10782467	0.464912	0.510204
ATP6V1D_67359446	0.416956	0.714286
ATP6V1H_53795994	0.365665	0.469388
ATP6V1H_53831454	0.333043	0.367347
ATP6V1H_53833817	0.433165	0.367347
ATP7A_77928082	0.394193	0.530612
ATP7B_51956253	0.469505	0.714286
ATP7B_51971073	0.448980	0.448980
ATP7B_51971612	0.448980	0.306122
ATP8A1_42444874	0.400411	0.653061
ATP8A1_42546779	0.398329	0.428571
ATP8A2_25552128	0.416776	0.530612
ATP8A2_25554435	0.419626	0.469388
ATP8A2_25556969	0.379867	0.408163
ATP8A2_25562090	0.421002	0.489796
ATP8A2_25576378	0.411126	0.510204
ATP8A2_25576509	0.411126	0.632653
ATP8A2_26013442	0.481074	0.510204
ATP8B1_57649313	0.440750	0.428571
ATP8B1_57656111	0.436588	0.408163
ATP8B1_57677974	0.438589	0.265306
ATP8B1_57685386	0.458687	0.571429
ATP8B1_57685805	0.458687	0.551020
ATP8B1_57691697	0.442558	0.367347
ATP8B1_57696720	0.438369	0.591837
ATP8B2_154344335	0.592857	0.591837
ATP8B2_154348193	0.482717	0.510204
ATP8B3_1803311	0.546188	0.612245
ATP8B3_1806977	0.675732	0.673469
ATP8B3_1811063	0.623603	0.530612
ATP8B4_49866544	0.367099	0.428571
ATP8B4_49899017	0.359155	0.346939
ATP8B4_49918276	0.336298	0.387755
ATP8B4_49984640	0.388780	0.428571
ATP9A_51610251	0.462831	0.448980
ATP9A_51617598	0.520325	0.326531
ATP9A_51625587	0.490389	0.571429
ATP9A_51628912	0.503858	0.510204
ATP9A_51670817	0.484577	0.551020
ATP9B_79306613	0.391251	0.285714
ATP9B_79334863	0.481834	0.673469
ATP9B_79335277	0.481834	0.469388
ATP9B_79344456	0.518173	0.530612
ATP9B_79375994	0.484066	0.469388
ATPAF2_18025980	0.500000	0.510204
ATPAF2_18027792	0.497521	0.428571
ATRIP_48461012	0.495756	0.367347
ATRN_3530335	0.393646	0.612245
ATRN_3596856	0.345528	0.469388
ATRX_77688546	0.387562	0.346939
ATRX_77737183	0.410341	0.673469
ATR_142494493	0.371925	0.408163
ATR_142508302	0.387952	0.326531
ATR_142514748	0.370729	0.591837
ATR_142515638	0.361425	0.428571
ATXN10_45690946	0.408473	0.612245
ATXN10_45735522	0.369365	0.408163
ATXN10_45737082	0.369365	0.346939
ATXN1_16758648	0.437552	0.510204
ATXN1_16760033	0.437552	0.632653
ATXN2L_28827818	0.463132	0.489796
ATXN2_111463616	0.412901	0.326531
ATXN2_111517186	0.299735	0.285714
ATXN2_111523844	0.408962	0.591837
ATXN7L1_105777036	0.445689	0.530612
ATXN7L2_109488022	0.543253	0.551020
ATXN7_63993045	0.449516	0.387755
AUH_91356888	0.398575	0.367347
AUH_91357679	0.398575	0.469388
AURKC_57233387	0.441592	0.408163
AUTS2_70767093	0.423919	0.346939
AUTS2_70789567	0.463299	0.448980
AVEN_33874985	0.432979	0.285714
AVEN_33876135	0.392967	0.387755
AVIL_57807039	0.455120	0.551020
AVIL_57813710	0.559066	0.632653
AVL9_32526746	0.413537	0.428571
AVPR1A_63149301	0.312922	0.326531
AWAT2_70042062	0.562500	0.571429
AXDND1_179382554	0.432701	0.551020
AXDND1_179492704	0.384064	0.346939
AXIN1_309558	0.551257	0.489796
AXIN1_312039	0.543260	0.448980
AXIN2_65548310	0.465963	0.428571
AXIN2_65549797	0.502640	0.612245
AXIN2_65554217	0.502640	0.551020
AXL_41223676	0.522222	0.591837
AXL_41244793	0.466084	0.571429
AXL_41253238	0.529319	0.612245
AXL_41253958	0.484506	0.612245
AZGP1_99975320	0.459624	0.367347
AZI2_28329871	0.315799	0.387755
AZIN2_33091889	0.464655	0.346939
B3GAT3_62617512	0.486186	0.489796
B3GAT3_62620836	0.508375	0.551020
B3GLCT_31221383	0.403006	0.469388
B3GLCT_31276347	0.419682	0.387755
B3GLCT_31321493	0.402968	0.346939
B3GNTL1_82962037	0.575296	0.673469
B4GALNT1_57631646	0.570909	0.530612
B4GALNT2_49135420	0.416345	0.591837
B4GALNT2_49157281	0.507604	0.591837
B4GALNT2_49158962	0.507604	0.571429
B4GALNT2_49158966	0.507604	0.530612
B4GALNT2_49163321	0.433546	0.428571
B4GALNT2_49163897	0.433546	0.306122
B4GALNT2_49167037	0.461665	0.448980
B4GALNT2_49167582	0.461665	0.428571
B4GALNT3_551560	0.563531	0.551020
B4GALNT3_556350	0.463519	0.469388
B4GALNT3_557422	0.531714	0.591837
B4GALNT4_375217	0.641544	0.612245
B4GALNT4_378263	0.627273	0.591837
B4GALNT4_379181	0.627273	0.734694
B4GALT1_33143584	0.461016	0.551020
B4GALT4_119219577	0.448817	0.387755
B4GALT4_119221584	0.448817	0.428571
B4GALT4_119229097	0.425668	0.387755
B4GALT4_119231322	0.386607	0.551020
B4GALT4_119236791	0.381961	0.367347
B4GALT5_49651964	0.434082	0.632653
B4GALT6_31637441	0.376150	0.387755
B4GALT6_31640799	0.367152	0.530612
B4GALT6_31644297	0.367152	0.387755
B4GALT6_31664240	0.388562	0.408163
B4GALT7_177603363	0.537009	0.428571
B4GALT7_177603899	0.537009	0.530612
B4GAT1_66346328	0.550201	0.551020
B9D1_19344341	0.603342	0.632653
B9D1_19344748	0.603342	0.734694
B9D1_19347586	0.570796	0.653061
B9D1_19358019	0.530405	0.653061
B9D1_19358284	0.530405	0.510204
B9D1_19360669	0.537299	0.510204
B9D2_41360145	0.494731	0.448980
BABAM1_17276407	0.568012	0.632653
BACE1_117296118	0.512787	0.428571
BACE1_117314383	0.503096	0.551020
BACE2_41243055	0.457983	0.653061
BACE2_41245416	0.443084	0.591837
BACH1-IT3_29497162	0.433401	0.469388
BACH1_29300321	0.393003	0.469388
BAG1_33255384	0.494604	0.591837
BAG2_57183085	0.427873	0.510204
BAG6_31642585	0.451765	0.510204
BAG6_31642589	0.451765	0.510204
BAHCC1_81440905	0.621929	0.693878
BAHCC1_81441199	0.621929	0.612245
BAHCC1_81449941	0.636816	0.632653
BAHD1_40462545	0.469349	0.632653
BAIAP2L1_98327476	0.452638	0.510204
BAIAP2L1_98360594	0.447842	0.530612
BAIAP2_81039965	0.598181	0.693878
BAIAP2_81079892	0.593620	0.653061
BAIAP2_81089828	0.622012	0.714286
BAIAP3_1343088	0.664894	0.693878
BAIAP3_1343224	0.664894	0.612245
BAMBI_28680096	0.446407	0.448980
BANK1_102022284	0.325388	0.510204
BANP_87953363	0.494008	0.346939
BANP_87982557	0.478172	0.551020
BANP_87983509	0.478172	0.632653
BANP_88028199	0.490473	0.244898
BANP_88030444	0.490473	0.510204
BANP_88031257	0.490473	0.530612
BANP_88073513	0.586703	0.653061
BARD1_214729112	0.350927	0.346939
BARD1_214730587	0.340294	0.326531
BATF2_64991969	0.506149	0.469388
BATF2_64993472	0.506149	0.551020
BATF2_64994741	0.533104	0.612245
BATF3_212699099	0.491753	0.693878
BATF3_212699605	0.491753	0.795918
BAX_48957114	0.494415	0.510204
BAX_48959416	0.494415	0.510204
BAZ1A_34761152	0.400000	0.530612
BAZ1A_34780869	0.349715	0.428571
BAZ1B_73443091	0.505628	0.714286
BAZ1B_73444600	0.475431	0.387755
BAZ1B_73445095	0.475431	0.510204
BAZ1B_73449689	0.414866	0.387755
BAZ1B_73459851	0.412426	0.367347
BAZ1B_73462405	0.412426	0.428571
BAZ1B_73496874	0.423318	0.571429
BAZ1B_73509842	0.474823	0.387755
BAZ2B_159324507	0.364754	0.489796
BAZ2B_159329786	0.377889	0.387755
BAZ2B_159411906	0.365928	0.387755
BBC3_47226222	0.545533	0.612245
BBC3_47231600	0.617011	0.551020
BBOF1_74020389	0.440402	0.367347
BBOF1_74020455	0.440402	0.408163
BBOF1_74021029	0.440402	0.530612
BBOF1_74025305	0.419771	0.408163
BBOF1_74054944	0.444135	0.653061
BBS4_72692008	0.408067	0.428571
BBS4_72715061	0.373114	0.489796
BBS4_72715065	0.373114	0.448980
BBS4_72718814	0.404846	0.408163
BBS4_72723403	0.356548	0.285714
BBS7_121833582	0.306636	0.367347
BBS7_121845242	0.338216	0.591837
BBS9_33149285	0.406250	0.428571
BBS9_33348962	0.325739	0.265306
BBX_107523720	0.603604	0.673469
BBX_107746891	0.359250	0.367347
BBX_107799838	0.415754	0.571429
BCAM_44810028	0.617443	0.714286
BCAN_156655467	0.534671	0.510204
BCAN_156659004	0.580205	0.632653
BCAP29_107593705	0.371741	0.244898
BCAP29_107595190	0.423055	0.510204
BCAP31_153701700	0.626576	0.551020
BCAP31_153703517	0.641111	0.612245
BCAP31_153709239	0.545383	0.489796
BCAR1_75237509	0.622049	0.591837
BCAR1_75240172	0.622049	0.591837
BCAR3_93566419	0.436098	0.408163
BCAS1_54058398	0.449187	0.653061
BCAS2_114576376	0.384615	0.591837
BCAS3_60681145	0.430308	0.530612
BCAS3_60908618	0.351303	0.326531
BCAS3_61027984	0.319407	0.244898
BCAS3_61035739	0.399166	0.530612
BCAS3_61250321	0.415672	0.346939
BCAS4_50847119	0.536866	0.632653
BCAT1_24832933	0.374554	0.326531
BCAT1_24867231	0.392057	0.510204
BCCIP_125833740	0.387246	0.448980
BCCIP_125840255	0.484922	0.530612
BCKDHA_41402490	0.495315	0.489796
BCKDHA_41413092	0.548207	0.489796
BCKDHA_41421861	0.538891	0.571429
BCL2L11_111122302	0.641116	0.653061
BCL2L11_111139519	0.407196	0.367347
BCL2L12_49669699	0.520909	0.530612
BCL2L12_49669852	0.520909	0.387755
BCL2L12_49672448	0.538797	0.551020
BCL2L13_17684074	0.426730	0.387755
BCL2L13_17684705	0.426730	0.530612
BCL2L13_17692180	0.398828	0.448980
BCL2L13_17699977	0.378813	0.428571
BCL2L14_12076031	0.475432	0.551020
BCL2L14_12090185	0.479658	0.387755
BCL2L14_12091420	0.474043	0.489796
BCL2L14_12092024	0.474043	0.469388
BCL2L1_31712938	0.464446	0.591837
BCL2L1_31713975	0.464446	0.489796
BCL6B_7027456	0.573494	0.632653
BCL6_187725191	0.664286	0.612245
BCL6_187725292	0.664286	0.693878
BCL6_187725309	0.664286	0.673469
BCL6_187725326	0.664286	0.653061
BCL6_187725373	0.664286	0.714286
BCL6_187725828	0.491371	0.591837
BCL6_187731516	0.423829	0.448980
BCL7A_122031674	0.518575	0.612245
BCL7B_73556570	0.503623	0.428571
BCL9L_118903590	0.492804	0.510204
BCL9_147617965	0.395469	0.489796
BCLAF1_136272645	0.318408	0.306122
BCLAF1_136284888	0.419359	0.571429
BCO1_81280638	0.476437	0.489796
BCORL1_130009574	0.496556	0.591837
BCORL1_130012260	0.496556	0.448980
BCORL1_130019691	0.463425	0.510204
BCORL1_130022389	0.497136	0.632653
BCORL1_130023248	0.479125	0.551020
BCORL1_130025578	0.478034	0.571429
BCORL1_130027018	0.478034	0.591837
BCORL1_130028157	0.478034	0.551020
BCOR_40058772	0.489516	0.591837
BCOR_40060589	0.489516	0.591837
BCOR_40062479	0.559659	0.571429
BCR_23212514	0.504353	0.510204
BCR_23232974	0.504353	0.489796
BCR_23260497	0.557182	0.673469
BCR_23270299	0.545756	0.448980
BCR_23286280	0.551865	0.612245
BDH1_197532647	0.541408	0.571429
BDP1_71494017	0.372268	0.346939
BEAN1-AS1_66471858	0.539628	0.653061
BEAN1-AS1_66472184	0.539628	0.612245
BECN1_42818445	0.539062	0.469388
BEGAIN_100541331	0.608298	0.714286
BEND4_42122787	0.426437	0.448980
BEND7_13439546	0.440654	0.469388
BEND7_13499024	0.383524	0.306122
BEST3_69676152	0.404810	0.448980
BEST3_69677319	0.395679	0.448980
BEST4_44787229	0.586667	0.591837
BFAR_14645131	0.444680	0.428571
BFAR_14648843	0.466557	0.346939
BFAR_14648929	0.466557	0.469388
BFSP1_17495750	0.495807	0.387755
BFSP1_17514215	0.507164	0.510204
BFSP2_133470273	0.461096	0.285714
BGN_153507594	0.637476	0.653061
BHMG1_45744996	0.468046	0.448980
BHMT2_79070067	0.450418	0.510204
BHMT2_79077322	0.450418	0.387755
BHMT_79117282	0.403394	0.469388
BICC1_58798245	0.358974	0.346939
BICC1_58812297	0.411632	0.530612
BICD1_32328663	0.384732	0.367347
BICD2_92726866	0.554787	0.571429
BICD2_92742267	0.495520	0.367347
BICD2_92744425	0.495520	0.387755
BICDL1_120062398	0.464556	0.510204
BICDL1_120064082	0.464556	0.448980
BICDL1_120069450	0.438891	0.428571
BICDL1_120071030	0.438891	0.551020
BICDL1_120089738	0.473861	0.367347
BICDL1_120090729	0.562842	0.591837
BID_17742105	0.551924	0.632653
BID_17743126	0.551924	0.469388
BIK_43119182	0.535801	0.551020
BIK_43123917	0.535801	0.510204
BIK_43125112	0.557928	0.448980
BIK_43127266	0.557928	0.612245
BIN1_127050522	0.612903	0.612245
BIN1_127065762	0.600869	0.632653
BIN2_51299139	0.449951	0.387755
BIN2_51299751	0.429067	0.428571
BIN2_51303299	0.435540	0.408163
BIN3_22624163	0.627907	0.653061
BIN3_22638891	0.512705	0.387755
BIRC5_78217337	0.483615	0.428571
BIRC6_32361046	0.406895	0.530612
BIRC6_32449381	0.343103	0.346939
BIRC6_32502636	0.274834	0.326531
BIRC6_32530853	0.326144	0.326531
BIRC6_32607244	0.370853	0.285714
BISPR_17407472	0.481618	0.510204
BIVM-ERCC5_102805826	0.393162	0.387755
BLK_11547357	0.578838	0.612245
BLK_11547371	0.578838	0.612245
BLK_11553955	0.586521	0.734694
BLK_11561669	0.519659	0.469388
BLNK_96205898	0.398079	0.489796
BLNK_96208230	0.450464	0.469388
BLNK_96224463	0.501754	0.489796
BLOC1S2_100277045	0.558531	0.714286
BLOC1S2_100279599	0.558531	0.265306
BLOC1S5_8063839	0.410801	0.510204
BLVRA_43766169	0.448924	0.612245
BLVRA_43799887	0.419760	0.408163
BLVRB_40459203	0.498018	0.510204
BLVRB_40460686	0.498018	0.571429
BLVRB_40462093	0.498018	0.551020
BMF_40104938	0.535763	0.591837
BMP1_22179263	0.603320	0.653061
BMP1_22209219	0.568983	0.612245
BMP2_6777391	0.383942	0.408163
BMP5_55756222	0.342565	0.367347
BMP7_57179432	0.529034	0.612245
BMPER_33968361	0.396868	0.428571
BMPER_33968794	0.396868	0.408163
BMPER_34054572	0.400689	0.469388
BMPER_34056925	0.429401	0.510204
BMPR1A_86904751	0.401717	0.489796
BMPR1A_86915334	0.374605	0.408163
BMPR1A_86922839	0.404167	0.571429
BMPR1A_86922862	0.404167	0.448980
BMPR2_202517938	0.416970	0.612245
BMS1_42786017	0.417391	0.489796
BMX_15523486	0.372963	0.306122
BMX_15529873	0.395409	0.489796
BMX_15531107	0.398462	0.326531
BMX_15545888	0.381238	0.469388
BNIP1_173161968	0.480806	0.469388
BNIP1_173162144	0.480806	0.408163
BNIP1_173163456	0.480806	0.591837
BNIP2_59684937	0.394864	0.346939
BNIP3L_26409713	0.388525	0.326531
BNIP3_131977952	0.490469	0.530612
BNIPL_151040857	0.449224	0.326531
BNIPL_151042909	0.449224	0.408163
BOC_113250251	0.433588	0.346939
BOC_113274325	0.492740	0.530612
BOC_113275001	0.495168	0.551020
BOC_113275113	0.495168	0.530612
BOC_113276829	0.495168	0.448980
BOC_113278321	0.554217	0.551020
BOC_113282513	0.484714	0.408163
BOD1_173614915	0.443614	0.387755
BOLL_197759187	0.393604	0.591837
BOP1_144271655	0.674857	0.673469
BORCS7-ASMT_102860972	0.444994	0.428571
BORCS7-ASMT_102872024	0.503578	0.632653
BORCS7-ASMT_102874345	0.450663	0.367347
BORCS8_19186411	0.528967	0.469388
BPIFA3_33224068	0.547074	0.489796
BPIFB1_33287423	0.539577	0.326531
BPIFB1_33290866	0.543568	0.591837
BPIFB1_33291294	0.547500	0.510204
BPIFB1_33297709	0.491342	0.551020
BPIFB1_33307183	0.491912	0.571429
BPIFB2_33009686	0.547436	0.653061
BPIFB2_33011285	0.497329	0.571429
BPIFB2_33011306	0.497329	0.489796
BPIFB2_33014472	0.540230	0.408163
BPIFB3_33058551	0.495707	0.408163
BPIFB3_33062070	0.540101	0.510204
BPIFB3_33068347	0.515325	0.469388
BPIFB4_33084324	0.478859	0.469388
BPIFB4_33084449	0.478859	0.448980
BPIFB4_33091237	0.497587	0.408163
BPIFB4_33094244	0.442442	0.306122
BPIFB4_33100241	0.497726	0.469388
BPIFB4_33111346	0.439466	0.591837
BPIFB6_33042486	0.505632	0.510204
BPIFC_32436168	0.441192	0.612245
BPIFC_32439490	0.449886	0.408163
BPI_38326087	0.480084	0.551020
BRAF_140749725	0.344658	0.408163
BRAP_111646415	0.469494	0.469388
BRAP_111655965	0.448377	0.408163
BRAP_111665111	0.447512	0.387755
BRAP_111666821	0.423832	0.428571
BRAP_111682165	0.435878	0.469388
BRCA1_43090234	0.407146	0.489796
BRCA1_43101942	0.452959	0.510204
BRCA1_43115974	0.429647	0.387755
BRCA2_32325891	0.348253	0.408163
BRCA2_32329254	0.377519	0.367347
BRCA2_32369395	0.386284	0.510204
BRCC3_155084350	0.409793	0.265306
BRCC3_155089580	0.383380	0.469388
BRCC3_155089967	0.383380	0.408163
BRCC3_155095753	0.354100	0.469388
BRD1_49788213	0.513534	0.346939
BRD1_49789140	0.513534	0.510204
BRD1_49791063	0.513534	0.591837
BRD1_49802040	0.599135	0.530612
BRD1_49803828	0.599135	0.714286
BRD3_134035285	0.617305	0.591837
BRD3_134039332	0.472634	0.428571
BRD3_134049831	0.634184	0.632653
BRD4_15262019	0.518252	0.448980
BRD4_15263750	0.573099	0.693878
BRD4_15263754	0.573099	0.653061
BRD4_15268761	0.522542	0.510204
BRD4_15271321	0.501856	0.489796
BRD4_15272518	0.501856	0.489796
BRD7_50331576	0.380203	0.551020
BRD7_50340322	0.395733	0.244898
BRD7_50351140	0.364576	0.387755
BRD7_50360456	0.381560	0.448980
BRD8_138156728	0.432146	0.408163
BRD8_138158872	0.432146	0.551020
BRD8_138162308	0.459817	0.571429
BRD8_138172329	0.438190	0.530612
BRD9_871124	0.497895	0.591837
BRD9_871221	0.497895	0.571429
BRD9_871359	0.497895	0.510204
BRD9_890680	0.482415	0.489796
BRDT_91993398	0.347285	0.387755
BRDT_92001994	0.393380	0.224490
BRE_28242098	0.420260	0.408163
BRE_28327749	0.478004	0.591837
BRF1_105221167	0.616348	0.612245
BRF1_105221426	0.616348	0.632653
BRI3_98283854	0.587270	0.632653
BRINP1_119212741	0.403657	0.387755
BRINP1_119239895	0.419659	0.306122
BRINP1_119241721	0.419659	0.408163
BRINP1_119245771	0.415394	0.367347
BRINP3_190227190	0.302620	0.265306
BRIP1_61687906	0.375688	0.510204
BRIP1_61856638	0.385592	0.346939
BRIP1_61857373	0.359204	0.510204
BRMS1L_35827038	0.441591	0.591837
BRMS1L_35830779	0.441591	0.408163
BRMS1L_35831065	0.441591	0.612245
BRMS1L_35863212	0.373626	0.326531
BRMS1_66339017	0.571536	0.612245
BRMS1_66339710	0.571536	0.530612
BRMS1_66342787	0.493407	0.530612
BRPF3_36199160	0.511726	0.551020
BRPF3_36202683	0.453758	0.448980
BRPF3_36205419	0.448759	0.469388
BRS3_136489349	0.356061	0.408163
BRSK1_55292477	0.465423	0.489796
BRSK1_55308433	0.496801	0.408163
BRSK2_1443844	0.645693	0.632653
BRSK2_1452169	0.630669	0.551020
BRSK2_1457933	0.679712	0.632653
BRWD1_39206463	0.373656	0.285714
BRWD1_39216226	0.374328	0.306122
BRWD1_39230240	0.346715	0.448980
BRWD1_39246952	0.375918	0.591837
BRWD1_39296435	0.345261	0.204082
BRWD3_80684671	0.343341	0.346939
BRWD3_80697607	0.377627	0.408163
BRWD3_80702244	0.333821	0.387755
BSDC1_32374543	0.470886	0.510204
BSDC1_32378451	0.570455	0.571429
BSDC1_32379006	0.511794	0.673469
BSN_49667207	0.542492	0.510204
BSN_49667506	0.542492	0.489796
BSPRY_113361094	0.462293	0.469388
BST1_15712357	0.421208	0.489796
BSX_122978689	0.495982	0.530612
BTAF1_91935854	0.368976	0.244898
BTAF1_92018464	0.410013	0.448980
BTAF1_92025374	0.375000	0.551020
BTAF1_92026468	0.375000	0.326531
BTBD10_13406416	0.374560	0.387755
BTBD11_107612695	0.402640	0.408163
BTBD11_107617731	0.506241	0.346939
BTBD11_107619598	0.514001	0.551020
BTBD16_122290951	0.513413	0.591837
BTBD16_122305128	0.448969	0.408163
BTBD16_122305619	0.448969	0.448980
BTBD16_122335608	0.431308	0.387755
BTBD17_74357917	0.504247	0.510204
BTBD17_74358627	0.504247	0.428571
BTBD17_74360388	0.584956	0.612245
BTBD7_93247882	0.408863	0.346939
BTBD7_93261778	0.381585	0.428571
BTBD8_92105800	0.388186	0.448980
BTBD8_92139055	0.384728	0.387755
BTBD8_92175926	0.385432	0.387755
BTBD9_38593746	0.349065	0.326531
BTLA_112467272	0.368405	0.367347
BTN2A2_26386470	0.423019	0.530612
BTNL2_32398388	0.431086	0.326531
BTNL2_32399882	0.431086	0.591837
BTNL3_180989371	0.457564	0.489796
BTNL3_180990809	0.457564	0.571429
BTNL3_180991821	0.457564	0.306122
BTNL3_180996449	0.398569	0.510204
BTNL8_180910062	0.426195	0.591837
BTNL9_181052762	0.521908	0.530612
BTRC_101533246	0.389308	0.306122
BUB1B_40168153	0.386434	0.612245
BUB1B_40209501	0.491898	0.367347
BUB1B_40219358	0.404798	0.408163
BUB3_123161306	0.350299	0.346939
BUD13_116756227	0.407818	0.530612
BVES_105134400	0.374168	0.387755
BZW2_16679188	0.399285	0.367347
C10orf71_49302524	0.504465	0.489796
C10orf76_101848907	0.515081	0.489796
C10orf76_101998634	0.409977	0.387755
C10orf76_102006271	0.416611	0.551020
C10orf76_102023261	0.435781	0.387755
C10orf82_116668567	0.519651	0.530612
C10orf82_116668571	0.519651	0.551020
C10orf82_116669379	0.519651	0.591837
C10orf90_126462762	0.509003	0.489796
C10orf99_84182940	0.490692	0.387755
C11orf16_8925003	0.482645	0.673469
C11orf16_8932349	0.566202	0.530612
C11orf21_2298599	0.612218	0.612245
C11orf49_47132496	0.410946	0.306122
C11orf49_47150260	0.479938	0.346939
C11orf53_111282739	0.417457	0.510204
C11orf53_111284880	0.476078	0.387755
C11orf54_93750078	0.385916	0.408163
C11orf58_16739654	0.396249	0.469388
C11orf58_16741873	0.396249	0.285714
C11orf65_108383663	0.427478	0.387755
C11orf65_108386121	0.416206	0.428571
C11orf68_65918709	0.597685	0.591837
C11orf70_102076456	0.365448	0.346939
C11orf74_36634692	0.352221	0.387755
C11orf80_66813782	0.408955	0.408163
C11orf80_66814692	0.420226	0.469388
C11orf80_66815064	0.420226	0.489796
C11orf80_66825215	0.446432	0.551020
C11orf80_66838254	0.429614	0.571429
C11orf80_66838499	0.491710	0.367347
C12orf10_53302468	0.472032	0.428571
C12orf40_39647615	0.336656	0.448980
C12orf43_121008333	0.481615	0.510204
C12orf45_104987776	0.477340	0.408163
C12orf45_104992407	0.426398	0.489796
C12orf49_116723448	0.432995	0.489796
C12orf4_4522636	0.369685	0.367347
C12orf4_4533448	0.378471	0.469388
C12orf54_48489863	0.459299	0.571429
C12orf54_48494748	0.430633	0.510204
C12orf56_64275576	0.393151	0.551020
C14orf105_57482320	0.417379	0.387755
C14orf159_91170741	0.503725	0.571429
C14orf159_91171353	0.503725	0.448980
C14orf159_91178306	0.462273	0.510204
C14orf159_91187730	0.475133	0.530612
C14orf159_91197929	0.478062	0.265306
C14orf159_91217276	0.516928	0.591837
C14orf166_51990214	0.414604	0.551020
C14orf166_51991105	0.414604	0.428571
C14orf180_104587241	0.653687	0.591837
C14orf1_75651678	0.477941	0.428571
C14orf1_75657254	0.428751	0.469388
C14orf39_60483906	0.303857	0.408163
C14orf79_104988298	0.487548	0.469388
C14orf80_105491849	0.635468	0.673469
C14orf80_105492067	0.635468	0.653061
C14orf80_105493229	0.640199	0.693878
C14orf93_22988209	0.473928	0.551020
C14orf93_22988794	0.473928	0.551020
C14orf93_22996793	0.465709	0.632653
C14orf93_22997819	0.465709	0.571429
C15orf41_36653694	0.377412	0.510204
C15orf41_36653919	0.377412	0.367347
C15orf57_40556102	0.406088	0.448980
C16orf45_15582942	0.483553	0.489796
C16orf46_81062602	0.418171	0.571429
C16orf47_73128902	0.437945	0.448980
C16orf58_31496067	0.527129	0.428571
C16orf58_31497077	0.524032	0.530612
C16orf58_31507343	0.455774	0.489796
C16orf62_19558132	0.456832	0.346939
C16orf62_19581190	0.479549	0.489796
C16orf62_19618406	0.446228	0.448980
C16orf62_19633477	0.402850	0.367347
C16orf62_19691873	0.495517	0.428571
C16orf62_19692182	0.495517	0.632653
C16orf62_19693209	0.495517	0.448980
C16orf62_19699128	0.495517	0.428571
C16orf62_19699221	0.495517	0.448980
C16orf70_67141080	0.542309	0.510204
C16orf70_67146952	0.538905	0.571429
C16orf71_4737411	0.542388	0.469388
C16orf71_4742982	0.470415	0.591837
C16orf87_46804335	0.349357	0.448980
C16orf87_46821163	0.370274	0.326531
C16orf96_4566664	0.467818	0.326531
C16orf96_4595229	0.533705	0.653061
C17orf53_44155796	0.487402	0.571429
C17orf53_44155925	0.487402	0.510204
C17orf64_60429028	0.470519	0.428571
C17orf75_32335600	0.452323	0.408163
C17orf78_37377805	0.406829	0.326531
C17orf80_73245725	0.430021	0.469388
C18orf21_35974729	0.413481	0.306122
C18orf21_35975525	0.384615	0.448980
C18orf25_46254803	0.390005	0.346939
C18orf63_74321657	0.327161	0.306122
C18orf8_23508398	0.460469	0.489796
C18orf8_23509684	0.430961	0.510204
C18orf8_23521492	0.451520	0.510204
C19orf18_57966846	0.479074	0.612245
C19orf18_57973834	0.452321	0.448980
C19orf35_2279727	0.550115	0.591837
C19orf38_10849478	0.525887	0.551020
C19orf44_16506495	0.501807	0.510204
C19orf47_40328898	0.475283	0.591837
C19orf54_40744733	0.596413	0.551020
C19orf71_3540983	0.535481	0.489796
C19orf81_50658469	0.632029	0.612245
C1GALT1_7237630	0.378466	0.346939
C1QL1_44961092	0.541925	0.551020
C1QL1_44962169	0.541925	0.571429
C1QL4_49333933	0.540451	0.632653
C1QTNF2_160349974	0.439430	0.387755
C1QTNF3_34031709	0.364253	0.591837
C1QTNF3_34033509	0.406764	0.387755
C1QTNF6_37182952	0.595890	0.632653
C1QTNF6_37183768	0.595890	0.591837
C1QTNF8_1095146	0.696035	0.734694
C1S_7062473	0.515260	0.387755
C1S_7069684	0.485650	0.530612
C1orf100_244358978	0.428010	0.448980
C1orf106_200896083	0.536715	0.632653
C1orf106_200907642	0.495205	0.510204
C1orf109_37687790	0.462100	0.448980
C1orf112_169828309	0.355134	0.510204
C1orf112_169847478	0.367092	0.448980
C1orf115_220695548	0.451695	0.489796
C1orf127_10953883	0.470504	0.510204
C1orf127_10959682	0.541954	0.612245
C1orf159_1086452	0.652753	0.693878
C1orf168_56725713	0.350622	0.367347
C1orf168_56742306	0.330377	0.285714
C1orf168_56754215	0.410204	0.469388
C1orf168_56767291	0.381692	0.428571
C1orf186_206057682	0.437201	0.367347
C1orf189_154205467	0.464564	0.510204
C1orf189_154205780	0.468553	0.632653
C1orf194_109110927	0.465030	0.571429
C1orf194_109112349	0.465030	0.489796
C1orf198_230840681	0.463861	0.571429
C1orf198_230860667	0.458631	0.367347
C1orf228_44701272	0.481644	0.551020
C1orf27_186383343	0.357824	0.408163
C1orf53_197906297	0.346922	0.408163
C1orf64_16005447	0.517286	0.489796
C1orf94_34200375	0.494052	0.367347
C1orf94_34205224	0.471426	0.571429
C1orf94_34206701	0.471426	0.551020
C20orf173_35527443	0.529532	0.387755
C20orf194_3258707	0.498470	0.571429
C20orf194_3264105	0.474938	0.469388
C20orf194_3264800	0.457133	0.612245
C20orf194_3279054	0.451505	0.530612
C20orf194_3287163	0.469736	0.448980
C20orf194_3288683	0.467921	0.530612
C20orf194_3304816	0.442750	0.428571
C20orf194_3325834	0.416124	0.285714
C20orf194_3341447	0.448946	0.571429
C20orf194_3376764	0.432427	0.387755
C20orf194_3381022	0.432427	0.551020
C20orf194_3381678	0.421336	0.408163
C20orf24_36606668	0.489994	0.653061
C20orf27_3761293	0.545345	0.571429
C20orf27_3762887	0.545345	0.428571
C20orf85_58153954	0.458741	0.530612
C20orf96_285034	0.438744	0.346939
C21orf58_46302169	0.593939	0.693878
C21orf58_46311846	0.525413	0.571429
C21orf58_46315573	0.568072	0.571429
C21orf58_46319286	0.507243	0.551020
C21orf59_32603401	0.497596	0.632653
C22orf15_23763754	0.611921	0.734694
C22orf15_23764045	0.611921	0.530612
C22orf23_37948146	0.488989	0.306122
C22orf31_29059682	0.449675	0.571429
C22orf39_19444542	0.471711	0.489796
C2CD2_41915014	0.497487	0.510204
C2CD2_41917481	0.497487	0.408163
C2CD2_41918338	0.538217	0.387755
C2CD3_74055079	0.396123	0.530612
C2CD3_74081182	0.390881	0.326531
C2CD3_74086964	0.400528	0.408163
C2CD3_74100819	0.383863	0.326531
C2CD3_74114011	0.338086	0.510204
C2CD3_74114219	0.338086	0.346939
C2CD3_74114223	0.338086	0.387755
C2CD3_74133808	0.387059	0.489796
C2CD3_74167591	0.367467	0.448980
C2CD4C_408814	0.735099	0.775510
C2CD5_22474975	0.312482	0.326531
C2CD5_22475436	0.312482	0.285714
C2CD5_22499444	0.331414	0.428571
C2CD5_22539705	0.391349	0.469388
C2_31942650	0.492578	0.428571
C2orf15_99144589	0.440600	0.632653
C2orf40_106066784	0.458333	0.408163
C2orf49_105341700	0.371853	0.387755
C2orf50_11140171	0.455912	0.653061
C2orf54_240892193	0.626882	0.673469
C2orf54_240894013	0.626882	0.612245
C2orf61_47121757	0.420166	0.489796
C2orf70_26576532	0.592537	0.387755
C2orf71_29066687	0.473760	0.530612
C2orf76_119311744	0.380250	0.367347
C2orf76_119312177	0.380250	0.530612
C2orf80_208169587	0.391109	0.591837
C2orf80_208179548	0.439612	0.591837
C2orf81_74408702	0.452188	0.530612
C2orf82_232873321	0.596380	0.653061
C3_6694683	0.508027	0.632653
C3_6706174	0.509564	0.428571
C3orf18_50563970	0.550565	0.591837
C3orf20_14683403	0.530651	0.448980
C3orf20_14684528	0.418953	0.408163
C3orf20_14703560	0.527933	0.489796
C3orf49_63828079	0.403960	0.387755
C3orf52_112087121	0.457587	0.612245
C3orf52_112109875	0.452239	0.428571
C4BPA_207124081	0.353293	0.367347
C4BPA_207132289	0.377018	0.448980
C4orf17_99523053	0.358918	0.367347
C4orf32_112175857	0.370834	0.428571
C4orf33_129095293	0.352619	0.448980
C4orf33_129104452	0.338076	0.367347
C4orf50_5976000	0.415126	0.530612
C4orf50_5990895	0.559656	0.591837
C4orf50_5992079	0.559656	0.612245
C5_120977010	0.390620	0.367347
C5_120979112	0.390620	0.489796
C5_120980374	0.447451	0.469388
C5_120988198	0.400417	0.346939
C5_120990957	0.401418	0.489796
C5_121014255	0.311170	0.469388
C5_121039527	0.394101	0.591837
C5orf22_31552159	0.392537	0.489796
C5orf24_134847186	0.444329	0.306122
C5orf42_37122803	0.361162	0.612245
C5orf42_37171340	0.397604	0.469388
C5orf42_37181986	0.370582	0.571429
C5orf42_37203323	0.348831	0.408163
C5orf42_37221510	0.372287	0.346939
C5orf42_37245628	0.261261	0.285714
C6_41143040	0.372313	0.428571
C6orf106_34612169	0.410092	0.489796
C6orf10_32370001	0.372515	0.306122
C6orf132_42110544	0.505060	0.408163
C6orf141_49553601	0.394248	0.408163
C6orf141_49554061	0.394248	0.265306
C6orf163_87362570	0.416223	0.408163
C6orf222_36334008	0.485458	0.591837
C6orf62_24712410	0.381983	0.571429
C6orf89_36918726	0.465201	0.448980
C7_40933381	0.340345	0.448980
C7_40942153	0.374850	0.346939
C7_40967378	0.379466	0.387755
C7orf26_6592769	0.490456	0.448980
C7orf26_6593791	0.490456	0.530612
C7orf26_6599724	0.505356	0.653061
C7orf26_6601437	0.499427	0.530612
C7orf31_25140059	0.381311	0.346939
C7orf31_25164016	0.398406	0.367347
C7orf33_148615325	0.383495	0.428571
C7orf50_1000783	0.630879	0.632653
C7orf50_1065513	0.580747	0.612245
C7orf50_1077404	0.596649	0.632653
C7orf57_48040635	0.432394	0.489796
C7orf57_48043323	0.455890	0.551020
C7orf72_50130497	0.387807	0.489796
C8A_56870597	0.394839	0.408163
C8A_56882890	0.416576	0.489796
C8A_56906665	0.411679	0.469388
C8A_56910651	0.430403	0.469388
C8B_56941690	0.411852	0.367347
C8B_56956512	0.385884	0.346939
C8B_56962637	0.427817	0.387755
C8orf37_95263806	0.394297	0.367347
C8orf44_66677640	0.412720	0.346939
C8orf44_66678583	0.370328	0.428571
C8orf74_10699754	0.533872	0.510204
C8orf76_123234339	0.447848	0.448980
C8orf76_123235495	0.447848	0.408163
C9orf152_110204279	0.467693	0.591837
C9orf24_34380336	0.623610	0.673469
C9orf40_74948593	0.403619	0.387755
C9orf40_74951128	0.403619	0.551020
C9orf43_113419505	0.369644	0.489796
C9orf43_113427850	0.469785	0.428571
C9orf84_111722230	0.369660	0.387755
CA10_51650743	0.441632	0.489796
CA12_63327591	0.480324	0.428571
CA12_63338550	0.492421	0.530612
CA13_85262575	0.388653	0.469388
CA14_150262802	0.486339	0.469388
CA3_85440458	0.369857	0.346939
CA4_60150185	0.556024	0.775510
CA4_60152182	0.556024	0.632653
CA5A_87890432	0.492059	0.551020
CA5A_87904594	0.466667	0.489796
CA5A_87924346	0.532344	0.530612
CA6_8974266	0.489286	0.408163
CA8_60228348	0.397532	0.367347
CA8_60229070	0.397532	0.469388
CA8_60229077	0.397532	0.489796
CAB39_230810845	0.407139	0.510204
CABIN1_24036952	0.474146	0.448980
CABIN1_24040301	0.448263	0.387755
CABIN1_24054547	0.505387	0.387755
CABIN1_24057485	0.482205	0.408163
CABIN1_24068170	0.475954	0.489796
CABIN1_24091443	0.501422	0.510204
CABIN1_24113382	0.497951	0.551020
CABIN1_24168092	0.534863	0.489796
CABIN1_24172064	0.573512	0.571429
CABLES1_23183908	0.475340	0.448980
CABLES1_23256580	0.470213	0.591837
CABLES2_62395341	0.639231	0.612245
CABP1_120654628	0.514888	0.551020
CABP2_67521438	0.546717	0.448980
CABP2_67522211	0.618962	0.632653
CABP2_67522215	0.618962	0.632653
CABP5_48031661	0.485132	0.591837
CABP5_48033234	0.485132	0.591837
CABP7_29724493	0.635241	0.551020
CABP7_29726858	0.635241	0.571429
CABYR_24157011	0.441820	0.326531
CACFD1_133461247	0.593930	0.591837
CACFD1_133467313	0.457339	0.632653
CACHD1_64640315	0.407726	0.244898
CACHD1_64648439	0.391663	0.346939
CACHD1_64660395	0.404895	0.367347
CACHD1_64665800	0.401598	0.632653
CACHD1_64678056	0.396687	0.387755
CACNA1A_13212995	0.538204	0.571429
CACNA1A_13232605	0.506209	0.591837
CACNA1A_13242044	0.544810	0.612245
CACNA1A_13276303	0.549460	0.489796
CACNA1A_13284911	0.435667	0.387755
CACNA1A_13304925	0.492173	0.387755
CACNA1A_13310576	0.454348	0.469388
CACNA1B_137879291	0.609654	0.571429
CACNA1B_137879963	0.609654	0.571429
CACNA1B_137880200	0.609654	0.612245
CACNA1B_137880215	0.609654	0.612245
CACNA1B_137881367	0.609654	0.632653
CACNA1B_137975716	0.596198	0.530612
CACNA1B_138011878	0.565716	0.612245
CACNA1B_138044109	0.574426	0.714286
CACNA1B_138057672	0.468725	0.387755
CACNA1B_138058520	0.588050	0.571429
CACNA1B_138102480	0.560912	0.775510
CACNA1B_138106021	0.474659	0.469388
CACNA1B_138112954	0.607372	0.612245
CACNA1B_138117888	0.551192	0.571429
CACNA1B_138119760	0.636819	0.591837
CACNA1C-IT1_2019097	0.400490	0.428571
CACNA1C_2450035	0.516034	0.428571
CACNA1C_2491540	0.434676	0.510204
CACNA1C_2583189	0.587179	0.755102
CACNA1C_2602160	0.490064	0.408163
CACNA1C_2611562	0.553616	0.591837
CACNA1C_2652635	0.574056	0.693878
CACNA1D_53496006	0.552138	0.673469
CACNA1D_53666885	0.424690	0.571429
CACNA1D_53723302	0.485923	0.489796
CACNA1D_53740058	0.472781	0.510204
CACNA1D_53744929	0.451005	0.387755
CACNA1D_53746684	0.469144	0.632653
CACNA1D_53801831	0.464632	0.489796
CACNA1E_181713501	0.469541	0.428571
CACNA1E_181715074	0.469541	0.448980
CACNA1E_181715847	0.450617	0.591837
CACNA1E_181717770	0.500000	0.469388
CACNA1E_181717963	0.500000	0.510204
CACNA1E_181720734	0.431461	0.346939
CACNA1E_181727730	0.500399	0.612245
CACNA1E_181728534	0.500399	0.530612
CACNA1E_181738080	0.574438	0.530612
CACNA1E_181766295	0.413404	0.428571
CACNA1E_181776982	0.470566	0.448980
CACNA1E_181787798	0.431568	0.367347
CACNA1E_181787813	0.431568	0.326531
CACNA1E_181793873	0.452984	0.469388
CACNA1F_49205878	0.502152	0.551020
CACNA1F_49219220	0.564644	0.551020
CACNA1F_49221363	0.493407	0.551020
CACNA1F_49231989	0.467944	0.551020
CACNA1G_50602050	0.601824	0.693878
CACNA1G_50615655	0.547244	0.469388
CACNA1G_50618046	0.601695	0.448980
CACNA1H_1177089	0.646757	0.530612
CACNA1H_1195732	0.669444	0.673469
CACNA1H_1199544	0.650912	0.571429
CACNA1H_1201394	0.622951	0.591837
CACNA1H_1214170	0.645192	0.714286
CACNA1H_1214477	0.645192	0.673469
CACNA1H_1216826	0.674888	0.734694
CACNA1I_39635479	0.486975	0.632653
CACNA1I_39635994	0.486975	0.591837
CACNA1I_39643778	0.577603	0.489796
CACNA1I_39659374	0.579114	0.448980
CACNA1I_39663502	0.637336	0.632653
CACNA1I_39666656	0.576368	0.673469
CACNA1I_39682354	0.593902	0.510204
CACNA1S_201045260	0.451091	0.510204
CACNA1S_201052046	0.549894	0.673469
CACNA1S_201057202	0.508320	0.571429
CACNA1S_201062892	0.510081	0.653061
CACNA1S_201064905	0.510081	0.571429
CACNA1S_201073079	0.545580	0.489796
CACNA1S_201075044	0.573227	0.551020
CACNA1S_201075615	0.527607	0.571429
CACNA1S_201076847	0.527607	0.510204
CACNA1S_201085325	0.547030	0.428571
CACNA1S_201092451	0.471986	0.591837
CACNA2D1_81950622	0.327972	0.265306
CACNA2D1_81995074	0.341670	0.387755
CACNA2D1_82062318	0.358580	0.469388
CACNA2D2_50369276	0.596929	0.428571
CACNA2D2_50376710	0.553991	0.591837
CACNA2D2_50381585	0.569892	0.408163
CACNA2D2_50384620	0.569659	0.367347
CACNA2D3_54838486	0.426328	0.530612
CACNA2D3_54871290	0.450042	0.326531
CACNA2D4_1843543	0.559743	0.714286
CACNA2D4_1854197	0.476868	0.530612
CACNA2D4_1878667	0.556537	0.489796
CACNB1_39186104	0.574721	0.489796
CACNB1_39187022	0.559199	0.673469
CACNB2_18538835	0.396991	0.326531
CACNB3_48827538	0.516269	0.530612
CACNB4_151975131	0.419513	0.367347
CACNG1_67052227	0.478915	0.551020
CACNG1_67054585	0.545543	0.632653
CACNG3_24349342	0.474860	0.428571
CACNG3_24355861	0.457824	0.530612
CACNG3_24360531	0.457824	0.469388
CACNG5_66878970	0.488565	0.551020
CACNG6_53993335	0.501988	0.653061
CACNG7_53915065	0.556555	0.489796
CACUL1_118686835	0.407095	0.387755
CACUL1_118699880	0.394403	0.612245
CADM1_115238757	0.365824	0.346939
CADM1_115498198	0.381148	0.428571
CADM3_159198407	0.471228	0.510204
CADM3_159198600	0.471228	0.448980
CADM4_43624903	0.519760	0.551020
CADM4_43627828	0.519688	0.346939
CADPS2_122473488	0.353087	0.326531
CADPS2_122741954	0.375297	0.408163
CADPS2_122866905	0.375297	0.448980
CADPS_62477117	0.401015	0.448980
CADPS_62497474	0.387044	0.591837
CADPS_62498916	0.387044	0.326531
CADPS_62515361	0.404337	0.367347
CADPS_62532776	0.391860	0.469388
CADPS_62554552	0.432981	0.530612
CADPS_62557726	0.420797	0.408163
CAD_27220300	0.444236	0.551020
CAD_27223487	0.548571	0.530612
CAD_27229546	0.442841	0.510204
CAGE1_7332695	0.430922	0.428571
CALB1_90069302	0.358183	0.387755
CALB2_71373294	0.457654	0.530612
CALCA_14971004	0.444229	0.469388
CALCB_15076848	0.488261	0.510204
CALCOCO2_48843559	0.431023	0.448980
CALCOCO2_48854996	0.441052	0.653061
CALCR_93472243	0.346693	0.346939
CALD1_134932541	0.380230	0.530612
CALD1_134943187	0.379266	0.448980
CALD1_134945361	0.379266	0.428571
CALHM1_103456253	0.556962	0.469388
CALHM1_103456257	0.556962	0.489796
CALHM3_103478067	0.521403	0.367347
CALM1_90403319	0.384584	0.448980
CALM3_46602384	0.574163	0.571429
CALML4_68204313	0.528590	0.510204
CALML4_68204798	0.528590	0.530612
CALU_128761605	0.404972	0.367347
CALY_133327348	0.596933	0.673469
CAMK1D_12815977	0.501030	0.408163
CAMK1G_209606081	0.449612	0.367347
CAMK1G_209607610	0.521924	0.612245
CAMK1_9763482	0.484479	0.551020
CAMK1_9763687	0.484479	0.489796
CAMK2A_150228380	0.523857	0.387755
CAMK2A_150234465	0.490777	0.306122
CAMK2A_150240586	0.556145	0.489796
CAMK2A_150245896	0.575486	0.612245
CAMK2A_150247285	0.575486	0.551020
CAMK2A_150248122	0.521775	0.551020
CAMK2A_150252861	0.511611	0.428571
CAMK2A_150253619	0.530073	0.591837
CAMK2B_44235536	0.619300	0.408163
CAMK2B_44243008	0.633613	0.632653
CAMK2B_44247361	0.572867	0.653061
CAMK2B_44258994	0.576999	0.673469
CAMK2D_113531661	0.338355	0.326531
CAMK2D_113760560	0.431718	0.612245
CAMK2G_73817961	0.549552	0.530612
CAMK2G_73819211	0.549552	0.612245
CAMK2G_73822056	0.501083	0.448980
CAMK2G_73825919	0.571429	0.510204
CAMK2G_73840471	0.548890	0.591837
CAMK2G_73841173	0.548890	0.693878
CAMK2G_73841808	0.548890	0.489796
CAMK2G_73843802	0.494680	0.469388
CAMK2G_73848808	0.531017	0.591837
CAMK2G_73854336	0.512858	0.428571
CAMK2G_73855209	0.512858	0.653061
CAMKK1_3873579	0.521377	0.530612
CAMKK1_3874017	0.521377	0.591837
CAMKK1_3875608	0.521377	0.530612
CAMKK1_3884485	0.546667	0.612245
CAMKK1_3888532	0.600363	0.612245
CAMKK2_121250559	0.472963	0.530612
CAMKK2_121253057	0.526882	0.530612
CAMP_48224260	0.567863	0.612245
CAMSAP1_135823706	0.439768	0.612245
CAMSAP2_200846902	0.329487	0.244898
CAMSAP2_200854121	0.336866	0.571429
CAMTA2_4975801	0.475166	0.428571
CAMTA2_4981415	0.553459	0.591837
CAMTA2_4981436	0.553459	0.530612
CAND1_67294283	0.357269	0.326531
CAND2_12797435	0.530079	0.591837
CAND2_12797866	0.530079	0.591837
CAND2_12798464	0.530079	0.530612
CAND2_12808091	0.508635	0.612245
CAND2_12809677	0.508635	0.448980
CAND2_12818684	0.497510	0.469388
CANT1_78995319	0.579096	0.693878
CANT1_78995364	0.579096	0.836735
CANX_179718148	0.433442	0.489796
CANX_179726360	0.508439	0.612245
CAP2_17551810	0.465923	0.346939
CAPN11_44165167	0.511339	0.551020
CAPN12_38731772	0.560307	0.530612
CAPN13_30731597	0.566474	0.714286
CAPN13_30738600	0.497101	0.530612
CAPN13_30744619	0.490434	0.571429
CAPN13_30747428	0.456967	0.612245
CAPN13_30760515	0.510922	0.591837
CAPN14_31178725	0.416384	0.612245
CAPN14_31189137	0.472767	0.551020
CAPN14_31189721	0.446354	0.346939
CAPN14_31192266	0.547481	0.551020
CAPN14_31192279	0.547481	0.612245
CAPN14_31192467	0.547481	0.387755
CAPN15_528719	0.606829	0.510204
CAPN15_528867	0.606829	0.612245
CAPN15_550095	0.717703	0.653061
CAPN15_552049	0.678756	0.673469
CAPN2_223717303	0.503071	0.469388
CAPN2_223751905	0.531832	0.571429
CAPN3_42388844	0.476465	0.469388
CAPN3_42389751	0.479390	0.530612
CAPN3_42403494	0.517615	0.571429
CAPN5_77088513	0.566744	0.653061
CAPN5_77091265	0.566744	0.510204
CAPN5_77113489	0.542244	0.632653
CAPN5_77115813	0.627943	0.632653
CAPN5_77116627	0.550998	0.632653
CAPN5_77121203	0.587891	0.591837
CAPN7_15207239	0.391936	0.408163
CAPN7_15207373	0.391936	0.489796
CAPN7_15227294	0.343231	0.387755
CAPN8_223620077	0.468835	0.428571
CAPN8_223627724	0.521739	0.448980
CAPN9_230765988	0.439840	0.571429
CAPN9_230768486	0.421769	0.387755
CAPN9_230777272	0.475697	0.551020
CAPN9_230786226	0.438165	0.530612
CAPRIN1_34073928	0.380414	0.469388
CAPRIN1_34075705	0.380414	0.408163
CAPRIN1_34087737	0.404227	0.469388
CAPRIN2_30718344	0.358491	0.612245
CAPRIN2_30736762	0.380870	0.367347
CAPZA1_112651619	0.378634	0.367347
CAPZA1_112653363	0.378634	0.448980
CAPZA2_116891855	0.346658	0.469388
CAPZA2_116896030	0.350332	0.428571
CAPZB_19364629	0.505292	0.387755
CAPZB_19382937	0.500511	0.510204
CARD10_37493516	0.586126	0.551020
CARD10_37503541	0.574074	0.551020
CARD10_37504542	0.549550	0.551020
CARD10_37506493	0.530796	0.571429
CARD10_37508358	0.587413	0.510204
CARD10_37513761	0.525851	0.612245
CARD10_37515278	0.525851	0.551020
CARD11_2944632	0.496487	0.489796
CARD14_80190138	0.539401	0.673469
CARD19_93108368	0.543075	0.571429
CARD8_48216919	0.419679	0.387755
CARD8_48247178	0.375813	0.448980
CARD9_136367040	0.637838	0.612245
CARD9_136367045	0.637838	0.591837
CARD9_136369154	0.566372	0.530612
CARF_202952468	0.377541	0.244898
CARHSP1_8856580	0.539861	0.510204
CARM1_10908518	0.606061	0.489796
CARM1_10914942	0.624150	0.510204
CARMIL1_25424369	0.383049	0.469388
CARMIL1_25494850	0.339598	0.387755
CARMIL1_25499229	0.388283	0.408163
CARNS1_67420407	0.636364	0.632653
CARNS1_67421716	0.577262	0.428571
CARS2_110651355	0.462510	0.612245
CARS2_110656247	0.462510	0.510204
CARS2_110684064	0.455517	0.551020
CARS2_110688120	0.463000	0.653061
CARS2_110705328	0.437831	0.489796
CARS_3011161	0.571156	0.489796
CARS_3012690	0.518836	0.693878
CARS_3014404	0.518836	0.571429
CARS_3016862	0.543790	0.551020
CARS_3020564	0.470755	0.530612
CARS_3031702	0.478503	0.408163
CARS_3039036	0.423541	0.591837
CASC1_25110485	0.367734	0.510204
CASC1_25112942	0.405744	0.408163
CASC1_25113261	0.405744	0.469388
CASC1_25120918	0.396165	0.428571
CASC1_25121118	0.396165	0.448980
CASC1_25147303	0.351566	0.244898
CASD1_94523039	0.344422	0.285714
CASD1_94526870	0.344422	0.346939
CASD1_94528077	0.355759	0.346939
CASD1_94528740	0.342148	0.326531
CASKIN1_2178751	0.776471	0.734694
CASKIN1_2179435	0.677903	0.653061
CASKIN1_2183035	0.622378	0.571429
CASKIN1_2183260	0.622378	0.673469
CASKIN1_2186310	0.598613	0.653061
CASKIN1_2190510	0.630602	0.653061
CASKIN1_2191437	0.630602	0.612245
CASKIN1_2191878	0.630602	0.653061
CASKIN2_75508372	0.562212	0.653061
CASKIN2_75508394	0.562212	0.653061
CASK_41526895	0.440763	0.448980
CASK_41577569	0.371698	0.510204
CASK_41671725	0.393439	0.387755
CASP4_104950395	0.394943	0.326531
CASP6_109691035	0.431294	0.469388
CASP6_109700691	0.476162	0.510204
CASP7_113704445	0.431322	0.469388
CASP7_113720778	0.431322	0.428571
CASP7_113728988	0.448192	0.448980
CASP8AP2_89849177	0.423401	0.571429
CASP9_15503585	0.455995	0.408163
CASP9_15508091	0.465203	0.448980
CASR_122257079	0.390613	0.428571
CASS4_56445650	0.490196	0.489796
CASS4_56445663	0.490196	0.510204
CASS4_56445672	0.490196	0.571429
CASS4_56450801	0.459175	0.571429
CAST_96766297	0.380031	0.387755
CASZ1_10665009	0.570831	0.612245
CASZ1_10700635	0.594525	0.551020
CATIP_218364557	0.486377	0.489796
CATSPER3_135009614	0.569161	0.551020
CATSPER4_26202421	0.528380	0.591837
CATSPERB_91585962	0.418773	0.469388
CATSPERB_91622785	0.411173	0.387755
CATSPERB_91670113	0.431583	0.469388
CATSPERB_91672331	0.431583	0.551020
CATSPERB_91725573	0.416115	0.530612
CATSPERD_5745104	0.470043	0.448980
CATSPERD_5758301	0.542931	0.510204
CATSPERD_5766472	0.504473	0.306122
CATSPERG_38346309	0.479577	0.551020
CATSPERG_38360370	0.566703	0.591837
CBARP_1232910	0.639535	0.571429
CBFA2T2_33631489	0.431078	0.510204
CBFA2T3_88878217	0.627382	0.530612
CBFA2T3_88896828	0.615343	0.693878
CBFB_67034659	0.422564	0.469388
CBLB_105682483	0.358183	0.387755
CBLB_105684460	0.358183	0.346939
CBLC_44782751	0.510158	0.551020
CBLC_44786375	0.488933	0.591837
CBLC_44791974	0.499782	0.469388
CBLC_44793853	0.598628	0.632653
CBLL1_107745394	0.374867	0.510204
CBLL1_107745628	0.374867	0.387755
CBLN4_56001243	0.446752	0.346939
CBL_119259740	0.395835	0.428571
CBL_119280335	0.409912	0.306122
CBR3_36139981	0.458431	0.653061
CBR4_169006251	0.349527	0.591837
CBX1_48074828	0.443666	0.551020
CBX2_79780662	0.524250	0.510204
CBX2_79783263	0.561658	0.530612
CBX5_54264269	0.425290	0.612245
CBX5_54275766	0.425290	0.551020
CBX7_39139086	0.557346	0.469388
CBY1_38671941	0.490863	0.387755
CC2D1A_13909188	0.526347	0.489796
CC2D1B_52362914	0.488643	0.408163
CC2D2A_15509863	0.404019	0.244898
CC2D2A_15529174	0.389834	0.530612
CC2D2A_15581961	0.349541	0.306122
CC2D2A_15587583	0.343531	0.428571
CC2D2B_96007606	0.332855	0.387755
CCAR1_68750563	0.385982	0.306122
CCAR1_68756271	0.326087	0.469388
CCAR1_68768107	0.434062	0.387755
CCDC102A_57514005	0.544939	0.510204
CCDC102A_57516150	0.566038	0.571429
CCDC102A_57530569	0.584112	0.469388
CCDC102A_57530745	0.584112	0.571429
CCDC102A_57531861	0.584112	0.530612
CCDC102A_57533137	0.584112	0.632653
CCDC102A_57534599	0.584112	0.530612
CCDC102B_68838549	0.344311	0.387755
CCDC105_15011936	0.513181	0.510204
CCDC105_15021996	0.550999	0.551020
CCDC112_115269885	0.342291	0.244898
CCDC112_115269890	0.342291	0.204082
CCDC113_58259201	0.415789	0.367347
CCDC114_48301283	0.479439	0.408163
CCDC114_48319367	0.587762	0.591837
CCDC120_49059927	0.553639	0.632653
CCDC120_49060939	0.553639	0.510204
CCDC120_49066280	0.509023	0.551020
CCDC125_69304997	0.418427	0.367347
CCDC125_69305595	0.418427	0.510204
CCDC125_69312629	0.500719	0.428571
CCDC127_213723	0.511885	0.510204
CCDC12_46978201	0.595175	0.510204
CCDC136_128794044	0.505208	0.510204
CCDC136_128796348	0.456600	0.469388
CCDC136_128797182	0.456600	0.530612
CCDC136_128797675	0.456600	0.448980
CCDC136_128801184	0.456600	0.530612
CCDC136_128807109	0.510978	0.367347
CCDC137_81668842	0.539797	0.571429
CCDC138_108791428	0.366322	0.306122
CCDC138_108813472	0.356455	0.326531
CCDC13_42730649	0.556378	0.510204
CCDC13_42731116	0.556378	0.571429
CCDC13_42740346	0.513776	0.510204
CCDC146_77171596	0.384624	0.346939
CCDC146_77193316	0.384624	0.346939
CCDC146_77258884	0.443461	0.346939
CCDC146_77275228	0.408880	0.489796
CCDC146_77294458	0.465116	0.510204
CCDC148_158339366	0.396194	0.489796
CCDC14_123949770	0.359178	0.428571
CCDC150_196664245	0.364748	0.448980
CCDC150_196720758	0.335287	0.306122
CCDC150_196723661	0.392899	0.428571
CCDC152_42798930	0.376344	0.448980
CCDC153_119191588	0.486147	0.653061
CCDC155_49392134	0.524655	0.551020
CCDC157_30365171	0.514495	0.530612
CCDC158_76328532	0.338072	0.489796
CCDC15_124956500	0.362188	0.367347
CCDC167_37484635	0.587500	0.571429
CCDC170_151579477	0.408728	0.469388
CCDC171_15659071	0.387901	0.367347
CCDC171_15660683	0.387901	0.346939
CCDC171_15722758	0.337396	0.367347
CCDC171_15728842	0.311507	0.326531
CCDC173_169676933	0.360878	0.551020
CCDC174_14652521	0.418532	0.428571
CCDC178_33396431	0.302035	0.367347
CCDC17_45622382	0.600000	0.612245
CCDC180_97310841	0.547049	0.571429
CCDC180_97320071	0.455606	0.428571
CCDC180_97321819	0.491054	0.551020
CCDC180_97350122	0.558639	0.551020
CCDC180_97370181	0.517921	0.551020
CCDC181_169424200	0.312375	0.346939
CCDC186_114135282	0.320958	0.367347
CCDC18_93220863	0.367478	0.408163
CCDC18_93220867	0.367478	0.408163
CCDC18_93230530	0.355422	0.387755
CCDC18_93259125	0.389166	0.469388
CCDC190_162867554	0.371359	0.367347
CCDC191_114004785	0.416557	0.387755
CCDC191_114009122	0.343107	0.530612
CCDC191_114045663	0.395032	0.530612
CCDC192_127705088	0.382290	0.367347
CCDC25_27737611	0.364884	0.387755
CCDC25_27769854	0.414268	0.408163
CCDC25_27770178	0.414268	0.326531
CCDC25_27770450	0.414268	0.367347
CCDC25_27771555	0.414268	0.346939
CCDC27_3753202	0.566009	0.612245
CCDC27_3757583	0.466743	0.632653
CCDC27_3762848	0.681013	0.714286
CCDC27_3764153	0.464047	0.591837
CCDC27_3771353	0.598810	0.632653
CCDC30_42584058	0.382014	0.571429
CCDC30_42643638	0.402784	0.346939
CCDC33_74271101	0.571517	0.673469
CCDC33_74274972	0.525103	0.632653
CCDC33_74280602	0.560000	0.571429
CCDC33_74332437	0.544863	0.489796
CCDC33_74333488	0.542995	0.571429
CCDC33_74333529	0.542995	0.510204
CCDC33_74333856	0.542995	0.591837
CCDC40_80083332	0.556259	0.632653
CCDC42_8731876	0.456219	0.469388
CCDC47_63756604	0.410315	0.326531
CCDC47_63761571	0.418168	0.632653
CCDC57_82161723	0.524662	0.551020
CCDC57_82175283	0.506681	0.612245
CCDC57_82187466	0.509099	0.530612
CCDC57_82195120	0.527159	0.653061
CCDC57_82199352	0.507223	0.632653
CCDC57_82199698	0.507223	0.673469
CCDC60_119516864	0.447407	0.265306
CCDC60_119520371	0.464312	0.489796
CCDC60_119521802	0.464312	0.591837
CCDC61_45999639	0.521791	0.571429
CCDC61_46000740	0.521791	0.571429
CCDC61_46005332	0.448806	0.408163
CCDC61_46010531	0.489254	0.571429
CCDC62_122794320	0.441273	0.632653
CCDC62_122800119	0.468012	0.571429
CCDC62_122826169	0.454085	0.367347
CCDC65_48917718	0.457118	0.367347
CCDC65_48919204	0.474827	0.530612
CCDC68_54932550	0.398855	0.551020
CCDC69_151186632	0.501190	0.428571
CCDC69_151201730	0.401509	0.326531
CCDC69_151204911	0.401509	0.489796
CCDC77_431762	0.423384	0.448980
CCDC77_432214	0.414274	0.469388
CCDC7_32447166	0.374856	0.408163
CCDC7_32469746	0.366608	0.346939
CCDC80_112631319	0.397138	0.489796
CCDC81_86408082	0.348235	0.306122
CCDC81_86421247	0.453571	0.510204
CCDC82_96373168	0.344211	0.408163
CCDC85C_99515372	0.657277	0.632653
CCDC85C_99516743	0.625468	0.673469
CCDC88A_55343108	0.353338	0.387755
CCDC88B_64353601	0.665138	0.612245
CCDC88C_91301120	0.527824	0.408163
CCDC88C_91311753	0.480763	0.510204
CCDC88C_91342663	0.516300	0.469388
CCDC90B_83275282	0.353074	0.346939
CCDC91_28450736	0.276348	0.346939
CCDC93_117939382	0.473760	0.510204
CCDC93_117944855	0.453537	0.448980
CCDC93_117974574	0.500585	0.571429
CCDC93_117975382	0.440840	0.489796
CCDC93_117975544	0.440840	0.551020
CCDC93_117979079	0.407407	0.551020
CCDC93_118003685	0.423389	0.510204
CCDC93_118012963	0.457602	0.571429
CCDC94_4259824	0.559664	0.612245
CCDC9_47259102	0.561859	0.489796
CCDC9_47269800	0.517709	0.571429
CCER2_38909360	0.530315	0.591837
CCHCR1_31143780	0.483896	0.428571
CCKAR_26489016	0.398920	0.428571
CCL13_34357354	0.502294	0.530612
CCL15_35998643	0.548523	0.551020
CCL15_36001026	0.462465	0.489796
CCL16_35977819	0.535280	0.469388
CCL24_75812804	0.495899	0.612245
CCL7_34270774	0.483954	0.510204
CCL8_34319989	0.450072	0.448980
CCM2L_32014686	0.483367	0.530612
CCNA1_36440976	0.361884	0.346939
CCNB2_59117028	0.385382	0.367347
CCNB3_50284891	0.407843	0.346939
CCNB3_50349810	0.442424	0.510204
CCNB3_50351016	0.442424	0.448980
CCND1_69647028	0.618691	0.693878
CCND1_69647227	0.618691	0.571429
CCND1_69650004	0.596303	0.510204
CCND3_41939675	0.542185	0.591837
CCNF_2438677	0.526444	0.367347
CCNJL_160253923	0.513143	0.591837
CCNJL_160259771	0.484634	0.632653
CCNJL_160259815	0.484634	0.530612
CCNJL_160277362	0.490516	0.551020
CCNY_35529133	0.391895	0.469388
CCNY_35529938	0.391895	0.224490
CCNY_35530509	0.430121	0.346939
CCPG1_55370491	0.390714	0.428571
CCR4_32953140	0.446163	0.469388
CCS_66595599	0.493242	0.673469
CCS_66596868	0.493242	0.489796
CCT5_10251724	0.472560	0.530612
CCT5_10252343	0.472560	0.448980
CCT5_10260360	0.471188	0.510204
CCT6A_56057821	0.449937	0.591837
CCT6B_34946812	0.377972	0.346939
CCT8_29056224	0.373853	0.448980
CCT8_29060780	0.331081	0.387755
CD101_117015814	0.371853	0.367347
CD109_73780230	0.368695	0.306122
CD109_73807559	0.340594	0.448980
CD109_73819362	0.377143	0.428571
CD160_145730718	0.441741	0.469388
CD163L1_7377088	0.349983	0.469388
CD163L1_7378669	0.349983	0.326531
CD163L1_7398092	0.392857	0.346939
CD164L2_27382667	0.648760	0.591837
CD164_109374685	0.379950	0.510204
CD164_109374759	0.379950	0.510204
CD177_43358828	0.546920	0.530612
CD177_43359265	0.546920	0.632653
CD177_43361888	0.687008	0.673469
CD1C_158293069	0.391691	0.428571
CD1D_158180240	0.443598	0.489796
CD1D_158180322	0.443598	0.612245
CD200R1L_112826910	0.378611	0.346939
CD200R1L_112828834	0.349449	0.469388
CD200R1_112930614	0.333542	0.387755
CD200_112343538	0.349673	0.489796
CD209_7743370	0.524249	0.469388
CD244_160832115	0.452796	0.489796
CD247_167432760	0.558340	0.653061
CD276_73708956	0.557070	0.571429
CD276_73709344	0.557070	0.632653
CD276_73709830	0.534948	0.612245
CD28_203729478	0.387886	0.530612
CD28_203734665	0.398922	0.428571
CD2AP_47596108	0.383934	0.306122
CD2_116762599	0.491301	0.367347
CD300C_74544981	0.581395	0.612245
CD300LB_74525505	0.517653	0.632653
CD300LB_74526972	0.492261	0.387755
CD300LD_74580427	0.517586	0.510204
CD300LD_74582640	0.445556	0.612245
CD300LF_74712437	0.450980	0.591837
CD300LG_43850170	0.493280	0.469388
CD300LG_43852689	0.493280	0.591837
CD300LG_43858652	0.548589	0.469388
CD300LG_43860930	0.548589	0.530612
CD33_51233874	0.396818	0.530612
CD34_207895297	0.420912	0.489796
CD34_207899493	0.439394	0.510204
CD36_80486965	0.355191	0.306122
CD37_49339048	0.608142	0.673469
CD38_15818524	0.399393	0.571429
CD38_15822761	0.399393	0.387755
CD3G_118350526	0.452668	0.428571
CD40_46124689	0.478363	0.408163
CD44_35189809	0.416155	0.408163
CD44_35216249	0.428085	0.387755
CD46_207758143	0.358216	0.510204
CD4_6800650	0.445794	0.408163
CD4_6815227	0.544685	0.551020
CD58_116515216	0.475045	0.448980
CD5L_157833019	0.429272	0.551020
CD5_61120118	0.552334	0.571429
CD6_61015905	0.545344	0.673469
CD70_6589086	0.518258	0.530612
CD79A_41878776	0.603362	0.591837
CD80_119535711	0.416863	0.448980
CD80_119538079	0.407657	0.428571
CD82_44600886	0.541537	0.469388
CD82_44603647	0.541537	0.714286
CD84_160550610	0.569937	0.530612
CD86_122111624	0.361732	0.469388
CD86_122112478	0.361732	0.448980
CD8B_86843053	0.462721	0.448980
CD8B_86855230	0.498592	0.489796
CD8B_86857838	0.498592	0.448980
CD99L2_150774654	0.553756	0.551020
CD99L2_150785902	0.421397	0.387755
CD9_6229021	0.509511	0.469388
CDADC1_49258698	0.365967	0.346939
CDADC1_49261304	0.378609	0.489796
CDADC1_49286023	0.405033	0.489796
CDAN1_42732522	0.521802	0.591837
CDA_20612636	0.480005	0.489796
CDA_20617591	0.475835	0.510204
CDC123_12235837	0.408416	0.469388
CDC123_12243975	0.462874	0.489796
CDC14A_100439636	0.381254	0.387755
CDC14A_100440104	0.324020	0.448980
CDC14A_100463191	0.412101	0.428571
CDC14B_96538599	0.407938	0.530612
CDC16_114249488	0.415068	0.408163
CDC20B_55127766	0.368569	0.469388
CDC20B_55133777	0.397200	0.367347
CDC20_43362872	0.457680	0.489796
CDC23_138189375	0.460744	0.571429
CDC23_138207430	0.423089	0.306122
CDC25A_48159238	0.562016	0.551020
CDC25A_48159810	0.492270	0.530612
CDC25B_3798770	0.563048	0.469388
CDC34_536898	0.680060	0.612245
CDC34_539269	0.630398	0.734694
CDC37L1_4699343	0.339608	0.306122
CDC37L1_4700808	0.339608	0.306122
CDC37L1_4703941	0.351331	0.428571
CDC37_10394953	0.549082	0.591837
CDC37_10396535	0.530388	0.428571
CDC40_110194303	0.355531	0.367347
CDC40_110216020	0.410970	0.346939
CDC40_110218452	0.327564	0.224490
CDC42BPA_227018929	0.391017	0.469388
CDC42BPA_227019264	0.391017	0.346939
CDC42BPA_227021472	0.391017	0.367347
CDC42BPA_227121062	0.368117	0.612245
CDC42BPB_102940953	0.533090	0.591837
CDC42BPB_102953585	0.516311	0.591837
CDC42BPB_102957564	0.480777	0.408163
CDC42BPB_102967547	0.444547	0.632653
CDC42BPB_102971453	0.429089	0.571429
CDC42BPB_102971797	0.429089	0.448980
CDC42BPB_103009135	0.516238	0.551020
CDC42BPB_103009159	0.516238	0.591837
CDC42BPG_64838957	0.661538	0.571429
CDC42BPG_64841965	0.630738	0.673469
CDC42SE1_151056441	0.532568	0.510204
CDC42_22074696	0.393918	0.489796
CDC45_19481649	0.447689	0.571429
CDC45_19494906	0.434919	0.591837
CDC45_19500944	0.486473	0.571429
CDC45_19511193	0.420670	0.367347
CDC45_19516184	0.559540	0.632653
CDC5L_44392515	0.362092	0.428571
CDC5L_44403686	0.391015	0.306122
CDC5L_44406136	0.378649	0.591837
CDC5L_44420752	0.386356	0.408163
CDC6_40289007	0.495065	0.571429
CDCA2_25460171	0.407311	0.387755
CDCA4_105015857	0.520027	0.367347
CDCA7L_21902608	0.422400	0.387755
CDCA8_37696864	0.405552	0.448980
CDCA8_37696870	0.405552	0.408163
CDCA8_37700746	0.453734	0.469388
CDCA8_37707722	0.463803	0.510204
CDCP1_45089753	0.462334	0.428571
CDCP1_45090466	0.462334	0.408163
CDCP1_45118127	0.404123	0.489796
CDH11_64993197	0.381219	0.469388
CDH11_65001436	0.387727	0.489796
CDH15_89178456	0.649960	0.448980
CDH15_89184491	0.620270	0.612245
CDH16_66917067	0.468647	0.653061
CDH16_66917743	0.596610	0.551020
CDH16_66917830	0.596610	0.673469
CDH17_94164689	0.446359	0.510204
CDH17_94171379	0.431163	0.428571
CDH1_68803134	0.447167	0.469388
CDH1_68818632	0.449432	0.612245
CDH20_61534230	0.386243	0.448980
CDH22_46195922	0.518557	0.489796
CDH22_46216091	0.519934	0.530612
CDH23_71681521	0.527439	0.489796
CDH23_71725370	0.567141	0.591837
CDH23_71740525	0.565300	0.571429
CDH23_71787853	0.488285	0.326531
CDH23_71800452	0.506958	0.632653
CDH23_71805264	0.476730	0.530612
CDH24_23050707	0.453110	0.571429
CDH24_23053085	0.537246	0.510204
CDH26_59968922	0.408908	0.346939
CDH26_59983228	0.339923	0.448980
CDH26_59985462	0.429617	0.489796
CDH26_59997961	0.439093	0.612245
CDH26_60010035	0.519777	0.612245
CDH26_60010959	0.519777	0.551020
CDH26_60012133	0.519777	0.530612
CDH2_27983321	0.381002	0.530612
CDH2_28102062	0.360653	0.448980
CDH3_68682687	0.471599	0.408163
CDH3_68687263	0.499306	0.510204
CDH3_68688034	0.481547	0.551020
CDH4_61253362	0.704213	0.755102
CDH4_61923902	0.624801	0.551020
CDH5_66387794	0.544861	0.632653
CDH5_66390849	0.524272	0.591837
CDH5_66391025	0.524272	0.387755
CDH5_66398330	0.524355	0.408163
CDH6_31319766	0.384835	0.306122
CDH9_26885277	0.318797	0.285714
CDH9_26890019	0.323404	0.469388
CDHR1_84206376	0.499555	0.571429
CDHR2_176576344	0.592745	0.571429
CDHR2_176576911	0.592745	0.591837
CDHR2_176590828	0.540230	0.653061
CDHR2_176593240	0.568157	0.448980
CDHR2_176593880	0.568157	0.612245
CDHR3_105877353	0.496312	0.734694
CDHR4_49792801	0.592593	0.571429
CDHR5_621747	0.722973	0.714286
CDK10_89695241	0.644144	0.632653
CDK12_39499370	0.450648	0.448980
CDK12_39522229	0.459224	0.612245
CDK13_40091588	0.407366	0.346939
CDK13_40093357	0.382287	0.387755
CDK15_201834836	0.418312	0.346939
CDK15_201891270	0.421829	0.632653
CDK17_96281374	0.380776	0.306122
CDK18_205524828	0.536492	0.469388
CDK19_110617970	0.411682	0.408163
CDK19_110620887	0.411682	0.632653
CDK19_110675430	0.395586	0.571429
CDK20_87972615	0.470998	0.510204
CDK5RAP1_33367898	0.432866	0.428571
CDK5RAP1_33370929	0.414016	0.387755
CDK5RAP2_120400634	0.407668	0.510204
CDK6_92730625	0.372398	0.367347
CDK7_69252150	0.412521	0.265306
CDK8_26402611	0.376662	0.387755
CDK9_127789086	0.583505	0.510204
CDKAL1_20764946	0.365470	0.367347
CDKL1_50333236	0.375704	0.489796
CDKL1_50340381	0.430070	0.428571
CDKL1_50344858	0.432501	0.408163
CDKL2_75597630	0.310714	0.428571
CDKL2_75599649	0.372340	0.387755
CDKL3_134313410	0.394726	0.387755
CDKL4_39189346	0.413873	0.448980
CDKL5_18605710	0.396753	0.408163
CDKL5_18607056	0.396753	0.489796
CDKN2AIPNL_134404653	0.442230	0.244898
CDKN2AIPNL_134408736	0.442230	0.306122
CDKN3_54408517	0.412421	0.428571
CDKN3_54411865	0.408874	0.469388
CDNF_14837155	0.497886	0.469388
CDO1_115815812	0.457730	0.612245
CDON_126001163	0.390436	0.326531
CDON_126001931	0.412482	0.285714
CDPF1_46246331	0.572421	0.612245
CDPF1_46247332	0.587368	0.673469
CDR2L_75001873	0.567944	0.571429
CDR2_22349894	0.408119	0.489796
CDS1_84607464	0.388889	0.632653
CDS1_84634763	0.302115	0.387755
CDS1_84637166	0.413214	0.367347
CDS1_84641754	0.382686	0.510204
CDS2_5176801	0.466441	0.448980
CDS2_5176816	0.466441	0.428571
CDS2_5178815	0.466441	0.408163
CDS2_5180073	0.423032	0.551020
CDSN_31118820	0.488414	0.326531
CDV3_133586859	0.369991	0.551020
CDX4_73454116	0.339385	0.367347
CDYL2_80604646	0.451058	0.612245
CDYL2_80615877	0.497981	0.551020
CEACAM16_44706129	0.524598	0.428571
CEACAM16_44706640	0.524598	0.551020
CEACAM1_42520141	0.496307	0.346939
CEACAM20_44515204	0.457057	0.408163
CEACAM5_41717118	0.515484	0.571429
CEACAM6_41763455	0.442789	0.510204
CEACAM6_41766032	0.442789	0.387755
CEACAM6_41767699	0.420924	0.510204
CEACAM7_41677682	0.401528	0.428571
CEACAM7_41684399	0.514848	0.612245
CEACAM7_41686049	0.514848	0.367347
CEACAM7_41686158	0.514848	0.346939
CEACAM8_42583521	0.399559	0.428571
CEACAM8_42589210	0.545455	0.469388
CEACAM8_42590071	0.483574	0.632653
CEBPZ_37215224	0.343724	0.448980
CEBPZ_37221176	0.433893	0.510204
CEBPZ_37227400	0.394254	0.448980
CECR2_17552365	0.408960	0.306122
CELA2B_15487686	0.476795	0.489796
CELF1_47484754	0.465858	0.612245
CELF1_47485850	0.465858	0.469388
CELF2_11319737	0.485420	0.530612
CELF4_37269939	0.528904	0.469388
CELF5_3292630	0.541780	0.530612
CELSR1_46364979	0.653846	0.612245
CELSR1_46379180	0.565700	0.469388
CELSR1_46388936	0.522929	0.510204
CELSR1_46391870	0.554409	0.653061
CELSR1_46437961	0.531563	0.530612
CELSR2_109256232	0.579730	0.571429
CELSR2_109256501	0.579730	0.530612
CELSR2_109256595	0.579730	0.469388
CELSR2_109261468	0.637097	0.714286
CELSR2_109262655	0.645429	0.571429
CELSR2_109263475	0.670554	0.714286
CELSR3_48639106	0.567661	0.510204
CELSR3_48649471	0.559335	0.632653
CELSR3_48649475	0.559335	0.632653
CELSR3_48656629	0.719880	0.612245
CEL_133068990	0.639594	0.551020
CEMIP_80875520	0.466189	0.489796
CEMIP_80879562	0.422170	0.408163
CEMIP_80881684	0.443384	0.591837
CEMIP_80885125	0.457922	0.448980
CEMIP_80924206	0.512686	0.551020
CEMIP_80924960	0.496183	0.489796
CEMIP_80927689	0.497457	0.591837
CEMIP_80932736	0.538589	0.489796
CEMIP_80937178	0.491189	0.591837
CEMIP_80939576	0.456966	0.306122
CENPE_103123148	0.350411	0.367347
CENPE_103148736	0.395155	0.346939
CENPE_103149538	0.372928	0.367347
CENPE_103177325	0.378983	0.551020
CENPF_214622901	0.374483	0.367347
CENPF_214651938	0.448459	0.326531
CENPF_214659332	0.389084	0.428571
CENPH_69198451	0.422535	0.387755
CENPH_69202406	0.422535	0.346939
CENPI_101102015	0.386899	0.673469
CENPJ_24897317	0.442833	0.326531
CENPJ_24909402	0.384245	0.530612
CENPK_65525882	0.372526	0.489796
CENPK_65560001	0.364027	0.265306
CENPM_41941170	0.522094	0.428571
CENPN_81016061	0.423982	0.489796
CENPN_81025202	0.358329	0.510204
CENPP_92611718	0.522586	0.510204
CENPP_92612850	0.482673	0.571429
CENPQ_49481367	0.439417	0.469388
CENPQ_49482800	0.439417	0.469388
CENPQ_49482899	0.439417	0.530612
CENPS_10435252	0.452263	0.408163
CENPV_16347210	0.443391	0.469388
CENPW_126340607	0.366581	0.448980
CENPW_126341930	0.366581	0.510204
CEP104_3816510	0.534911	0.612245
CEP104_3824766	0.555353	0.632653
CEP104_3826256	0.508946	0.448980
CEP104_3846264	0.419218	0.530612
CEP112_66066197	0.363366	0.510204
CEP120_123371276	0.348852	0.510204
CEP120_123371581	0.348852	0.510204
CEP120_123378118	0.301250	0.306122
CEP120_123386853	0.298186	0.510204
CEP120_123391557	0.326198	0.244898
CEP120_123394518	0.376729	0.571429
CEP120_123418710	0.405503	0.571429
CEP126_101915882	0.371057	0.408163
CEP126_101992911	0.404331	0.285714
CEP126_101994838	0.404331	0.346939
CEP128_80501480	0.369628	0.224490
CEP128_80760724	0.335563	0.489796
CEP128_80941248	0.427451	0.571429
CEP131_81201100	0.557724	0.428571
CEP131_81207598	0.607820	0.571429
CEP131_81209070	0.542047	0.530612
CEP152_48740494	0.364619	0.387755
CEP152_48757255	0.351857	0.428571
CEP152_48758383	0.351857	0.408163
CEP152_48766460	0.371552	0.469388
CEP152_48781118	0.342662	0.346939
CEP152_48791551	0.415638	0.204082
CEP162_84221813	0.387640	0.428571
CEP164_117366317	0.457282	0.469388
CEP164_117375892	0.484861	0.489796
CEP164_117394822	0.582160	0.612245
CEP170B_104876839	0.649123	0.571429
CEP170B_104882558	0.619896	0.571429
CEP170_243159657	0.353602	0.448980
CEP170_243192029	0.342631	0.367347
CEP170_243222182	0.342356	0.224490
CEP192_13005623	0.424123	0.510204
CEP192_13006196	0.424123	0.326531
CEP192_13007177	0.424123	0.489796
CEP192_13018209	0.357830	0.448980
CEP192_13035912	0.431050	0.530612
CEP192_13048544	0.346107	0.346939
CEP192_13069696	0.419065	0.408163
CEP192_13072402	0.377432	0.448980
CEP192_13072563	0.377432	0.367347
CEP192_13091000	0.358591	0.510204
CEP192_13099266	0.523043	0.551020
CEP192_13101294	0.503338	0.469388
CEP192_13102973	0.503338	0.530612
CEP192_13115380	0.422588	0.591837
CEP250_35465711	0.463761	0.469388
CEP250_35472586	0.476008	0.469388
CEP250_35493259	0.462536	0.551020
CEP250_35493308	0.462536	0.489796
CEP250_35496415	0.442418	0.346939
CEP250_35498566	0.457305	0.387755
CEP290_88087259	0.371585	0.265306
CEP290_88100061	0.386091	0.530612
CEP290_88140431	0.368081	0.346939
CEP295_93663995	0.393316	0.387755
CEP295_93672125	0.366034	0.346939
CEP295_93696551	0.295455	0.346939
CEP350_180041466	0.273608	0.408163
CEP350_180054362	0.327083	0.265306
CEP350_180061338	0.351561	0.653061
CEP350_180078364	0.391546	0.326531
CEP41_130410346	0.360985	0.591837
CEP41_130412005	0.341439	0.387755
CEP44_174298964	0.397423	0.428571
CEP44_174312432	0.352553	0.571429
CEP55_93517522	0.447789	0.530612
CEP57L1_109151007	0.365433	0.306122
CEP57_95791116	0.379595	0.571429
CEP57_95828457	0.361519	0.265306
CEP57_95829479	0.332349	0.326531
CEP63_134489806	0.381402	0.510204
CEP63_134539441	0.356018	0.265306
CEP68_65079476	0.485671	0.408163
CEP70_138535680	0.354678	0.469388
CEP72_623484	0.560941	0.591837
CEP72_638494	0.621260	0.612245
CEP72_640994	0.594478	0.612245
CEP72_642701	0.594478	0.571429
CEP72_643668	0.594478	0.673469
CEP72_647115	0.521160	0.632653
CEP72_648222	0.572274	0.551020
CEP76_12682482	0.416160	0.469388
CEP76_12686566	0.398125	0.428571
CEP76_12702182	0.478134	0.428571
CEP78_78236728	0.458906	0.591837
CEP78_78252297	0.324074	0.326531
CEP78_78265685	0.346325	0.428571
CEP83_94401458	0.363803	0.408163
CEP83_94402550	0.363803	0.387755
CEP83_94410620	0.355585	0.285714
CEP85L_118468018	0.386240	0.428571
CEP85L_118492046	0.377213	0.306122
CEP85L_118591198	0.406813	0.551020
CEP85_26256875	0.465627	0.530612
CEP85_26258363	0.441003	0.469388
CEP85_26268360	0.452995	0.612245
CEP85_26268867	0.445388	0.387755
CEP89_32960146	0.444374	0.469388
CEP95_64510875	0.380640	0.448980
CEP95_64514120	0.380640	0.346939
CEP95_64514128	0.380640	0.367347
CEP97_101760076	0.415169	0.428571
CEPT1_111146128	0.392692	0.428571
CERCAM_128426900	0.517765	0.367347
CERKL_181565029	0.353517	0.285714
CERK_46702863	0.535551	0.530612
CERK_46707545	0.535551	0.755102
CERK_46726479	0.525631	0.612245
CERS3_100480248	0.409283	0.387755
CERS3_100483980	0.409283	0.469388
CERS3_100485952	0.391835	0.367347
CERS3_100488041	0.391835	0.448980
CERS4_8257759	0.569288	0.448980
CERS4_8259841	0.552404	0.551020
CERS4_8260591	0.552404	0.448980
CERS5_50137850	0.426273	0.428571
CERS6_168691396	0.391327	0.428571
CES1_55817002	0.440513	0.551020
CES1_55819992	0.521858	0.489796
CES1_55823764	0.488448	0.428571
CES1_55828396	0.423310	0.448980
CES2_66943253	0.547758	0.551020
CES5A_55853094	0.473417	0.448980
CES5A_55853557	0.473417	0.469388
CES5A_55859456	0.445340	0.510204
CES5A_55863994	0.415538	0.551020
CES5A_55873259	0.496375	0.612245
CES5A_55874771	0.479748	0.489796
CETN3_90406491	0.313849	0.469388
CETP_56973783	0.486164	0.530612
CETP_56973901	0.486164	0.530612
CFAP100_126395787	0.579439	0.632653
CFAP100_126416046	0.615637	0.510204
CFAP100_126422525	0.561551	0.632653
CFAP157_127710434	0.533627	0.591837
CFAP206_87411823	0.389685	0.428571
CFAP221_119559631	0.404741	0.367347
CFAP221_119612047	0.432006	0.571429
CFAP221_119627488	0.427189	0.387755
CFAP36_55530311	0.405123	0.489796
CFAP43_104131601	0.291601	0.387755
CFAP43_104132772	0.381588	0.285714
CFAP43_104163267	0.444379	0.285714
CFAP43_104164473	0.424326	0.632653
CFAP43_104179588	0.398363	0.489796
CFAP43_104181309	0.431566	0.510204
CFAP43_104188471	0.418427	0.265306
CFAP43_104207891	0.381396	0.408163
CFAP43_104209750	0.381396	0.346939
CFAP44_113363720	0.307263	0.285714
CFAP44_113379682	0.372680	0.204082
CFAP44_113401489	0.253378	0.346939
CFAP44_113426420	0.416942	0.448980
CFAP45_159879024	0.440958	0.469388
CFAP45_159887275	0.473501	0.428571
CFAP46_132836672	0.667224	0.653061
CFAP46_132867913	0.562288	0.632653
CFAP46_132876988	0.621328	0.448980
CFAP46_132879804	0.658259	0.551020
CFAP46_132894341	0.483107	0.428571
CFAP46_132915690	0.617933	0.591837
CFAP46_132918077	0.595906	0.653061
CFAP46_132918112	0.595906	0.653061
CFAP46_132918147	0.595906	0.653061
CFAP46_132918182	0.595906	0.653061
CFAP46_132918217	0.595906	0.653061
CFAP46_132918252	0.595906	0.653061
CFAP46_132918287	0.595906	0.653061
CFAP46_132918322	0.595906	0.653061
CFAP47_36072476	0.292202	0.326531
CFAP52_9595733	0.407209	0.346939
CFAP52_9605203	0.411846	0.408163
CFAP52_9610084	0.409636	0.510204
CFAP52_9612156	0.409636	0.469388
CFAP52_9632049	0.475781	0.632653
CFAP54_96500749	0.411846	0.367347
CFAP54_96503541	0.408011	0.448980
CFAP54_96530660	0.367575	0.326531
CFAP54_96554380	0.347945	0.408163
CFAP54_96579637	0.340548	0.469388
CFAP54_96702172	0.382018	0.428571
CFAP54_96706437	0.382577	0.408163
CFAP54_96789322	0.361142	0.530612
CFAP57_43183589	0.418966	0.408163
CFAP58_104363595	0.406091	0.469388
CFAP58_104366814	0.379039	0.326531
CFAP58_104370596	0.371465	0.551020
CFAP58_104373924	0.379951	0.387755
CFAP58_104378170	0.382456	0.428571
CFAP58_104448043	0.408344	0.448980
CFAP65_219003646	0.537555	0.653061
CFAP65_219017936	0.525969	0.530612
CFAP65_219021046	0.486034	0.673469
CFAP69_90274790	0.371371	0.387755
CFAP70_73324460	0.409209	0.530612
CFAP70_73336207	0.458631	0.346939
CFAP70_73340085	0.458631	0.510204
CFAP70_73352578	0.402861	0.448980
CFAP73_113153929	0.543284	0.428571
CFAP77_132499260	0.630849	0.612245
CFAP97_185182709	0.398268	0.448980
CFB_31948652	0.507886	0.571429
CFD_861506	0.715729	0.653061
CFHR3_196786609	0.393351	0.551020
CFI_109766200	0.437466	0.428571
CFP_47627833	0.589130	0.612245
CFP_47627971	0.589130	0.612245
CFTR_117532398	0.323315	0.326531
CFTR_117612275	0.330956	0.346939
CGNL1_57443471	0.398404	0.489796
CGNL1_57452475	0.419957	0.285714
CGNL1_57461575	0.419667	0.591837
CGNL1_57519236	0.451212	0.489796
CGNL1_57523281	0.451212	0.408163
CGNL1_57524327	0.494143	0.571429
CGN_151519779	0.426908	0.428571
CGN_151519817	0.426908	0.306122
CGREF1_27115672	0.475601	0.489796
CGRRF1_54537902	0.287554	0.265306
CH17-351M24.1_79602363	0.525504	0.367347
CHAC2_53771731	0.390991	0.387755
CHAF1A_4403253	0.475299	0.653061
CHAF1A_4406250	0.486735	0.571429
CHAF1A_4420237	0.492760	0.469388
CHAF1A_4432897	0.560325	0.612245
CHAF1B_36408540	0.441530	0.612245
CHAF1B_36408557	0.441530	0.551020
CHAT_49615068	0.588351	0.530612
CHAT_49622818	0.509031	0.469388
CHAT_49653407	0.535946	0.551020
CHAT_49662526	0.437187	0.591837
CHCHD3_133031783	0.386057	0.265306
CHCHD6_126728768	0.465323	0.367347
CHCHD6_126958048	0.592284	0.632653
CHD1L_147271979	0.406867	0.265306
CHD1L_147282182	0.377735	0.551020
CHD1L_147286176	0.403704	0.306122
CHD1L_147291313	0.443703	0.428571
CHD1_98891550	0.360316	0.591837
CHD1_98897670	0.304813	0.346939
CHD2_92937784	0.358094	0.489796
CHD2_92942112	0.315671	0.408163
CHD2_92985759	0.386246	0.510204
CHD2_92994085	0.362052	0.448980
CHD2_93008491	0.405873	0.530612
CHD2_93012050	0.402516	0.428571
CHD2_93019011	0.405723	0.346939
CHD2_93023486	0.407732	0.428571
CHD3_7890500	0.484887	0.367347
CHD3_7906820	0.573099	0.591837
CHD5_6122009	0.524010	0.571429
CHD5_6131970	0.529214	0.571429
CHD5_6142970	0.564503	0.408163
CHD5_6147739	0.612008	0.612245
CHD5_6154340	0.590203	0.714286
CHD5_6168481	0.585155	0.571429
CHD6_41406082	0.481815	0.408163
CHD6_41408493	0.481815	0.428571
CHD6_41448254	0.422999	0.489796
CHD6_41453953	0.468806	0.448980
CHD6_41490109	0.381265	0.326531
CHD6_41492033	0.400466	0.326531
CHD6_41495962	0.384123	0.571429
CHD7_60796283	0.357034	0.265306
CHD7_60808020	0.376265	0.632653
CHD7_60833637	0.393631	0.367347
CHD7_60857673	0.417684	0.632653
CHD7_60859837	0.417684	0.367347
CHD8_21386490	0.425786	0.408163
CHD9_53110272	0.434843	0.387755
CHD9_53254284	0.344315	0.367347
CHD9_53271978	0.353155	0.285714
CHD9_53299843	0.390794	0.408163
CHD9_53319223	0.329670	0.346939
CHDH_53820160	0.543179	0.612245
CHDH_53820232	0.543179	0.693878
CHEK1_125629060	0.338199	0.448980
CHEK1_125638617	0.393469	0.510204
CHEK1_125651740	0.383322	0.469388
CHEK2_28693365	0.473630	0.428571
CHERP_16522582	0.617037	0.632653
CHERP_16527251	0.574521	0.632653
CHERP_16531456	0.634828	0.673469
CHERP_16535742	0.543398	0.673469
CHERP_16536008	0.543398	0.632653
CHFR_132846019	0.494154	0.551020
CHFR_132850483	0.501556	0.591837
CHGA_92929538	0.528599	0.673469
CHGA_92929986	0.522315	0.571429
CHGA_92930403	0.522315	0.612245
CHGB_5924849	0.440873	0.448980
CHI3L1_203183544	0.540609	0.571429
CHI3L1_203184075	0.536990	0.469388
CHI3L2_111241668	0.453384	0.346939
CHIA_111311406	0.372074	0.367347
CHID1_897651	0.632474	0.653061
CHID1_909188	0.552325	0.755102
CHIT1_203222459	0.517923	0.612245
CHIT1_203227531	0.515026	0.489796
CHIT1_203228147	0.515026	0.489796
CHKA_68056876	0.464390	0.408163
CHKA_68069228	0.480416	0.551020
CHKA_68081225	0.455652	0.551020
CHKA_68094820	0.392777	0.346939
CHL1_325793	0.325070	0.387755
CHL1_382955	0.285839	0.224490
CHMP1A_89646240	0.610478	0.510204
CHMP1A_89655488	0.565063	0.551020
CHMP4A_24212169	0.517416	0.591837
CHMP4B_33848282	0.457536	0.346939
CHMP5_33267761	0.437284	0.428571
CHMP5_33276778	0.437339	0.530612
CHMP5_33279050	0.431669	0.632653
CHMP6_80992551	0.632936	0.775510
CHMP6_80996526	0.578526	0.530612
CHMP7_23257400	0.493398	0.530612
CHMP7_23259660	0.510324	0.530612
CHN1_174806993	0.405527	0.285714
CHN1_174811764	0.327778	0.387755
CHN1_174812041	0.327778	0.367347
CHN1_174918716	0.372654	0.530612
CHN1_174946479	0.351801	0.367347
CHN2_29496390	0.384595	0.346939
CHN2_29511167	0.441558	0.306122
CHORDC1_90214906	0.297595	0.326531
CHP1_41275857	0.459867	0.591837
CHP1_41276981	0.459867	0.489796
CHPF_219542697	0.518841	0.448980
CHPT1_101723027	0.352901	0.428571
CHRDL2_74702369	0.496077	0.489796
CHRDL2_74703721	0.543611	0.530612
CHRDL2_74706859	0.549744	0.510204
CHRDL2_74707370	0.549744	0.632653
CHRDL2_74707604	0.549744	0.571429
CHRDL2_74713040	0.530911	0.551020
CHRD_184385859	0.479554	0.530612
CHRFAM7A_30383701	0.389368	0.367347
CHRNA1_174748429	0.441358	0.387755
CHRNA1_174759834	0.420305	0.612245
CHRNA1_174760989	0.420305	0.530612
CHRNA2_27462150	0.590686	0.632653
CHRNA4_63359950	0.668345	0.734694
CHRNA5_78582860	0.400563	0.591837
CHRNA9_40336457	0.404204	0.306122
CHRNB4_78633603	0.491963	0.448980
CHRNB4_78634897	0.491963	0.489796
CHRNG_232542190	0.591265	0.714286
CHRNG_232543207	0.630208	0.632653
CHST10_100394011	0.499421	0.469388
CHST10_100395685	0.511557	0.489796
CHST10_100395696	0.511557	0.530612
CHST10_100409323	0.467059	0.408163
CHST13_126538793	0.535601	0.551020
CHST13_126541265	0.535601	0.428571
CHST15_124040407	0.446404	0.510204
CHST5_75532529	0.542818	0.551020
CHSY1_101205712	0.428299	0.551020
CHSY3_129907393	0.428630	0.408163
CHTF18_795887	0.651786	0.612245
CHUK_100227919	0.419355	0.387755
CHUK_100228844	0.419355	0.530612
CHURC1_64926693	0.399703	0.346939
CIB2_78130478	0.547205	0.530612
CIB3_16171365	0.522515	0.530612
CIDEA_12261016	0.476995	0.530612
CIDEC_9872009	0.441050	0.408163
CIITA_10898851	0.520833	0.571429
CIITA_10904363	0.481132	0.612245
CIITA_10922001	0.485714	0.489796
CIITA_10922387	0.647436	0.632653
CILP_65202233	0.495495	0.591837
CILP_65208676	0.459067	0.591837
CIT_119696874	0.455441	0.489796
CIT_119704743	0.441579	0.591837
CIT_119726533	0.420732	0.265306
CIT_119754793	0.463010	0.469388
CIT_119761432	0.407395	0.387755
CIT_119777841	0.421850	0.387755
CIT_119781998	0.421850	0.489796
CIT_119833367	0.414414	0.448980
CIT_119870821	0.443604	0.306122
CIT_119872327	0.443604	0.428571
CIT_119874097	0.443604	0.510204
CIZ1_128183462	0.507608	0.591837
CIZ1_128185776	0.489933	0.551020
CIZ1_128190516	0.572016	0.571429
CKAP2L_112743342	0.389589	0.448980
CKAP2L_112744851	0.389589	0.367347
CKAP2L_112750224	0.377438	0.489796
CKAP2L_112755005	0.420046	0.448980
CKAP2L_112755278	0.420046	0.387755
CKAP2_52464781	0.363036	0.346939
CKAP4_106242738	0.473144	0.530612
CKAP4_106244359	0.473144	0.448980
CKLF_66564314	0.404423	0.306122
CKMT2_81264284	0.352102	0.387755
CKMT2_81264474	0.352102	0.408163
CKS1B_154976167	0.449403	0.469388
CKS2_89314941	0.404400	0.367347
CLASP1_121365888	0.467651	0.489796
CLASP1_121398132	0.387283	0.326531
CLASP1_121448643	0.347687	0.469388
CLASP1_121454400	0.407915	0.612245
CLASP1_121454411	0.407915	0.551020
CLASP1_121527108	0.394036	0.326531
CLASP1_121529017	0.450205	0.510204
CLASP2_33543683	0.325561	0.326531
CLASRP_45052293	0.577170	0.551020
CLASRP_45060170	0.556641	0.408163
CLCA1_86475523	0.396344	0.367347
CLCA1_86484195	0.391554	0.408163
CLCA1_86485177	0.391554	0.367347
CLCC1_108936730	0.420806	0.530612
CLCN1_143320847	0.576450	0.510204
CLCN2_184349779	0.482068	0.489796
CLCN4_10168039	0.482735	0.448980
CLCN4_10194122	0.445587	0.571429
CLCN5_50076307	0.405118	0.428571
CLCN5_50087535	0.397920	0.346939
CLCN5_50088306	0.397920	0.448980
CLCN6_11816362	0.411095	0.448980
CLCN6_11819486	0.425721	0.448980
CLCN6_11823648	0.496133	0.510204
CLCN6_11833875	0.571429	0.571429
CLCN7_1452893	0.590426	0.591837
CLCN7_1471606	0.536663	0.510204
CLCNKB_16054492	0.513237	0.367347
CLDN11_170419701	0.503359	0.571429
CLDN11_170419798	0.503359	0.714286
CLDN19_42737544	0.581893	0.653061
CLDN6_3019601	0.523432	0.653061
CLEC10A_7078438	0.572785	0.469388
CLEC16A_10968566	0.490718	0.469388
CLEC16A_10979089	0.509590	0.510204
CLEC16A_10981230	0.458083	0.408163
CLEC16A_10981325	0.458083	0.408163
CLEC16A_11022539	0.459844	0.367347
CLEC16A_11024036	0.459844	0.469388
CLEC19A_19299391	0.434233	0.428571
CLEC1A_10074020	0.346558	0.326531
CLEC1A_10080676	0.373947	0.448980
CLEC20A_178488192	0.517056	0.673469
CLEC20A_178490990	0.507029	0.571429
CLEC2D_9681973	0.389342	0.346939
CLEC2L_139541803	0.499022	0.612245
CLEC3A_78029014	0.431738	0.428571
CLEC3B_45030768	0.505855	0.551020
CLEC4A_8126715	0.416062	0.346939
CLEC4A_8128187	0.416062	0.367347
CLEC4C_7743920	0.445718	0.551020
CLEC4C_7744057	0.445718	0.530612
CLEC4D_8520054	0.373709	0.428571
CLEC4F_70809423	0.525281	0.510204
CLEC4F_70812972	0.466863	0.448980
CLEC5A_141934413	0.416353	0.428571
CLEC6A_8459511	0.346178	0.489796
CLEC9A_10062918	0.335205	0.448980
CLHC1_55227934	0.494402	0.408163
CLHC1_55231475	0.443753	0.265306
CLIC1_31735871	0.554555	0.510204
CLINT1_157803862	0.374651	0.428571
CLIP1_122293727	0.426956	0.632653
CLIP1_122317443	0.413300	0.632653
CLIP1_122336444	0.422118	0.285714
CLIP1_122361414	0.426633	0.428571
CLIP1_122363529	0.426633	0.489796
CLIP1_122364282	0.437919	0.428571
CLIP2_74290666	0.526689	0.653061
CLIP2_74355191	0.518087	0.551020
CLIP2_74356408	0.518087	0.571429
CLIP2_74357103	0.510671	0.571429
CLIP2_74377634	0.525985	0.469388
CLIP2_74387678	0.536829	0.530612
CLIP2_74397355	0.558355	0.489796
CLIP2_74397512	0.558355	0.530612
CLIP3_36021483	0.492042	0.448980
CLIP4_29145086	0.384914	0.326531
CLIP4_29168054	0.352313	0.510204
CLK2_155271130	0.487629	0.448980
CLMN_95193415	0.456994	0.469388
CLMN_95194930	0.496055	0.510204
CLMN_95195273	0.496055	0.571429
CLMN_95196209	0.496055	0.591837
CLMN_95197448	0.478594	0.510204
CLMN_95200546	0.478594	0.591837
CLMN_95210879	0.456605	0.612245
CLMN_95215887	0.482793	0.489796
CLN3_28478490	0.490182	0.591837
CLN6_68209759	0.630738	0.510204
CLN8_1769904	0.504967	0.510204
CLN8_1773236	0.449491	0.612245
CLN8_1773363	0.449491	0.632653
CLN8_1777350	0.449491	0.551020
CLNS1A_77626020	0.430527	0.632653
CLNS1A_77627830	0.430527	0.326531
CLOCK_55436084	0.371046	0.489796
CLOCK_55438617	0.349512	0.367347
CLOCK_55448967	0.309298	0.285714
CLOCK_55466173	0.368688	0.448980
CLPB_72295723	0.510075	0.612245
CLPB_72303131	0.465567	0.448980
CLPB_72307575	0.510220	0.530612
CLPB_72307701	0.510220	0.591837
CLPB_72315630	0.490413	0.448980
CLPB_72375560	0.440270	0.510204
CLPB_72387603	0.431248	0.408163
CLPB_72430909	0.480852	0.551020
CLPTM1L_1321844	0.574267	0.653061
CLPTM1L_1321892	0.574267	0.653061
CLPTM1L_1322205	0.574267	0.714286
CLPTM1L_1329451	0.554112	0.653061
CLPTM1L_1331913	0.517256	0.489796
CLPTM1L_1341988	0.501205	0.469388
CLPTM1L_1342157	0.501205	0.591837
CLPTM1_44957518	0.518245	0.530612
CLPTM1_44959941	0.518245	0.551020
CLPTM1_44979899	0.508960	0.571429
CLPTM1_44985095	0.508960	0.530612
CLPTM1_44991937	0.579744	0.510204
CLPX_65166879	0.427395	0.428571
CLRN3_127882414	0.487204	0.551020
CLSPN_35749392	0.399072	0.306122
CLSPN_35761789	0.369483	0.326531
CLSPN_35763477	0.369703	0.367347
CLSPN_35768521	0.446903	0.632653
CLSTN1_9736272	0.507904	0.612245
CLSTN1_9751274	0.441950	0.489796
CLSTN1_9756695	0.483861	0.346939
CLSTN2_140465205	0.427924	0.448980
CLSTN2_140563817	0.434610	0.469388
CLSTN3_7133488	0.544601	0.653061
CLSTN3_7143681	0.473852	0.510204
CLTA_36202551	0.411185	0.428571
CLTB_176395395	0.545429	0.632653
CLTB_176398256	0.515276	0.551020
CLTB_176411306	0.520858	0.428571
CLTB_176412392	0.520858	0.612245
CLTCL1_19203364	0.487237	0.551020
CLTCL1_19209492	0.508671	0.530612
CLTCL1_19213626	0.415819	0.469388
CLTCL1_19215589	0.415819	0.591837
CLTCL1_19226515	0.440069	0.591837
CLTCL1_19228199	0.440069	0.428571
CLTCL1_19234706	0.442872	0.448980
CLTC_59645817	0.356898	0.326531
CLTC_59647335	0.356898	0.367347
CLTC_59682627	0.330000	0.387755
CLUAP1_3530369	0.374724	0.244898
CLUH_2693633	0.598653	0.632653
CLUH_2693702	0.598653	0.653061
CLUH_2696942	0.605456	0.551020
CLUL1_619027	0.384268	0.591837
CLU_27600751	0.480495	0.530612
CLU_27606922	0.461252	0.510204
CMAS_22054776	0.401048	0.510204
CMIP_81652161	0.512885	0.448980
CMIP_81652491	0.506285	0.632653
CMIP_81654685	0.506285	0.408163
CMIP_81655637	0.506285	0.653061
CMIP_81658153	0.473427	0.489796
CMIP_81658372	0.473427	0.387755
CMIP_81658818	0.473427	0.551020
CMIP_81698837	0.536294	0.469388
CMIP_81700983	0.583423	0.530612
CMIP_81701406	0.583423	0.632653
CMIP_81706023	0.578424	0.612245
CMIP_81707855	0.556933	0.612245
CMPK2_6862360	0.460058	0.448980
CMSS1_100165160	0.365710	0.428571
CMTM3_66607002	0.604589	0.551020
CMTM4_66622591	0.485182	0.326531
CMTM6_32498829	0.401921	0.571429
CMTM8_32367819	0.455593	0.571429
CMTR1_37462459	0.476584	0.489796
CMTR1_37476528	0.505369	0.387755
CMTR1_37476808	0.505369	0.448980
CMTR1_37478626	0.566400	0.632653
CMYA5_79790781	0.463807	0.612245
CNBD2_35971774	0.425688	0.326531
CNBD2_35986985	0.487385	0.551020
CNBD2_35987229	0.487385	0.571429
CNBD2_35987257	0.487385	0.551020
CNBD2_36010279	0.493614	0.469388
CNDP1_74564854	0.450265	0.265306
CNDP1_74571013	0.472015	0.510204
CNDP2_74512263	0.503487	0.448980
CNDP2_74516164	0.542265	0.612245
CNGA3_98390742	0.557683	0.591837
CNGA3_98392670	0.465014	0.571429
CNGB1_57886549	0.503974	0.428571
CNGB1_57899841	0.505674	0.612245
CNGB1_57900526	0.505674	0.571429
CNGB1_57900882	0.505674	0.387755
CNGB1_57901701	0.510474	0.591837
CNGB1_57901795	0.510474	0.571429
CNGB1_57911037	0.519703	0.551020
CNGB1_57914220	0.475155	0.551020
CNGB1_57919483	0.496466	0.510204
CNGB1_57920712	0.508798	0.448980
CNGB1_57922943	0.508798	0.591837
CNGB1_57940133	0.613105	0.571429
CNGB1_57960260	0.627404	0.571429
CNGB1_57964697	0.450252	0.510204
CNGB1_57966237	0.450252	0.530612
CNGB1_57969717	0.484462	0.367347
CNGB3_86652251	0.338341	0.469388
CNGB3_86668754	0.372973	0.469388
CNIH1_54428220	0.400992	0.367347
CNIH1_54431680	0.384615	0.387755
CNIH1_54437702	0.422541	0.387755
CNIH2_66280555	0.593658	0.612245
CNIH4_224375138	0.420956	0.469388
CNKSR1_26183549	0.608280	0.591837
CNKSR3_154417292	0.443207	0.469388
CNKSR3_154424716	0.413103	0.571429
CNKSR3_154435894	0.420349	0.428571
CNKSR3_154441209	0.420349	0.408163
CNN1_11544883	0.513237	0.428571
CNN2_1030277	0.624482	0.653061
CNN3_94898663	0.361305	0.428571
CNNM1_99362030	0.406875	0.571429
CNNM1_99362111	0.406875	0.632653
CNNM1_99387669	0.445807	0.612245
CNNM1_99387673	0.445807	0.612245
CNNM1_99390882	0.471331	0.408163
CNNM2_103050793	0.462483	0.510204
CNNM2_103052816	0.462483	0.489796
CNNM2_103056633	0.417096	0.469388
CNNM2_103072295	0.491757	0.469388
CNNM3_96820622	0.501125	0.591837
CNNM3_96823426	0.501125	0.653061
CNNM4_96802362	0.500000	0.653061
CNNM4_96808491	0.500000	0.591837
CNOT10_32712282	0.400363	0.469388
CNOT10_32763289	0.445003	0.489796
CNOT1_58526458	0.430223	0.448980
CNOT1_58584042	0.419954	0.591837
CNOT2_70340130	0.383678	0.469388
CNOT3_54143117	0.556522	0.571429
CNOT3_54146918	0.585906	0.632653
CNOT3_54152141	0.550061	0.673469
CNOT4_135417763	0.367474	0.469388
CNOT4_135437589	0.367628	0.408163
CNOT6L_77722044	0.368640	0.387755
CNOT6L_77723199	0.368640	0.265306
CNOT6L_77776150	0.344916	0.326531
CNOT6_180573868	0.447358	0.408163
CNOT8_154875058	0.457165	0.591837
CNPPD1_219173972	0.480826	0.387755
CNPY1_155505225	0.362289	0.510204
CNPY3_42930503	0.479697	0.408163
CNPY3_42930760	0.479697	0.428571
CNP_41973303	0.555787	0.591837
CNST_246636311	0.455244	0.632653
CNST_246636464	0.455244	0.530612
CNST_246637439	0.455244	0.469388
CNST_246637920	0.455244	0.448980
CNST_246638067	0.455244	0.530612
CNST_246638511	0.455244	0.489796
CNST_246640409	0.455244	0.367347
CNTD2_40224025	0.499469	0.632653
CNTD2_40224970	0.541907	0.530612
CNTD2_40225010	0.541907	0.653061
CNTFR_34552404	0.595930	0.530612
CNTLN_17333953	0.345232	0.367347
CNTN1_40937236	0.412651	0.469388
CNTN1_40937395	0.412651	0.448980
CNTN1_40939004	0.370370	0.591837
CNTN2_205064014	0.460616	0.469388
CNTN3_74266676	0.349026	0.265306
CNTN3_74296570	0.405147	0.367347
CNTN3_74363006	0.351608	0.326531
CNTN3_74365782	0.327596	0.224490
CNTN4_2883727	0.381857	0.448980
CNTN5_100192903	0.325425	0.306122
CNTN6_1221051	0.352513	0.510204
CNTN6_1402836	0.334537	0.408163
CNTN6_1403155	0.334537	0.367347
CNTNAP1_42683687	0.610390	0.551020
CNTNAP1_42692406	0.536489	0.448980
CNTNAP4_76456921	0.369366	0.346939
CNTNAP4_76476626	0.356063	0.489796
CNTNAP4_76556848	0.325404	0.428571
CNTRL_121121614	0.377922	0.448980
CNTRL_121125289	0.403433	0.591837
CNTRL_121138270	0.398517	0.530612
CNTRL_121168452	0.423584	0.489796
CNTROB_7940062	0.445087	0.326531
COA1_43643231	0.455336	0.571429
COA1_43643369	0.455336	0.530612
COA1_43644895	0.455336	0.571429
COA1_43653599	0.408645	0.428571
COA7_52697880	0.477676	0.510204
COASY_42565195	0.558659	0.591837
COBLL1_164688778	0.347447	0.469388
COBLL1_164699183	0.319787	0.448980
COBLL1_164704879	0.309469	0.285714
COBLL1_164729177	0.266900	0.244898
COBL_51024894	0.489125	0.591837
COBL_51081344	0.433535	0.551020
COBL_51266381	0.449735	0.551020
COG2_230678776	0.358501	0.367347
COG2_230685865	0.367491	0.530612
COG3_45494987	0.404503	0.571429
COG3_45512768	0.367304	0.387755
COG3_45518082	0.355084	0.428571
COG3_45518426	0.355084	0.265306
COG3_45518640	0.355084	0.489796
COG3_45530244	0.372215	0.367347
COG3_45534246	0.412140	0.448980
COG4_70497608	0.479053	0.510204
COG4_70506838	0.471425	0.367347
COG4_70512540	0.416930	0.387755
COG4_70513659	0.416930	0.387755
COG4_70517844	0.468553	0.408163
COG5_107207635	0.439159	0.530612
COG7_23389244	0.530216	0.551020
COG7_23398161	0.463515	0.551020
COG7_23399818	0.463515	0.285714
COG7_23420390	0.426617	0.408163
COG7_23442188	0.433230	0.408163
COL11A1_102879077	0.321028	0.265306
COL11A1_102912760	0.326545	0.448980
COL11A1_102914603	0.322148	0.367347
COL11A1_102939416	0.322294	0.367347
COL11A1_102939421	0.322294	0.428571
COL11A1_103029825	0.298557	0.326531
COL11A2_33163895	0.595982	0.632653
COL11A2_33189644	0.546672	0.551020
COL12A1_75105366	0.380107	0.530612
COL12A1_75116592	0.365559	0.551020
COL12A1_75123687	0.384899	0.428571
COL12A1_75126501	0.336986	0.428571
COL12A1_75145707	0.400929	0.551020
COL12A1_75203604	0.476094	0.387755
COL12A1_75205012	0.476094	0.693878
COL13A1_69887734	0.528325	0.571429
COL13A1_69926563	0.531301	0.448980
COL13A1_69949526	0.473371	0.428571
COL14A1_120211902	0.333071	0.428571
COL14A1_120265055	0.369885	0.387755
COL14A1_120285620	0.372719	0.448980
COL14A1_120300551	0.358256	0.346939
COL14A1_120311632	0.406823	0.367347
COL14A1_120315680	0.414566	0.367347
COL14A1_120342750	0.385246	0.387755
COL15A1_98997877	0.467394	0.489796
COL15A1_99004408	0.551145	0.530612
COL15A1_99015864	0.537897	0.510204
COL15A1_99015939	0.537897	0.591837
COL15A1_99037796	0.456187	0.510204
COL15A1_99055698	0.453213	0.387755
COL16A1_31664365	0.584958	0.551020
COL16A1_31669307	0.572165	0.510204
COL16A1_31671867	0.527778	0.428571
COL16A1_31685068	0.529412	0.408163
COL16A1_31693642	0.529828	0.530612
COL16A1_31700758	0.554115	0.408163
COL16A1_31701386	0.554115	0.632653
COL17A1_104034504	0.583916	0.632653
COL17A1_104041605	0.550511	0.571429
COL17A1_104042320	0.550511	0.448980
COL17A1_104047075	0.546114	0.551020
COL17A1_104050185	0.524194	0.571429
COL17A1_104055634	0.497368	0.551020
COL17A1_104071688	0.470588	0.510204
COL17A1_104074714	0.466892	0.551020
COL18A1_45469229	0.591425	0.734694
COL18A1_45475753	0.652761	0.571429
COL18A1_45483803	0.557564	0.591837
COL18A1_45497374	0.658103	0.673469
COL19A1_69935446	0.317266	0.428571
COL19A1_70174675	0.376944	0.448980
COL1A1_50191625	0.609428	0.489796
COL1A2_94426293	0.326146	0.448980
COL1A2_94426388	0.326146	0.346939
COL20A1_63305191	0.467685	0.510204
COL22A1_138590139	0.386788	0.428571
COL22A1_138605925	0.483551	0.469388
COL22A1_138680708	0.437447	0.571429
COL22A1_138701624	0.427713	0.469388
COL22A1_138752021	0.425789	0.632653
COL22A1_138762189	0.463059	0.387755
COL22A1_138776665	0.492741	0.448980
COL22A1_138778521	0.433757	0.571429
COL22A1_138809113	0.441545	0.367347
COL22A1_138812184	0.583088	0.510204
COL22A1_138822643	0.451582	0.571429
COL23A1_178247884	0.627778	0.673469
COL23A1_178250243	0.458573	0.612245
COL23A1_178253713	0.572097	0.632653
COL23A1_178257151	0.639731	0.653061
COL24A1_85732125	0.363905	0.387755
COL24A1_85745295	0.285479	0.265306
COL24A1_85964205	0.329206	0.244898
COL24A1_86027527	0.384104	0.551020
COL25A1_108860100	0.378877	0.367347
COL25A1_108897067	0.366093	0.469388
COL25A1_108940249	0.347681	0.408163
COL26A1_101546921	0.582583	0.346939
COL26A1_101548533	0.563956	0.530612
COL26A1_101549351	0.552017	0.448980
COL26A1_101550879	0.552017	0.551020
COL27A1_114169821	0.526226	0.530612
COL27A1_114177248	0.526226	0.510204
COL27A1_114208373	0.548549	0.551020
COL27A1_114215870	0.518371	0.591837
COL27A1_114222929	0.519691	0.469388
COL27A1_114223453	0.519691	0.653061
COL27A1_114234294	0.519025	0.204082
COL27A1_114236006	0.570030	0.489796
COL27A1_114240137	0.522764	0.591837
COL27A1_114269749	0.524075	0.571429
COL28A1_7359746	0.334596	0.306122
COL28A1_7535065	0.340501	0.367347
COL2A1_47977791	0.595506	0.489796
COL2A1_47977868	0.595506	0.591837
COL2A1_47987939	0.559289	0.551020
COL2A1_47988518	0.559289	0.551020
COL2A1_47993019	0.450570	0.612245
COL2A1_47994603	0.489060	0.591837
COL2A1_48003828	0.542447	0.469388
COL3A1_188996029	0.299401	0.326531
COL3A1_188998839	0.303887	0.326531
COL3A1_189010107	0.276151	0.285714
COL4A1_110174954	0.461538	0.510204
COL4A1_110182540	0.545228	0.489796
COL4A1_110192941	0.477477	0.408163
COL4A1_110202595	0.421929	0.530612
COL4A2_110431022	0.478742	0.489796
COL4A2_110434717	0.395947	0.510204
COL4A2_110468872	0.529717	0.530612
COL4A2_110469594	0.492508	0.489796
COL4A2_110476373	0.481451	0.489796
COL4A2_110485307	0.567783	0.612245
COL4A2_110486023	0.495843	0.591837
COL4A2_110506239	0.553488	0.612245
COL4A2_110506705	0.539910	0.612245
COL4A2_110510945	0.464170	0.469388
COL4A3BP_75380088	0.406133	0.285714
COL4A3BP_75408993	0.371227	0.285714
COL4A3BP_75419194	0.337234	0.326531
COL4A3_227301995	0.401148	0.346939
COL4A3_227302793	0.401148	0.387755
COL4A4_227009510	0.465637	0.551020
COL4A4_227011527	0.454437	0.469388
COL4A4_227085971	0.435731	0.387755
COL4A4_227090042	0.378930	0.489796
COL4A4_227095108	0.386921	0.306122
COL4A4_227095749	0.386921	0.428571
COL4A4_227107700	0.401943	0.428571
COL4A5_108571176	0.327673	0.265306
COL4A5_108595338	0.362836	0.387755
COL4A5_108599371	0.345757	0.244898
COL4A5_108680294	0.367488	0.387755
COL4A6_108161832	0.513841	0.510204
COL4A6_108162534	0.513841	0.448980
COL4A6_108188233	0.378323	0.306122
COL4A6_108199435	0.405640	0.448980
COL4A6_108204518	0.425926	0.428571
COL4A6_108220004	0.462926	0.387755
COL5A1_134756551	0.552092	0.612245
COL5A1_134757190	0.588483	0.591837
COL5A1_134766647	0.582834	0.612245
COL5A1_134768360	0.535545	0.653061
COL5A1_134768819	0.517568	0.510204
COL5A1_134779602	0.556947	0.530612
COL5A1_134784536	0.570988	0.673469
COL5A1_134788998	0.521249	0.530612
COL5A1_134789010	0.521249	0.571429
COL5A1_134789400	0.533458	0.612245
COL5A1_134791898	0.533458	0.571429
COL5A1_134801313	0.529782	0.571429
COL5A1_134802486	0.597727	0.530612
COL5A1_134806097	0.624230	0.571429
COL5A1_134806901	0.518711	0.551020
COL5A1_134814701	0.601316	0.530612
COL5A2_189071115	0.347702	0.428571
COL5A3_10009222	0.573291	0.510204
COL5A3_10009407	0.573291	0.775510
COL6A2_46120771	0.648033	0.673469
COL6A2_46126769	0.636179	0.632653
COL6A2_46126913	0.636179	0.612245
COL6A2_46130008	0.636179	0.693878
COL6A3_237344888	0.422680	0.408163
COL6A3_237352338	0.431151	0.428571
COL6A3_237359526	0.572246	0.428571
COL6A3_237359737	0.572246	0.571429
COL6A3_237373420	0.504339	0.408163
COL6A3_237376559	0.444318	0.428571
COL6A3_237395355	0.404074	0.530612
COL6A5_130378804	0.417668	0.448980
COL6A5_130379246	0.417668	0.326531
COL6A5_130395812	0.424185	0.346939
COL6A5_130439415	0.385763	0.367347
COL6A6_130598068	0.362099	0.469388
COL6A6_130599990	0.386938	0.551020
COL7A1_48588151	0.590643	0.510204
COL7A1_48588155	0.590643	0.510204
COL7A1_48588216	0.590643	0.653061
COL7A1_48594209	0.581222	0.530612
COL8A2_36099702	0.594306	0.612245
COL8A2_36099741	0.594306	0.551020
COL9A1_70277494	0.353204	0.306122
COL9A1_70280622	0.353204	0.469388
COL9A1_70281565	0.545010	0.591837
COL9A2_40311373	0.666667	0.714286
COL9A2_40311768	0.591837	0.632653
COL9A2_40316130	0.652263	0.591837
COL9A3_62831026	0.603834	0.591837
COLCA2_111301998	0.398746	0.448980
COLEC10_119105216	0.374475	0.428571
COLEC10_119105609	0.374475	0.408163
COLEC11_3605087	0.526244	0.448980
COLEC11_3609145	0.526244	0.469388
COLEC11_3610899	0.526244	0.367347
COLEC11_3611158	0.526244	0.428571
COLEC11_3612422	0.526244	0.673469
COLEC11_3639477	0.521886	0.489796
COLGALT1_17577804	0.617587	0.653061
COLGALT2_183940388	0.440052	0.551020
COLGALT2_183953315	0.372533	0.489796
COLGALT2_183959780	0.407195	0.408163
COLGALT2_183966653	0.412729	0.448980
COLGALT2_183974886	0.372214	0.448980
COLQ_15452460	0.529078	0.489796
COLQ_15461651	0.474236	0.673469
COLQ_15474487	0.475460	0.448980
COLQ_15489036	0.442892	0.448980
COMMD10_116291391	0.354098	0.408163
COMMD7_32728318	0.474975	0.428571
COMMD8_47462971	0.410225	0.612245
COMMD8_47462978	0.410225	0.551020
COMMD9_36279044	0.474463	0.551020
COMMD9_36280225	0.474463	0.408163
COMMD9_36286820	0.376936	0.326531
COPA_160295120	0.390661	0.387755
COPA_160325949	0.414422	0.408163
COPA_160341014	0.400564	0.428571
COPB1_14474877	0.377246	0.653061
COPB1_14475230	0.377246	0.428571
COPE_18909968	0.575946	0.510204
COPG1_129266702	0.445167	0.408163
COPG1_129270478	0.436009	0.530612
COPG1_129272046	0.574850	0.469388
COPG2_130560781	0.371186	0.306122
COPG2_130664356	0.354331	0.326531
COPRS_31857090	0.525280	0.530612
COPS3_17260071	0.447059	0.489796
COPS5_67048590	0.393813	0.653061
COPS7A_6727862	0.478275	0.571429
COPS7A_6728841	0.452406	0.448980
COPS9_240132544	0.516526	0.653061
COPS9_240134428	0.566789	0.571429
COPZ2_48030497	0.493790	0.530612
COQ2_83278734	0.375047	0.428571
COQ4_128323885	0.472682	0.530612
COQ5_120509125	0.455593	0.448980
COQ5_120516329	0.460345	0.428571
COQ7_19077828	0.451841	0.632653
COQ8A_226964700	0.573756	0.591837
COQ8A_226972282	0.490308	0.448980
COQ8A_226979385	0.623806	0.714286
COQ8B_40693132	0.557438	0.632653
COQ9_57451961	0.418342	0.408163
COQ9_57460546	0.446281	0.367347
CORIN_47642185	0.382299	0.428571
CORIN_47678234	0.383509	0.367347
CORO1C_108648009	0.500924	0.591837
CORO2A_98125230	0.490566	0.489796
CORO2A_98130553	0.549812	0.469388
CORO2A_98132420	0.561141	0.612245
CORO2B_68714861	0.562613	0.469388
CORO2B_68717926	0.513585	0.510204
CORO6_29620071	0.536552	0.530612
CORO6_29620578	0.536552	0.571429
CORO7_4365768	0.619430	0.673469
CORO7_4388744	0.596815	0.632653
CORO7_4389435	0.596815	0.530612
CORO7_4407960	0.637097	0.612245
COX10_14108491	0.354582	0.367347
COX10_14112691	0.354582	0.408163
COX11_54965855	0.418320	0.326531
COX15_99718701	0.442880	0.469388
COX15_99726062	0.422644	0.387755
COX18_73059669	0.410780	0.408163
COX18_73067731	0.381262	0.571429
COX4I2_31638797	0.591469	0.489796
COX4I2_31644474	0.494318	0.469388
COX5A_74927031	0.421005	0.265306
COX5B_97647270	0.403941	0.510204
COX6B1_35656831	0.476288	0.408163
COX6C_99888219	0.449988	0.408163
COX7A2_75238764	0.403979	0.244898
COX7B_77905064	0.420116	0.387755
CPA1_130387088	0.499474	0.510204
CPA2_130269954	0.503937	0.632653
CPA2_130270437	0.503937	0.551020
CPA2_130271163	0.489725	0.632653
CPA2_130287146	0.469000	0.551020
CPA4_130296860	0.485719	0.469388
CPAMD8_16901992	0.578090	0.571429
CPAMD8_16901996	0.578090	0.551020
CPAMD8_16912770	0.500821	0.326531
CPAMD8_16922096	0.539732	0.612245
CPAMD8_16927772	0.495068	0.591837
CPAMD8_16975371	0.515478	0.510204
CPAMD8_16979295	0.516915	0.448980
CPAMD8_16979876	0.516915	0.591837
CPAMD8_16993788	0.492338	0.551020
CPAMD8_16997413	0.470244	0.551020
CPAMD8_17005281	0.538611	0.612245
CPAMD8_17014546	0.485244	0.489796
CPAMD8_17022215	0.500343	0.632653
CPAMD8_17024408	0.500343	0.571429
CPAMD8_17026243	0.500343	0.469388
CPAMD8_17026251	0.500343	0.510204
CPB2_46064857	0.395712	0.469388
CPB2_46087229	0.489268	0.632653
CPEB1_82546563	0.489533	0.489796
CPEB1_82549203	0.475698	0.469388
CPEB2_15004866	0.431458	0.551020
CPEB2_15008336	0.282290	0.387755
CPED1_121138345	0.352196	0.530612
CPE_165487174	0.390399	0.510204
CPE_165487178	0.390399	0.530612
CPLX1_791821	0.656261	0.653061
CPLX3_74826983	0.532590	0.551020
CPLX3_74828482	0.489542	0.448980
CPLX3_74828720	0.489542	0.612245
CPLX3_74828887	0.489542	0.591837
CPM_68868375	0.449473	0.408163
CPM_68871688	0.469653	0.591837
CPNE1_35631851	0.586826	0.510204
CPNE2_57121642	0.558091	0.469388
CPNE2_57123095	0.507562	0.387755
CPNE2_57137769	0.546239	0.530612
CPNE4_131555827	0.384926	0.408163
CPNE4_131581842	0.394981	0.489796
CPNE4_131582797	0.394981	0.469388
CPNE4_132284728	0.473340	0.469388
CPNE4_132284732	0.473340	0.510204
CPNE5_36742624	0.574875	0.510204
CPNE5_36745725	0.622727	0.591837
CPNE5_36745739	0.622727	0.591837
CPNE5_36793754	0.598877	0.714286
CPNE5_36823390	0.512358	0.632653
CPNE7_89583434	0.564017	0.510204
CPNE7_89588519	0.675573	0.673469
CPNE8_38689304	0.362732	0.571429
CPNE8_38729849	0.345346	0.408163
CPNE9_9713296	0.428026	0.469388
CPNE9_9716425	0.468689	0.510204
CPO_206958101	0.423611	0.469388
CPO_206959390	0.399184	0.591837
CPQ_97024493	0.376570	0.387755
CPS1_210573477	0.335602	0.408163
CPS1_210579035	0.383114	0.387755
CPS1_210584669	0.363313	0.306122
CPS1_210605487	0.368598	0.346939
CPS1_210638853	0.378254	0.489796
CPSF1_144401724	0.526631	0.612245
CPSF3_9425983	0.433515	0.346939
CPSF3_9433076	0.387479	0.530612
CPSF4L_73252153	0.500000	0.551020
CPSF4_99449934	0.566933	0.510204
CPSF6_69258284	0.314327	0.408163
CPSF6_69262214	0.364598	0.428571
CPSF6_69262222	0.364598	0.489796
CPT1A_68762463	0.499468	0.346939
CPT1A_68775119	0.478261	0.448980
CPT1A_68782125	0.573730	0.571429
CPT1A_68798092	0.524518	0.591837
CPT1A_68807829	0.470404	0.551020
CPT1B_50576112	0.635294	0.571429
CPVL_29035576	0.388937	0.551020
CPVL_29066685	0.447531	0.469388
CPVL_29070167	0.447531	0.489796
CPVL_29095934	0.437500	0.632653
CPXM2_123754874	0.497551	0.591837
CPZ_8599397	0.577125	0.693878
CPZ_8615519	0.580916	0.612245
CP_149180972	0.433817	0.428571
CP_149183067	0.397147	0.612245
CP_149209954	0.370844	0.367347
CP_149214208	0.363768	0.551020
CR1_207587238	0.420088	0.387755
CR1_207587274	0.420088	0.326531
CR1_207588626	0.442741	0.346939
CR1_207634761	0.406496	0.448980
CR2_207471744	0.381289	0.408163
CR2_207477787	0.358362	0.326531
CRABP1_78347518	0.451553	0.591837
CRABP2_156701077	0.549029	0.591837
CRACR2A_3618558	0.463393	0.510204
CRACR2A_3622140	0.466452	0.408163
CRACR2A_3635194	0.477091	0.612245
CRACR2A_3636309	0.477091	0.510204
CRACR2A_3638942	0.445529	0.612245
CRACR2A_3640262	0.445529	0.408163
CRACR2A_3646566	0.479621	0.551020
CRACR2A_3654471	0.468864	0.632653
CRACR2A_3658874	0.500158	0.469388
CRACR2A_3678791	0.453777	0.612245
CRACR2A_3679166	0.486392	0.489796
CRADD_93810480	0.400686	0.551020
CRAMP1_1627045	0.510008	0.448980
CRAMP1_1631614	0.510008	0.551020
CRAMP1_1635443	0.534994	0.510204
CRAMP1_1640933	0.511606	0.734694
CRAMP1_1655679	0.593750	0.510204
CRAMP1_1658303	0.587625	0.612245
CRAMP1_1672370	0.546727	0.551020
CRB2_123363249	0.554252	0.510204
CRB2_123364426	0.554252	0.571429
CRB2_123376223	0.616466	0.632653
CRB3_6465284	0.583443	0.632653
CRB3_6466292	0.558442	0.653061
CRB3_6466296	0.558442	0.612245
CRBN_3169222	0.366921	0.489796
CRBN_3178236	0.408182	0.489796
CRCP_66122301	0.425709	0.632653
CRCP_66122739	0.425709	0.469388
CREB1_207561427	0.355125	0.428571
CREB1_207563367	0.355125	0.367347
CREB1_207567293	0.355125	0.408163
CREB3L1_46307485	0.504574	0.428571
CREB3L4_153973145	0.560345	0.612245
CREB5_28817910	0.400878	0.408163
CREBBP_3735742	0.563690	0.530612
CREBBP_3739329	0.474033	0.591837
CREBBP_3739724	0.491098	0.489796
CREBBP_3786023	0.462889	0.489796
CREBL2_12641543	0.384436	0.571429
CREBRF_173085084	0.431071	0.469388
CREBRF_173127761	0.423516	0.428571
CRHBP_76957248	0.406674	0.224490
CRHR1_45829384	0.602510	0.571429
CRHR2_30655119	0.609218	0.632653
CRHR2_30656152	0.525877	0.612245
CRHR2_30661104	0.555629	0.530612
CRIM1_36426220	0.395233	0.448980
CRIM1_36512057	0.406470	0.530612
CRIM1_36541454	0.432860	0.469388
CRIM1_36545436	0.340443	0.367347
CRIPT_46617777	0.387381	0.306122
CRISP1_49842624	0.366401	0.489796
CRISPLD2_84841974	0.544965	0.673469
CRISPLD2_84844292	0.544965	0.632653
CRISPLD2_84849089	0.527012	0.530612
CRISPLD2_84869872	0.472521	0.448980
CRISPLD2_84872810	0.476190	0.367347
CRISPLD2_84880075	0.494997	0.551020
CRLF2_1206059	0.472158	0.408163
CRLF2_1207725	0.502720	0.591837
CRLF3_30795584	0.423402	0.653061
CRMP1_5821952	0.465404	0.591837
CRMP1_5839917	0.522406	0.591837
CRMP1_5840723	0.522406	0.632653
CRMP1_5843803	0.465329	0.530612
CRMP1_5843807	0.465329	0.571429
CRMP1_5858885	0.484103	0.530612
CRNKL1_20039257	0.460276	0.571429
CRNKL1_20049665	0.415222	0.285714
CRNKL1_20055436	0.334884	0.551020
CROCC2_240920724	0.626872	0.510204
CROCC2_240925605	0.654321	0.653061
CROCC2_240929695	0.552392	0.510204
CROCC2_240930494	0.645991	0.591837
CROCC2_240947622	0.568440	0.469388
CROCC2_240957139	0.635960	0.591837
CROCC2_240963247	0.603503	0.591837
CROCC2_240965189	0.647682	0.591837
CROCC2_240965379	0.647682	0.673469
CROCC_16922139	0.613014	0.612245
CROCC_16928193	0.567275	0.591837
CROCC_16933283	0.482535	0.510204
CROCC_16938309	0.611782	0.632653
CROCC_16945254	0.497880	0.346939
CROCC_16968509	0.510760	0.551020
CROCC_16969673	0.603604	0.551020
CROT_87348657	0.358808	0.346939
CROT_87360207	0.353570	0.346939
CROT_87373897	0.325687	0.285714
CROT_87396133	0.368585	0.469388
CRTAC1_97899257	0.527378	0.632653
CRTAC1_97903177	0.542423	0.530612
CRTAC1_97906954	0.537836	0.571429
CRTAP_33121681	0.458610	0.571429
CRTAP_33141805	0.410875	0.612245
CRTC1_18745472	0.649070	0.714286
CRTC1_18752460	0.538355	0.632653
CRTC1_18757691	0.518525	0.469388
CRTC1_18762069	0.610821	0.632653
CRTC1_18764113	0.610821	0.734694
CRTC1_18771258	0.601208	0.693878
CRX_47834361	0.490644	0.551020
CRX_47834372	0.490644	0.551020
CRYBA1_29247535	0.502003	0.306122
CRYBA4_26622374	0.511706	0.489796
CRYBA4_26623674	0.475094	0.346939
CRYBA4_26625050	0.475094	0.510204
CRYBB3_25203184	0.459794	0.510204
CRYBB3_25206590	0.499406	0.408163
CRYBG3_97895371	0.334233	0.428571
CRYBG3_97896862	0.356811	0.387755
CRYGN_151437503	0.531737	0.591837
CRYGS_186540673	0.372770	0.510204
CRYGS_186544216	0.372770	0.387755
CRYL1_20404741	0.437002	0.387755
CRYL1_20408250	0.437002	0.571429
CRYL1_20413522	0.476168	0.428571
CRYM_21275800	0.443355	0.387755
CRYZL1_33601167	0.413065	0.632653
CSAD_53158863	0.522936	0.448980
CSDE1_114724360	0.367816	0.244898
CSE1L_49046633	0.437692	0.755102
CSE1L_49067135	0.397644	0.326531
CSE1L_49089029	0.355263	0.408163
CSF1R_150055464	0.537010	0.591837
CSF1R_150056384	0.520635	0.591837
CSF1R_150064659	0.534485	0.448980
CSF1R_150072603	0.451447	0.367347
CSF1R_150076631	0.480962	0.510204
CSF1R_150076823	0.480962	0.551020
CSF1R_150079121	0.544648	0.612245
CSF1_109916135	0.508145	0.632653
CSF1_109922304	0.566183	0.591837
CSF2RA_1274626	0.477277	0.489796
CSF2RA_1288181	0.523480	0.571429
CSF2RA_1304638	0.533661	0.428571
CSF2RB_36923816	0.582283	0.653061
CSF2RB_36928772	0.552109	0.591837
CSF2RB_36936833	0.585635	0.510204
CSF2_132075607	0.566131	0.653061
CSGALNACT1_19420677	0.413495	0.510204
CSGALNACT1_19420688	0.413495	0.551020
CSGALNACT2_43180776	0.399612	0.428571
CSMD1_2942232	0.397102	0.551020
CSMD1_2950372	0.316883	0.387755
CSMD1_2968226	0.341287	0.428571
CSMD1_2978544	0.389014	0.367347
CSMD1_3108985	0.450674	0.530612
CSMD1_3142851	0.382137	0.551020
CSMD1_3145823	0.382137	0.367347
CSMD1_3155567	0.422215	0.448980
CSMD1_3216752	0.369275	0.510204
CSMD1_3366639	0.377974	0.428571
CSMD1_3390497	0.368699	0.530612
CSMD1_3399724	0.338156	0.346939
CSMD1_3399730	0.338156	0.367347
CSMD2_33518112	0.478231	0.612245
CSMD2_33540135	0.424700	0.346939
CSMD2_33581724	0.453683	0.469388
CSMD2_33601305	0.468336	0.612245
CSMD2_33602593	0.503474	0.551020
CSMD2_33609201	0.501584	0.571429
CSMD2_33635379	0.563654	0.591837
CSMD2_33660326	0.444865	0.408163
CSMD2_33715636	0.498675	0.551020
CSMD2_33741886	0.480355	0.469388
CSMD2_33742220	0.480355	0.571429
CSMD2_33815029	0.436822	0.469388
CSMD3_112235258	0.305678	0.632653
CSMD3_112308439	0.313898	0.387755
CSMD3_112555121	0.312469	0.306122
CSN2_69960179	0.278613	0.346939
CSNK1A1_149512044	0.320802	0.306122
CSNK1A1_149516194	0.350141	0.591837
CSNK1A1_149517924	0.350141	0.469388
CSNK1D_82245936	0.601039	0.775510
CSNK1G1_64174024	0.438173	0.265306
CSNK1G1_64203395	0.448441	0.428571
CSNK1G1_64213743	0.389515	0.265306
CSNK1G2_1974686	0.582145	0.571429
CSNK1G3_123579219	0.326669	0.469388
CSNK2A1_489901	0.415261	0.367347
CSNK2A2_58166895	0.415709	0.346939
CSPG4_75677575	0.622642	0.571429
CSPG4_75684268	0.606848	0.632653
CSPG5_47572364	0.473395	0.530612
CSPP1_67094578	0.370079	0.387755
CSPP1_67104874	0.395811	0.632653
CSPP1_67113510	0.339850	0.183673
CSPP1_67163613	0.406388	0.428571
CSRNP1_39145311	0.432432	0.448980
CSRNP1_39146807	0.557111	0.591837
CSRNP2_51065064	0.467532	0.428571
CSRNP2_51068548	0.464890	0.489796
CSRNP3_165678111	0.385755	0.408163
CSRP1_201508885	0.498518	0.448980
CSRP2_76859305	0.372587	0.387755
CSRP3_19185160	0.470085	0.448980
CSRP3_19188752	0.423115	0.448980
CSRP3_19190178	0.423115	0.510204
CST3_23635883	0.557726	0.408163
CST6_66012766	0.593346	0.469388
CST8_23492874	0.458924	0.326531
CST9_23605099	0.467733	0.551020
CSTF1_56397110	0.357576	0.448980
CSTF2_100822566	0.360505	0.346939
CSTF2_100827746	0.315913	0.408163
CSTF2_100828909	0.415299	0.306122
CSTF3_33108719	0.338968	0.408163
CSTL1_23443697	0.474326	0.551020
CT55_135167850	0.369440	0.408163
CT55_135169853	0.457275	0.448980
CTAGE5_39299535	0.388498	0.326531
CTAGE5_39302434	0.336319	0.510204
CTAGE5_39316960	0.381573	0.510204
CTAGE5_39323921	0.382814	0.387755
CTB-133G6.1_7376073	0.579016	0.612245
CTB-133G6.1_7381198	0.511964	0.530612
CTB-13L3.1_90464930	0.399280	0.326531
CTB-180A7.6_6387753	0.553079	0.693878
CTB-180A7.6_6389754	0.483657	0.448980
CTB-193M12.3_15683929	0.488432	0.510204
CTB-50L17.10_4499924	0.592194	0.653061
CTB-60B18.23_49062566	0.504338	0.673469
CTBP1_1212786	0.654397	0.530612
CTBP1_1223753	0.558881	0.693878
CTBP2_124989817	0.501001	0.551020
CTBP2_125001495	0.595323	0.408163
CTBP2_125003658	0.522082	0.571429
CTBP2_125008949	0.522082	0.387755
CTBP2_125059948	0.488070	0.591837
CTBP2_125079925	0.488070	0.326531
CTC-308K20.2_172956972	0.412444	0.346939
CTC-441N14.4_122181196	0.349275	0.387755
CTC-490E21.12_40892225	0.416322	0.448980
CTD-2047H16.2_80315343	0.546020	0.591837
CTD-2047H16.2_80315361	0.546020	0.571429
CTD-2047H16.2_80315373	0.546020	0.612245
CTD-2192J16.22_12646788	0.574000	0.612245
CTD-2313J17.1_92808343	0.485004	0.510204
CTD-2501B8.1_63513731	0.587771	0.673469
CTD-2525I3.2_52175989	0.483197	0.571429
CTD-2553L13.4_34639043	0.426450	0.489796
CTD-2571L23.8_47672275	0.545785	0.469388
CTD-2571L23.8_47688587	0.484534	0.510204
CTD-2587H24.4_55157485	0.625926	0.632653
CTD-2609K8.3_44072530	0.446739	0.346939
CTD-3088G3.8_11386672	0.564345	0.530612
CTD-3088G3.8_11388237	0.536846	0.551020
CTD-3088G3.8_11394226	0.554049	0.653061
CTD-3088G3.8_11394902	0.554049	0.489796
CTD-3088G3.8_11396062	0.554049	0.408163
CTD-3088G3.8_11403207	0.587426	0.612245
CTD-3088G3.8_11406662	0.509644	0.673469
CTD-3088G3.8_11422292	0.495973	0.612245
CTD-3088G3.8_11422929	0.495973	0.510204
CTD-3088G3.8_11436061	0.505680	0.673469
CTD-3088G3.8_11461747	0.530592	0.591837
CTD-3088G3.8_11477732	0.585812	0.530612
CTD-3088G3.8_11494219	0.728792	0.571429
CTD-3088G3.8_11513047	0.501908	0.571429
CTD-3088G3.8_11522201	0.486611	0.591837
CTD-3088G3.8_11522733	0.486611	0.448980
CTD-3105H18.14_12397602	0.404638	0.265306
CTD-3138B18.4_58246004	0.511141	0.448980
CTDNEP1_7244473	0.429508	0.408163
CTDP1_79697693	0.556177	0.632653
CTDP1_79702283	0.488050	0.571429
CTDP1_79710311	0.483604	0.469388
CTDP1_79715868	0.602193	0.489796
CTDP1_79733811	0.539739	0.489796
CTDSPL2_44493181	0.401115	0.387755
CTDSPL2_44523231	0.447816	0.551020
CTDSPL_37959025	0.403528	0.653061
CTDSPL_37964291	0.403528	0.326531
CTF1_30896809	0.518208	0.632653
CTH_70414167	0.421089	0.591837
CTH_70417853	0.399684	0.408163
CTH_70424133	0.359908	0.428571
CTIF_48663988	0.616747	0.612245
CTIF_48758457	0.522118	0.591837
CTIF_48758822	0.522118	0.448980
CTIF_48857750	0.557579	0.551020
CTLA4_203868791	0.419100	0.428571
CTNNA2_80580234	0.379516	0.367347
CTNNAL1_108956188	0.380419	0.408163
CTNNAL1_108972401	0.382569	0.489796
CTNNAL1_108978378	0.357975	0.306122
CTNNAL1_108991870	0.378499	0.448980
CTNNAL1_108996462	0.404834	0.428571
CTNNBL1_37735184	0.419722	0.387755
CTNNBL1_37736202	0.419722	0.367347
CTNNBL1_37777113	0.394409	0.428571
CTNND1_57796327	0.444292	0.591837
CTNND2_10975814	0.432312	0.469388
CTNND2_11022519	0.375584	0.408163
CTNND2_11115445	0.445052	0.510204
CTNS_3641831	0.509615	0.367347
CTNS_3645517	0.509615	0.469388
CTNS_3654865	0.497362	0.551020
CTNS_3658519	0.643282	0.632653
CTNS_3659117	0.643282	0.653061
CTNS_3659507	0.643282	0.489796
CTPS1_40987301	0.452521	0.367347
CTPS1_40987339	0.452521	0.367347
CTPS1_40993285	0.423729	0.632653
CTPS1_40993713	0.423729	0.306122
CTPS1_40998620	0.451456	0.448980
CTPS2_16676579	0.420580	0.265306
CTPS2_16684383	0.451711	0.591837
CTPS2_16697562	0.450084	0.510204
CTPS2_16700317	0.423003	0.428571
CTR9_10763344	0.371366	0.326531
CTR9_10766187	0.371856	0.428571
CTR9_10771718	0.397564	0.489796
CTR9_10775047	0.415622	0.510204
CTRB1_75222532	0.510248	0.612245
CTRC_15441082	0.487069	0.551020
CTSB_11852475	0.499693	0.510204
CTSE_206022328	0.533965	0.653061
CTSH_78936030	0.500319	0.551020
CTSO_155928759	0.390836	0.244898
CTSS_150755258	0.388992	0.428571
CTSS_150762892	0.394472	0.265306
CTTNBP2NL_112454233	0.417551	0.285714
CTTNBP2NL_112454238	0.417551	0.285714
CTTNBP2_117766347	0.381853	0.244898
CTTN_70404942	0.501955	0.571429
CTTN_70413430	0.544859	0.510204
CTTN_70427536	0.502877	0.510204
CTTN_70432189	0.602747	0.673469
CUBN_16827605	0.372112	0.367347
CUBN_16872620	0.404646	0.489796
CUBN_16875848	0.370664	0.428571
CUBN_16917528	0.349672	0.387755
CUBN_16928902	0.401422	0.469388
CUBN_16983443	0.360441	0.448980
CUBN_16989952	0.443508	0.571429
CUBN_17116719	0.399055	0.530612
CUBN_17123983	0.425920	0.428571
CUEDC1_57872980	0.560544	0.612245
CUEDC1_57876150	0.539284	0.448980
CUEDC1_57876582	0.539284	0.489796
CUEDC1_57884769	0.522222	0.591837
CUL2_35050568	0.386247	0.367347
CUL2_35056292	0.399432	0.448980
CUL2_35067847	0.398476	0.612245
CUL2_35069740	0.398476	0.285714
CUL4A_113221261	0.488406	0.510204
CUL4A_113243384	0.373098	0.346939
CUL4A_113247625	0.464377	0.510204
CUL4A_113257159	0.413976	0.612245
CUL4A_113261647	0.478915	0.612245
CUL4B_120536013	0.397762	0.285714
CUL5_108053257	0.357182	0.387755
CUL5_108069969	0.391744	0.285714
CUL5_108095241	0.363469	0.428571
CUL5_108103140	0.400000	0.306122
CUL5_108103766	0.400000	0.326531
CUL9_43198560	0.452463	0.387755
CUL9_43203707	0.551724	0.551020
CUL9_43203713	0.551724	0.469388
CUL9_43215852	0.488568	0.530612
CUL9_43219340	0.480405	0.653061
CUTC_99745059	0.406093	0.387755
CUX1_102174050	0.506567	0.551020
CUX1_102193707	0.520655	0.571429
CUX1_102274726	0.616453	0.673469
CUX2_111291965	0.496038	0.612245
CUX2_111308198	0.529698	0.551020
CUX2_111340334	0.488956	0.469388
CUZD1_122834174	0.283660	0.326531
CWC22_179984352	0.349372	0.285714
CWC25_38806115	0.456769	0.571429
CWC25_38813347	0.488978	0.673469
CWC27_64769607	0.370774	0.489796
CWF19L1_100265405	0.444888	0.367347
CWF19L2_107416984	0.340369	0.428571
CWF19L2_107455507	0.285453	0.326531
CWH43_49001556	0.381990	0.448980
CWH43_49035554	0.396992	0.469388
CXCL12_44382824	0.563484	0.530612
CXCL12_44382849	0.563484	0.469388
CXCL13_77608919	0.404608	0.448980
CXorf36_45157095	0.474118	0.551020
CXorf38_40637333	0.419006	0.469388
CXorf56_119564709	0.462967	0.489796
CXorf57_106622554	0.348141	0.367347
CXorf57_106623175	0.322300	0.367347
CXorf57_106634699	0.333435	0.469388
CXorf57_106635052	0.333435	0.367347
CXorf65_71105591	0.485370	0.306122
CXorf66_139958364	0.405924	0.428571
CXorf66_139959323	0.405924	0.571429
CYB561D2_50351694	0.558036	0.591837
CYB561D2_50351698	0.558036	0.571429
CYB561D2_50352752	0.494137	0.448980
CYB5D2_4153265	0.488798	0.612245
CYB5R1_202965524	0.468912	0.346939
CYB5R3_42620354	0.561801	0.612245
CYB5R3_42637081	0.545389	0.448980
CYB5R4_83861232	0.381978	0.489796
CYB5R4_83862782	0.381978	0.448980
CYB5R4_83908720	0.381126	0.224490
CYB5R4_83917822	0.354331	0.428571
CYB5R4_83919250	0.267468	0.285714
CYB5R4_83936910	0.386790	0.469388
CYBA_88647828	0.643268	0.653061
CYBA_88649956	0.620908	0.591837
CYFIP1_22879234	0.488472	0.571429
CYFIP1_22908417	0.494327	0.428571
CYFIP1_22911782	0.476190	0.408163
CYFIP1_22915424	0.535132	0.408163
CYFIP1_22919583	0.441808	0.571429
CYFIP1_22920718	0.441808	0.530612
CYFIP1_22925596	0.441808	0.428571
CYFIP1_22931044	0.480687	0.551020
CYFIP1_22931486	0.480687	0.612245
CYFIP1_22932368	0.488706	0.693878
CYFIP1_22934125	0.438629	0.306122
CYFIP1_22936273	0.438629	0.326531
CYFIP1_22943005	0.519509	0.571429
CYFIP2_157285208	0.426057	0.530612
CYFIP2_157296958	0.457360	0.448980
CYFIP2_157301914	0.477596	0.428571
CYFIP2_157308568	0.473095	0.551020
CYFIP2_157310740	0.557682	0.530612
CYFIP2_157360621	0.471233	0.387755
CYFIP2_157361335	0.471233	0.530612
CYFIP2_157391815	0.422828	0.367347
CYGB_76534567	0.556587	0.408163
CYGB_76536814	0.556587	0.653061
CYHR1_144450885	0.659320	0.653061
CYHR1_144453042	0.612903	0.571429
CYP11A1_74345409	0.484187	0.693878
CYP11A1_74345721	0.484187	0.632653
CYP1B1_38073962	0.411203	0.285714
CYP26B1_72145044	0.619257	0.673469
CYP26B1_72146032	0.619257	0.632653
CYP26B1_72146619	0.619257	0.591837
CYP26B1_72146838	0.619257	0.591837
CYP26B1_72147115	0.619257	0.755102
CYP26C1_93066951	0.531465	0.612245
CYP27C1_127191474	0.493165	0.612245
CYP27C1_127197547	0.436242	0.448980
CYP27C1_127198689	0.436242	0.428571
CYP2B6_40997690	0.426541	0.367347
CYP2B6_41008555	0.466326	0.551020
CYP2B6_41009044	0.466326	0.408163
CYP2B6_41009050	0.466326	0.367347
CYP2E1_133531138	0.543818	0.489796
CYP2E1_133538650	0.461105	0.510204
CYP2F1_41116104	0.461128	0.551020
CYP2J2_59906863	0.410341	0.346939
CYP2J2_59908605	0.403556	0.408163
CYP2U1_107949151	0.427152	0.653061
CYP2U1_107949953	0.342503	0.489796
CYP2W1_986167	0.623846	0.734694
CYP39A1_46626848	0.365970	0.326531
CYP3A43_99837089	0.427905	0.653061
CYP3A43_99856182	0.394973	0.428571
CYP3A43_99860082	0.442663	0.367347
CYP3A4_99782707	0.434395	0.408163
CYP3A5_99677004	0.446503	0.489796
CYP46A1_99684860	0.522310	0.530612
CYP46A1_99691050	0.522310	0.448980
CYP46A1_99719640	0.485218	0.346939
CYP46A1_99725068	0.503610	0.510204
CYP4F11_15928866	0.492651	0.346939
CYP4F22_15541271	0.477098	0.469388
CYP4F22_15548860	0.553571	0.591837
CYP4F3_15641668	0.500122	0.551020
CYP4V2_186199227	0.346358	0.387755
CYP7B1_64617265	0.363379	0.571429
CYP7B1_64621974	0.363379	0.591837
CYS1_10060736	0.545428	0.632653
CYS1_10061526	0.545428	0.653061
CYTH2_48471007	0.525076	0.551020
CYTH3_6166510	0.590813	0.693878
CYTH3_6168780	0.590813	0.489796
CYTH3_6174189	0.431401	0.510204
CYTH3_6181372	0.469697	0.469388
CYTH4_37299008	0.546986	0.673469
CYTH4_37299021	0.546986	0.612245
CYTH4_37309088	0.532278	0.530612
CYTH4_37309111	0.532278	0.551020
CYTIP_157431479	0.365131	0.367347
D2HGDH_241738267	0.540609	0.653061
D2HGDH_241744677	0.609183	0.591837
D2HGDH_241753177	0.612556	0.530612
D2HGDH_241754188	0.612556	0.653061
DAAM1_59317686	0.378552	0.448980
DAAM1_59330014	0.391565	0.591837
DAAM1_59334543	0.379950	0.387755
DAAM1_59339162	0.363472	0.346939
DAAM1_59341472	0.397798	0.346939
DAAM1_59345714	0.397798	0.510204
DAAM1_59346701	0.397798	0.306122
DAAM1_59356159	0.416687	0.367347
DAAM2_39869923	0.479374	0.408163
DAAM2_39870218	0.479374	0.530612
DAB2IP_121693992	0.544322	0.632653
DAB2IP_121757441	0.554593	0.571429
DAB2IP_121759348	0.573198	0.653061
DAB2IP_121759679	0.573198	0.530612
DAB2_39381008	0.421002	0.367347
DACT2_168312160	0.512156	0.346939
DACT2_168315728	0.512156	0.428571
DACT3_46655184	0.517700	0.469388
DACT3_46658764	0.517700	0.571429
DAGLA_61723837	0.546656	0.448980
DAGLA_61738555	0.610183	0.591837
DAGLA_61740210	0.644195	0.673469
DAGLA_61740941	0.622144	0.693878
DAGLB_6410419	0.489300	0.530612
DAGLB_6419390	0.528824	0.673469
DAGLB_6424291	0.570071	0.673469
DAGLB_6425223	0.542535	0.591837
DAGLB_6427272	0.461856	0.571429
DAGLB_6431274	0.494841	0.469388
DAGLB_6431864	0.494841	0.469388
DAGLB_6433401	0.465039	0.408163
DAGLB_6435137	0.490679	0.551020
DAO_108884313	0.477687	0.448980
DAPK1_87646924	0.389262	0.551020
DAPK1_87656231	0.471605	0.571429
DAPK1_87684738	0.502234	0.632653
DAPK1_87702994	0.417771	0.632653
DAPK2_64040426	0.504975	0.489796
DAPK2_64041399	0.504975	0.551020
DAPK2_64045185	0.504975	0.612245
DAPK3_3966172	0.543785	0.571429
DAPK3_3966262	0.543785	0.693878
DAPL1_158803746	0.392837	0.510204
DAPL1_158804954	0.420112	0.551020
DAPL1_158807363	0.412854	0.387755
DAP_10721043	0.455180	0.448980
DARS2_173856500	0.413768	0.306122
DARS_135923799	0.380790	0.612245
DARS_135930481	0.357074	0.551020
DARS_135984877	0.404004	0.489796
DAZAP1_1423152	0.581442	0.816327
DAZL_16594778	0.293151	0.346939
DAZL_16599868	0.384313	0.510204
DBF4B_44714968	0.437653	0.346939
DBF4B_44716360	0.437653	0.510204
DBF4B_44727859	0.464691	0.367347
DBF4_87887797	0.369863	0.489796
DBH_133640642	0.565944	0.469388
DBH_133641360	0.565944	0.612245
DBH_133642099	0.565944	0.510204
DBH_133648738	0.521955	0.510204
DBH_133656872	0.653938	0.632653
DBI_119369175	0.453985	0.408163
DBN1_177463648	0.523566	0.448980
DBNL_44049876	0.519985	0.387755
DBR1_138169208	0.409140	0.551020
DBT_100233649	0.349480	0.448980
DBT_100242870	0.408329	0.326531
DBX1_20156902	0.669546	0.612245
DCAF12_34094999	0.455464	0.408163
DCAF12_34096455	0.455464	0.387755
DCAF12_34106663	0.427083	0.408163
DCAF13_103417231	0.423425	0.367347
DCAF13_103432285	0.341290	0.367347
DCAF13_103433246	0.325936	0.469388
DCAF15_13956965	0.542427	0.469388
DCAF17_171477891	0.375483	0.367347
DCAF17_171477895	0.375483	0.346939
DCAF1_51416976	0.475884	0.489796
DCAF1_51423356	0.398583	0.367347
DCAF4_72937822	0.482104	0.591837
DCAF4_72943207	0.517402	0.448980
DCAF4_72947140	0.508977	0.591837
DCAF4_72952443	0.468504	0.469388
DCAF4_72953863	0.468504	0.530612
DCAF4_72958553	0.485078	0.448980
DCAF5_69055868	0.433845	0.530612
DCAF6_168016146	0.334565	0.346939
DCAF7_63586943	0.451648	0.469388
DCAF8_160221397	0.440521	0.489796
DCAF8_160223792	0.444578	0.571429
DCAF8_160230273	0.408663	0.367347
DCAF8_160238114	0.413217	0.448980
DCBLD1_117537074	0.390524	0.489796
DCBLD1_117538483	0.364419	0.346939
DCBLD2_98817562	0.362089	0.367347
DCBLD2_98823613	0.407695	0.265306
DCBLD2_98825414	0.415415	0.387755
DCC_53393812	0.354613	0.448980
DCC_53528494	0.339380	0.346939
DCDC2B_32213478	0.512731	0.591837
DCHS2_154377596	0.370649	0.428571
DCHS2_154378172	0.370649	0.428571
DCK_70997595	0.404831	0.367347
DCK_70997651	0.404831	0.265306
DCLK2_150235851	0.399248	0.428571
DCLK2_150240537	0.418748	0.551020
DCLK2_150241031	0.418748	0.428571
DCLK2_150255484	0.521073	0.428571
DCLRE1A_113836500	0.392796	0.285714
DCLRE1B_113906899	0.516393	0.510204
DCLRE1C_14921697	0.459339	0.591837
DCLRE1C_14921865	0.459339	0.428571
DCLRE1C_14926740	0.430957	0.326531
DCLRE1C_14935340	0.474527	0.591837
DCLRE1C_14941973	0.453486	0.408163
DCLRE1C_14952442	0.475488	0.448980
DCLRE1C_14953605	0.475488	0.571429
DCP2_113008558	0.357538	0.326531
DCP2_113008621	0.357538	0.265306
DCPS_126331183	0.472303	0.510204
DCPS_126332357	0.529770	0.489796
DCPS_126335301	0.529770	0.510204
DCST1_155041248	0.544041	0.591837
DCST1_155048288	0.510630	0.428571
DCST2_155024029	0.468750	0.591837
DCST2_155024682	0.505003	0.489796
DCTD_182893165	0.456282	0.551020
DCTN1_74362315	0.513780	0.551020
DCTN4_150715836	0.424034	0.408163
DCTN4_150724838	0.352026	0.326531
DCTN4_150756636	0.385070	0.306122
DCTN6_30179334	0.406293	0.510204
DCUN1D1_182952549	0.386743	0.387755
DCUN1D2_113475077	0.393513	0.387755
DCUN1D2_113489619	0.468079	0.612245
DCUN1D4_51854955	0.422430	0.346939
DCUN1D5_103086626	0.355763	0.428571
DCX_111409541	0.397289	0.428571
DDB1_61311467	0.454212	0.408163
DDB1_61311621	0.454212	0.489796
DDB2_47216623	0.459740	0.428571
DDB2_47234512	0.507130	0.489796
DDC_50466683	0.480698	0.653061
DDC_50473960	0.516429	0.612245
DDC_50475061	0.516429	0.448980
DDC_50528699	0.489752	0.551020
DDI2_15643183	0.451150	0.489796
DDI2_15649679	0.439446	0.387755
DDIT3_57517809	0.502252	0.346939
DDOST_20657740	0.476667	0.469388
DDO_110406779	0.409104	0.428571
DDO_110407146	0.409104	0.387755
DDO_110409050	0.455858	0.591837
DDO_110410509	0.455858	0.448980
DDR1_30898660	0.581034	0.653061
DDR2_162774244	0.387835	0.428571
DDRGK1_3195850	0.495373	0.530612
DDX10_108670008	0.436816	0.367347
DDX11_31096192	0.528986	0.612245
DDX11_31097202	0.541387	0.673469
DDX11_31102791	0.610294	0.591837
DDX17_38487042	0.450419	0.530612
DDX18_117816160	0.390159	0.530612
DDX18_117820498	0.375000	0.551020
DDX19B_70323248	0.462264	0.551020
DDX1_15594880	0.428482	0.469388
DDX1_15605638	0.443056	0.448980
DDX1_15605865	0.443056	0.448980
DDX20_111760385	0.422099	0.326531
DDX21_68957169	0.467220	0.489796
DDX21_68963068	0.396293	0.489796
DDX21_68964180	0.419507	0.469388
DDX21_68975418	0.417235	0.448980
DDX24_94054574	0.477516	0.530612
DDX24_94061346	0.433010	0.489796
DDX27_49219973	0.521990	0.571429
DDX27_49239694	0.430697	0.612245
DDX31_132642243	0.432002	0.510204
DDX31_132644464	0.432002	0.408163
DDX31_132660966	0.421864	0.612245
DDX39B_31539388	0.453677	0.428571
DDX41_177512876	0.679105	0.489796
DDX42_63791831	0.435518	0.591837
DDX42_63807603	0.366698	0.387755
DDX46_134785140	0.368364	0.448980
DDX46_134816072	0.422557	0.571429
DDX46_134823488	0.411735	0.306122
DDX46_134823952	0.411735	0.326531
DDX47_12819440	0.405413	0.367347
DDX4_55738729	0.477594	0.387755
DDX50_68904552	0.435770	0.408163
DDX54_113159597	0.557255	0.571429
DDX54_113161639	0.662745	0.632653
DDX54_113162181	0.615632	0.571429
DDX55_123602812	0.484486	0.346939
DDX55_123603253	0.484486	0.510204
DDX55_123612181	0.454127	0.428571
DDX59_200658775	0.441317	0.244898
DDX60L_168401157	0.354645	0.448980
DDX60L_168406524	0.313576	0.326531
DDX60L_168431455	0.349670	0.346939
DDX60L_168454705	0.362119	0.428571
DDX6_118752737	0.442654	0.387755
DDX6_118760695	0.417114	0.571429
DDX6_118762484	0.417114	0.408163
DEAF1_678407	0.513811	0.469388
DEAF1_682451	0.477153	0.448980
DEAF1_689022	0.550658	0.551020
DEAF1_691285	0.550658	0.591837
DECR1_90036618	0.365750	0.489796
DECR2_405459	0.595004	0.510204
DEDD2_42218544	0.584544	0.653061
DEF8_89954673	0.575758	0.612245
DEF8_89963172	0.565077	0.612245
DEFA4_6936566	0.428328	0.326531
DEK_18258615	0.406474	0.408163
DENND1A_123454002	0.483898	0.489796
DENND1B_197547006	0.329545	0.306122
DENND1B_197612260	0.319782	0.346939
DENND1B_197654756	0.332553	0.408163
DENND1C_6481119	0.526122	0.489796
DENND2A_140526047	0.573115	0.612245
DENND2A_140526234	0.573115	0.612245
DENND2C_114609876	0.411096	0.428571
DENND2D_111188431	0.462236	0.428571
DENND3_141137379	0.512195	0.469388
DENND3_141137602	0.512195	0.530612
DENND3_141154898	0.489903	0.387755
DENND3_141166925	0.542131	0.632653
DENND3_141172356	0.554990	0.591837
DENND3_141174901	0.554990	0.489796
DENND3_141175153	0.554990	0.571429
DENND3_141181954	0.530112	0.428571
DENND4A_65674349	0.363537	0.326531
DENND4A_65693418	0.343222	0.367347
DENND4A_65734333	0.397504	0.387755
DENND4A_65741523	0.379007	0.265306
DENND4C_19299579	0.329255	0.306122
DENND4C_19323982	0.384073	0.367347
DENND4C_19353076	0.390386	0.408163
DENND4C_19368496	0.400483	0.326531
DENND5A_9150276	0.453191	0.448980
DENND5A_9169228	0.414095	0.612245
DENND5A_9170278	0.401773	0.326531
DENND5A_9205277	0.376221	0.387755
DENND5A_9207801	0.438721	0.224490
DENND5B_31401820	0.402569	0.489796
DENND5B_31424290	0.381839	0.408163
DENND5B_31513941	0.399806	0.530612
DENND6A_57633078	0.426947	0.428571
DENND6A_57637211	0.367572	0.489796
DENND6A_57660948	0.275578	0.346939
DENND6B_50319614	0.555072	0.755102
DENR_122757379	0.425110	0.306122
DENR_122763408	0.453665	0.408163
DENR_122764828	0.453665	0.489796
DENR_122765444	0.407619	0.346939
DENR_122768284	0.405268	0.612245
DEPDC1B_60602441	0.382324	0.367347
DEPDC4_100255392	0.389522	0.428571
DEPDC5_31777982	0.460422	0.612245
DEPDC5_31785280	0.426715	0.346939
DEPDC5_31798303	0.479499	0.591837
DEPDC5_31798898	0.429701	0.408163
DEPDC5_31809466	0.438725	0.469388
DEPDC5_31809470	0.438725	0.489796
DEPDC5_31842166	0.439398	0.448980
DEPDC5_31846297	0.462406	0.346939
DEPDC5_31852552	0.455188	0.571429
DEPDC5_31861093	0.452976	0.510204
DEPDC5_31899551	0.476761	0.387755
DEPDC5_31902746	0.493662	0.489796
DEPDC5_31904371	0.493662	0.346939
DEPDC5_31905532	0.493662	0.551020
DEPTOR_120005592	0.452748	0.653061
DEPTOR_120008820	0.410125	0.367347
DERA_15959467	0.326859	0.408163
DERA_15960813	0.398199	0.428571
DERA_15962062	0.398199	0.346939
DESI2_244667460	0.395927	0.469388
DESI2_244686562	0.395927	0.367347
DFFB_3863508	0.470504	0.469388
DFFB_3869603	0.589297	0.632653
DFFB_3870538	0.580861	0.551020
DFFB_3872230	0.580861	0.489796
DGAT1_144319125	0.638988	0.612245
DGAT1_144320128	0.638988	0.612245
DGAT1_144324165	0.614757	0.653061
DGAT1_144324615	0.614757	0.673469
DGAT2_75785119	0.510017	0.469388
DGAT2_75788278	0.510017	0.489796
DGCR14_19139529	0.583072	0.632653
DGCR14_19140903	0.504974	0.448980
DGCR2_19059641	0.558702	0.632653
DGCR8_20081955	0.542523	0.489796
DGCR8_20088045	0.531317	0.673469
DGCR8_20105999	0.472366	0.571429
DGCR8_20106004	0.472366	0.591837
DGKA_55937711	0.476959	0.530612
DGKB_14582354	0.329524	0.387755
DGKB_14626247	0.338176	0.408163
DGKD_233447486	0.565116	0.428571
DGKE_56852095	0.398269	0.163265
DGKE_56858855	0.398400	0.224490
DGKE_56861547	0.398400	0.428571
DGKE_56861660	0.398400	0.551020
DGKG_186255301	0.500535	0.551020
DGKG_186257272	0.500535	0.510204
DGKG_186261482	0.533333	0.448980
DGKG_186270791	0.505544	0.510204
DGKH_42188905	0.378908	0.285714
DGKH_42205799	0.337412	0.387755
DGKI_137571710	0.355886	0.387755
DGKI_137577918	0.359391	0.408163
DGKI_137656738	0.424282	0.428571
DGKI_137727420	0.399907	0.510204
DGKK_50369330	0.436700	0.448980
DGKK_50370257	0.436700	0.428571
DGKK_50370731	0.447189	0.489796
DGKK_50387292	0.422958	0.448980
DGKK_50422643	0.373039	0.469388
DGKQ_968125	0.736220	0.693878
DGKQ_968168	0.736220	0.795918
DGKQ_968983	0.575889	0.673469
DGKZ_46361983	0.550572	0.428571
DGKZ_46361987	0.550572	0.428571
DGUOK_73941189	0.403456	0.489796
DGUOK_73951450	0.456821	0.367347
DGUOK_73956861	0.456821	0.469388
DHCR24_54866965	0.473149	0.571429
DHCR24_54869949	0.473149	0.510204
DHCR24_54872175	0.441794	0.489796
DHCR7_71438456	0.613904	0.612245
DHCR7_71444532	0.491393	0.551020
DHCR7_71445080	0.436062	0.551020
DHDDS_26434963	0.470828	0.489796
DHDDS_26436215	0.470828	0.551020
DHDDS_26437987	0.470828	0.306122
DHDDS_26437999	0.470828	0.244898
DHDDS_26446143	0.443637	0.448980
DHDDS_26463220	0.417822	0.571429
DHH_49094141	0.564184	0.591837
DHODH_72020746	0.497854	0.571429
DHRS12_51770238	0.503759	0.428571
DHRS12_51798094	0.461455	0.510204
DHRS12_51800537	0.513452	0.530612
DHRS13_28899711	0.481164	0.469388
DHRS1_24295530	0.429108	0.530612
DHRS1_24297546	0.443855	0.551020
DHRS3_12570229	0.495468	0.612245
DHRS7B_21161470	0.425288	0.285714
DHRS7B_21187067	0.447610	0.346939
DHRS7C_9773431	0.499766	0.489796
DHRS7C_9780942	0.424116	0.387755
DHRS7_60164472	0.397496	0.265306
DHRSX_2229469	0.483045	0.489796
DHRSX_2231253	0.483045	0.469388
DHTKD1_12100564	0.413350	0.530612
DHTKD1_12113542	0.468967	0.346939
DHTKD1_12116265	0.468967	0.326531
DHX16_30658861	0.500210	0.489796
DHX16_30659389	0.500210	0.612245
DHX29_55256993	0.379800	0.408163
DHX29_55285611	0.275986	0.408163
DHX29_55289755	0.295311	0.346939
DHX30_47809700	0.463522	0.632653
DHX30_47810344	0.463522	0.326531
DHX30_47849449	0.623762	0.653061
DHX32_125852981	0.364188	0.428571
DHX32_125855116	0.411558	0.551020
DHX32_125857433	0.411558	0.591837
DHX33_5451505	0.424575	0.448980
DHX33_5451514	0.424575	0.428571
DHX33_5454987	0.472434	0.612245
DHX33_5455344	0.495172	0.346939
DHX34_47359599	0.548457	0.530612
DHX34_47360521	0.496050	0.571429
DHX34_47372055	0.529064	0.632653
DHX35_38985327	0.382446	0.469388
DHX35_38997581	0.447073	0.530612
DHX35_39018483	0.411476	0.551020
DHX35_39018639	0.411476	0.367347
DHX35_39036080	0.453241	0.428571
DHX36_154276433	0.328205	0.306122
DHX36_154289394	0.311828	0.448980
DHX36_154290843	0.370778	0.530612
DHX36_154303502	0.328315	0.326531
DHX36_154309990	0.314018	0.408163
DHX36_154310479	0.314018	0.326531
DHX37_124957329	0.537468	0.469388
DHX37_124963939	0.487406	0.571429
DHX37_124965006	0.638427	0.653061
DHX37_124967850	0.558175	0.653061
DHX37_124972366	0.597976	0.530612
DHX37_124975341	0.529975	0.632653
DHX37_124975606	0.552459	0.632653
DHX37_124975617	0.552459	0.632653
DHX38_72104803	0.595000	0.448980
DHX38_72104808	0.595000	0.408163
DHX57_38803176	0.447708	0.510204
DHX57_38815837	0.434958	0.469388
DHX57_38819374	0.399428	0.510204
DHX57_38843276	0.405200	0.469388
DHX57_38866686	0.399614	0.387755
DHX57_38875023	0.400136	0.387755
DHX58_42108300	0.578811	0.632653
DHX58_42108575	0.578811	0.551020
DHX8_43485117	0.447463	0.469388
DHX8_43494532	0.468178	0.571429
DHX8_43516147	0.387555	0.285714
DHX9_182851976	0.389407	0.326531
DHX9_182856261	0.378241	0.306122
DIABLO_122223795	0.473900	0.326531
DIAPH1_141575229	0.441367	0.489796
DIAPH1_141580637	0.391080	0.408163
DIAPH2_96771543	0.364410	0.224490
DIAPH2_96939964	0.357495	0.551020
DIAPH3_59923000	0.321877	0.387755
DIAPH3_59974611	0.345535	0.428571
DIAPH3_59976243	0.345535	0.346939
DIAPH3_60009318	0.339883	0.387755
DIAPH3_60010887	0.353233	0.632653
DICER1_95139360	0.385611	0.448980
DIDO1_62906149	0.527725	0.326531
DIDO1_62909555	0.495083	0.510204
DIEXF_209838781	0.402475	0.591837
DIO1_53908512	0.503025	0.469388
DIP2A-IT1_46462315	0.434480	0.408163
DIP2A-IT1_46464573	0.405273	0.408163
DIP2A-IT1_46464623	0.405273	0.530612
DIP2A_46494232	0.397096	0.408163
DIP2A_46509085	0.428152	0.367347
DIP2A_46535844	0.444401	0.632653
DIP2A_46537749	0.528102	0.591837
DIP2A_46548126	0.439516	0.612245
DIP2A_46558106	0.607676	0.591837
DIP2B_50686352	0.355519	0.510204
DIP2B_50689411	0.418289	0.489796
DIP2B_50692821	0.418289	0.489796
DIP2B_50693366	0.392810	0.346939
DIP2B_50693705	0.392810	0.346939
DIP2B_50695093	0.392810	0.469388
DIP2B_50722672	0.409972	0.632653
DIP2B_50736958	0.445669	0.551020
DIP2B_50739769	0.477857	0.591837
DIP2C_284462	0.467091	0.489796
DIP2C_341753	0.500431	0.530612
DIP2C_345110	0.577337	0.571429
DIP2C_346779	0.577337	0.612245
DIP2C_346822	0.577337	0.612245
DIP2C_346908	0.577337	0.612245
DIP2C_346951	0.577337	0.612245
DIP2C_347080	0.577337	0.591837
DIP2C_347166	0.577337	0.591837
DIP2C_347487	0.577337	0.571429
DIP2C_347669	0.577337	0.591837
DIP2C_347808	0.577337	0.591837
DIP2C_347937	0.577337	0.653061
DIP2C_364814	0.465721	0.612245
DIP2C_365901	0.465721	0.673469
DIP2C_367540	0.561973	0.551020
DIP2C_396729	0.501152	0.530612
DIRAS3_68047890	0.426688	0.591837
DIS3L2_232130500	0.396694	0.510204
DIS3L2_232135161	0.437761	0.489796
DIS3L_66319548	0.428791	0.346939
DIS3_72772517	0.316547	0.367347
DISC1-IT1_231941399	0.486286	0.530612
DISC1-IT1_231943577	0.486286	0.428571
DISP1_222982802	0.373890	0.408163
DISP1_222991822	0.295890	0.265306
DISP2_40365550	0.583569	0.530612
DISP2_40366514	0.521021	0.571429
DISP3_11514251	0.406718	0.448980
DISP3_11520308	0.574442	0.591837
DISP3_11522224	0.606854	0.530612
DISP3_11523441	0.606854	0.693878
DISP3_11530421	0.604013	0.469388
DISP3_11530643	0.604013	0.571429
DIXDC1_111964491	0.444885	0.448980
DIXDC1_111967944	0.408972	0.551020
DIXDC1_111995673	0.386408	0.346939
DKC1_154767652	0.421110	0.387755
DLAT_112027951	0.561174	0.510204
DLAT_112033285	0.412741	0.387755
DLAT_112049561	0.367851	0.204082
DLC1_13103025	0.413920	0.489796
DLC1_13106646	0.413920	0.489796
DLC1_13113327	0.393112	0.510204
DLEC1_38060114	0.470207	0.428571
DLEC1_38103823	0.382928	0.469388
DLEC1_38111516	0.496774	0.510204
DLEC1_38120087	0.545192	0.653061
DLEC1_38120816	0.617878	0.551020
DLEU1-AS1_50527007	0.488592	0.510204
DLG1_197084255	0.368445	0.265306
DLG2_83463665	0.380798	0.530612
DLG4_7206067	0.593216	0.612245
DLG5_77807165	0.523645	0.510204
DLG5_77809441	0.534956	0.551020
DLG5_77815034	0.496046	0.571429
DLG5_77816409	0.496046	0.571429
DLG5_77834635	0.574205	0.612245
DLGAP2_1669604	0.585526	0.755102
DLGAP2_1694352	0.503623	0.448980
DLGAP2_1700053	0.510031	0.428571
DLGAP2_1700903	0.510031	0.510204
DLGAP3_34867398	0.572674	0.612245
DLGAP3_34907214	0.442187	0.387755
DLGAP4_36500074	0.576628	0.591837
DLGAP5_55158157	0.408883	0.326531
DLGAP5_55173849	0.403028	0.367347
DLGAP5_55174544	0.403028	0.591837
DLK1_100729246	0.538824	0.489796
DLK1_100732288	0.537914	0.551020
DLL1_170284635	0.547807	0.673469
DLL3_39506987	0.532451	0.734694
DLL4_40934496	0.509524	0.591837
DLST_74893669	0.434047	0.387755
DLST_74902036	0.417879	0.469388
DLX3_49992646	0.534853	0.530612
DLX3_49992813	0.534853	0.591837
DLX5_97022460	0.522907	0.387755
DLX5_97023490	0.522907	0.510204
DLX6_97008605	0.399185	0.428571
DMBT1_122571030	0.479651	0.551020
DMBT1_122620048	0.475410	0.530612
DMBT1_122632097	0.585787	0.571429
DMBT1_122638981	0.476714	0.530612
DMBT1_122640664	0.507485	0.428571
DMC1_38566368	0.445024	0.306122
DMD_31125207	0.380811	0.367347
DMD_31126062	0.380811	0.428571
DMD_31146040	0.390790	0.551020
DMD_32389035	0.296870	0.326531
DMD_32490422	0.363607	0.510204
DMGDH_79025703	0.390827	0.387755
DMGDH_79032898	0.324121	0.326531
DMGDH_79044162	0.414929	0.510204
DMGDH_79055671	0.384668	0.367347
DMKN_35510595	0.608808	0.673469
DMKN_35510720	0.608808	0.530612
DMKN_35512807	0.548263	0.448980
DMRTC2_41849674	0.466351	0.489796
DMTF1_87175322	0.332718	0.469388
DMTN_22071044	0.472125	0.408163
DMTN_22074615	0.472257	0.530612
DMTN_22077834	0.472257	0.367347
DMTN_22080366	0.562874	0.551020
DMTN_22080744	0.642458	0.612245
DMXL1_119129172	0.459794	0.224490
DMXL1_119165013	0.252964	0.346939
DMXL2_51460289	0.351604	0.428571
DMXL2_51468507	0.345347	0.489796
DMXL2_51478579	0.339375	0.448980
DMXL2_51491161	0.364256	0.387755
DMXL2_51498422	0.352649	0.306122
DNA2_68416052	0.449094	0.530612
DNA2_68417509	0.439394	0.408163
DNA2_68420640	0.447256	0.428571
DNA2_68433837	0.421778	0.326531
DNA2_68447227	0.402324	0.469388
DNA2_68450364	0.414295	0.448980
DNA2_68457480	0.414295	0.448980
DNA2_68462560	0.438501	0.408163
DNAAF1_84145877	0.450320	0.653061
DNAAF1_84154120	0.462211	0.551020
DNAAF1_84171820	0.500788	0.510204
DNAAF3_55164509	0.482949	0.183673
DNAAF5_756399	0.577041	0.632653
DNAAF5_757708	0.514922	0.489796
DNAAF5_758049	0.514922	0.632653
DNAAF5_758641	0.514922	0.591837
DNAAF5_762031	0.557360	0.632653
DNAAF5_774891	0.625775	0.387755
DNAAF5_776642	0.529019	0.653061
DNAAF5_779659	0.529019	0.612245
DNAAF5_785458	0.556962	0.367347
DNAH10_123772590	0.468722	0.489796
DNAH10_123809197	0.457007	0.571429
DNAH10_123829101	0.445023	0.632653
DNAH10_123837700	0.413393	0.591837
DNAH10_123838370	0.413393	0.632653
DNAH10_123848938	0.499252	0.469388
DNAH10_123850426	0.499252	0.632653
DNAH10_123850519	0.499252	0.571429
DNAH10_123872089	0.481841	0.571429
DNAH10_123876134	0.475490	0.591837
DNAH10_123888148	0.512418	0.510204
DNAH10_123889569	0.512418	0.489796
DNAH10_123892607	0.512418	0.612245
DNAH10_123902597	0.536857	0.653061
DNAH10_123905793	0.509354	0.428571
DNAH10_123918264	0.552204	0.510204
DNAH11_21560707	0.367762	0.571429
DNAH11_21569664	0.383707	0.346939
DNAH11_21618930	0.434191	0.489796
DNAH11_21619522	0.350614	0.244898
DNAH11_21690446	0.404387	0.469388
DNAH11_21711523	0.356151	0.448980
DNAH11_21738476	0.409314	0.510204
DNAH11_21739476	0.346591	0.367347
DNAH11_21746991	0.400455	0.408163
DNAH11_21807807	0.384592	0.408163
DNAH11_21854233	0.376114	0.326531
DNAH11_21864427	0.381521	0.489796
DNAH11_21881501	0.384751	0.367347
DNAH11_21898739	0.424124	0.469388
DNAH14_225271543	0.334770	0.408163
DNAH14_225303656	0.407051	0.448980
DNAH14_225308096	0.345455	0.571429
DNAH14_225332386	0.341421	0.510204
DNAH17_78426197	0.550282	0.571429
DNAH17_78430082	0.554780	0.489796
DNAH17_78438860	0.573301	0.489796
DNAH17_78453087	0.518874	0.530612
DNAH17_78453236	0.518874	0.510204
DNAH17_78470563	0.525180	0.591837
DNAH17_78492789	0.566929	0.591837
DNAH17_78494859	0.659420	0.632653
DNAH17_78498374	0.545656	0.591837
DNAH17_78503665	0.513371	0.510204
DNAH17_78506630	0.510204	0.612245
DNAH17_78506991	0.556845	0.469388
DNAH17_78510730	0.518397	0.612245
DNAH17_78515091	0.437713	0.469388
DNAH17_78515105	0.437713	0.551020
DNAH17_78527476	0.520404	0.346939
DNAH17_78530619	0.505841	0.714286
DNAH17_78538629	0.494700	0.612245
DNAH17_78545027	0.472071	0.571429
DNAH17_78547129	0.472071	0.244898
DNAH17_78555381	0.451339	0.510204
DNAH17_78563192	0.483704	0.367347
DNAH17_78565154	0.483704	0.428571
DNAH17_78566396	0.483704	0.448980
DNAH1_52317761	0.525499	0.571429
DNAH1_52317765	0.525499	0.591837
DNAH1_52323480	0.566860	0.591837
DNAH1_52328722	0.529524	0.591837
DNAH1_52344330	0.451757	0.632653
DNAH1_52347704	0.588794	0.551020
DNAH1_52349929	0.614437	0.612245
DNAH1_52350214	0.636591	0.591837
DNAH1_52350219	0.636591	0.571429
DNAH1_52354750	0.527709	0.653061
DNAH1_52360806	0.569689	0.489796
DNAH1_52367112	0.543443	0.428571
DNAH1_52367506	0.543443	0.551020
DNAH1_52398848	0.521106	0.530612
DNAH1_52400193	0.588991	0.632653
DNAH2_7722281	0.490475	0.632653
DNAH2_7739731	0.514956	0.408163
DNAH2_7768742	0.429435	0.469388
DNAH2_7773446	0.453495	0.551020
DNAH2_7777241	0.532374	0.551020
DNAH2_7791882	0.477941	0.510204
DNAH2_7806919	0.448747	0.551020
DNAH2_7823832	0.614634	0.530612
DNAH3_20944880	0.467400	0.530612
DNAH3_20960377	0.433101	0.428571
DNAH3_21024846	0.404731	0.530612
DNAH3_21048561	0.427563	0.714286
DNAH3_21068208	0.440601	0.551020
DNAH3_21125523	0.474957	0.469388
DNAH3_21129203	0.452529	0.591837
DNAH3_21135907	0.463349	0.306122
DNAH5_13693568	0.391463	0.408163
DNAH5_13751633	0.404353	0.306122
DNAH5_13767984	0.397482	0.306122
DNAH5_13776816	0.335354	0.346939
DNAH5_13843762	0.401432	0.326531
DNAH5_13846251	0.402616	0.408163
DNAH5_13848553	0.402616	0.367347
DNAH5_13896915	0.334601	0.306122
DNAH5_13920741	0.425118	0.571429
DNAH6_84600667	0.347409	0.346939
DNAH6_84604227	0.347409	0.489796
DNAH6_84611084	0.373089	0.387755
DNAH6_84671038	0.474338	0.571429
DNAH6_84673295	0.446903	0.469388
DNAH6_84680943	0.407820	0.367347
DNAH6_84707449	0.316000	0.244898
DNAH6_84720633	0.419811	0.387755
DNAH6_84782624	0.382008	0.448980
DNAH6_84814587	0.443613	0.469388
DNAH7_195776225	0.383811	0.653061
DNAH7_195814008	0.356720	0.428571
DNAH7_195852808	0.412376	0.469388
DNAH7_195862775	0.411898	0.408163
DNAH7_195876850	0.333464	0.448980
DNAH7_195923464	0.389406	0.346939
DNAH7_196021696	0.379700	0.510204
DNAH7_196022017	0.379700	0.530612
DNAH7_196023538	0.379700	0.428571
DNAH8_38764996	0.377163	0.428571
DNAH8_38783946	0.386483	0.612245
DNAH8_38784130	0.386483	0.448980
DNAH8_38814787	0.446188	0.489796
DNAH8_38835469	0.387879	0.408163
DNAH8_38836900	0.387879	0.367347
DNAH8_38862871	0.386846	0.326531
DNAH8_38876547	0.378054	0.408163
DNAH8_38905695	0.402867	0.387755
DNAH8_38933716	0.381879	0.489796
DNAH8_38987850	0.434783	0.469388
DNAH9_11611648	0.489498	0.346939
DNAH9_11617358	0.430373	0.591837
DNAH9_11629860	0.428714	0.530612
DNAH9_11651481	0.408078	0.387755
DNAH9_11702647	0.464298	0.428571
DNAH9_11747508	0.400243	0.571429
DNAH9_11767094	0.441918	0.571429
DNAH9_11796633	0.416328	0.448980
DNAH9_11822383	0.512000	0.510204
DNAH9_11891710	0.411765	0.387755
DNAH9_11893102	0.428689	0.571429
DNAH9_11905459	0.486172	0.612245
DNAH9_11937305	0.466768	0.510204
DNAH9_11963966	0.399688	0.469388
DNAI1_34490933	0.525845	0.571429
DNAI1_34492969	0.489933	0.571429
DNAI1_34497914	0.454855	0.448980
DNAI1_34518801	0.563323	0.551020
DNAI1_34520177	0.563323	0.591837
DNAI2_74274876	0.504758	0.551020
DNAI2_74304713	0.520000	0.530612
DNAJA1_33038315	0.414914	0.469388
DNAJA3_4442143	0.398844	0.448980
DNAJA3_4445333	0.474270	0.591837
DNAJA3_4446083	0.474270	0.408163
DNAJA3_4454639	0.515187	0.551020
DNAJB11_186571388	0.457042	0.530612
DNAJB12_72340477	0.484861	0.571429
DNAJB13_73952675	0.500766	0.571429
DNAJB14_99901393	0.342791	0.428571
DNAJB14_99907408	0.324440	0.551020
DNAJB14_99908419	0.324440	0.265306
DNAJB2_219283681	0.514886	0.571429
DNAJB4_78010709	0.343511	0.326531
DNAJB6_157383441	0.423865	0.428571
DNAJB6_157409793	0.505272	0.673469
DNAJB6_157415650	0.575324	0.693878
DNAJC10_182727034	0.353077	0.346939
DNAJC10_182748375	0.385525	0.387755
DNAJC10_182753026	0.318408	0.285714
DNAJC11_6642030	0.495778	0.469388
DNAJC11_6696220	0.442850	0.367347
DNAJC13_132522611	0.372151	0.387755
DNAJC13_132528103	0.339801	0.510204
DNAJC16_15559450	0.415698	0.367347
DNAJC18_139421842	0.409750	0.387755
DNAJC18_139428271	0.427064	0.612245
DNAJC18_139437302	0.402279	0.367347
DNAJC21_34931760	0.452027	0.653061
DNAJC27_24951969	0.383017	0.428571
DNAJC3_95757399	0.392300	0.489796
DNAJC3_95790763	0.402206	0.489796
DNAJC5B_66079923	0.403083	0.571429
DNAJC6_65394756	0.388780	0.448980
DNAJC6_65404615	0.370268	0.428571
DNAJC6_65411205	0.384428	0.346939
DNAJC8_28209395	0.405006	0.346939
DNAJC8_28211028	0.387727	0.346939
DNAJC8_28219939	0.428366	0.551020
DNAL4_38782058	0.560194	0.551020
DNALI1_37562554	0.491367	0.551020
DNASE1L3_58200482	0.459245	0.469388
DNASE1L3_58203127	0.473627	0.612245
DNASE1L3_58205850	0.483252	0.510204
DNASE1L3_58209655	0.462790	0.632653
DNASE2B_84399192	0.440050	0.571429
DNASE2B_84402670	0.388644	0.469388
DNER_229586237	0.464753	0.387755
DNHD1_6502700	0.430229	0.489796
DNHD1_6509583	0.392500	0.285714
DNHD1_6519573	0.407834	0.510204
DNLZ_136362509	0.615099	0.612245
DNM1L_32719810	0.373684	0.428571
DNM1_128236220	0.487352	0.653061
DNM2_10784013	0.504211	0.428571
DNM2_10787037	0.510766	0.612245
DNM3_172040917	0.386806	0.489796
DNMBP_99877758	0.488278	0.510204
DNMBP_99880965	0.438202	0.530612
DNMBP_99883537	0.438202	0.530612
DNMBP_99901850	0.468340	0.530612
DNMBP_99908400	0.442890	0.551020
DNMT1_10151133	0.532540	0.510204
DNMT1_10156537	0.541931	0.510204
DNMT1_10158782	0.541931	0.571429
DNMT1_10158919	0.541931	0.408163
DNMT3A_25236737	0.539640	0.693878
DNMT3A_25244404	0.661692	0.612245
DNMT3A_25268238	0.511503	0.530612
DNMT3A_25280126	0.540525	0.530612
DNMT3B_32786476	0.481730	0.571429
DNMT3B_32798352	0.522414	0.530612
DNMT3B_32800693	0.524254	0.632653
DNMT3L_44256283	0.556166	0.591837
DNPEP_219378774	0.434886	0.489796
DNTTIP2_93871133	0.351837	0.346939
DNTT_96335447	0.410443	0.551020
DOC2B_149855	0.512310	0.285714
DOC2B_151624	0.512310	0.448980
DOC2B_154444	0.512310	0.469388
DOC2B_155557	0.512310	0.530612
DOCK10_224796665	0.405959	0.408163
DOCK10_224849385	0.422878	0.387755
DOCK10_224849852	0.424919	0.469388
DOCK11_118514204	0.426636	0.551020
DOCK11_118566823	0.346667	0.408163
DOCK11_118613903	0.395507	0.387755
DOCK11_118615485	0.400485	0.428571
DOCK11_118622217	0.387780	0.306122
DOCK11_118640327	0.377171	0.367347
DOCK11_118656731	0.386976	0.551020
DOCK11_118661525	0.386976	0.285714
DOCK1_126944454	0.477202	0.551020
DOCK1_126974617	0.452806	0.530612
DOCK1_126977710	0.452806	0.530612
DOCK1_126977716	0.452806	0.530612
DOCK1_126980292	0.463731	0.632653
DOCK1_126986919	0.455922	0.367347
DOCK1_127006983	0.465812	0.510204
DOCK1_127006991	0.465812	0.530612
DOCK1_127035271	0.459615	0.408163
DOCK1_127053832	0.397085	0.408163
DOCK1_127357386	0.458424	0.632653
DOCK1_127360484	0.458424	0.448980
DOCK1_127410490	0.443370	0.244898
DOCK1_127410718	0.443370	0.510204
DOCK1_127419408	0.552491	0.673469
DOCK1_127419599	0.552491	0.469388
DOCK1_127421337	0.452482	0.469388
DOCK1_127427261	0.519873	0.571429
DOCK1_127430982	0.519873	0.632653
DOCK2_169674266	0.429853	0.408163
DOCK2_169716064	0.383476	0.469388
DOCK2_169982892	0.432613	0.489796
DOCK2_169984050	0.422022	0.367347
DOCK2_169984381	0.422022	0.387755
DOCK2_170018958	0.440125	0.408163
DOCK2_170035206	0.458397	0.510204
DOCK2_170037877	0.422316	0.428571
DOCK2_170050722	0.446913	0.612245
DOCK2_170074973	0.416741	0.551020
DOCK3_51274938	0.434046	0.448980
DOCK3_51277537	0.434402	0.510204
DOCK3_51325222	0.408222	0.265306
DOCK3_51334301	0.465230	0.469388
DOCK3_51341812	0.439727	0.428571
DOCK3_51360861	0.510604	0.469388
DOCK3_51377471	0.533691	0.612245
DOCK3_51378998	0.533691	0.530612
DOCK4_111731181	0.443081	0.428571
DOCK4_111734967	0.456978	0.408163
DOCK4_111746731	0.365135	0.448980
DOCK4_111754929	0.388552	0.530612
DOCK4_111755352	0.388552	0.367347
DOCK4_111765659	0.372582	0.510204
DOCK4_111780546	0.373609	0.306122
DOCK4_111840089	0.364033	0.346939
DOCK4_111943074	0.367557	0.346939
DOCK4_111943366	0.367557	0.469388
DOCK4_111984510	0.410683	0.448980
DOCK5_25269428	0.401077	0.346939
DOCK5_25312356	0.433889	0.428571
DOCK5_25322380	0.441145	0.428571
DOCK5_25339612	0.409505	0.551020
DOCK5_25340758	0.409505	0.428571
DOCK5_25349777	0.433568	0.530612
DOCK5_25363381	0.413747	0.489796
DOCK5_25388173	0.443283	0.367347
DOCK6_11201261	0.622010	0.632653
DOCK6_11209143	0.573353	0.693878
DOCK6_11227989	0.549932	0.387755
DOCK6_11246785	0.544124	0.551020
DOCK6_11254842	0.535409	0.591837
DOCK7_62621534	0.376068	0.428571
DOCK7_62626768	0.350805	0.387755
DOCK7_62630436	0.350805	0.448980
DOCK7_62632526	0.347036	0.428571
DOCK8_306998	0.419230	0.510204
DOCK8_307851	0.419230	0.306122
DOCK8_333172	0.416380	0.530612
DOCK8_336424	0.435139	0.489796
DOCK8_377555	0.440016	0.346939
DOCK8_382457	0.473419	0.408163
DOCK8_424387	0.404085	0.244898
DOCK8_438991	0.397985	0.367347
DOCK8_463437	0.412668	0.285714
DOCK9_98808131	0.372596	0.469388
DOCK9_98827032	0.391071	0.326531
DOCK9_98829791	0.419233	0.448980
DOCK9_98830873	0.419233	0.408163
DOCK9_98832386	0.404678	0.408163
DOCK9_98848016	0.415769	0.551020
DOCK9_98867063	0.410991	0.530612
DOCK9_98890356	0.410438	0.510204
DOCK9_98891309	0.410438	0.510204
DOCK9_98892715	0.410438	0.448980
DOCK9_98922190	0.399134	0.510204
DOCK9_98922440	0.399134	0.448980
DOCK9_98927734	0.363936	0.591837
DOHH_3492961	0.591623	0.632653
DOK3_177505624	0.532310	0.571429
DOK4_57477927	0.594432	0.653061
DOK7_3475030	0.614418	0.591837
DOK7_3488704	0.649328	0.632653
DOK7_3491736	0.564821	0.612245
DOK7_3492248	0.564821	0.693878
DOLPP1_129084883	0.629921	0.632653
DOLPP1_129085423	0.635071	0.653061
DONSON_33581541	0.315556	0.367347
DOPEY1_83124261	0.368757	0.448980
DOPEY1_83126210	0.383444	0.408163
DOPEY2_36202808	0.480945	0.510204
DOPEY2_36208557	0.480945	0.673469
DOPEY2_36237088	0.474916	0.489796
DOPEY2_36237147	0.474916	0.448980
DOPEY2_36262498	0.467117	0.591837
DOPEY2_36266530	0.468216	0.551020
DOT1L_2188675	0.604156	0.551020
DOT1L_2199228	0.624388	0.693878
DOT1L_2208486	0.644338	0.693878
DOT1L_2229100	0.677832	0.571429
DPCD_101590168	0.449097	0.469388
DPCD_101594583	0.449097	0.591837
DPEP3_67979417	0.521739	0.530612
DPF1_38214275	0.550566	0.551020
DPF1_38218710	0.597015	0.571429
DPF2_65334701	0.476028	0.489796
DPF2_65343239	0.472961	0.551020
DPH1_2032367	0.501833	0.489796
DPH1_2040216	0.586294	0.469388
DPH2_43972122	0.551724	0.551020
DPH3_16262232	0.395789	0.408163
DPH6_35544667	0.373304	0.367347
DPM1_50951163	0.363330	0.346939
DPP10_115750192	0.344206	0.551020
DPP3_66481068	0.523699	0.428571
DPP3_66496221	0.528119	0.346939
DPP3_66500139	0.478694	0.571429
DPP3_66505583	0.489312	0.387755
DPP4_162011096	0.354826	0.530612
DPP4_162012049	0.365449	0.387755
DPP4_162034120	0.337748	0.408163
DPP6_154796446	0.447999	0.387755
DPP6_154799159	0.447999	0.551020
DPP6_154801894	0.528946	0.448980
DPP6_154804311	0.500520	0.387755
DPP6_154804594	0.500520	0.448980
DPP6_154868608	0.529139	0.510204
DPP6_154888365	0.522446	0.612245
DPP8_65463187	0.419407	0.408163
DPP8_65464537	0.441718	0.387755
DPP9_4680977	0.533285	0.448980
DPP9_4691050	0.570888	0.571429
DPP9_4699967	0.579563	0.673469
DPP9_4713628	0.547226	0.632653
DPPA2_109309936	0.467953	0.428571
DPPA4_109332784	0.463547	0.428571
DPY19L1_34952407	0.330069	0.367347
DPY19L1_34953481	0.330069	0.510204
DPY19L1_34953485	0.330069	0.510204
DPY19L1_34957086	0.369266	0.448980
DPY19L1_34958324	0.345461	0.408163
DPY19L1_34967990	0.329947	0.510204
DPY19L3_32466936	0.361379	0.306122
DPY19L4_94761628	0.415523	0.387755
DPY19L4_94762369	0.441458	0.551020
DPY19L4_94763248	0.441458	0.387755
DPY19L4_94764360	0.441458	0.591837
DPY19L4_94788890	0.326639	0.306122
DPYD_97376444	0.373228	0.469388
DPYSL2_26631861	0.496418	0.551020
DPYSL2_26652105	0.476212	0.571429
DPYSL3_147394247	0.408362	0.510204
DPYSL3_147397901	0.442557	0.469388
DPYSL3_147397967	0.442557	0.551020
DPYSL3_147399660	0.368311	0.346939
DPYSL3_147413113	0.448732	0.510204
DPYSL4_132193467	0.577423	0.591837
DPYSL4_132202455	0.665406	0.612245
DPYSL5_26929046	0.494873	0.693878
DQX1_74519350	0.415385	0.408163
DR1_93350000	0.345356	0.346939
DRAM1_101897586	0.434811	0.408163
DRAM1_101906901	0.437204	0.428571
DRAM2_111126589	0.355820	0.367347
DRAM2_111133177	0.415519	0.265306
DRAXIN_11706846	0.560624	0.632653
DRAXIN_11708248	0.560624	0.612245
DRAXIN_11713588	0.544440	0.510204
DRC1_26431364	0.459941	0.612245
DRC1_26443485	0.420896	0.612245
DRC1_26456097	0.581907	0.551020
DRC3_17973575	0.436716	0.346939
DRC3_17974210	0.504283	0.346939
DRC3_17989215	0.510716	0.571429
DRC3_18004194	0.479340	0.510204
DRC7_57701600	0.491803	0.551020
DRC7_57720230	0.494516	0.469388
DRC7_57724901	0.480519	0.612245
DRC7_57725364	0.480519	0.510204
DRC7_57730079	0.544757	0.551020
DRD2_113411509	0.502141	0.612245
DRD3_114132816	0.425238	0.306122
DRD4_639646	0.892157	0.816327
DRG2_18101242	0.570228	0.530612
DRGX_49392191	0.468758	0.448980
DRGX_49395285	0.468758	0.795918
DROSHA_31408504	0.361137	0.387755
DROSHA_31424799	0.379572	0.306122
DROSHA_31497711	0.477565	0.408163
DROSHA_31505927	0.409034	0.306122
DROSHA_31513182	0.442404	0.530612
DROSHA_31528196	0.460273	0.428571
DRP2_101243973	0.471976	0.387755
DRP2_101253221	0.450234	0.489796
DRP2_101254393	0.450234	0.510204
DRP2_101258662	0.455393	0.551020
DSC1_31149141	0.356712	0.244898
DSC3_31028824	0.368494	0.265306
DSC3_31031822	0.333660	0.326531
DSCAML1_117458186	0.464972	0.591837
DSCAML1_117473858	0.506781	0.510204
DSCAML1_117479540	0.506781	0.632653
DSCAML1_117505810	0.542482	0.653061
DSCAML1_117519077	0.500634	0.346939
DSCAML1_117531152	0.519473	0.551020
DSCAM_40042711	0.465812	0.469388
DSCAM_40054500	0.451479	0.632653
DSCAM_40076273	0.442845	0.510204
DSCAM_40076866	0.442845	0.306122
DSCAM_40144240	0.445129	0.408163
DSCR3_37227969	0.629808	0.571429
DSCR4-IT1_38010184	0.415776	0.469388
DSG1_31319001	0.349733	0.265306
DSG1_31323029	0.349733	0.306122
DSG2_31539794	0.420958	0.571429
DSG2_31540075	0.420958	0.346939
DSG2_31540675	0.420958	0.428571
DSG2_31545116	0.350855	0.428571
DSG3_31448430	0.356824	0.285714
DSG3_31456129	0.356824	0.469388
DSG4_31392589	0.377868	0.346939
DSP_7563061	0.402094	0.408163
DSP_7567194	0.408257	0.326531
DSTN_17606756	0.410811	0.530612
DSTYK_205161587	0.361111	0.489796
DST_56470583	0.312272	0.224490
DST_56471596	0.329114	0.489796
DST_56480472	0.345758	0.448980
DST_56559758	0.341982	0.469388
DST_56579078	0.398369	0.408163
DST_56636708	0.358404	0.387755
DTD1_18737262	0.434278	0.612245
DTD2_31454838	0.392331	0.326531
DTL_212036570	0.367376	0.326531
DTL_212074017	0.350562	0.346939
DTNA_34807606	0.388574	0.448980
DTNA_34807610	0.388574	0.448980
DTNA_34809486	0.388574	0.285714
DTNA_34866009	0.409668	0.551020
DTNA_34885933	0.393443	0.510204
DTNBP1_15528080	0.454376	0.469388
DTNB_25383656	0.493573	0.510204
DTNB_25384034	0.480435	0.653061
DTNB_25432519	0.398363	0.469388
DTNB_25433436	0.480220	0.510204
DTNB_25494557	0.396922	0.469388
DTX1_113092909	0.514214	0.571429
DTX1_113093024	0.514214	0.469388
DTX1_113094036	0.602374	0.591837
DTX2_76464814	0.486039	0.591837
DTX2_76491607	0.524709	0.306122
DTX2_76493557	0.583710	0.469388
DTX2_76505236	0.647629	0.591837
DTX3L_122567187	0.465261	0.408163
DTX4_59173378	0.480519	0.693878
DTX4_59186426	0.490593	0.591837
DTX4_59192626	0.447413	0.428571
DTX4_59198037	0.441817	0.469388
DTX4_59202055	0.416565	0.367347
DTYMK_241684501	0.460818	0.551020
DUOX1_45138294	0.521408	0.612245
DUOX1_45146076	0.500000	0.551020
DUOX1_45152147	0.635193	0.571429
DUOX1_45153269	0.545771	0.551020
DUOX1_45158917	0.504585	0.428571
DUOX1_45162939	0.584922	0.612245
DUOX2_45096130	0.492778	0.591837
DUOXA2_45114827	0.554493	0.530612
DUS2_68024473	0.481823	0.428571
DUS2_68049196	0.461647	0.469388
DUS2_68049990	0.436083	0.448980
DUS2_68051097	0.436083	0.428571
DUS2_68068146	0.511581	0.489796
DUS2_68070031	0.511581	0.551020
DUS2_68076848	0.509565	0.612245
DUS3L_5785511	0.769231	0.755102
DUS4L_107564998	0.365782	0.408163
DUSP11_73765271	0.404722	0.448980
DUSP11_73765357	0.404722	0.551020
DUSP13_75105611	0.553995	0.612245
DUSP13_75108622	0.553995	0.530612
DUSP13_75108852	0.553995	0.673469
DUSP15_31862883	0.537801	0.591837
DUSP16_12480422	0.410867	0.387755
DUSP19_183086922	0.409469	0.306122
DUSP22_305122	0.452341	0.367347
DUSP22_310430	0.452341	0.408163
DUSP22_347497	0.456762	0.571429
DUSP26_33594161	0.494784	0.448980
DUSP27_167121449	0.460127	0.693878
DUSP5_110503313	0.456827	0.448980
DUT_48334979	0.391021	0.367347
DUXA_57164449	0.436641	0.551020
DVL1_1341001	0.566638	0.571429
DVL1_1344957	0.661398	0.612245
DVL1_1344997	0.661398	0.673469
DVL1_1346771	0.661398	0.734694
DVL1_1348050	0.661398	0.734694
DYDC1_80352934	0.448000	0.387755
DYDC2_80353769	0.448000	0.387755
DYNAP_54592298	0.342317	0.285714
DYNC1H1_101980955	0.413695	0.469388
DYNC1H1_101982281	0.413695	0.346939
DYNC1H1_101994045	0.453785	0.448980
DYNC1H1_102004339	0.456186	0.387755
DYNC1I1_95983763	0.351310	0.530612
DYNC1I2_171725388	0.353843	0.428571
DYNC1LI2_66734336	0.452638	0.510204
DYNC1LI2_66750422	0.485452	0.571429
DYNC2H1_103111950	0.379612	0.428571
DYNC2H1_103122288	0.353916	0.265306
DYNC2H1_103150607	0.362990	0.306122
DYNC2H1_103163349	0.362909	0.571429
DYNC2H1_103213171	0.338629	0.448980
DYNC2H1_103229305	0.382846	0.469388
DYNC2H1_103285752	0.360050	0.346939
DYNC2LI1_43780390	0.389426	0.428571
DYNC2LI1_43787113	0.396856	0.346939
DYNLRB1_34528516	0.483181	0.489796
DYNLT3_37846530	0.516934	0.510204
DYNLT3_37846534	0.516934	0.571429
DYRK1B_39826555	0.563636	0.510204
DYRK4_4597454	0.475196	0.448980
DYSF_71561551	0.575000	0.632653
DYSF_71592105	0.540665	0.693878
DYSF_71594028	0.540665	0.591837
DYSF_71599679	0.548568	0.673469
DYSF_71612416	0.568047	0.551020
DYSF_71672158	0.573483	0.591837
DYSF_71676110	0.385924	0.510204
DYSF_71681252	0.539112	0.571429
DYSF_71682845	0.574153	0.510204
DYTN_206694601	0.380028	0.367347
DYX1C1_55435153	0.420802	0.367347
DZANK1_18385202	0.422343	0.489796
DZANK1_18432216	0.406654	0.408163
DZIP1L_138065978	0.468693	0.387755
DZIP1L_138066877	0.468693	0.653061
DZIP1L_138078605	0.459782	0.448980
DZIP1L_138083704	0.483816	0.530612
DZIP1L_138084682	0.425933	0.448980
DZIP1L_138087237	0.381550	0.408163
DZIP1L_138095050	0.392227	0.469388
DZIP1L_138095068	0.392227	0.510204
DZIP1L_138100357	0.476080	0.530612
DZIP1_95625761	0.371615	0.326531
DZIP1_95628241	0.371615	0.469388
DZIP1_95633398	0.407877	0.489796
DZIP1_95633711	0.407877	0.367347
DZIP1_95634639	0.407877	0.387755
DZIP1_95637323	0.407877	0.387755
DZIP3_108654444	0.402326	0.367347
DZIP3_108661694	0.402326	0.448980
DZIP3_108664132	0.366833	0.469388
E2F1_33677669	0.481818	0.510204
E2F3-IT1_20438692	0.379469	0.408163
E2F3_20480675	0.407051	0.326531
E2F4_67193648	0.528345	0.551020
E2F6_11454327	0.396154	0.387755
E2F7_77044484	0.446764	0.387755
E2F7_77046836	0.410172	0.346939
E2F7_77052619	0.344423	0.346939
EAF2_121854454	0.351317	0.428571
EAPP_34538428	0.422690	0.367347
EARS2_23528112	0.482775	0.612245
EBAG9_109551389	0.334122	0.408163
EBAG9_109552477	0.334122	0.367347
EBF1_158701835	0.439226	0.530612
EBF1_158708916	0.410302	0.408163
EBF1_158713300	0.406605	0.387755
EBF1_159099237	0.545619	0.836735
EBF2_26042518	0.600727	0.591837
EBF3_129841932	0.538319	0.612245
EBF3_129844714	0.444016	0.510204
EBF4_2707543	0.582640	0.510204
ECE1_21244326	0.513938	0.612245
ECE1_21284830	0.508988	0.632653
ECE2_184250506	0.467555	0.612245
ECE2_184255818	0.467555	0.551020
ECE2_184285947	0.501783	0.326531
ECHDC3_11751749	0.407051	0.489796
ECHS1_133363225	0.491299	0.510204
ECI1_2246094	0.596704	0.653061
ECI1_2250474	0.500578	0.693878
ECI2_4119551	0.392200	0.551020
ECI2_4124640	0.392200	0.346939
ECI2_4128036	0.401181	0.510204
ECM2_92503310	0.408333	0.408163
ECM2_92510273	0.400810	0.306122
ECM2_92512888	0.426118	0.530612
ECM2_92513184	0.426118	0.612245
ECM2_92513422	0.426118	0.408163
ECSIT_11508325	0.502496	0.530612
ECT2L_138846493	0.416752	0.346939
ECT2L_138852906	0.430189	0.387755
ECT2L_138853875	0.430189	0.571429
ECT2_172754371	0.416324	0.387755
ECT2_172779009	0.364373	0.265306
ECT2_172782714	0.314614	0.571429
ECT2_172811014	0.321917	0.244898
EDA2R_66604204	0.357979	0.326531
EDAR_108923609	0.543524	0.510204
EDA_70029924	0.490323	0.469388
EDA_70031186	0.476190	0.448980
EDEM1_5194111	0.423412	0.510204
EDEM1_5202862	0.407301	0.510204
EDEM1_5212275	0.474310	0.530612
EDEM2_35131847	0.478673	0.571429
EDEM3_184728105	0.358461	0.306122
EDIL3_84248353	0.347328	0.408163
EDN2_41481293	0.580975	0.673469
EDN3_59322169	0.507640	0.387755
EDNRA_147535282	0.354351	0.428571
EDRF1_125743886	0.438272	0.489796
EEA1_92780544	0.345254	0.448980
EEA1_92800880	0.359729	0.367347
EEA1_92811590	0.352751	0.326531
EEA1_92813708	0.341919	0.346939
EEA1_92815642	0.341919	0.346939
EED_86273789	0.362438	0.408163
EEF1A2_63489669	0.564857	0.551020
EEF1AKMT1_20729927	0.491235	0.489796
EEF1AKMT1_20730954	0.491235	0.469388
EEF1G_62566537	0.461975	0.387755
EEF2K_22246289	0.490308	0.571429
EEF2K_22249529	0.480958	0.530612
EEF2K_22251121	0.586057	0.653061
EEF2K_22266388	0.516236	0.510204
EEF2K_22267092	0.470144	0.469388
EEF2K_22272142	0.470144	0.448980
EEF2K_22273576	0.470144	0.489796
EEF2K_22278452	0.470762	0.551020
EEF2K_22278905	0.470762	0.510204
EEFSEC_128313514	0.481446	0.653061
EEFSEC_128402980	0.547299	0.428571
EEPD1_36283443	0.482659	0.448980
EFCAB10_105569059	0.395444	0.510204
EFCAB10_105574383	0.412608	0.469388
EFCAB11_89818304	0.400668	0.428571
EFCAB12_129427839	0.486890	0.530612
EFCAB13_47344853	0.326418	0.306122
EFCAB13_47344938	0.326418	0.265306
EFCAB14_46696709	0.397388	0.428571
EFCAB2_245083112	0.426114	0.612245
EFCAB3_62387056	0.385908	0.571429
EFCAB3_62407806	0.396226	0.571429
EFCAB6_43579503	0.482264	0.408163
EFCAB6_43634160	0.513447	0.510204
EFCAB6_43634410	0.513447	0.571429
EFCAB6_43667430	0.386492	0.612245
EFCAB6_43670728	0.400752	0.489796
EFCAB6_43673038	0.371353	0.408163
EFCAB8_32860838	0.452680	0.510204
EFCAB8_32882446	0.504554	0.510204
EFCAB8_32888367	0.534699	0.591837
EFCAB8_32890235	0.531718	0.632653
EFCAB8_32891768	0.531718	0.551020
EFCAB8_32894630	0.549287	0.571429
EFCAB9_172200297	0.469052	0.326531
EFCC1_129003493	0.572498	0.510204
EFCC1_129038591	0.474606	0.489796
EFEMP1_55921589	0.397605	0.448980
EFHB_19918550	0.414789	0.367347
EFHC1_52466479	0.382025	0.428571
EFHC2_44245780	0.385824	0.428571
EFHD2_15425667	0.555577	0.612245
EFL1_82156195	0.352051	0.265306
EFL1_82218857	0.354045	0.448980
EFL1_82231486	0.354738	0.510204
EFL1_82234969	0.354738	0.306122
EFNA1_155131053	0.553992	0.428571
EFNA2_1299536	0.551781	0.571429
EFNA3_155080581	0.631623	0.775510
EFNA4_155064559	0.531686	0.489796
EFNA5_107498902	0.382646	0.408163
EFNB3_7706965	0.559678	0.530612
EFNB3_7706976	0.559678	0.469388
EFR3A_131970249	0.324694	0.469388
EFR3A_131982124	0.338987	0.448980
EFR3A_131985832	0.298323	0.510204
EFR3A_131994930	0.370102	0.448980
EFR3B_25133354	0.540761	0.489796
EFR3B_25136733	0.578167	0.469388
EFTUD2_44878672	0.446889	0.469388
EFTUD2_44880255	0.472131	0.591837
EFTUD2_44883872	0.465709	0.428571
EGFLAM_38350915	0.468611	0.408163
EGFLAM_38408015	0.444444	0.551020
EGFLAM_38418617	0.447921	0.408163
EGFLAM_38430852	0.397299	0.489796
EGFLAM_38451187	0.477342	0.510204
EGFR_55142159	0.435104	0.591837
EGFR_55155828	0.474657	0.469388
EGFR_55183002	0.495375	0.530612
EGF_109980620	0.396501	0.387755
EGF_109994338	0.393984	0.428571
EGLN3_33929246	0.399894	0.367347
EGR2_62815316	0.643678	0.755102
EHBP1L1_65579021	0.611382	0.632653
EHBP1_62827460	0.357684	0.489796
EHBP1_62952179	0.338370	0.306122
EHBP1_62990461	0.301083	0.326531
EHBP1_63038497	0.295126	0.285714
EHD1_64867899	0.538057	0.693878
EHD2_47722545	0.539070	0.489796
EHD2_47724740	0.539070	0.408163
EHD3_31261941	0.457540	0.673469
EHD4_41909461	0.500059	0.489796
EHF_34648692	0.415167	0.489796
EHMT1_137744866	0.455097	0.673469
EHMT1_137782804	0.544379	0.469388
EHMT1_137798774	0.455241	0.530612
EI24_125582138	0.441838	0.530612
EI24_125583320	0.390909	0.632653
EIF1AX_20129971	0.378403	0.367347
EIF1AX_20140695	0.415057	0.408163
EIF1AY_20578687	0.373925	0.387755
EIF2AK1_6049050	0.443299	0.530612
EIF2AK2_37133510	0.439815	0.510204
EIF2AK2_37135963	0.403900	0.326531
EIF2AK4_39941330	0.395219	0.510204
EIF2AK4_39957706	0.408978	0.489796
EIF2AK4_39971968	0.399364	0.387755
EIF2AK4_39973465	0.389948	0.346939
EIF2AK4_39993823	0.443013	0.612245
EIF2AK4_40019492	0.446996	0.612245
EIF2B1_123622403	0.453147	0.571429
EIF2B3_44878194	0.523290	0.489796
EIF2B5_184139111	0.491544	0.571429
EIF2B5_184139785	0.491544	0.571429
EIF2B5_184139801	0.491544	0.571429
EIF2B5_184141151	0.475712	0.428571
EIF2S3_24058283	0.395628	0.612245
EIF3A_119037442	0.455819	0.469388
EIF3A_119037529	0.455819	0.326531
EIF3A_119050881	0.332061	0.306122
EIF3A_119052270	0.418236	0.387755
EIF3A_119057458	0.394536	0.326531
EIF3B_2367801	0.495878	0.306122
EIF3B_2368452	0.495878	0.591837
EIF3E_108235527	0.358223	0.530612
EIF3H_116649430	0.366720	0.428571
EIF3H_116649827	0.366720	0.428571
EIF3K_38619965	0.541130	0.632653
EIF3K_38622745	0.477341	0.612245
EIF3K_38623310	0.477341	0.591837
EIF3K_38625131	0.503825	0.326531
EIF3K_38625951	0.503825	0.551020
EIF3L_37853388	0.438144	0.551020
EIF3L_37854401	0.438144	0.510204
EIF3L_37856878	0.465392	0.326531
EIF3L_37874279	0.441323	0.489796
EIF4A3_80141980	0.481274	0.571429
EIF4A3_80145844	0.484694	0.489796
EIF4B_53021202	0.346262	0.346939
EIF4B_53035959	0.456836	0.571429
EIF4E1B_176643080	0.645161	0.489796
EIF4E2_232551847	0.453536	0.489796
EIF4E3_71699471	0.442936	0.510204
EIF4ENIF1_31440912	0.495028	0.428571
EIF4ENIF1_31444046	0.441430	0.489796
EIF4ENIF1_31456069	0.383595	0.367347
EIF4G1_184331235	0.453626	0.510204
EIF4G3_20813274	0.575145	0.408163
EIF4G3_20886408	0.376907	0.326531
EIF4H_74188404	0.448773	0.530612
EIF4H_74191080	0.451511	0.489796
EIF5A2_170893733	0.394495	0.469388
EIF5B_99368193	0.365267	0.448980
ELAC2_12998033	0.458864	0.469388
ELAC2_13008536	0.427585	0.387755
ELAC2_13011934	0.443820	0.428571
ELANE_851672	0.570698	0.428571
ELAVL1_7966223	0.510514	0.469388
ELAVL1_7969197	0.553927	0.408163
ELAVL1_7970981	0.553927	0.612245
ELAVL3_11460981	0.519841	0.612245
ELAVL3_11466398	0.587349	0.551020
ELAVL4_50195395	0.451279	0.448980
ELAVL4_50198460	0.403488	0.510204
ELF1_40948765	0.397619	0.367347
ELF2_139064579	0.389086	0.510204
ELF2_139096686	0.387801	0.551020
ELF5_34490091	0.460954	0.448980
ELF5_34491014	0.460954	0.489796
ELK1_47637663	0.566038	0.530612
ELK1_47643823	0.469543	0.551020
ELK1_47648388	0.469543	0.408163
ELK4_205616864	0.398356	0.306122
ELK4_205619113	0.326233	0.346939
ELK4_205629571	0.432171	0.408163
ELK4_205630553	0.432171	0.326531
ELL2_95900153	0.365037	0.448980
ELL2_95915670	0.381126	0.551020
ELL3_43774872	0.430451	0.551020
ELL_18446834	0.586565	0.551020
ELL_18449081	0.586565	0.530612
ELL_18452756	0.537523	0.571429
ELL_18466988	0.568248	0.653061
ELMO1_37224824	0.389016	0.448980
ELMO1_37230789	0.392485	0.265306
ELMO1_37315152	0.361083	0.510204
ELMO2_46368142	0.465414	0.510204
ELMO2_46374847	0.514286	0.510204
ELMO2_46401616	0.472737	0.510204
ELMOD2_140530415	0.341345	0.306122
ELMOD2_140539252	0.337776	0.387755
ELMOD3_85366423	0.455155	0.510204
ELMOD3_85367489	0.455155	0.469388
ELMSAN1_73719800	0.504735	0.387755
ELMSAN1_73720619	0.504735	0.551020
ELMSAN1_73725742	0.563988	0.571429
ELMSAN1_73731969	0.453936	0.489796
ELN_74033183	0.552862	0.489796
ELN_74040292	0.573648	0.673469
ELN_74053626	0.491465	0.387755
ELOA_23748722	0.449467	0.346939
ELOA_23756858	0.458554	0.530612
ELOC_73948486	0.421782	0.367347
ELOC_73959084	0.382210	0.367347
ELOC_73959239	0.382210	0.510204
ELOVL2_10995310	0.406479	0.530612
ELOVL4_79925340	0.285099	0.367347
ELOVL6_110171466	0.398173	0.306122
ELOVL7_60792333	0.408325	0.489796
ELP2_36132973	0.456412	0.591837
ELP2_36169848	0.450352	0.530612
ELP3_28095954	0.409536	0.551020
ELP4_31531513	0.354880	0.408163
ELP6_47497047	0.513410	0.571429
ELSPBP1_48019228	0.429465	0.530612
EMC1_19224225	0.467005	0.489796
EMC1_19227088	0.467005	0.448980
EMC1_19227230	0.467005	0.428571
EMC1_19233834	0.478937	0.408163
EMC1_19245622	0.442669	0.387755
EMC2_108448084	0.382103	0.428571
EMC3_9972645	0.447741	0.551020
EMC3_9974527	0.450162	0.428571
EMC3_9984623	0.440728	0.653061
EMC3_9985389	0.440728	0.326531
EMC8_85782928	0.510724	0.448980
EMC8_85787959	0.510724	0.469388
EME2_1773644	0.747826	0.775510
EME2_1774666	0.617733	0.693878
EMID1_29206807	0.556909	0.448980
EMID1_29207368	0.556909	0.469388
EMID1_29209640	0.556909	0.612245
EMID1_29209644	0.556909	0.571429
EMID1_29211824	0.556909	0.653061
EMID1_29218479	0.559145	0.612245
EMID1_29219040	0.559145	0.591837
EMID1_29226073	0.601728	0.591837
EMILIN1_27080730	0.600868	0.693878
EMILIN3_41364316	0.613811	0.591837
EMILIN3_41364479	0.613811	0.591837
EML1_99929808	0.454887	0.632653
EML2_45623388	0.493671	0.469388
EML5_88642388	0.356838	0.306122
EML6_54788364	0.394848	0.571429
EML6_54820201	0.376568	0.428571
EML6_54848125	0.355004	0.387755
EML6_54949502	0.500888	0.489796
EML6_54963689	0.448195	0.489796
EMP2_10537653	0.491624	0.571429
EMSY_76456436	0.340217	0.367347
EMSY_76466930	0.344689	0.265306
EMSY_76539426	0.402913	0.387755
EMSY_76539744	0.349903	0.428571
EMSY_76541878	0.349903	0.448980
EMSY_76542670	0.402433	0.265306
EMX1_72920304	0.545485	0.530612
EMX2_117545371	0.599591	0.775510
EN1_118845671	0.566372	0.591837
EN2_155461698	0.581923	0.632653
ENAM_70635144	0.402217	0.551020
ENGASE_79077173	0.530569	0.469388
ENG_127826024	0.548536	0.571429
ENO1_8861652	0.492107	0.571429
ENO2_6916083	0.589178	0.591837
ENO2_6920140	0.493671	0.530612
ENO4_116876734	0.454785	0.653061
ENOPH1_82453668	0.447929	0.408163
ENOSF1_690043	0.484021	0.591837
ENOX1_43360509	0.371826	0.469388
ENOX2_130683865	0.403336	0.428571
ENOX2_130707201	0.378090	0.408163
ENOX2_130722814	0.393451	0.489796
ENPEP_110490637	0.380851	0.530612
ENPEP_110545340	0.380999	0.428571
ENPP1_131829860	0.392354	0.551020
ENPP1_131850178	0.353623	0.326531
ENPP1_131858612	0.375960	0.408163
ENPP2_119558936	0.412004	0.571429
ENPP2_119563013	0.366501	0.469388
ENPP2_119601827	0.413532	0.551020
ENPP3_131635674	0.405537	0.612245
ENPP3_131642119	0.384887	0.346939
ENPP3_131654255	0.413368	0.489796
ENPP5_46166858	0.406952	0.326531
ENTHD1_39889804	0.401140	0.448980
ENTHD1_39891254	0.401140	0.387755
ENTHD1_39892157	0.401140	0.387755
ENTHD1_39892983	0.401140	0.428571
ENTPD2_137053710	0.676893	0.836735
ENTPD3_40388710	0.408662	0.489796
ENTPD3_40427089	0.396010	0.510204
ENTPD4_23435650	0.454670	0.448980
ENTPD4_23437504	0.377108	0.551020
ENTPD5_73973203	0.461268	0.551020
ENTPD5_74018072	0.491112	0.591837
ENTPD7_99660481	0.419986	0.489796
ENTPD7_99685681	0.386748	0.510204
ENTPD7_99702406	0.419133	0.510204
ENTPD8_137435566	0.679525	0.714286
EOGT_68989284	0.438563	0.346939
EOGT_68995872	0.438563	0.530612
EP400_131979499	0.412763	0.306122
EP400_131992828	0.486343	0.591837
EP400_132015162	0.566418	0.489796
EP400_132034958	0.491323	0.612245
EP400_132035213	0.491323	0.551020
EP400_132040758	0.495871	0.591837
EP400_132041624	0.495871	0.387755
EP400_132051488	0.520080	0.551020
EP400_132072237	0.465231	0.734694
EPAS1_46378232	0.504394	0.469388
EPB41L2_130888321	0.361393	0.387755
EPB41L2_130896315	0.376344	0.428571
EPB41L2_130900804	0.334056	0.387755
EPB41L3_5418390	0.385054	0.326531
EPB41L4A_112169387	0.349791	0.326531
EPB41L4A_112196171	0.407260	0.448980
EPB41L4B_109178690	0.460710	0.510204
EPB41L4B_109214098	0.449565	0.265306
EPB41L4B_109214102	0.449565	0.306122
EPB41L4B_109250274	0.470062	0.591837
EPB41L5_120077536	0.352891	0.408163
EPB41L5_120085630	0.401793	0.408163
EPB41L5_120127619	0.366130	0.367347
EPB41_28923068	0.426196	0.326531
EPB41_28978962	0.426196	0.551020
EPB41_28988828	0.393068	0.571429
EPB41_28996349	0.400599	0.469388
EPB41_29033447	0.348450	0.306122
EPB41_29035650	0.348450	0.408163
EPB41_29062210	0.380698	0.387755
EPB41_29115538	0.458154	0.489796
EPB42_43205955	0.481991	0.469388
EPB42_43209840	0.540204	0.571429
EPC2_148769636	0.353965	0.306122
EPCAM_47384685	0.441109	0.714286
EPG5_45865090	0.376044	0.469388
EPG5_45874486	0.400874	0.510204
EPG5_45905847	0.388802	0.387755
EPG5_45908398	0.412054	0.408163
EPG5_45913979	0.426278	0.285714
EPG5_45936977	0.426074	0.489796
EPG5_45946841	0.446943	0.489796
EPG5_45953254	0.454857	0.306122
EPGN_74308939	0.296512	0.408163
EPHA1_143408042	0.622010	0.693878
EPHA1_143408112	0.622010	0.612245
EPHA2_16126278	0.562120	0.489796
EPHA2_16154796	0.602785	0.489796
EPHA4_221438300	0.436909	0.408163
EPHA4_221441827	0.436909	0.551020
EPHA4_221446321	0.398291	0.387755
EPHA6_97115337	0.352168	0.285714
EPHA8_22573175	0.531692	0.632653
EPHA8_22598611	0.595200	0.530612
EPHA8_22600499	0.585245	0.612245
EPHB2_22895038	0.465155	0.448980
EPHB2_22908892	0.545135	0.530612
EPHB2_22911994	0.520878	0.469388
EPHB3_184574567	0.559744	0.571429
EPHB3_184575796	0.559744	0.591837
EPHB4_100806784	0.558491	0.571429
EPHB4_100812994	0.660000	0.571429
EPHB4_100820595	0.498987	0.571429
EPHB4_100822054	0.498987	0.591837
EPHB4_100826345	0.589279	0.653061
EPHB6_142869232	0.481315	0.653061
EPHX1_225832590	0.466836	0.367347
EPHX2_27507291	0.489775	0.448980
EPHX2_27539749	0.533584	0.673469
EPHX2_27544384	0.542714	0.551020
EPHX4_92050263	0.372852	0.326531
EPM2A_145538132	0.378378	0.387755
EPM2A_145546531	0.378378	0.448980
EPN2_19281866	0.472773	0.489796
EPN2_19311274	0.447420	0.571429
EPN3_50538471	0.601399	0.530612
EPOR_11378830	0.491211	0.448980
EPRS_219978881	0.359599	0.367347
EPRS_219989333	0.370143	0.244898
EPRS_219989465	0.370143	0.510204
EPS15L1_16362039	0.527780	0.469388
EPS15L1_16377636	0.553340	0.612245
EPS15L1_16394098	0.501490	0.551020
EPS15L1_16429030	0.510619	0.285714
EPS15_51396390	0.364092	0.285714
EPS15_51401325	0.403781	0.306122
EPS15_51403784	0.408938	0.408163
EPS15_51473011	0.378184	0.428571
EPS8L1_55079561	0.556962	0.530612
EPS8L1_55083765	0.544627	0.591837
EPS8L2_723239	0.694253	0.653061
EPS8L3_109758921	0.640506	0.673469
EPS8L3_109760268	0.593486	0.571429
EPS8L3_109762631	0.564453	0.551020
EPS8_15653025	0.348630	0.326531
EPS8_15655049	0.371466	0.408163
EPS8_15666543	0.326466	0.387755
EPX_58196885	0.494909	0.591837
EPX_58201453	0.469646	0.469388
EQTN_27291255	0.347794	0.408163
ERAP1_96789638	0.418634	0.469388
ERAP2_96880610	0.426791	0.469388
ERAP2_96897964	0.369051	0.510204
ERAP2_96905243	0.379259	0.306122
ERBB2_39709052	0.522350	0.571429
ERBB2_39727254	0.536082	0.551020
ERBB3_56080899	0.562055	0.653061
ERBB3_56086471	0.512231	0.591837
ERBB4_211664099	0.337337	0.367347
ERBB4_211719357	0.400389	0.346939
ERBB4_212502541	0.340391	0.469388
ERBIN_66018934	0.329594	0.489796
ERBIN_66042829	0.324118	0.408163
ERC1_1021355	0.410652	0.551020
ERC1_1104615	0.395815	0.469388
ERC2_55893388	0.400404	0.428571
ERC2_56009116	0.377678	0.326531
ERCC1_45418223	0.507727	0.551020
ERCC1_45420583	0.558667	0.632653
ERCC2_45356919	0.545101	0.571429
ERCC2_45363128	0.590476	0.489796
ERCC3_127271822	0.465627	0.510204
ERCC3_127288401	0.467722	0.489796
ERCC4_13946425	0.438085	0.346939
ERCC5_102853365	0.332878	0.265306
ERCC6L2_95927967	0.332624	0.204082
ERCC6_49468153	0.399304	0.387755
ERCC6_49477214	0.508076	0.428571
ERCC6_49477460	0.508076	0.632653
ERCC6_49477588	0.508076	0.551020
ERCC6_49478257	0.508076	0.551020
ERCC6_49478532	0.413425	0.346939
ERCC6_49500101	0.402883	0.469388
ERCC6_49536681	0.451780	0.551020
ERGIC2_29357863	0.317857	0.265306
ERG_38402448	0.402407	0.510204
ERH_69396783	0.440627	0.428571
ERI1_9006077	0.389329	0.346939
ERI1_9007243	0.389329	0.244898
ERI1_9011475	0.341291	0.489796
ERI1_9012020	0.381484	0.346939
ERI2_20786790	0.395890	0.448980
ERI3-IT1_44244577	0.505856	0.408163
ERI3-IT1_44244589	0.505856	0.489796
ERI3-IT1_44244622	0.505856	0.632653
ERI3_44319092	0.470230	0.489796
ERICH1_723224	0.508128	0.653061
ERICH3_74619624	0.363830	0.571429
ERICH6B_45584976	0.451462	0.510204
ERICH6B_45595089	0.397990	0.326531
ERLIN1_100156284	0.344446	0.469388
ERLIN1_100158983	0.344446	0.265306
ERLIN1_100178411	0.356859	0.204082
ERLIN1_100183920	0.380072	0.346939
ERLIN2_37752708	0.482122	0.408163
ERLIN2_37753119	0.482122	0.469388
ERMARD_169773745	0.510980	0.367347
ERMARD_169776931	0.450957	0.571429
ERN1_64053013	0.534247	0.551020
ERN1_64055416	0.505910	0.673469
ERN1_64063669	0.468805	0.489796
ERN1_64074871	0.442201	0.367347
ERN1_64077040	0.443815	0.387755
ERN2_23696052	0.471930	0.612245
ERN2_23704649	0.423853	0.551020
ERN2_23705508	0.536379	0.612245
ERN2_23711266	0.528420	0.346939
ERN2_23711970	0.528420	0.632653
ERO1A_52679022	0.369678	0.469388
ERO1B_236232947	0.381824	0.387755
ERO1B_236247235	0.343559	0.408163
ERP27_14936909	0.434077	0.489796
ERP29_112022008	0.468736	0.469388
ERP44_100016615	0.362686	0.551020
ERP44_100031205	0.364757	0.285714
ERP44_100054036	0.363722	0.448980
ERVFRD-1_11111262	0.467913	0.489796
ERVH48-1_42923159	0.512223	0.714286
ESCO1_21567363	0.370558	0.510204
ESF1_13731286	0.418268	0.448980
ESF1_13732273	0.418268	0.448980
ESF1_13773148	0.343566	0.326531
ESF1_13782184	0.373656	0.469388
ESPL1_53272157	0.483351	0.408163
ESPL1_53275468	0.480423	0.489796
ESPNL_238101585	0.643847	0.632653
ESPN_6441290	0.571010	0.551020
ESPN_6444096	0.571010	0.632653
ESPN_6445465	0.557594	0.653061
ESPN_6446379	0.680961	0.673469
ESPN_6450020	0.614098	0.632653
ESR1_152096625	0.451357	0.469388
ESR2_64235150	0.430705	0.469388
ESR2_64235296	0.430705	0.530612
ESRP1_94644380	0.321338	0.408163
ESRRA_64312672	0.526838	0.510204
ESRRA_64313177	0.526838	0.571429
ESRRB_76493465	0.489303	0.469388
ESYT1_56133175	0.526829	0.510204
ESYT2_158734665	0.430650	0.612245
ESYT2_158735865	0.427380	0.632653
ESYT2_158745270	0.419491	0.571429
ESYT2_158764931	0.456786	0.551020
ESYT2_158766735	0.456786	0.387755
ESYT2_158767852	0.423823	0.387755
ESYT2_158772813	0.423823	0.489796
ESYT2_158793904	0.480190	0.489796
ESYT3_138444226	0.493204	0.489796
ESYT3_138455033	0.501289	0.551020
ESYT3_138455061	0.501289	0.612245
ESYT3_138458887	0.567445	0.551020
ETFA_76231703	0.399995	0.387755
ETFB_51350038	0.448930	0.591837
ETFDH_158693408	0.373891	0.510204
ETNK1_22631170	0.350517	0.326531
ETNK1_22658896	0.345274	0.448980
ETNK2_204135106	0.487475	0.530612
ETNK2_204140210	0.509197	0.612245
ETNK2_204151470	0.596201	0.591837
ETNPPL_108744988	0.412274	0.448980
ETV3L_157097617	0.501899	0.571429
ETV5_186049357	0.420953	0.408163
ETV7_36369278	0.490257	0.510204
EVC2_5617274	0.510399	0.510204
EVC2_5618063	0.510399	0.571429
EVC2_5620648	0.456668	0.448980
EVC2_5624648	0.451215	0.428571
EVC2_5625954	0.436226	0.448980
EVC2_5694733	0.495309	0.530612
EVC2_5696224	0.495309	0.489796
EVC2_5696640	0.495309	0.551020
EVC_5712749	0.453529	0.489796
EVC_5731105	0.531465	0.612245
EVC_5740814	0.444444	0.306122
EVC_5742225	0.395987	0.469388
EVC_5801839	0.515996	0.530612
EVI5L_7859955	0.608345	0.653061
EVL_100131034	0.558009	0.591837
EVL_100132610	0.558009	0.530612
EVL_100133216	0.538880	0.591837
EVX1_27244148	0.581132	0.653061
EVX2_176082723	0.564444	0.571429
EVX2_176082949	0.564444	0.653061
EWSR1_29287742	0.423521	0.387755
EXD2_69239252	0.419377	0.551020
EXD3_137353224	0.683634	0.632653
EXD3_137355215	0.645248	0.612245
EXD3_137355984	0.645248	0.632653
EXD3_137372250	0.662869	0.632653
EXD3_137408859	0.556317	0.673469
EXO1_241852101	0.364809	0.448980
EXO1_241854911	0.489257	0.489796
EXO1_241855013	0.489257	0.489796
EXO1_241855544	0.489257	0.673469
EXOC1_55877756	0.316213	0.244898
EXOC1_55882000	0.356150	0.387755
EXOC2_689464	0.451918	0.510204
EXOC3L2_45241515	0.522217	0.387755
EXOC3L4_103103257	0.613014	0.551020
EXOC3L4_103108636	0.649703	0.653061
EXOC3_454404	0.494184	0.551020
EXOC3_459167	0.460615	0.326531
EXOC3_460385	0.484400	0.551020
EXOC3_464099	0.439960	0.632653
EXOC3_464151	0.439960	0.653061
EXOC3_464203	0.439960	0.653061
EXOC4_133724660	0.377321	0.387755
EXOC4_134002867	0.374691	0.387755
EXOC5_57221319	0.350436	0.387755
EXOC6B_72180026	0.467808	0.408163
EXOC6B_72499381	0.380282	0.469388
EXOC6B_72629795	0.370902	0.387755
EXOC6B_72763824	0.375036	0.551020
EXOC6_92895466	0.367191	0.367347
EXOC6_92898058	0.367191	0.408163
EXOC6_92902513	0.330505	0.265306
EXOC6_92927315	0.365468	0.306122
EXOC6_92940186	0.346003	0.469388
EXOC6_92944336	0.386629	0.612245
EXOC6_92952025	0.349602	0.387755
EXOC7_76101999	0.492986	0.530612
EXOG_38503810	0.376344	0.387755
EXOSC5_41392011	0.523230	0.510204
EXOSC7_44990294	0.443429	0.428571
EXOSC9_121805947	0.398201	0.510204
EXT1_117808557	0.427921	0.408163
EXT1_117832639	0.403023	0.428571
EXT1_118016628	0.412316	0.551020
EXT2_44108613	0.396825	0.306122
EXT2_44199652	0.404491	0.367347
EXTL1_26029545	0.597444	0.632653
EXTL2_100876032	0.333474	0.346939
EXTL3_28732865	0.428988	0.591837
EXTL3_28733033	0.428988	0.530612
EXTL3_28749975	0.421392	0.367347
EYA3_27989128	0.368269	0.346939
EYA3_28005569	0.382565	0.428571
EYA3_28031221	0.362216	0.408163
EYA4_133509678	0.350038	0.408163
EYS_63788602	0.383663	0.387755
EYS_64437996	0.301450	0.244898
EYS_65493145	0.359292	0.632653
EZH1_42707080	0.456546	0.448980
EZH1_42713565	0.362625	0.367347
EZH2_148810750	0.467769	0.734694
EZH2_148821681	0.363221	0.367347
EZH2_148830114	0.351526	0.326531
EZH2_148830132	0.351526	0.326531
EZH2_148832870	0.375236	0.285714
EZH2_148832988	0.375236	0.387755
EZR_158773786	0.495600	0.469388
EZR_158781491	0.465574	0.489796
EZR_158786566	0.451444	0.571429
F10_113141896	0.551429	0.693878
F11_186270521	0.362237	0.469388
F11_186271508	0.362237	0.448980
F13A1_6223500	0.379475	0.469388
F13B_197057601	0.378621	0.448980
F2_46738955	0.460573	0.571429
F3_94531912	0.453016	0.551020
F3_94538655	0.410313	0.469388
F5_169528984	0.401190	0.367347
F5_169556939	0.382495	0.448980
F5_169556955	0.382495	0.448980
F5_169586121	0.334053	0.244898
F7_113106263	0.658147	0.714286
F7_113108687	0.713152	0.653061
F8_154902828	0.413694	0.387755
F8_154986635	0.420880	0.387755
F8_154987060	0.420880	0.489796
F8_154990823	0.358615	0.448980
F9_139530985	0.384928	0.469388
F9_139530989	0.384928	0.469388
FA2H_74718109	0.580402	0.653061
FAAH2_57380073	0.350588	0.408163
FAAH2_57447222	0.448787	0.571429
FAAH_46403739	0.540762	0.571429
FAAP20_2185513	0.508163	0.591837
FABP1_88127539	0.504370	0.408163
FABP3_31371486	0.489362	0.469388
FADS1_61806871	0.490561	0.571429
FADS1_61808210	0.490561	0.591837
FADS1_61809417	0.490561	0.571429
FADS1_61811135	0.519713	0.632653
FADS2_61850914	0.523264	0.510204
FADS2_61859519	0.531888	0.428571
FADS2_61863625	0.637195	0.693878
FADS6_74893011	0.678248	0.612245
FAF1_50448107	0.407719	0.489796
FAF1_50559737	0.373190	0.530612
FAF2_176493841	0.428571	0.489796
FAF2_176504593	0.440266	0.285714
FAHD2A_95404080	0.508582	0.510204
FAH_80172556	0.509804	0.428571
FAIM2_49889302	0.643885	0.571429
FAIM_138609228	0.499400	0.816327
FAIM_138610411	0.499400	0.367347
FAM102B_108603974	0.375181	0.408163
FAM102B_108610142	0.408101	0.387755
FAM104A_73229236	0.443062	0.387755
FAM104A_73230361	0.443062	0.551020
FAM107B_14523692	0.406761	0.408163
FAM107B_14527617	0.406761	0.448980
FAM109A_111366476	0.550113	0.571429
FAM114A1_38930372	0.429854	0.408163
FAM114A2_154003078	0.383871	0.448980
FAM114A2_154003088	0.383871	0.448980
FAM114A2_154009047	0.383871	0.367347
FAM117A_49718831	0.519315	0.448980
FAM117B_202726159	0.355645	0.265306
FAM117B_202755497	0.382841	0.387755
FAM118A_45317214	0.478050	0.408163
FAM118A_45327673	0.531038	0.673469
FAM118A_45328308	0.488381	0.632653
FAM118A_45329587	0.488381	0.632653
FAM118A_45330383	0.488381	0.530612
FAM118A_45331589	0.518015	0.510204
FAM118A_45334176	0.486169	0.387755
FAM118B_126231235	0.382915	0.408163
FAM118B_126232371	0.382915	0.346939
FAM120B_170391695	0.487285	0.387755
FAM120B_170394025	0.487285	0.551020
FAM120B_170394165	0.487285	0.530612
FAM120B_170401792	0.473021	0.408163
FAM120C_54157901	0.392365	0.285714
FAM122B_134784209	0.399194	0.632653
FAM122B_134794043	0.425474	0.510204
FAM122C_134808350	0.414613	0.367347
FAM122C_134816577	0.390373	0.591837
FAM126B_200988865	0.388183	0.428571
FAM129A_184803898	0.419885	0.428571
FAM129A_184831533	0.427320	0.469388
FAM129A_184893773	0.386812	0.387755
FAM129C_17533924	0.498639	0.612245
FAM129C_17542755	0.577299	0.632653
FAM129C_17548631	0.519652	0.489796
FAM135A_70535479	0.357173	0.489796
FAM135A_70557887	0.390603	0.408163
FAM135B_138137753	0.508986	0.530612
FAM13A_88730176	0.403075	0.346939
FAM13A_88739306	0.386113	0.326531
FAM13A_88753618	0.382331	0.346939
FAM13C_59265552	0.401505	0.469388
FAM149A_186153380	0.450907	0.428571
FAM149A_186163363	0.471579	0.530612
FAM149A_186169413	0.488497	0.653061
FAM149B1_73172239	0.391111	0.448980
FAM149B1_73174601	0.391111	0.428571
FAM149B1_73229631	0.432275	0.428571
FAM149B1_73231545	0.408206	0.510204
FAM149B1_73240085	0.410634	0.428571
FAM151A_54613992	0.471594	0.285714
FAM151B_80520043	0.369981	0.510204
FAM155A_107194406	0.388547	0.408163
FAM155A_107306516	0.372860	0.408163
FAM155A_107417084	0.372860	0.408163
FAM155B_69528823	0.472712	0.469388
FAM155B_69528915	0.472712	0.591837
FAM159A_52636952	0.456104	0.591837
FAM159B_64692033	0.424979	0.367347
FAM160A1_151585733	0.382999	0.387755
FAM160A1_151586220	0.382999	0.469388
FAM160A1_151588532	0.283333	0.326531
FAM160A1_151640802	0.397770	0.489796
FAM160A2_6213186	0.430987	0.408163
FAM160B2_22092555	0.525968	0.408163
FAM161A_61837944	0.369979	0.346939
FAM163A_179812058	0.513622	0.428571
FAM163A_179812847	0.588983	0.428571
FAM166A_137245997	0.588040	0.632653
FAM166A_137247351	0.588040	0.714286
FAM168A_73411036	0.467090	0.510204
FAM168A_73521605	0.407193	0.346939
FAM168B_131053015	0.464096	0.551020
FAM168B_131062664	0.444582	0.510204
FAM169A_74834895	0.405771	0.530612
FAM170A_119632495	0.459608	0.387755
FAM171A1_15250015	0.439797	0.346939
FAM171A1_15330620	0.446298	0.448980
FAM171A2_44361657	0.588337	0.612245
FAM172A_93779384	0.360609	0.428571
FAM173B_10229421	0.435674	0.591837
FAM175A_83476883	0.403179	0.510204
FAM175A_83484559	0.452390	0.510204
FAM175A_83484635	0.452390	0.591837
FAM183A_43148949	0.464126	0.489796
FAM184A_118971771	0.353712	0.408163
FAM184A_118972467	0.353712	0.469388
FAM184A_119016495	0.433866	0.510204
FAM184B_17658647	0.501792	0.408163
FAM185A_102750199	0.418646	0.428571
FAM185A_102753862	0.377892	0.204082
FAM185A_102757716	0.377892	0.346939
FAM185A_102772989	0.327780	0.285714
FAM185A_102801510	0.392267	0.387755
FAM186B_49603818	0.493122	0.530612
FAM187B_35227681	0.530954	0.571429
FAM189A1_29125040	0.592691	0.591837
FAM189A1_29125882	0.592691	0.612245
FAM189A1_29130329	0.548993	0.469388
FAM189A1_29136022	0.548993	0.591837
FAM189A2_69391451	0.425714	0.408163
FAM189B_155250160	0.525527	0.530612
FAM189B_155251341	0.534125	0.489796
FAM189B_155251346	0.534125	0.530612
FAM193A_2636205	0.444717	0.632653
FAM193A_2644685	0.452894	0.530612
FAM193A_2650128	0.474111	0.306122
FAM193A_2693160	0.469216	0.632653
FAM193A_2693381	0.469216	0.489796
FAM193A_2694254	0.512605	0.285714
FAM193A_2697589	0.492223	0.551020
FAM193B_177520335	0.560826	0.469388
FAM193B_177530834	0.526827	0.510204
FAM193B_177536745	0.485359	0.653061
FAM193B_177538307	0.545797	0.571429
FAM198B_158130304	0.367392	0.469388
FAM199X_104168643	0.375231	0.551020
FAM199X_104172620	0.375231	0.367347
FAM19A1_68539146	0.386619	0.408163
FAM19A5_48603656	0.571867	0.653061
FAM206A_108935061	0.441231	0.387755
FAM206A_108938073	0.390500	0.428571
FAM206A_108939020	0.390500	0.448980
FAM207A_44942012	0.509294	0.551020
FAM207A_44943080	0.509294	0.571429
FAM207A_44943530	0.509294	0.632653
FAM208A_56629790	0.425378	0.428571
FAM208B_5713425	0.368354	0.489796
FAM208B_5757208	0.418694	0.551020
FAM208B_5759932	0.392251	0.428571
FAM20A_68538972	0.405643	0.469388
FAM20A_68546304	0.435039	0.428571
FAM20B_179049078	0.411959	0.387755
FAM20B_179049702	0.411959	0.408163
FAM20B_179051788	0.373769	0.591837
FAM20B_179064221	0.495146	0.510204
FAM20B_179066176	0.409466	0.469388
FAM20C_237153	0.559191	0.489796
FAM20C_246559	0.603210	0.714286
FAM20C_252642	0.578862	0.591837
FAM20C_255794	0.578862	0.734694
FAM20C_259332	0.626341	0.653061
FAM210A_13669204	0.420357	0.469388
FAM210A_13702546	0.405388	0.530612
FAM213A_80421478	0.416149	0.448980
FAM213A_80422588	0.465594	0.530612
FAM213B_2587678	0.678652	0.591837
FAM214A_52599366	0.355399	0.326531
FAM214A_52606051	0.339958	0.387755
FAM216A_110485560	0.346667	0.326531
FAM217A_4071650	0.395945	0.387755
FAM217A_4075208	0.411437	0.653061
FAM217A_4078622	0.500356	0.632653
FAM219A_34403853	0.477592	0.448980
FAM221A_23682761	0.455991	0.387755
FAM221A_23691271	0.369948	0.571429
FAM222B_28795377	0.445113	0.571429
FAM227A_38594026	0.435811	0.387755
FAM227A_38599192	0.470295	0.551020
FAM227A_38627442	0.426060	0.591837
FAM227B_49335275	0.396470	0.367347
FAM227B_49569994	0.326381	0.326531
FAM227B_49577500	0.392082	0.448980
FAM228B_24093893	0.443514	0.591837
FAM234A_244653	0.486556	0.469388
FAM234A_256245	0.494272	0.367347
FAM234A_262292	0.626263	0.653061
FAM26F_116461554	0.459276	0.551020
FAM35A_87187437	0.419433	0.285714
FAM3A_154515373	0.535600	0.530612
FAM3B_41317357	0.517928	0.530612
FAM3B_41318170	0.517928	0.408163
FAM3C_121360419	0.378476	0.346939
FAM3C_121376554	0.359084	0.326531
FAM3C_121382597	0.344749	0.326531
FAM3D_58642595	0.530712	0.612245
FAM3D_58646331	0.547722	0.591837
FAM3D_58653428	0.489043	0.489796
FAM45A_119120188	0.464272	0.571429
FAM45A_119120859	0.438329	0.428571
FAM46B_27010085	0.524500	0.591837
FAM47E_76274726	0.403968	0.551020
FAM49A_16560118	0.394868	0.387755
FAM49A_16620763	0.434040	0.530612
FAM49B_129857298	0.388366	0.387755
FAM49B_129878911	0.332869	0.244898
FAM50A_154445375	0.645412	0.551020
FAM50A_154448398	0.536661	0.551020
FAM53A_1642856	0.582720	0.653061
FAM53A_1644058	0.582720	0.653061
FAM53B_124630537	0.543430	0.551020
FAM57B_30028334	0.579212	0.551020
FAM58A_153593679	0.570325	0.612245
FAM65A_67539992	0.594771	0.571429
FAM65A_67540008	0.594771	0.551020
FAM65B_24866822	0.373868	0.387755
FAM65C_50603776	0.541500	0.489796
FAM65C_50619315	0.517286	0.591837
FAM65C_50619660	0.517286	0.510204
FAM69A_92845179	0.407097	0.571429
FAM69B_136714428	0.615924	0.591837
FAM71F1_128727448	0.464026	0.489796
FAM71F1_128729725	0.464026	0.489796
FAM76A_27746243	0.437970	0.469388
FAM76B_95785387	0.374562	0.367347
FAM81A_59507648	0.359211	0.387755
FAM81B_95394460	0.367880	0.530612
FAM83D_38943379	0.420943	0.489796
FAM83D_38949690	0.454777	0.428571
FAM83E_48609681	0.538062	0.510204
FAM83F_40019041	0.455712	0.530612
FAM83F_40020785	0.491803	0.469388
FAM83F_40023896	0.566340	0.632653
FAM83H_143732407	0.627546	0.693878
FAM86B2_12426136	0.563887	0.591837
FAM92B_85108339	0.539511	0.489796
FAM92B_85108368	0.539511	0.469388
FAM92B_85111013	0.578526	0.653061
FAM96A_64083479	0.424021	0.408163
FAM98B_38473897	0.281879	0.346939
FAM98B_38474065	0.281879	0.367347
FAM98B_38474069	0.281879	0.387755
FAM98B_38475058	0.353067	0.244898
FAM98B_38477855	0.353067	0.448980
FAM9A_8796128	0.315230	0.306122
FAM9A_8796537	0.320317	0.285714
FAM9A_8797185	0.320317	0.428571
FAM9B_9028627	0.405970	0.408163
FAM9C_13043273	0.520833	0.306122
FAN1_30917158	0.386297	0.510204
FANCA_89751691	0.517673	0.530612
FANCA_89764802	0.486223	0.591837
FANCA_89769468	0.497884	0.551020
FANCA_89772241	0.517857	0.387755
FANCA_89784584	0.519703	0.469388
FANCA_89784648	0.519703	0.591837
FANCA_89785699	0.490680	0.551020
FANCA_89792134	0.564677	0.653061
FANCA_89804337	0.487616	0.469388
FANCA_89815706	0.514648	0.551020
FANCB_14848847	0.344576	0.428571
FANCB_14854493	0.328504	0.448980
FANCC_95135707	0.430583	0.387755
FANCC_95243449	0.409839	0.306122
FANCC_95247709	0.314907	0.367347
FANCC_95297156	0.403310	0.551020
FANCD2_10042199	0.408019	0.489796
FANCD2_10043048	0.373057	0.387755
FANCD2_10097774	0.412995	0.428571
FANCE_35459167	0.482022	0.469388
FANCI_89275246	0.382377	0.306122
FANCI_89276655	0.382377	0.306122
FANCI_89291885	0.379239	0.346939
FANCI_89294147	0.469149	0.367347
FANK1_125997950	0.396864	0.551020
FAP_162199493	0.401425	0.571429
FAP_162220194	0.375068	0.387755
FAR1_13728084	0.329741	0.387755
FARP1_98383571	0.399207	0.448980
FARP1_98389033	0.473613	0.612245
FARP1_98390931	0.443157	0.469388
FARP1_98394253	0.545756	0.489796
FARP1_98436701	0.491443	0.510204
FARP1_98437663	0.491443	0.571429
FARP2_241432450	0.413345	0.408163
FARP2_241438790	0.453725	0.428571
FARP2_241459559	0.559286	0.530612
FARP2_241466382	0.541236	0.653061
FARP2_241466388	0.541236	0.653061
FARP2_241478202	0.474254	0.591837
FARP2_241486929	0.484014	0.571429
FARP2_241490334	0.594488	0.632653
FARS2_5292078	0.399442	0.530612
FARSA_12924033	0.515823	0.408163
FARSB_222616890	0.384535	0.346939
FARSB_222625228	0.380202	0.367347
FARSB_222629424	0.387255	0.367347
FARSB_222631962	0.387139	0.551020
FARSB_222644884	0.374608	0.326531
FARSB_222646800	0.374608	0.367347
FASLG_172659988	0.387156	0.469388
FASN_82097008	0.723022	0.693878
FASTKD2_206769915	0.380916	0.346939
FAT1_186610133	0.281752	0.265306
FAT1_186613368	0.321934	0.346939
FAT1_186622867	0.424741	0.387755
FAT1_186630923	0.411992	0.387755
FAT1_186631442	0.411992	0.612245
FAT2_151517964	0.450997	0.591837
FAT2_151519198	0.450997	0.428571
FAT2_151536813	0.441905	0.510204
FAT3_92417595	0.390648	0.448980
FAT3_92489012	0.390648	0.428571
FAT3_92654613	0.392096	0.387755
FAT3_92833275	0.415325	0.469388
FAT3_92837974	0.449728	0.387755
FAT3_92840400	0.449728	0.428571
FAT3_92843843	0.434783	0.448980
FAT4_125410814	0.299392	0.265306
FAT4_125410992	0.299392	0.367347
FAT4_125417583	0.353762	0.428571
FAT4_125475937	0.326350	0.448980
FATE1_151719857	0.441051	0.428571
FATE1_151720559	0.441051	0.428571
FBF1_75911632	0.509025	0.591837
FBF1_75932044	0.495601	0.448980
FBF1_75934023	0.475318	0.326531
FBLIM1_15767308	0.543884	0.510204
FBLIM1_15781175	0.504683	0.469388
FBLN1_45522901	0.528794	0.591837
FBLN1_45541959	0.533248	0.632653
FBLN1_45546358	0.527825	0.591837
FBLN1_45576429	0.576410	0.591837
FBLN2_13615330	0.529021	0.571429
FBLN2_13616045	0.529021	0.591837
FBLN2_13626322	0.568558	0.612245
FBLN2_13630497	0.610890	0.530612
FBLN2_13630502	0.610890	0.510204
FBLN2_13636293	0.566874	0.693878
FBLN2_13637303	0.579053	0.551020
FBLN7_112161537	0.522556	0.530612
FBL_39845597	0.466836	0.448980
FBN1_48423547	0.418788	0.489796
FBN1_48435848	0.368491	0.428571
FBN1_48465380	0.410091	0.367347
FBN1_48485521	0.385932	0.285714
FBN1_48520317	0.379888	0.346939
FBN2_128287632	0.389275	0.367347
FBN2_128303466	0.358329	0.265306
FBN2_128311987	0.323529	0.387755
FBN2_128315750	0.378293	0.387755
FBN2_128342482	0.444862	0.489796
FBN2_128351040	0.380064	0.448980
FBN2_128361055	0.326785	0.367347
FBN2_128534826	0.370007	0.469388
FBN3_8075656	0.486496	0.571429
FBN3_8075660	0.486496	0.551020
FBN3_8084234	0.550251	0.551020
FBN3_8126636	0.700935	0.673469
FBN3_8126884	0.505239	0.653061
FBN3_8136747	0.576134	0.632653
FBN3_8138743	0.536168	0.469388
FBN3_8143012	0.536692	0.591837
FBP1_94616188	0.466520	0.489796
FBP2_94587469	0.533103	0.448980
FBP2_94587653	0.533103	0.489796
FBP2_94588753	0.533103	0.571429
FBP2_94590140	0.533103	0.469388
FBRSL1_132520822	0.611862	0.653061
FBRSL1_132525438	0.611862	0.673469
FBRSL1_132576060	0.591764	0.571429
FBRS_30661017	0.522388	0.612245
FBRS_30661840	0.491713	0.469388
FBRS_30663680	0.491513	0.469388
FBXL12_9816833	0.466823	0.428571
FBXL13_102813889	0.395510	0.571429
FBXL13_102883178	0.409353	0.367347
FBXL13_102905978	0.395649	0.428571
FBXL13_102926961	0.392118	0.387755
FBXL16_699526	0.632353	0.530612
FBXL18_5502183	0.528107	0.632653
FBXL19_30928324	0.600398	0.571429
FBXL20_39265512	0.442633	0.306122
FBXL20_39274882	0.435205	0.408163
FBXL20_39275288	0.437977	0.448980
FBXL20_39299223	0.405532	0.326531
FBXL2_33374499	0.343338	0.408163
FBXL4_98899765	0.332941	0.306122
FBXL4_98901675	0.332941	0.326531
FBXL4_98921330	0.354573	0.428571
FBXL5_15636968	0.310759	0.346939
FBXL7_15928897	0.428410	0.408163
FBXL7_15935152	0.428410	0.571429
FBXO10_37524012	0.525895	0.591837
FBXO15_74129951	0.353308	0.387755
FBXO16_28486975	0.459468	0.428571
FBXO21_117156042	0.429834	0.448980
FBXO21_117167190	0.412572	0.326531
FBXO21_117173812	0.421415	0.448980
FBXO21_117175662	0.397869	0.591837
FBXO21_117178378	0.408376	0.571429
FBXO21_117185306	0.408376	0.448980
FBXO21_117189523	0.623392	0.632653
FBXO24_100595492	0.535613	0.530612
FBXO25_455101	0.475054	0.510204
FBXO25_457140	0.475054	0.530612
FBXO25_465076	0.431604	0.551020
FBXO28_224155866	0.417788	0.346939
FBXO2_11651213	0.570895	0.591837
FBXO31_87334502	0.619469	0.612245
FBXO31_87339316	0.503176	0.551020
FBXO31_87341818	0.503176	0.408163
FBXO31_87353766	0.511730	0.673469
FBXO32_123510311	0.459761	0.551020
FBXO32_123514630	0.437486	0.489796
FBXO32_123540690	0.438363	0.428571
FBXO34_55293104	0.401291	0.571429
FBXO34_55310546	0.401291	0.428571
FBXO36-IT1_229945164	0.440398	0.428571
FBXO38_148410522	0.367678	0.448980
FBXO41_73267467	0.472834	0.408163
FBXO43_100134955	0.378437	0.408163
FBXO45_196571103	0.407853	0.326531
FBXO45_196582128	0.402657	0.489796
FBXO4_41931558	0.386544	0.408163
FBXO4_41934074	0.342342	0.387755
FBXO9_53080383	0.294828	0.387755
FBXW10_18750678	0.453972	0.591837
FBXW11_171994346	0.399426	0.469388
FBXW4_101668221	0.451358	0.489796
FBXW7_152347208	0.283165	0.326531
FBXW8_116985048	0.388621	0.367347
FBXW8_116985061	0.388621	0.346939
FBXW8_116999652	0.430010	0.632653
FBXW8_117027233	0.556459	0.612245
FBXW9_12691560	0.499841	0.551020
FCAMR_206961631	0.530435	0.469388
FCAMR_206967347	0.493617	0.510204
FCAMR_206967836	0.494456	0.612245
FCER1A_159303249	0.375119	0.428571
FCER2_7699021	0.552036	0.571429
FCGBP_39865692	0.450774	0.510204
FCGR2B_161664335	0.451480	0.489796
FCGR2B_161665617	0.451480	0.326531
FCGRT_49516200	0.494112	0.346939
FCHO1_17761129	0.505020	0.408163
FCHO1_17783977	0.538710	0.653061
FCHO1_17784625	0.578732	0.673469
FCHO2_73081586	0.351009	0.408163
FCHSD1_141644727	0.553571	0.448980
FCHSD1_141648308	0.443023	0.387755
FCHSD1_141649337	0.511628	0.510204
FCHSD1_141650605	0.591870	0.632653
FCMR_206907378	0.493278	0.612245
FCMR_206909026	0.493278	0.448980
FCN2_134882168	0.538653	0.551020
FCN2_134882317	0.538653	0.591837
FCN2_134887097	0.519071	0.489796
FCRL1_157804353	0.455518	0.265306
FCRL1_157807321	0.384275	0.448980
FCRL2_157748800	0.515625	0.571429
FCRL2_157771399	0.435395	0.489796
FCRL4_157588439	0.412362	0.489796
FCRL5_157535005	0.440973	0.530612
FCRL5_157547639	0.438188	0.326531
FCRL6_159807213	0.511851	0.551020
FCRL6_159810520	0.442543	0.367347
FCRLB_161723982	0.486130	0.469388
FDFT1_11806425	0.470658	0.367347
FDFT1_11835357	0.456900	0.489796
FDX2_10312847	0.496288	0.612245
FECH_57556827	0.465172	0.632653
FECH_57561701	0.381543	0.408163
FECH_57581315	0.467265	0.510204
FER1L5_96685205	0.533637	0.448980
FER1L5_96689539	0.662921	0.653061
FER1L5_96690398	0.550824	0.673469
FER1L6_123956271	0.453977	0.612245
FER1L6_123975469	0.384095	0.448980
FER1L6_124003822	0.430444	0.408163
FER1L6_124043797	0.430208	0.408163
FER1L6_124067131	0.449013	0.448980
FER1L6_124068141	0.442370	0.346939
FERMT1_6089352	0.437853	0.591837
FERMT1_6108549	0.443109	0.591837
FERMT2_52873288	0.391860	0.428571
FER_109044578	0.358978	0.428571
FER_109044582	0.358978	0.448980
FES_90887906	0.522997	0.489796
FETUB_186650686	0.353122	0.306122
FEZ1_125458467	0.439535	0.510204
FEZ2_36580474	0.426568	0.448980
FEZ2_36593167	0.447924	0.448980
FEZ2_36595287	0.447924	0.367347
FEZ2_36595566	0.447924	0.571429
FFAR4_93569690	0.473475	0.632653
FGB_154566302	0.351738	0.244898
FGB_154569956	0.371567	0.306122
FGD1_54452006	0.456471	0.530612
FGD1_54458998	0.485196	0.591837
FGD1_54466107	0.502848	0.551020
FGD2_37006493	0.533921	0.469388
FGD2_37006964	0.533921	0.551020
FGD2_37008502	0.533921	0.510204
FGD2_37008813	0.533921	0.591837
FGD3_93008646	0.498893	0.510204
FGD3_93013574	0.535479	0.367347
FGD3_93018599	0.468731	0.489796
FGD3_93021010	0.583070	0.448980
FGD3_93026987	0.552779	0.571429
FGD4_32608851	0.380970	0.367347
FGD4_32626767	0.422191	0.326531
FGD5_14911998	0.525874	0.510204
FGD5_14918558	0.520760	0.632653
FGD5_14920103	0.518158	0.551020
FGD5_14926428	0.413923	0.489796
FGD6_95084166	0.379463	0.408163
FGD6_95135897	0.401484	0.428571
FGD6_95216443	0.373174	0.326531
FGF17_22043506	0.601978	0.591837
FGF17_22043950	0.601978	0.428571
FGF17_22046440	0.663830	0.653061
FGF3_69816078	0.572344	0.551020
FGF3_69816671	0.671179	0.510204
FGF5_80271755	0.367189	0.326531
FGFBP1_15936814	0.441176	0.428571
FGFBP1_15938502	0.516279	0.489796
FGFR1OP2_26958012	0.316853	0.244898
FGFR1OP_167015519	0.390454	0.571429
FGFR1OP_167016570	0.390454	0.428571
FGFR1OP_167036255	0.412171	0.551020
FGFR1_38415051	0.535124	0.489796
FGFR1_38424767	0.498594	0.612245
FGFR2_121517637	0.445328	0.632653
FGFR2_121517645	0.445328	0.653061
FGGY_59345045	0.390643	0.469388
FGGY_59664818	0.399199	0.408163
FGGY_59673033	0.472946	0.469388
FGL1_17869340	0.384922	0.346939
FGL1_17871232	0.384922	0.510204
FHAD1_15349687	0.515436	0.469388
FHAD1_15361181	0.521156	0.408163
FHDC1_152969769	0.451507	0.612245
FHIT_59933315	0.396814	0.346939
FHIT_60000109	0.396814	0.448980
FHIT_60014291	0.384562	0.387755
FHIT_60276905	0.384562	0.448980
FHIT_60480118	0.384562	0.469388
FHIT_60576067	0.387307	0.469388
FHIT_60795414	0.387307	0.244898
FHL2_105382995	0.462897	0.530612
FHL5_96614972	0.362062	0.469388
FHOD3_36603360	0.432321	0.591837
FHOD3_36741483	0.494731	0.551020
FHOD3_36759884	0.442409	0.469388
FH_241498181	0.337388	0.306122
FH_241507206	0.347576	0.306122
FIBCD1_130924074	0.640449	0.510204
FICD_108517577	0.555062	0.448980
FIG4_109794431	0.427073	0.551020
FIGLA_70789958	0.454720	0.653061
FILIP1_75353810	0.409373	0.469388
FIP1L1_53389635	0.347438	0.428571
FIS1_101240002	0.651260	0.653061
FIS1_101244379	0.634146	0.714286
FITM2_44309805	0.504685	0.653061
FKBP10_41813523	0.516146	0.469388
FKBP10_41813961	0.516146	0.551020
FKBP14_30024968	0.411445	0.448980
FKBP15_113174663	0.352279	0.428571
FKBP15_113182320	0.382947	0.469388
FKBP15_113202846	0.438066	0.489796
FKBP1A_1372316	0.421538	0.448980
FKBP1A_1375845	0.444974	0.591837
FKBP1B_24060713	0.462121	0.530612
FKBP4_2802889	0.464326	0.428571
FKBP5_35577296	0.389365	0.346939
FKBP5_35640426	0.386261	0.448980
FKBP5_35651162	0.392472	0.306122
FKBP9_32975946	0.432790	0.591837
FKBP9_32976273	0.432790	0.408163
FKBP9_32977487	0.415373	0.346939
FKBP9_32984560	0.445241	0.489796
FKBP9_32986802	0.445241	0.632653
FKBP9_32989515	0.433156	0.612245
FKBP9_32990902	0.433156	0.387755
FKBP9_32994867	0.433156	0.489796
FKRP_46752646	0.499852	0.612245
FLAD1_154984396	0.494799	0.469388
FLCN_17216216	0.557855	0.571429
FLCN_17218694	0.485294	0.612245
FLG2_152358253	0.404914	0.530612
FLI1_128778414	0.475591	0.510204
FLI1_128781586	0.475591	0.408163
FLII_18248883	0.604938	0.571429
FLII_18255382	0.534073	0.571429
FLNB_58099043	0.445659	0.469388
FLNB_58115825	0.467572	0.408163
FLNB_58120746	0.453132	0.326531
FLNB_58124076	0.458658	0.469388
FLNB_58147342	0.463696	0.408163
FLNB_58157760	0.446809	0.387755
FLNB_58162273	0.461783	0.571429
FLNC_128835045	0.600323	0.469388
FLNC_128835253	0.600323	0.714286
FLNC_128836111	0.600000	0.693878
FLNC_128845616	0.603542	0.510204
FLOT1_30730251	0.502075	0.408163
FLOT1_30733615	0.473225	0.530612
FLOT1_30735477	0.473225	0.367347
FLOT2_28884389	0.561728	0.612245
FLOT2_28884394	0.561728	0.612245
FLOT2_28884882	0.561728	0.591837
FLT1_28305796	0.449985	0.367347
FLT1_28330115	0.428305	0.591837
FLT1_28332669	0.428305	0.530612
FLT1_28345707	0.425846	0.469388
FLT1_28435084	0.421000	0.469388
FLT3LG_49475619	0.593320	0.653061
FLT3_28057708	0.442098	0.489796
FLT4_180610025	0.589272	0.489796
FLVCR1_212887817	0.394948	0.285714
FLVCR1_212893001	0.410964	0.367347
FLVCR2_75642575	0.458241	0.244898
FMN1_32910178	0.415303	0.448980
FMN2_240109757	0.410369	0.448980
FMN2_240209910	0.422392	0.285714
FMN2_240209914	0.422392	0.224490
FMNL1_45237058	0.538610	0.653061
FMNL1_45237838	0.504329	0.591837
FMNL2_152543296	0.449121	0.530612
FMNL2_152548087	0.449121	0.551020
FMNL2_152577229	0.403788	0.530612
FMNL2_152580739	0.375691	0.346939
FMNL2_152608012	0.375888	0.469388
FMNL2_152608725	0.375888	0.408163
FMNL2_152611395	0.375888	0.306122
FMNL2_152614136	0.435131	0.428571
FMNL2_152615742	0.412440	0.408163
FMNL2_152630429	0.430067	0.224490
FMNL2_152631948	0.430067	0.489796
FMNL2_152642637	0.423340	0.530612
FMNL3_49648471	0.540741	0.448980
FMNL3_49655968	0.512333	0.408163
FMNL3_49657257	0.500524	0.612245
FMNL3_49658250	0.500524	0.591837
FMNL3_49675135	0.454779	0.510204
FMO1_171269426	0.405569	0.428571
FMO1_171280005	0.379310	0.346939
FMO3_171111938	0.413426	0.448980
FMO4_171337094	0.398920	0.632653
FMO5_147214258	0.394218	0.571429
FMR1_147931217	0.326147	0.367347
FN1_215431363	0.348980	0.367347
FN3KRP_82723110	0.500139	0.387755
FN3K_82735943	0.598303	0.571429
FN3K_82743125	0.474199	0.632653
FN3K_82744379	0.474199	0.448980
FNDC1_159222799	0.399235	0.408163
FNDC1_159231033	0.382854	0.428571
FNDC1_159251211	0.420009	0.571429
FNDC3A_49092674	0.367956	0.448980
FNDC3A_49131551	0.347388	0.387755
FNDC3B_172328808	0.432042	0.326531
FNDC4_27492851	0.494983	0.469388
FNDC7_108720333	0.448097	0.469388
FNDC7_108723220	0.379791	0.326531
FNDC7_108731820	0.409304	0.428571
FNIP1_131702935	0.379099	0.489796
FNIP1_131705275	0.335821	0.551020
FNIP1_131719697	0.377329	0.448980
FNIP2_158829475	0.406452	0.367347
FNIP2_158830601	0.406452	0.489796
FNIP2_158860930	0.420896	0.612245
FNIP2_158883891	0.426297	0.448980
FNTB_65012825	0.453478	0.326531
FNTB_65014444	0.453478	0.448980
FNTB_65014483	0.453478	0.489796
FNTB_65030406	0.439312	0.387755
FNTB_65033123	0.430001	0.469388
FNTB_65037974	0.430001	0.489796
FNTB_65054753	0.415190	0.510204
FOCAD_20680121	0.395960	0.428571
FOCAD_20757997	0.370894	0.428571
FOCAD_20758001	0.370894	0.408163
FOCAD_20865108	0.341737	0.469388
FOCAD_20865404	0.341737	0.408163
FOCAD_20910443	0.361373	0.428571
FOCAD_20911315	0.361373	0.551020
FOCAD_20979819	0.383036	0.469388
FOLH1_49170327	0.326446	0.428571
FOLH1_49199220	0.332337	0.306122
FOSL2_28410224	0.551420	0.469388
FOXA2_22584873	0.678184	0.795918
FOXA3_45871679	0.506425	0.612245
FOXF2_1393534	0.587084	0.612245
FOXK1_4756932	0.499379	0.510204
FOXK1_4757816	0.515835	0.448980
FOXK1_4760223	0.515668	0.387755
FOXK2_82570927	0.498864	0.612245
FOXN1_28531284	0.563558	0.469388
FOXN1_28531968	0.563558	0.530612
FOXN3_89285949	0.446847	0.591837
FOXN3_89566055	0.442666	0.448980
FOXN4_109288356	0.469388	0.428571
FOXO3_108674631	0.432952	0.571429
FOXO4_71102035	0.520833	0.469388
FOXP1_70963480	0.409357	0.489796
FOXP1_71042271	0.376040	0.244898
FOXP1_71047172	0.408748	0.387755
FOXP1_71049312	0.408748	0.408163
FOXP1_71151037	0.407005	0.448980
FOXP1_71283655	0.414179	0.428571
FOXP1_71433835	0.416870	0.571429
FOXP1_71555316	0.412658	0.448980
FOXP1_71559481	0.412658	0.489796
FOXP1_71575815	0.412658	0.428571
FOXP3_49256007	0.530591	0.591837
FOXP3_49257982	0.557875	0.591837
FOXP3_49259602	0.498451	0.530612
FOXP4_41578945	0.531329	0.448980
FOXP4_41584600	0.531329	0.408163
FOXP4_41588894	0.556304	0.530612
FOXP4_41589080	0.556304	0.448980
FOXP4_41594193	0.530871	0.530612
FOXRED2_36497543	0.558923	0.571429
FOXRED2_36500299	0.479896	0.612245
FRA10AC1_93695769	0.345216	0.428571
FRAS1_78266322	0.426087	0.469388
FRAS1_78279425	0.388994	0.530612
FRAS1_78282156	0.358586	0.510204
FRAS1_78335668	0.417977	0.489796
FRAS1_78366810	0.385786	0.448980
FRAS1_78370840	0.395536	0.428571
FRAS1_78373103	0.439297	0.428571
FRAS1_78373939	0.439297	0.428571
FRAS1_78380764	0.391433	0.408163
FRAS1_78413648	0.405424	0.448980
FRAS1_78421861	0.432297	0.591837
FRAS1_78430773	0.336772	0.306122
FREM1_14737790	0.365844	0.448980
FREM1_14782149	0.395175	0.551020
FREM1_14788074	0.359944	0.469388
FREM1_14812453	0.382724	0.326531
FREM1_14820847	0.407049	0.469388
FREM1_14822959	0.407049	0.346939
FREM1_14843603	0.413459	0.346939
FREM1_14845696	0.413459	0.387755
FREM1_14847179	0.420132	0.530612
FREM1_14847937	0.420132	0.387755
FREM2_38849855	0.390636	0.346939
FREM2_38860187	0.348913	0.530612
FREM3_143623834	0.367402	0.551020
FRK_116002701	0.364971	0.387755
FRMD3_83299298	0.436757	0.408163
FRMD4B_69197138	0.435202	0.367347
FRMD5_43892320	0.478179	0.387755
FRMD5_43903563	0.489481	0.489796
FRMD7_132086068	0.395279	0.367347
FRMD7_132093491	0.395279	0.530612
FRMD8_65397860	0.587109	0.408163
FRMPD1_37724677	0.472351	0.530612
FRMPD1_37730107	0.423894	0.448980
FRMPD1_37730762	0.423894	0.469388
FRMPD1_37734160	0.431634	0.510204
FRMPD1_37737976	0.494354	0.448980
FRMPD2_48164440	0.467804	0.326531
FRMPD2_48169254	0.504783	0.551020
FRMPD2_48185180	0.409836	0.326531
FRMPD2_48185193	0.409836	0.408163
FRMPD2_48185496	0.409836	0.530612
FRMPD2_48191216	0.498052	0.571429
FRMPD2_48205408	0.366586	0.387755
FRMPD2_48223409	0.391113	0.510204
FRMPD2_48237156	0.484342	0.346939
FRMPD2_48238382	0.478055	0.571429
FRMPD3_107529771	0.453431	0.326531
FRMPD3_107531749	0.445373	0.448980
FRMPD3_107546275	0.471595	0.448980
FRMPD3_107547241	0.471595	0.428571
FRMPD3_107559901	0.399166	0.448980
FRMPD3_107561856	0.493132	0.510204
FRMPD3_107562563	0.493132	0.428571
FRMPD4_12686784	0.386216	0.346939
FRMPD4_12688283	0.386216	0.469388
FRRS1_99745209	0.405976	0.448980
FRRS1_99749001	0.377048	0.326531
FRS3_41771631	0.556738	0.428571
FRS3_41772634	0.518607	0.530612
FRYL_48510405	0.366322	0.448980
FRYL_48511300	0.342246	0.387755
FRYL_48547239	0.292683	0.265306
FRYL_48560965	0.398402	0.469388
FRYL_48572928	0.367887	0.408163
FRYL_48589934	0.371319	0.224490
FRYL_48590958	0.372701	0.346939
FRYL_48591032	0.372701	0.489796
FRYL_48591036	0.372701	0.469388
FRYL_48601056	0.321814	0.367347
FRY_32136551	0.392413	0.244898
FRY_32147706	0.381898	0.346939
FRY_32151645	0.360502	0.367347
FRY_32198511	0.361246	0.408163
FRY_32216716	0.384543	0.306122
FRY_32218464	0.384543	0.673469
FRY_32222490	0.440866	0.551020
FRY_32276813	0.381178	0.285714
FRY_32290428	0.398789	0.571429
FSCN2_81534691	0.573235	0.551020
FSD1L_105535433	0.355984	0.367347
FSD1_4305292	0.647804	0.510204
FSD1_4307046	0.560567	0.448980
FSD1_4308063	0.504587	0.428571
FSD2_82766125	0.481390	0.510204
FSD2_82771209	0.500986	0.530612
FSD2_82782714	0.460625	0.448980
FSHR_48964813	0.411964	0.408163
FSHR_48985190	0.406713	0.489796
FSIP2_185761736	0.312212	0.346939
FSIP2_185786653	0.314359	0.448980
FSTL3_677323	0.670356	0.612245
FSTL3_677327	0.670356	0.632653
FSTL3_678610	0.635453	0.591837
FSTL4_133219568	0.457703	0.591837
FSTL5_161539625	0.330655	0.469388
FTCD_46145947	0.757862	0.775510
FTCD_46147568	0.517542	0.591837
FTCD_46154593	0.664028	0.632653
FTO_53715931	0.382485	0.448980
FTO_53873648	0.369926	0.285714
FTO_53886463	0.408752	0.244898
FUBP1_77955535	0.349436	0.387755
FUBP1_77956146	0.349436	0.346939
FUBP1_77960834	0.346526	0.367347
FUBP1_77966148	0.390561	0.387755
FUBP3_130609876	0.451236	0.408163
FUBP3_130615876	0.464410	0.469388
FUBP3_130626722	0.531781	0.387755
FUCA1_23866656	0.483715	0.367347
FUK_70470738	0.601103	0.673469
FUT6_5833028	0.513531	0.428571
FXR1_180948272	0.365854	0.387755
FXR2_7598080	0.485039	0.510204
FXR2_7609292	0.440014	0.367347
FXYD5_35160580	0.469671	0.653061
FXYD5_35165899	0.444620	0.510204
FYCO1_45921874	0.540496	0.530612
FYCO1_45928655	0.477071	0.571429
FYCO1_45929477	0.477071	0.571429
FYCO1_45961622	0.444072	0.285714
FYCO1_45964510	0.536332	0.530612
FYCO1_45975510	0.438403	0.448980
FYN_111685184	0.438412	0.489796
FYN_111705280	0.414245	0.408163
FYTTD1_197751675	0.438356	0.306122
FZD3_28554255	0.325891	0.387755
FZD6_103330513	0.366275	0.469388
FZR1_3526574	0.682968	0.612245
FZR1_3530486	0.609338	0.591837
FZR1_3530624	0.609338	0.551020
FZR1_3533292	0.688958	0.734694
G2E3_30589212	0.328399	0.367347
G2E3_30591784	0.365751	0.408163
G2E3_30604209	0.384821	0.285714
G3BP1_151802981	0.400663	0.367347
G6PC_42907353	0.474727	0.448980
GAA_80103165	0.560435	0.571429
GAB1_143409267	0.394139	0.551020
GAB1_143439151	0.379684	0.408163
GAB3_154697409	0.460577	0.469388
GAB4_16964160	0.565171	0.632653
GAB4_16990898	0.496086	0.387755
GABBR1_29625048	0.492921	0.571429
GABBR1_29630805	0.402926	0.489796
GABBR2_98386952	0.465758	0.469388
GABBR2_98390642	0.487427	0.510204
GABBR2_98392504	0.487427	0.551020
GABBR2_98485931	0.466104	0.530612
GABPA_25767262	0.323529	0.367347
GABPB1_50279963	0.382672	0.428571
GABPB1_50284214	0.382672	0.326531
GABPB1_50284286	0.382672	0.448980
GABPB2_151097676	0.428667	0.551020
GABRA3_152193298	0.378754	0.408163
GABRA3_152195566	0.378754	0.367347
GABRA4_46971235	0.327437	0.367347
GABRA5_26883015	0.491811	0.469388
GABRA6_161691107	0.335224	0.346939
GABRE_151960114	0.456355	0.469388
GABRE_151972868	0.486441	0.326531
GABRG2_162145435	0.372994	0.326531
GABRG3_27327486	0.486486	0.469388
GABRP_170791034	0.469998	0.510204
GABRQ_152645709	0.356245	0.469388
GABRQ_152648506	0.500000	0.612245
GABRR1_89198618	0.516100	0.591837
GABRR2_89260987	0.425816	0.510204
GABRR2_89269861	0.502893	0.367347
GABRR2_89270316	0.502893	0.530612
GABRR3_98020744	0.391382	0.428571
GABRR3_98023792	0.391382	0.326531
GAD1_170845049	0.382047	0.469388
GAD2_26281747	0.383108	0.571429
GAD2_26292391	0.408543	0.551020
GAD2_26293758	0.407132	0.448980
GADD45GIP1_12954705	0.510274	0.408163
GAK_879225	0.546009	0.591837
GAK_879559	0.546009	0.469388
GAK_883505	0.666667	0.714286
GAK_889792	0.652146	0.653061
GAK_897310	0.567094	0.510204
GAK_909590	0.593936	0.591837
GAK_912838	0.511084	0.428571
GAL3ST2_241800482	0.591394	0.489796
GAL3ST2_241800740	0.591394	0.612245
GAL3ST2_241802828	0.676606	0.673469
GAL3ST3_66044448	0.497210	0.448980
GAL3ST4_100163783	0.503609	0.510204
GAL3ST4_100164007	0.503609	0.448980
GALC_87948019	0.357579	0.387755
GALC_87948454	0.357579	0.306122
GALC_87971162	0.327062	0.408163
GALC_87974418	0.327062	0.326531
GALE_23797418	0.561243	0.448980
GALK2_49313191	0.384948	0.428571
GALK2_49322957	0.402897	0.326531
GALNS_88817552	0.631715	0.755102
GALNS_88835384	0.545699	0.469388
GALNS_88839972	0.626782	0.673469
GALNT10_154294588	0.433529	0.448980
GALNT10_154294675	0.433529	0.530612
GALNT10_154295594	0.445069	0.530612
GALNT10_154296372	0.445069	0.591837
GALNT10_154310695	0.422615	0.591837
GALNT10_154313160	0.422615	0.448980
GALNT10_154331725	0.440951	0.510204
GALNT10_154406441	0.462376	0.469388
GALNT10_154411469	0.489763	0.591837
GALNT11_152100796	0.388685	0.387755
GALNT12_98826596	0.490078	0.571429
GALNT12_98826601	0.490078	0.551020
GALNT12_98834397	0.485871	0.612245
GALNT15_16226981	0.418498	0.387755
GALNT16_69327996	0.522296	0.448980
GALNT16_69331191	0.473029	0.530612
GALNT18_11341153	0.427705	0.489796
GALNT2_230072090	0.473184	0.510204
GALNT2_230084288	0.473184	0.591837
GALNT2_230139733	0.473184	0.489796
GALNT2_230265216	0.531096	0.489796
GALNT2_230272531	0.500165	0.408163
GALNT2_230276900	0.423808	0.530612
GALNT2_230277637	0.423808	0.551020
GALNT3_165752358	0.357988	0.428571
GALNT5_157301992	0.369341	0.428571
GALNT5_157306499	0.369017	0.510204
GALNT6_51355381	0.516375	0.551020
GALNT6_51364355	0.534451	0.693878
GALNT7_173265515	0.392608	0.469388
GALNT7_173300638	0.395039	0.632653
GALNT8_4740845	0.429343	0.408163
GALNT8_4765338	0.489857	0.469388
GALNT9_132199269	0.592772	0.551020
GALNT9_132201580	0.605885	0.653061
GALNTL5_151968622	0.419878	0.530612
GALNTL5_152011015	0.417525	0.387755
GALP_56176782	0.649454	0.632653
GALP_56181844	0.509434	0.469388
GALP_56181938	0.509434	0.612245
GALP_56182021	0.509434	0.591837
GALP_56182081	0.509434	0.571429
GALP_56183832	0.498002	0.612245
GAL_68686193	0.563214	0.653061
GANAB_62634130	0.519142	0.551020
GANC_42297994	0.409382	0.387755
GANC_42345673	0.427968	0.346939
GANC_42345999	0.410132	0.510204
GANC_42349573	0.465357	0.306122
GAPVD1_125334717	0.401322	0.469388
GAR1_109818706	0.418681	0.571429
GAREM2_26174977	0.636666	0.612245
GARNL3_127344550	0.450611	0.530612
GARNL3_127348767	0.440221	0.448980
GARNL3_127351374	0.405821	0.530612
GARS_30601024	0.357780	0.367347
GARS_30613343	0.385753	0.408163
GARS_30616717	0.390521	0.428571
GART_33515960	0.422966	0.591837
GAS2L2_35748027	0.567869	0.612245
GAS2L2_35749409	0.543655	0.591837
GAS2L2_35749413	0.543655	0.571429
GAS2L3_100592681	0.325381	0.285714
GAS2L3_100600778	0.299908	0.367347
GAS2_22754853	0.348572	0.428571
GAS6_113823951	0.600000	0.612245
GAS6_113826259	0.600000	0.612245
GAS6_113846692	0.511838	0.510204
GAS6_113847877	0.511838	0.469388
GAS7_9917423	0.555387	0.530612
GAS7_9945028	0.482910	0.510204
GAS7_9951893	0.516206	0.510204
GAS8_90031571	0.556102	0.551020
GAS8_90032547	0.556102	0.530612
GAS8_90032561	0.556102	0.530612
GAS8_90033773	0.488552	0.408163
GAS8_90035499	0.488552	0.448980
GAS8_90037917	0.528356	0.612245
GAST_41715734	0.592308	0.551020
GATA1_48790937	0.528684	0.632653
GATA3_8059617	0.505339	0.489796
GATA4_11749959	0.548293	0.591837
GATA5_62467891	0.596409	0.551020
GATA5_62469769	0.596409	0.428571
GATA6_22172656	0.463102	0.530612
GATA6_22174138	0.463102	0.489796
GATAD2A_19492132	0.509423	0.591837
GATAD2A_19494718	0.527007	0.632653
GATAD2B_153812370	0.408236	0.448980
GATB_151714091	0.435943	0.326531
GATB_151717713	0.452340	0.469388
GATB_151718163	0.452340	0.408163
GATSL2_75018709	0.574794	0.612245
GATSL2_75019310	0.594910	0.673469
GATSL2_75023092	0.498590	0.591837
GBAS_55978723	0.417940	0.530612
GBA_155236469	0.494834	0.510204
GBA_155240488	0.510870	0.367347
GBE1_81496335	0.362017	0.530612
GBE1_81691610	0.350507	0.306122
GBF1_102351748	0.450855	0.510204
GBF1_102351753	0.450855	0.530612
GBF1_102361399	0.448911	0.510204
GBF1_102361403	0.448911	0.469388
GBF1_102369523	0.458204	0.489796
GBGT1_133161595	0.557478	0.571429
GBP2_89115435	0.381447	0.285714
GBP3_89008353	0.374771	0.428571
GBP3_89009206	0.342629	0.428571
GBP5_89266649	0.252717	0.326531
GBP7_89134799	0.388065	0.448980
GCAT_37809042	0.521202	0.469388
GCAT_37813135	0.601266	0.591837
GCC2_108452195	0.388335	0.448980
GCC2_108464083	0.406347	0.551020
GCFC2_75680463	0.424920	0.285714
GCFC2_75689777	0.292059	0.346939
GCFC2_75691635	0.311854	0.367347
GCFC2_75697471	0.384899	0.448980
GCFC2_75701062	0.384899	0.489796
GCH1_54860245	0.400358	0.448980
GCK_44147140	0.530553	0.367347
GCLC_53516491	0.435785	0.489796
GCLC_53520569	0.435785	0.632653
GCLM_93901229	0.358654	0.469388
GCM1_53148221	0.379229	0.448980
GCN1_120148404	0.494043	0.551020
GCN1_120158030	0.547786	0.612245
GCN1_120168448	0.483405	0.510204
GCN1_120168468	0.483405	0.530612
GCN1_120174264	0.500000	0.571429
GCN1_120178034	0.493119	0.612245
GCN1_120178099	0.493119	0.489796
GCN1_120182479	0.490256	0.612245
GCN1_120184403	0.481034	0.346939
GCNA_71608913	0.455751	0.489796
GCNA_71609402	0.458733	0.489796
GCOM1_57618412	0.411816	0.448980
GCOM1_57633442	0.443495	0.428571
GCOM1_57633556	0.443495	0.591837
GCOM1_57635029	0.422464	0.530612
GCSAML_247556028	0.379488	0.489796
GC_71756630	0.345387	0.510204
GDAP2_117871576	0.382846	0.489796
GDAP2_117874445	0.382846	0.530612
GDAP2_117914909	0.367834	0.367347
GDAP2_117928312	0.383686	0.306122
GDA_72219188	0.420448	0.612245
GDA_72244970	0.378800	0.408163
GDA_72246510	0.368124	0.346939
GDF11_55749199	0.496139	0.387755
GDF2_47324386	0.441402	0.387755
GDF7_20668177	0.587716	0.591837
GDF9_132863075	0.412025	0.591837
GDI2_5774151	0.414732	0.448980
GDNF_37837772	0.578565	0.571429
GDPD1_59253932	0.407989	0.367347
GDPD2_70426229	0.571429	0.530612
GDPD2_70427913	0.422376	0.346939
GDPD4_77229476	0.420886	0.469388
GDPD4_77284631	0.373087	0.469388
GDPD5_75441878	0.534884	0.551020
GDPD5_75441900	0.534884	0.551020
GDPD5_75445986	0.517965	0.551020
GDPD5_75453135	0.536542	0.489796
GDPD5_75460069	0.515703	0.489796
GDPGP1_90234892	0.462131	0.408163
GEMIN2_39121696	0.401828	0.408163
GEMIN4_749996	0.541220	0.367347
GEMIN5_154903453	0.351615	0.387755
GEMIN5_154910898	0.434237	0.448980
GEMIN5_154930329	0.407434	0.571429
GEMIN8_14020653	0.420883	0.448980
GEM_94253553	0.441360	0.448980
GEM_94261805	0.485098	0.367347
GEN1_17760414	0.421379	0.469388
GEN1_17777786	0.341944	0.326531
GET4_889578	0.627054	0.632653
GET4_890589	0.627054	0.510204
GET4_893418	0.615443	0.673469
GET4_893447	0.615443	0.673469
GET4_893482	0.615443	0.693878
GET4_893581	0.615443	0.653061
GET4_893613	0.615443	0.693878
GET4_893648	0.615443	0.734694
GFI1B_132987743	0.564994	0.530612
GFM1_158648204	0.365026	0.367347
GFM1_158664159	0.364630	0.428571
GFM1_158685765	0.343466	0.285714
GFM2_74748566	0.358828	0.367347
GFM2_74757860	0.362882	0.326531
GFM2_74758324	0.362882	0.326531
GFPT1_69342458	0.415982	0.551020
GFPT1_69349228	0.364888	0.306122
GFPT1_69355747	0.415672	0.346939
GFPT1_69369557	0.406635	0.346939
GFPT1_69372568	0.422633	0.408163
GFPT2_180311469	0.501951	0.510204
GFPT2_180324541	0.441176	0.408163
GFRA1_116065161	0.473735	0.448980
GFRA1_116065951	0.454300	0.448980
GFRA1_116096392	0.433286	0.612245
GFRA4_3662808	0.590116	0.571429
GFRAL_55352498	0.325575	0.489796
GGA1_37614542	0.538345	0.551020
GGA1_37630491	0.568306	0.489796
GGA2_23479031	0.562720	0.428571
GGA3_75243800	0.532675	0.612245
GGH_63037123	0.427484	0.367347
GGNBP2_36567567	0.405979	0.408163
GGT1_24604553	0.449266	0.530612
GGT5_24225715	0.624114	0.653061
GHRHR_30964552	0.519754	0.510204
GHRL_10288972	0.537131	0.591837
GHSR_172445794	0.363383	0.428571
GID4_18047437	0.445291	0.387755
GID4_18058779	0.453270	0.530612
GID4_18061538	0.493913	0.428571
GID4_18062598	0.440075	0.326531
GIF_59844082	0.427597	0.408163
GIGYF2_232725143	0.411420	0.387755
GIGYF2_232792270	0.398667	0.469388
GIGYF2_232794503	0.398667	0.530612
GIGYF2_232807781	0.394513	0.571429
GIGYF2_232808604	0.394513	0.367347
GIGYF2_232832789	0.390490	0.428571
GIGYF2_232839603	0.408438	0.346939
GIGYF2_232842660	0.412617	0.489796
GINM1_149567434	0.440870	0.448980
GINM1_149573564	0.435992	0.306122
GINS2_85681446	0.476158	0.551020
GINS2_85683078	0.471616	0.612245
GIPC3_3589626	0.589091	0.571429
GIPR_45668741	0.581494	0.714286
GIPR_45673945	0.504021	0.428571
GIPR_45675155	0.508954	0.571429
GIP_48960605	0.537114	0.387755
GIP_48962310	0.526908	0.551020
GIP_48967755	0.515439	0.489796
GIT1_29575955	0.603352	0.693878
GIT1_29588630	0.580210	0.571429
GIT2_109945408	0.410283	0.408163
GIT2_109962922	0.440885	0.571429
GIT2_109963757	0.440885	0.469388
GIT2_109987992	0.455201	0.387755
GJC2_228153329	0.606570	0.530612
GJC2_228157611	0.606570	0.551020
GK5_142169073	0.392402	0.408163
GK5_142212452	0.398878	0.591837
GKAP1_83750805	0.370931	0.285714
GKN1_68975156	0.348307	0.530612
GK_30689919	0.352075	0.428571
GK_30695575	0.351729	0.408163
GLB1L2_134357703	0.533008	0.632653
GLB1L2_134366373	0.539888	0.551020
GLB1L2_134367921	0.480031	0.734694
GLB1L3_134284030	0.481220	0.571429
GLB1L3_134291401	0.480716	0.571429
GLB1L_219241521	0.478905	0.571429
GLB1_33003925	0.448208	0.551020
GLB1_33021891	0.393834	0.408163
GLB1_33047993	0.450317	0.551020
GLB1_33053090	0.467026	0.530612
GLB1_33057801	0.457810	0.551020
GLB1_33059007	0.443626	0.489796
GLB1_33068970	0.420655	0.530612
GLDC_6535384	0.403922	0.571429
GLDC_6606414	0.440213	0.408163
GLDC_6606854	0.487223	0.653061
GLDN_51401555	0.466179	0.591837
GLG1_74455846	0.469523	0.367347
GLG1_74494940	0.407707	0.346939
GLI1_57467595	0.524194	0.571429
GLI2_120793295	0.528854	0.448980
GLI2_120972948	0.546853	0.612245
GLI2_120978813	0.436592	0.510204
GLI3_41971732	0.409472	0.428571
GLI4_143273910	0.637083	0.632653
GLIPR1L2_75425025	0.398317	0.510204
GLIPR2_36147610	0.530744	0.673469
GLIPR2_36150375	0.534894	0.673469
GLIS1_53516290	0.547163	0.510204
GLIS1_53525806	0.610239	0.632653
GLIS1_53596314	0.526419	0.571429
GLMN_92293919	0.388169	0.448980
GLO1_38686735	0.353807	0.510204
GLOD5_48765688	0.452399	0.469388
GLP1R_39057089	0.498978	0.367347
GLP1R_39065097	0.539171	0.551020
GLP1R_39067412	0.417200	0.448980
GLP2R_9834859	0.485057	0.510204
GLP2R_9858625	0.384355	0.306122
GLP2R_9860634	0.462874	0.448980
GLP2R_9861820	0.370280	0.367347
GLP2R_9880281	0.452840	0.408163
GLRA1_151823699	0.430418	0.489796
GLRA1_151827001	0.430418	0.265306
GLRA2_14574132	0.364299	0.408163
GLRB_157147765	0.347454	0.489796
GLRX2_193098280	0.420118	0.591837
GLRX3_130139174	0.451483	0.306122
GLRX3_130142418	0.451483	0.469388
GLRX3_130167389	0.418026	0.489796
GLRX5_95540698	0.420112	0.448980
GLS2_56480666	0.449331	0.428571
GLS_190896623	0.329062	0.367347
GLS_190897259	0.329062	0.612245
GLT6D1_135626473	0.369066	0.612245
GLTP_109858396	0.522972	0.428571
GLTP_109858400	0.522972	0.428571
GLTSCR1L_42795041	0.439689	0.408163
GLTSCR1_47676940	0.522914	0.530612
GLTSCR1_47688587	0.484534	0.510204
GLTSCR2_47747369	0.512079	0.571429
GLTSCR2_47750085	0.512079	0.571429
GLUL_182391428	0.537227	0.530612
GLYATL1P3_59087272	0.353311	0.346939
GLYATL1P3_59088414	0.353311	0.612245
GLYATL1P3_59088895	0.353311	0.346939
GLYATL1_58948066	0.358613	0.367347
GLYATL2_58839296	0.386792	0.428571
GLYATL2_58844230	0.360594	0.346939
GLYATL3_49512513	0.354632	0.285714
GLYATL3_49514281	0.354632	0.285714
GLYATL3_49524118	0.391858	0.469388
GLYAT_58724711	0.393691	0.306122
GLYR1_4809148	0.462536	0.326531
GLYR1_4812248	0.554435	0.571429
GLYR1_4831260	0.488663	0.448980
GLYR1_4845251	0.386275	0.285714
GM2A_151257390	0.475608	0.571429
GM2A_151258417	0.475608	0.408163
GM2A_151259076	0.475608	0.591837
GMCL1_69837430	0.403435	0.306122
GMCL1_69848705	0.368577	0.326531
GMCL1_69858931	0.351749	0.551020
GMCL1_69873200	0.383267	0.469388
GMDS_1731415	0.434284	0.510204
GMEB1_28683975	0.439258	0.530612
GMEB2_63593502	0.546102	0.632653
GMEB2_63596507	0.541478	0.653061
GMEB2_63597651	0.541478	0.510204
GMEB2_63605108	0.514418	0.306122
GMFG_39329630	0.482029	0.428571
GMFG_39329689	0.482029	0.510204
GML_142840805	0.589786	0.591837
GMNN_24775296	0.475468	0.734694
GMNN_24776492	0.475468	0.448980
GMPPA_219503833	0.513102	0.591837
GMPR_16274269	0.462066	0.428571
GMPR_16278338	0.491486	0.510204
GMPR_16278705	0.491486	0.530612
GMPR_16281210	0.477398	0.489796
GMPR_16292667	0.485401	0.510204
GNA11_3110637	0.588451	0.693878
GNA11_3120121	0.674647	0.632653
GNA11_3120738	0.674647	0.673469
GNA12_2731963	0.434118	0.489796
GNA12_2832004	0.456055	0.346939
GNA13_65015912	0.403447	0.448980
GNA14_77429740	0.433012	0.591837
GNA15_3160710	0.479943	0.387755
GNAI2_50245655	0.576186	0.673469
GNAI3_109585330	0.363836	0.408163
GNAI3_109590201	0.388178	0.408163
GNAL_11875890	0.502369	0.489796
GNAO1_56332029	0.548088	0.571429
GNAO1_56334185	0.548088	0.530612
GNAT1_50192538	0.604151	0.653061
GNAT3_80491745	0.338563	0.428571
GNAT3_80494069	0.338563	0.306122
GNB1L_19805867	0.587348	0.653061
GNB1L_19811433	0.586756	0.653061
GNB1L_19818335	0.556687	0.489796
GNB1L_19818980	0.556687	0.632653
GNB1L_19819244	0.556687	0.612245
GNB1L_19820307	0.556687	0.632653
GNB1L_19820345	0.556687	0.693878
GNB1_1787490	0.532508	0.551020
GNB1_1816040	0.434144	0.530612
GNB1_1878957	0.468700	0.510204
GNB4_179418931	0.367699	0.510204
GNB5_52154225	0.456736	0.469388
GNE_36218564	0.489597	0.571429
GNE_36218791	0.489597	0.510204
GNE_36219195	0.489597	0.551020
GNE_36226753	0.426969	0.387755
GNE_36229384	0.424028	0.367347
GNG13_799727	0.673102	0.571429
GNG5_84502057	0.427970	0.285714
GNG7_2518558	0.544322	0.653061
GNGT1_93908085	0.344059	0.326531
GNL1_30548855	0.467180	0.346939
GNL1_30548859	0.467180	0.326531
GNL1_30552846	0.516588	0.510204
GNL2_37576093	0.399725	0.448980
GNL2_37583693	0.344086	0.367347
GNL2_37585960	0.426118	0.408163
GNL2_37590944	0.424973	0.428571
GNL3L_54551534	0.551257	0.551020
GNPAT_231264921	0.365164	0.591837
GNPDA2_44709208	0.327826	0.408163
GNPTAB_101748543	0.405056	0.571429
GNPTAB_101750216	0.414354	0.306122
GNPTAB_101770636	0.363415	0.428571
GNPTAB_101788899	0.416914	0.489796
GNPTG_1356796	0.550869	0.632653
GNRH2_3045199	0.544170	0.551020
GNS_64726531	0.414413	0.326531
GNS_64730288	0.427007	0.346939
GNS_64731670	0.427007	0.265306
GNS_64736673	0.427007	0.448980
GNS_64745333	0.387483	0.571429
GOLGA1_124884044	0.513461	0.489796
GOLGA1_124919303	0.427269	0.326531
GOLGA3_132773560	0.559165	0.693878
GOLGA3_132788393	0.637338	0.571429
GOLGA3_132788467	0.637338	0.673469
GOLGA3_132788666	0.637338	0.551020
GOLGA3_132816812	0.531545	0.571429
GOLGA3_132818205	0.531545	0.510204
GOLGA3_132818351	0.531545	0.530612
GOLGA4_37286455	0.419792	0.530612
GOLGA4_37288056	0.419792	0.469388
GOLGA4_37301392	0.362602	0.448980
GOLGA4_37333955	0.363316	0.306122
GOLGA4_37343723	0.386958	0.551020
GOLGA5_92803197	0.384853	0.428571
GOLGA5_92809178	0.419092	0.346939
GOLGA5_92818573	0.404139	0.346939
GOLGA5_92823514	0.379486	0.591837
GOLGA5_92839273	0.409186	0.571429
GOLGA7B_97851995	0.463028	0.510204
GOLIM4_168028529	0.348736	0.448980
GOLIM4_168032226	0.378977	0.469388
GOLIM4_168047196	0.337723	0.367347
GOLM1_86089919	0.436195	0.408163
GON4L_155854817	0.450179	0.612245
GON7_93206385	0.445684	0.571429
GOPC_117573756	0.355570	0.306122
GORASP1_39099838	0.543071	0.489796
GORASP1_39105888	0.571210	0.571429
GOSR1_30480330	0.447254	0.204082
GOSR2_46929298	0.422198	0.428571
GOT1L1_37935299	0.518443	0.489796
GOT1_99402971	0.423593	0.448980
GOT1_99403923	0.444976	0.591837
GOT2_58708375	0.439003	0.448980
GOT2_58720784	0.430546	0.612245
GP2_20318706	0.433137	0.530612
GP6_55019475	0.444359	0.387755
GP6_55024648	0.444359	0.469388
GP6_55028729	0.452526	0.510204
GPAM_112169009	0.392382	0.244898
GPAM_112177678	0.335242	0.367347
GPAT2_96032977	0.540812	0.530612
GPAT2_96034584	0.540812	0.612245
GPAT3_83538851	0.420870	0.469388
GPAT4_41609094	0.440906	0.591837
GPAT4_41614601	0.437620	0.346939
GPAT4_41615214	0.492160	0.591837
GPATCH1_33087575	0.470802	0.489796
GPATCH1_33108883	0.484203	0.469388
GPATCH1_33111174	0.439953	0.551020
GPATCH1_33128824	0.480271	0.428571
GPATCH2L_76168346	0.403910	0.408163
GPATCH2_217619168	0.338351	0.265306
GPATCH3_26894619	0.480277	0.591837
GPATCH3_26897089	0.480277	0.387755
GPATCH3_26898560	0.460282	0.489796
GPBP1L1_45631271	0.429216	0.224490
GPBP1L1_45633131	0.429216	0.448980
GPBP1_57233762	0.378553	0.367347
GPBP1_57237807	0.378876	0.326531
GPC1_240449049	0.642580	0.571429
GPC1_240463120	0.660995	0.571429
GPC2_100176365	0.504491	0.612245
GPC6_94182406	0.377058	0.448980
GPCPD1_5582763	0.409255	0.530612
GPCPD1_5591837	0.354258	0.489796
GPCPD1_5599008	0.456333	0.448980
GPD1L_32144308	0.417426	0.510204
GPD1L_32165293	0.459684	0.346939
GPD2_156569285	0.352357	0.224490
GPHB5_63313703	0.432767	0.530612
GPHB5_63314785	0.432767	0.326531
GPHB5_63314886	0.432767	0.244898
GPHN_66704457	0.361259	0.367347
GPIHBP1_143213599	0.631474	0.591837
GPI_34374987	0.489925	0.510204
GPI_34380443	0.550709	0.448980
GPI_34388021	0.531037	0.510204
GPKOW_49117242	0.523041	0.530612
GPKOW_49122868	0.520779	0.530612
GPKOW_49122883	0.520779	0.571429
GPLD1_24429746	0.427237	0.510204
GPLD1_24446094	0.511928	0.530612
GPLD1_24457397	0.472123	0.571429
GPLD1_24467274	0.391935	0.346939
GPLD1_24486449	0.404385	0.285714
GPN1_27639361	0.394659	0.387755
GPN1_27647710	0.389202	0.306122
GPNMB_23248595	0.427496	0.591837
GPNMB_23260206	0.391167	0.448980
GPR107_130076168	0.422961	0.326531
GPR107_130078355	0.478492	0.367347
GPR107_130088329	0.413048	0.448980
GPR107_130118184	0.480633	0.591837
GPR107_130127350	0.445195	0.387755
GPR108_6736208	0.527646	0.632653
GPR132_105056673	0.590000	0.632653
GPR132_105065059	0.557545	0.612245
GPR137_64287456	0.553824	0.551020
GPR142_74368465	0.591751	0.714286
GPR143_9764808	0.474794	0.653061
GPR143_9765044	0.474794	0.367347
GPR155_174438132	0.384660	0.551020
GPR155_174470583	0.374429	0.346939
GPR156_120169560	0.478587	0.591837
GPR156_120177209	0.456363	0.510204
GPR156_120180241	0.456363	0.448980
GPR156_120192562	0.362794	0.367347
GPR157_9108243	0.541033	0.612245
GPR161_168090782	0.495804	0.489796
GPR161_168100855	0.483020	0.489796
GPR171_151199561	0.369639	0.387755
GPR179_38331890	0.543339	0.428571
GPR179_38333462	0.590654	0.571429
GPR179_38333814	0.590654	0.653061
GPR179_38337900	0.533608	0.591837
GPR180_94625553	0.397373	0.367347
GPR182_56994886	0.515596	0.632653
GPR182_56995028	0.515596	0.408163
GPR18_99257461	0.326213	0.367347
GPR3_27392936	0.611742	0.591837
GPR50_151177343	0.620758	0.693878
GPR50_151179174	0.570231	0.428571
GPR61_109540575	0.508104	0.510204
GPR61_109542131	0.508104	0.693878
GPR78_8585013	0.543434	0.530612
GPR78_8586462	0.543434	0.591837
GPR78_8586737	0.543434	0.632653
GPR83_94395142	0.476259	0.428571
GPR87_151296527	0.371988	0.428571
GPRC5C_74441592	0.521070	0.571429
GPRC5C_74444645	0.576294	0.632653
GPRC6A_116801946	0.336982	0.387755
GPSM1_136330969	0.657340	0.653061
GPSM1_136357113	0.675325	0.632653
GPSM2_108884672	0.383296	0.367347
GPSM2_108925904	0.388990	0.428571
GPT2_46897533	0.502088	0.489796
GPT2_46910090	0.487761	0.612245
GPT2_46919802	0.517509	0.551020
GPT2_46920328	0.517509	0.571429
GPT2_46924816	0.534034	0.693878
GPX3_151024684	0.515007	0.469388
GPX3_151026342	0.519915	0.591837
GPX3_151027430	0.526570	0.510204
GPX5_28531558	0.400368	0.469388
GPX5_28532319	0.480000	0.530612
GPX5_28532590	0.396753	0.428571
GPX5_28533697	0.396753	0.387755
GPX6_28505802	0.400786	0.489796
GPX6_28515210	0.500000	0.571429
GPX7_52604137	0.495164	0.408163
GPX7_52604828	0.495164	0.632653
GRAMD1A_35013965	0.603622	0.530612
GRAMD1A_35021269	0.542683	0.714286
GRAMD1B_123581618	0.552421	0.591837
GRAMD1B_123581679	0.552421	0.448980
GRAMD1B_123594263	0.559859	0.571429
GRAMD1B_123603883	0.471910	0.469388
GRAMD1B_123604423	0.471910	0.489796
GRAMD1B_123605081	0.471910	0.469388
GRAMD1C_113941150	0.400040	0.346939
GRAMD3_126472701	0.415625	0.387755
GRAMD3_126473140	0.415625	0.306122
GRAMD3_126485492	0.420327	0.387755
GRAMD4_46628286	0.609027	0.653061
GRAMD4_46666799	0.597496	0.530612
GRAMD4_46670440	0.577021	0.571429
GRAMD4_46672501	0.577021	0.571429
GRAMD4_46676198	0.636103	0.551020
GRAP2_39949366	0.466759	0.448980
GRAP2_39955637	0.466759	0.591837
GRAP2_39958942	0.506757	0.551020
GRAP2_39959230	0.506757	0.510204
GRAP2_39965866	0.450559	0.551020
GRAP2_39966488	0.436006	0.408163
GRAP2_39969167	0.488576	0.408163
GRAP2_39969294	0.488576	0.408163
GRASP_52008981	0.610187	0.530612
GRASP_52012103	0.524165	0.551020
GRB10_50595346	0.463644	0.408163
GRB10_50671498	0.503062	0.428571
GRB10_50674367	0.503062	0.571429
GRB10_50704033	0.457795	0.306122
GRB10_50710734	0.457795	0.591837
GRB14_164499005	0.326826	0.530612
GRB2_75320709	0.487783	0.469388
GREB1_11562190	0.455105	0.591837
GREB1_11585701	0.476386	0.530612
GREB1_11589773	0.478408	0.551020
GREB1_11594516	0.504708	0.428571
GREB1_11611617	0.542604	0.448980
GREB1_11624256	0.452243	0.673469
GREB1_11624934	0.452243	0.551020
GREB1_11635920	0.548918	0.551020
GREB1_11636617	0.548918	0.591837
GRHL1_10000262	0.456174	0.510204
GRHL1_9993830	0.462035	0.489796
GRHL2_101570176	0.365001	0.448980
GRHL2_101635610	0.412933	0.428571
GRHL3_24342542	0.566667	0.632653
GRHPR_37425658	0.589852	0.673469
GRHPR_37425662	0.589852	0.673469
GRIA1_153648064	0.413030	0.489796
GRIA2_157333520	0.307927	0.244898
GRIA3_123403157	0.399361	0.265306
GRIA4_105905403	0.363530	0.306122
GRIA4_105910273	0.363530	0.387755
GRID2IP_6509548	0.562436	0.632653
GRID2IP_6516890	0.486442	0.469388
GRIK1_29588491	0.385909	0.530612
GRIK2_101623383	0.322777	0.285714
GRIK3_36819582	0.510171	0.591837
GRIK3_36853857	0.524048	0.448980
GRIK4_120832537	0.490546	0.448980
GRIK4_120901935	0.527820	0.346939
GRIK4_120960907	0.503161	0.469388
GRIK5_42003888	0.521334	0.510204
GRIK5_42055074	0.513933	0.448980
GRIK5_42055681	0.513933	0.326531
GRIK5_42056329	0.513933	0.489796
GRIN2A_9765604	0.423116	0.510204
GRIN2D_48396163	0.605831	0.632653
GRIN2D_48396708	0.605831	0.673469
GRIN2D_48421526	0.500000	0.530612
GRIN2D_48441692	0.480553	0.591837
GRIN3A_101627572	0.402737	0.510204
GRIN3B_1006761	0.595468	0.632653
GRIN3B_1007106	0.595468	0.673469
GRIP1_66532630	0.383281	0.510204
GRIP2_14502368	0.423412	0.510204
GRIP2_14509053	0.545068	0.632653
GRIP2_14509249	0.545068	0.612245
GRIP2_14509586	0.545068	0.632653
GRIP2_14511585	0.574402	0.612245
GRIPAP1_48999685	0.537831	0.591837
GRK1_113669150	0.579013	0.530612
GRK3_25702990	0.432188	0.469388
GRK3_25714360	0.415228	0.387755
GRK4_3005121	0.462511	0.448980
GRK4_3009784	0.434105	0.510204
GRK4_3021668	0.467854	0.489796
GRK4_3021931	0.467854	0.489796
GRK4_3026035	0.456593	0.612245
GRK4_3030963	0.511881	0.551020
GRK5_119417895	0.523927	0.510204
GRK5_119449959	0.575283	0.591837
GRK5_119451208	0.575283	0.448980
GRM4_34027535	0.581825	0.734694
GRM6_178990850	0.626292	0.448980
GRM6_178991613	0.657980	0.693878
GRN_44350226	0.615546	0.551020
GRPEL1_7062744	0.464868	0.632653
GRPEL1_7067702	0.486789	0.734694
GRPEL2_149346597	0.451977	0.448980
GRP_59222734	0.437389	0.408163
GRTP1_113348827	0.580404	0.755102
GRTP1_113351077	0.518280	0.591837
GRTP1_113354604	0.518280	0.612245
GRXCR2_145864887	0.415490	0.510204
GRXCR2_145866805	0.386518	0.510204
GS1-115G20.1_184410297	0.399056	0.306122
GS1-21A4.1_87892854	0.519534	0.469388
GSAP_77326062	0.413123	0.469388
GSAP_77355990	0.395672	0.448980
GSAP_77362112	0.375372	0.326531
GSAP_77380252	0.382473	0.265306
GSC2_19149502	0.680776	0.734694
GSDMA_39969639	0.495302	0.428571
GSDMB_39905626	0.557143	0.530612
GSDMB_39909971	0.501041	0.510204
GSDMB_39912673	0.459424	0.489796
GSDMC_129748740	0.437412	0.448980
GSDMC_129752177	0.470909	0.346939
GSDMC_129760897	0.454813	0.408163
GSE1_85648938	0.640427	0.673469
GSE1_85649611	0.640427	0.734694
GSE1_85650708	0.640427	0.693878
GSE1_85652447	0.640427	0.632653
GSE1_85653808	0.640427	0.693878
GSE1_85657806	0.547303	0.428571
GSE1_85657818	0.547303	0.448980
GSE1_85659342	0.547303	0.387755
GSE1_85662166	0.595062	0.734694
GSG1L_27828119	0.500942	0.489796
GSKIP_96381551	0.329943	0.448980
GSN_121320842	0.503142	0.428571
GSPT1_11879433	0.427862	0.387755
GSPT1_11887072	0.343260	0.367347
GSPT1_11902839	0.438412	0.571429
GSTA3_52904609	0.426124	0.530612
GSTA4_52985583	0.463621	0.489796
GSTCD_105725375	0.321798	0.306122
GSTCD_105843229	0.348760	0.448980
GSTM3_109738829	0.411488	0.448980
GSTO1_104257482	0.393820	0.551020
GSTO1_104262073	0.422956	0.448980
GSTTP1_24004083	0.573372	0.632653
GSX1_27793319	0.624190	0.653061
GTF2A1L_48671413	0.412935	0.489796
GTF2A1_81197105	0.298201	0.306122
GTF2A2_59642503	0.395194	0.244898
GTF2A2_59650354	0.395194	0.408163
GTF2B_88890991	0.390036	0.510204
GTF2E2_30589903	0.399062	0.326531
GTF2E2_30608680	0.383644	0.489796
GTF2E2_30656330	0.448513	0.469388
GTF2F1_6387753	0.553079	0.693878
GTF2F1_6389754	0.483657	0.448980
GTF2H1_18336404	0.415819	0.632653
GTF2H1_18339432	0.366175	0.489796
GTF2H1_18361037	0.418719	0.591837
GTF2IRD1_74514874	0.549615	0.510204
GTF2IRD1_74529078	0.538627	0.510204
GTF2IRD1_74532844	0.525313	0.571429
GTF2IRD1_74535392	0.598249	0.591837
GTF2IRD1_74535529	0.598249	0.632653
GTF2IRD1_74545014	0.524973	0.510204
GTF2I_74706061	0.443211	0.591837
GTF2I_74709492	0.431927	0.571429
GTF2I_74737550	0.447465	0.408163
GTF3C1_27478279	0.439189	0.428571
GTF3C1_27478655	0.426777	0.428571
GTF3C1_27478753	0.426777	0.408163
GTF3C1_27484943	0.514303	0.612245
GTF3C1_27485012	0.514303	0.591837
GTF3C1_27544531	0.469599	0.530612
GTF3C1_27548755	0.484322	0.428571
GTF3C2_27326893	0.477032	0.469388
GTF3C2_27334339	0.478098	0.387755
GTF3C2_27342659	0.425676	0.387755
GTF3C3_196781287	0.351454	0.367347
GTF3C4_132671184	0.420453	0.693878
GTF3C4_132682746	0.392658	0.571429
GTF3C4_132683257	0.392658	0.306122
GTF3C4_132684660	0.422567	0.591837
GTPBP10_90351118	0.399272	0.387755
GTPBP10_90352667	0.399272	0.448980
GTPBP1_38717359	0.469099	0.551020
GTPBP4_1000637	0.459203	0.510204
GTPBP4_990430	0.481949	0.530612
GTPBP4_997401	0.476978	0.469388
GTPBP6_307512	0.703196	0.632653
GTPBP6_308083	0.552572	0.653061
GTPBP6_313819	0.590204	0.571429
GTSE1_46309332	0.495152	0.612245
GTSE1_46315694	0.485629	0.551020
GTSE1_46317862	0.533274	0.632653
GTSE1_46320553	0.533274	0.653061
GTSE1_46324443	0.526631	0.591837
GTSE1_46325637	0.526631	0.551020
GTSF1_54460645	0.387294	0.408163
GUCD1_24546671	0.541343	0.571429
GUCY1B3_155805532	0.380623	0.571429
GUCY2C_14614968	0.383067	0.469388
GUCY2C_14615889	0.383067	0.489796
GUCY2C_14644010	0.386991	0.387755
GUCY2C_14670868	0.377756	0.428571
GUCY2C_14678440	0.391434	0.387755
GUCY2D_8006036	0.497280	0.428571
GUCY2D_8009665	0.494720	0.510204
GUCY2F_109388285	0.406737	0.448980
GUCY2F_109392287	0.407360	0.428571
GUF1_44689635	0.286374	0.306122
GUF1_44692793	0.318530	0.367347
GULP1_188478759	0.304211	0.408163
GUSB_65963891	0.483277	0.387755
GUSB_65968529	0.521061	0.653061
GYG2_2859768	0.339652	0.571429
GYG2_2875651	0.440193	0.428571
GYG2_2875657	0.440193	0.448980
GYS1_48970709	0.628440	0.571429
GYS1_48976104	0.500627	0.428571
GYS2_21561478	0.329897	0.469388
GYS2_21578355	0.368814	0.367347
GZMM_544634	0.565493	0.551020
H1FOO_129543514	0.503918	0.551020
H1FOO_129547262	0.503918	0.693878
H1FOO_129550176	0.516667	0.551020
H2AFY_135335239	0.525622	0.571429
H2AFY_135342517	0.525622	0.551020
H2AFY_135342715	0.525622	0.551020
H2BFWT_104011942	0.429853	0.530612
H6PD_9246474	0.522792	0.632653
H6PD_9263375	0.613559	0.632653
HAAO_42783867	0.530787	0.551020
HAAO_42785941	0.530787	0.326531
HAAO_42790990	0.527670	0.510204
HAAO_42791015	0.527670	0.489796
HABP2_113574627	0.475520	0.510204
HABP2_113582377	0.464945	0.408163
HABP4_96464567	0.423105	0.448980
HABP4_96466806	0.432531	0.571429
HABP4_96467048	0.432531	0.612245
HACD1_17593651	0.417775	0.387755
HACD2_123495142	0.435426	0.387755
HACD3_65562626	0.435181	0.591837
HACD4_21010724	0.349797	0.387755
HACD4_21029822	0.460074	0.571429
HACE1_104745303	0.343630	0.306122
HACE1_104747244	0.343630	0.387755
HACE1_104750733	0.383880	0.326531
HACE1_104774584	0.366910	0.428571
HACL1_15565347	0.417268	0.428571
HACL1_15584197	0.373339	0.469388
HADHA_26192036	0.506608	0.591837
HADHA_26197080	0.424329	0.448980
HADHA_26197913	0.444972	0.530612
HADHA_26212868	0.379405	0.428571
HADHA_26232477	0.424368	0.367347
HADHB_26256457	0.425267	0.346939
HADHB_26258624	0.425267	0.591837
HADHB_26260440	0.425267	0.448980
HADH_108022070	0.441292	0.510204
HAGH_1817358	0.662507	0.714286
HAL_95976931	0.449475	0.428571
HAL_95976960	0.449475	0.510204
HAL_95979964	0.389180	0.428571
HAL_95992053	0.440615	0.489796
HAL_95992916	0.466667	0.510204
HAL_95993069	0.466667	0.510204
HAO1_7937906	0.360354	0.346939
HAO2_119393730	0.403829	0.428571
HAP1_41730914	0.516609	0.428571
HAP1_41733571	0.599122	0.571429
HAT1_171981747	0.386025	0.326531
HAUS1_46122704	0.440678	0.408163
HAUS2_42566216	0.411786	0.244898
HAUS4_22948512	0.473478	0.306122
HAUS5_35614860	0.525458	0.510204
HAUS5_35614864	0.525458	0.510204
HAUS5_35619213	0.553476	0.530612
HAUS6_19063806	0.388973	0.326531
HAUS6_19075831	0.383272	0.612245
HAUS6_19088066	0.415965	0.285714
HAUS6_19093074	0.418721	0.306122
HAUS8_17054108	0.524876	0.632653
HAUS8_17055694	0.518659	0.530612
HAUS8_17058106	0.492145	0.673469
HAUS8_17059156	0.486765	0.530612
HAVCR1_157031247	0.421315	0.469388
HAVCR1_157042763	0.421715	0.326531
HAVCR1_157047903	0.421715	0.591837
HAVCR2_157101669	0.425746	0.510204
HBE1_5477380	0.392776	0.591837
HBG2_5477380	0.392776	0.591837
HBS1L_134992519	0.354677	0.306122
HCCS_11115959	0.408772	0.489796
HCFC1_153952189	0.653521	0.551020
HCFC1_153958249	0.579937	0.612245
HCFC1_153958350	0.579937	0.591837
HCFC1_153961037	0.535049	0.551020
HCFC1_153961877	0.572426	0.469388
HCFC1_153961969	0.572426	0.591837
HCFC1_153963433	0.602899	0.428571
HCFC2_104100440	0.412102	0.448980
HCG2040054_47528188	0.518145	0.591837
HCK_32082121	0.472361	0.510204
HCK_32082327	0.472361	0.408163
HCK_32091299	0.482560	0.551020
HCK_32101212	0.483723	0.612245
HCLS1_121635572	0.484802	0.428571
HCLS1_121637442	0.402998	0.326531
HCN2_598049	0.622320	0.653061
HCN2_613166	0.594652	0.673469
HCN2_614343	0.590551	0.612245
HCN2_615005	0.590551	0.489796
HCN3_155279414	0.508587	0.551020
HCN4_73325815	0.560804	0.612245
HCRTR1_31622201	0.523834	0.510204
HCRTR1_31624855	0.489174	0.591837
HDAC11_13503504	0.488769	0.591837
HDAC3_141627058	0.436917	0.387755
HDAC4_239059748	0.531797	0.591837
HDAC4_239082363	0.565960	0.673469
HDAC4_239087241	0.536490	0.530612
HDAC4_239093121	0.537707	0.591837
HDAC4_239095847	0.603576	0.693878
HDAC4_239122663	0.565276	0.591837
HDAC4_239135630	0.479762	0.448980
HDAC4_239136687	0.479762	0.530612
HDAC4_239137376	0.479762	0.612245
HDAC4_239143681	0.534476	0.571429
HDAC4_239150713	0.524252	0.571429
HDAC4_239273498	0.494117	0.428571
HDAC4_239316354	0.494117	0.571429
HDAC5_44084264	0.569378	0.653061
HDAC5_44117788	0.550739	0.551020
HDAC5_44122678	0.556648	0.469388
HDAC6_48805336	0.470959	0.551020
HDAC8_72479618	0.394116	0.387755
HDC_50247424	0.440000	0.306122
HDC_50249982	0.452521	0.551020
HDC_50258839	0.493110	0.571429
HDDC2_125297482	0.392501	0.489796
HDGF_156744766	0.623672	0.612245
HDGF_156748288	0.552856	0.387755
HDHD5_17140942	0.508190	0.612245
HDLBP_241235957	0.588235	0.612245
HDLBP_241243132	0.434569	0.510204
HDLBP_241253268	0.537815	0.510204
HDLBP_241259160	0.442581	0.326531
HEATR1_236576028	0.362738	0.244898
HEATR1_236581453	0.436790	0.306122
HEATR1_236596532	0.388116	0.469388
HEATR1_236603457	0.365685	0.346939
HEATR4_73498493	0.399449	0.469388
HEATR4_73509662	0.432464	0.489796
HEATR5A_31300597	0.410528	0.489796
HEATR5A_31313281	0.390074	0.428571
HEATR5A_31318465	0.458203	0.448980
HEATR5A_31350891	0.382498	0.510204
HEATR5A_31362473	0.382966	0.448980
HEATR5B_37001371	0.377346	0.469388
HEATR5B_37006242	0.332558	0.326531
HEATR5B_37007855	0.387443	0.387755
HEATR5B_37007885	0.387443	0.448980
HEATR5B_37011845	0.385216	0.224490
HEATR5B_37039940	0.409722	0.285714
HEATR5B_37072359	0.354043	0.408163
HEATR5B_37081088	0.394238	0.408163
HEATR6_60046887	0.395737	0.428571
HEATR6_60055970	0.372320	0.387755
HEATR6_60056971	0.344444	0.469388
HEATR6_60065264	0.370746	0.326531
HEATR6_60070260	0.350058	0.448980
HEATR9_35857989	0.473458	0.346939
HECTD1_31117989	0.404799	0.265306
HECTD1_31135646	0.355191	0.326531
HECTD1_31144651	0.342441	0.326531
HECTD3_45007795	0.517081	0.346939
HECTD3_45007804	0.517081	0.448980
HECTD3_45010351	0.623016	0.551020
HECTD4_112167989	0.609464	0.653061
HECTD4_112168025	0.609464	0.653061
HECTD4_112168185	0.609464	0.510204
HECTD4_112168189	0.609464	0.510204
HECTD4_112171375	0.538024	0.489796
HECTD4_112179669	0.470910	0.673469
HECTD4_112180022	0.470910	0.530612
HECTD4_112181050	0.470910	0.632653
HECTD4_112199821	0.457548	0.428571
HECTD4_112210291	0.439570	0.326531
HECTD4_112211509	0.439570	0.428571
HECTD4_112223157	0.432266	0.428571
HECTD4_112246022	0.404358	0.591837
HECTD4_112281644	0.349181	0.326531
HECW1_43443631	0.393577	0.408163
HECW1_43493846	0.434424	0.469388
HECW1_43507460	0.403947	0.448980
HECW1_43554154	0.450998	0.591837
HECW2_196321064	0.416585	0.571429
HECW2_196337779	0.383016	0.510204
HEG1_124999325	0.464995	0.387755
HELLS_94562547	0.426251	0.244898
HELLS_94564755	0.424274	0.367347
HELLS_94576274	0.420779	0.591837
HELLS_94601126	0.343976	0.326531
HELQ_83423357	0.375617	0.326531
HELQ_83441560	0.378135	0.326531
HELQ_83441887	0.378135	0.591837
HELQ_83443899	0.374739	0.387755
HELZ2_63566453	0.697436	0.653061
HELZ_67107879	0.359802	0.285714
HELZ_67134165	0.346640	0.591837
HELZ_67157843	0.350044	0.326531
HELZ_67200270	0.402086	0.387755
HEMK1_50576927	0.555441	0.591837
HEPACAM2_93192530	0.380196	0.469388
HEPACAM2_93221713	0.345431	0.408163
HEPACAM_124933116	0.430428	0.469388
HEPHL1_94088753	0.366862	0.448980
HEPHL1_94092127	0.453442	0.408163
HEPH_66192064	0.385669	0.448980
HEPH_66199780	0.428855	0.428571
HEPH_66202601	0.386825	0.448980
HEPH_66264727	0.366412	0.551020
HERC1_63614791	0.435378	0.367347
HERC1_63631225	0.452967	0.530612
HERC1_63632927	0.374517	0.367347
HERC1_63641333	0.359375	0.387755
HERC1_63645863	0.372590	0.346939
HERC1_63659451	0.343166	0.428571
HERC1_63667819	0.347471	0.489796
HERC1_63700773	0.348195	0.306122
HERC1_63719044	0.373483	0.469388
HERC1_63726943	0.364744	0.326531
HERC1_63727967	0.348604	0.428571
HERC1_63729804	0.370495	0.591837
HERC1_63748007	0.332891	0.551020
HERC1_63748412	0.332891	0.510204
HERC1_63754895	0.329310	0.489796
HERC1_63760971	0.359064	0.326531
HERC2_28135235	0.368342	0.346939
HERC2_28144987	0.513268	0.367347
HERC2_28145910	0.513268	0.448980
HERC2_28148560	0.432249	0.571429
HERC2_28166503	0.433311	0.448980
HERC2_28167180	0.433311	0.448980
HERC2_28196590	0.391593	0.428571
HERC2_28197983	0.391593	0.408163
HERC2_28205818	0.456000	0.673469
HERC2_28207710	0.454860	0.448980
HERC2_28211797	0.521940	0.408163
HERC2_28214346	0.651832	0.632653
HERC2_28214470	0.651832	0.653061
HERC2_28233604	0.411765	0.489796
HERC2_28262405	0.409348	0.530612
HERC2_28268961	0.496038	0.673469
HERC2_28293924	0.423107	0.387755
HERC3_88706425	0.397478	0.571429
HERC4_67935570	0.358837	0.530612
HERC4_67971682	0.398445	0.367347
HERC5_88459223	0.400110	0.326531
HERC5_88477722	0.406382	0.448980
HERC5_88487651	0.395770	0.428571
HERC6_88387950	0.416667	0.408163
HERC6_88393203	0.433666	0.387755
HERC6_88431034	0.420572	0.428571
HERC6_88441368	0.424105	0.428571
HERPUD1_56933900	0.460429	0.367347
HERPUD1_56941968	0.430541	0.510204
HERPUD2_35638604	0.383032	0.285714
HES7_8122840	0.603333	0.591837
HEXB_74686257	0.433917	0.551020
HEXB_74693924	0.404618	0.530612
HEXDC_82421094	0.507539	0.448980
HEXDC_82424621	0.510853	0.448980
HEXDC_82439629	0.605205	0.591837
HEXIM2_45166425	0.495857	0.510204
HEY2_125750857	0.413189	0.428571
HEYL_39630397	0.485257	0.551020
HEYL_39632984	0.516691	0.816327
HEYL_39639431	0.516691	0.734694
HFM1_91379795	0.289089	0.224490
HFM1_91397752	0.385801	0.530612
HGD_120628896	0.398311	0.489796
HGD_120634445	0.405384	0.387755
HGD_120644988	0.422381	0.448980
HGD_120679184	0.409434	0.387755
HGSNAT_43143890	0.478604	0.489796
HGSNAT_43191341	0.420167	0.408163
HGSNAT_43193675	0.467572	0.428571
HGS_81686622	0.640650	0.571429
HGS_81687408	0.646766	0.591837
HHATL_42698562	0.550562	0.571429
HHAT_210401071	0.430676	0.489796
HHAT_210402524	0.430676	0.428571
HHEX_92691316	0.582178	0.591837
HHIP-AS1_144645702	0.416862	0.530612
HHIPL1_99645854	0.549919	0.591837
HHIPL1_99662722	0.533819	0.489796
HHIPL1_99670906	0.511587	0.408163
HHIPL1_99672105	0.511587	0.571429
HHIPL1_99673999	0.593460	0.612245
HHIPL2_222526343	0.460599	0.571429
HHIPL2_222543108	0.469225	0.489796
HHIP_144658578	0.346963	0.551020
HHIP_144716058	0.354820	0.244898
HHLA1_132083420	0.471637	0.510204
HHLA1_132089239	0.397770	0.408163
HHLA1_132091190	0.398378	0.448980
HIBADH_27538471	0.387997	0.408163
HIBADH_27543338	0.360740	0.387755
HIBADH_27630339	0.333802	0.428571
HIBCH_190251927	0.359754	0.408163
HIBCH_190253521	0.371835	0.469388
HIBCH_190317797	0.414396	0.285714
HID1_74967979	0.557301	0.612245
HID1_74968899	0.557301	0.428571
HID1_74970854	0.597616	0.530612
HIF1AN_100546635	0.478495	0.408163
HIF3A_46306885	0.480919	0.551020
HIF3A_46318274	0.462190	0.489796
HIGD1C_50956496	0.408291	0.387755
HINT3_125969315	0.366578	0.408163
HIP1R_122854797	0.509015	0.591837
HIP1_75546421	0.470286	0.632653
HIP1_75549031	0.450685	0.530612
HIP1_75554614	0.510686	0.489796
HIP1_75573441	0.506904	0.510204
HIPK1_113967194	0.355660	0.408163
HIPK1_113972671	0.440599	0.326531
HIPK2_139598616	0.415740	0.224490
HIPK2_139629900	0.490353	0.571429
HIPK2_139631824	0.462901	0.591837
HIPK2_139675467	0.462901	0.428571
HIPK3_33333722	0.383841	0.387755
HIPK3_33341389	0.326437	0.367347
HIRA_19353807	0.630252	0.571429
HIRA_19356319	0.592346	0.489796
HIRA_19361651	0.571429	0.591837
HIRA_19376153	0.514451	0.530612
HIRA_19381851	0.407527	0.367347
HIRA_19391432	0.467569	0.387755
HIRA_19398124	0.437127	0.489796
HIRA_19400719	0.437127	0.469388
HIRA_19405462	0.437127	0.469388
HIRA_19408332	0.453642	0.530612
HIVEP1_12062671	0.390451	0.346939
HIVEP1_12080424	0.390451	0.469388
HIVEP2_142760818	0.346734	0.428571
HIVEP3_41521158	0.560359	0.551020
HIVEP3_41521345	0.560359	0.448980
HJURP_233839061	0.501015	0.469388
HJURP_233839307	0.501015	0.714286
HJURP_233839625	0.501015	0.571429
HJURP_233843384	0.414707	0.387755
HJURP_233844521	0.491690	0.571429
HJURP_233844539	0.491690	0.530612
HJURP_233846940	0.491117	0.448980
HJURP_233847218	0.491117	0.571429
HK1_69359836	0.457723	0.551020
HK1_69376828	0.489533	0.734694
HK1_69383439	0.497729	0.469388
HK1_69390027	0.497525	0.632653
HK1_69391290	0.497525	0.469388
HK1_69398981	0.525902	0.469388
HK2_74862783	0.462519	0.489796
HK2_74872161	0.445183	0.367347
HK2_74885671	0.446023	0.510204
HK2_74889717	0.426404	0.510204
HK3_176882162	0.549939	0.510204
HK3_176882245	0.549939	0.571429
HK3_176884743	0.523544	0.448980
HK3_176895568	0.516508	0.428571
HK3_176897953	0.488153	0.428571
HKDC1_69225660	0.468413	0.612245
HKDC1_69227634	0.520578	0.510204
HKDC1_69231939	0.520578	0.469388
HKDC1_69250719	0.451198	0.530612
HKDC1_69258130	0.458117	0.448980
HKDC1_69263736	0.417483	0.510204
HKR1_37344551	0.448888	0.489796
HLA-DQA1_32641846	0.440678	0.428571
HLA-DQA2_32745076	0.409854	0.326531
HLA-DQA2_32745665	0.417755	0.428571
HLCS_36754993	0.450565	0.387755
HLCS_36759493	0.446988	0.428571
HLCS_36760123	0.505996	0.326531
HLCS_36774531	0.434030	0.612245
HLCS_36933331	0.434580	0.469388
HLCS_36940576	0.431138	0.265306
HLTF_149048513	0.319027	0.326531
HM13_31560804	0.474824	0.448980
HM13_31562411	0.525148	0.510204
HMCES_129304488	0.447261	0.469388
HMCN1_185925943	0.340191	0.591837
HMCN1_185995883	0.386587	0.326531
HMCN1_186011207	0.342560	0.367347
HMCN1_186046912	0.367489	0.408163
HMCN1_186085614	0.359622	0.428571
HMCN1_186110023	0.392027	0.367347
HMCN1_186122224	0.340820	0.306122
HMCN1_186127657	0.360491	0.448980
HMCN1_186137285	0.350000	0.469388
HMCN1_186137745	0.375940	0.367347
HMCN1_186146208	0.381539	0.510204
HMCN1_186153099	0.323462	0.306122
HMCN1_186172183	0.365239	0.367347
HMCN1_186188141	0.398802	0.408163
HMCN2_130296534	0.560488	0.551020
HMCN2_130307352	0.581712	0.673469
HMCN2_130326821	0.557132	0.551020
HMCN2_130348761	0.616883	0.591837
HMCN2_130355985	0.618026	0.632653
HMCN2_130359643	0.572557	0.591837
HMCN2_130367063	0.526754	0.591837
HMCN2_130367069	0.526754	0.612245
HMCN2_130384284	0.567358	0.653061
HMCN2_130387729	0.508493	0.632653
HMCN2_130388178	0.508493	0.551020
HMCN2_130391754	0.608333	0.591837
HMCN2_130415146	0.478877	0.571429
HMCN2_130415332	0.478877	0.306122
HMCN2_130422270	0.514569	0.571429
HMCN2_130431892	0.619958	0.551020
HMG20A_77453557	0.376748	0.530612
HMG20A_77463657	0.389169	0.367347
HMG20A_77472255	0.378571	0.346939
HMGA1_34241403	0.519410	0.571429
HMGA1_34241749	0.519410	0.530612
HMGCL_23807373	0.506512	0.530612
HMGCL_23810799	0.500000	0.571429
HMGCR_75352551	0.365172	0.612245
HMGCS1_43296735	0.310886	0.285714
HMGCS2_119753767	0.453431	0.530612
HMGCS2_119761426	0.354376	0.285714
HMGCS2_119763703	0.354376	0.448980
HMGXB3_150040677	0.373602	0.510204
HMGXB3_150044446	0.436213	0.510204
HMGXB3_150045299	0.436213	0.448980
HMGXB3_150050785	0.494854	0.551020
HMGXB4_35292766	0.402487	0.489796
HMGXB4_35293564	0.406504	0.387755
HMMR_163478609	0.352707	0.285714
HMMR_163482253	0.362406	0.612245
HMOX1_35383384	0.502603	0.551020
HMOX2_4505856	0.500779	0.346939
HMOX2_4509171	0.523612	0.530612
HMP19_174104716	0.455798	0.612245
HMSD_63949713	0.382747	0.571429
HMSD_63949717	0.382747	0.591837
HMSD_63951737	0.382747	0.346939
HMX3_123136932	0.663921	0.673469
HN1L_1678914	0.506778	0.510204
HN1L_1687144	0.458673	0.346939
HNF1B_37734613	0.458170	0.367347
HNF4A_44411164	0.524445	0.632653
HNRNPC_21231222	0.395833	0.551020
HNRNPC_21240865	0.397599	0.326531
HNRNPC_21240905	0.397599	0.306122
HNRNPH1_179620582	0.320081	0.428571
HNRNPM_8457218	0.416739	0.408163
HNRNPM_8469706	0.468085	0.530612
HNRNPR_23313750	0.377197	0.387755
HNRNPR_23333857	0.450995	0.346939
HNRNPUL1_41272753	0.479954	0.510204
HNRNPUL1_41294922	0.475106	0.428571
HNRNPUL2_62723111	0.443631	0.387755
HOGA1_97593704	0.501240	0.551020
HOMER1_79440880	0.356827	0.551020
HOMER1_79447409	0.332466	0.448980
HOMER1_79448126	0.332466	0.326531
HOMER2_82863855	0.421387	0.551020
HOMER2_82903389	0.459766	0.612245
HOOK2_12766815	0.573657	0.612245
HOOK2_12771664	0.543539	0.632653
HOOK3_42898448	0.440338	0.387755
HOOK3_42947082	0.373956	0.387755
HOOK3_42960345	0.412730	0.428571
HOOK3_42998263	0.362945	0.346939
HOOK3_43017913	0.419003	0.428571
HORMAD1_150717383	0.406849	0.346939
HORMAD2_30118917	0.373703	0.306122
HOXA3_27118904	0.494917	0.367347
HOXB5_48592567	0.534639	0.632653
HOXB6_48600438	0.525004	0.510204
HOXB8_48613879	0.552529	0.653061
HOXC13_53940936	0.451932	0.346939
HOXC4_54054525	0.514344	0.387755
HOXD13_176094306	0.436881	0.285714
HOXD3_176166547	0.459070	0.387755
HP1BP3_20745733	0.378378	0.448980
HPCAL4_39689616	0.533313	0.571429
HPD_121862226	0.501843	0.469388
HPF1_169736933	0.394259	0.346939
HPF1_169756127	0.391587	0.306122
HPS1_98428476	0.470537	0.489796
HPS3_149142298	0.415555	0.469388
HPS3_149148928	0.413500	0.489796
HPS3_149161096	0.387580	0.346939
HPS3_149170342	0.377767	0.387755
HPS4_26461631	0.451957	0.510204
HPS4_26461908	0.451957	0.653061
HPS5_18289522	0.389440	0.326531
HPS5_18306385	0.368745	0.346939
HPSE2_99232914	0.518124	0.653061
HPSE_83309596	0.323364	0.408163
HRASLS2_63559178	0.491573	0.571429
HRASLS2_63559835	0.491573	0.530612
HRASLS2_63560304	0.472133	0.571429
HRASLS2_63562615	0.472133	0.489796
HRASLS5_63489761	0.394945	0.326531
HRASLS_193267716	0.361156	0.448980
HRH2_175684659	0.493176	0.551020
HRH3_62217675	0.641304	0.591837
HRH4_24476631	0.439384	0.469388
HS1BP3_20622026	0.553763	0.510204
HS1BP3_20641538	0.545083	0.551020
HS1BP3_20642822	0.545083	0.530612
HS1BP3_20647306	0.561708	0.612245
HS1BP3_20648804	0.561708	0.448980
HS1BP3_20650139	0.561708	0.448980
HS2ST1_86988126	0.368491	0.265306
HS3ST5_114063041	0.384686	0.346939
HS3ST6_1917152	0.623313	0.612245
HS3ST6_1917353	0.623313	0.653061
HS3ST6_1917366	0.623313	0.571429
HS3ST6_1917518	0.623313	0.632653
HSBP1L1_79965433	0.557808	0.551020
HSBP1L1_79965641	0.557808	0.326531
HSD11B1L_5687280	0.748276	0.571429
HSD11B2_67433257	0.567088	0.571429
HSD17B13_87316889	0.357239	0.448980
HSD17B4_119497098	0.361798	0.571429
HSD17B7_162805152	0.398131	0.326531
HSD17B7_162806289	0.389860	0.448980
HSD3B1_119510484	0.435970	0.448980
HSDL1_84127582	0.427060	0.265306
HSF2BP_43568744	0.432109	0.612245
HSF2BP_43631281	0.433440	0.571429
HSF5_58480577	0.421885	0.408163
HSH2D_16152358	0.505441	0.591837
HSP90AB1_44249351	0.480000	0.387755
HSPA12A_116681516	0.453184	0.551020
HSPA12A_116702207	0.477244	0.530612
HSPA12B_3744135	0.472122	0.612245
HSPA12B_3751388	0.529022	0.551020
HSPA4L_127807752	0.293824	0.265306
HSPA4L_127826034	0.370924	0.306122
HSPA4_133088343	0.389644	0.285714
HSPA4_133101582	0.422602	0.448980
HSPBP1_55265019	0.460501	0.653061
HSPBP1_55277305	0.514409	0.489796
HSPBP1_55278576	0.480670	0.469388
HSPD1_197492884	0.414272	0.612245
HSPG2_21827321	0.489134	0.510204
HSPG2_21856156	0.533575	0.571429
HSPG2_21893588	0.587718	0.632653
HSPH1_31137741	0.369615	0.346939
HSPH1_31141339	0.367299	0.306122
HSPH1_31148598	0.316361	0.224490
HSPH1_31153773	0.362879	0.469388
HTR2B_231111777	0.376939	0.346939
HTR3A_113976170	0.510934	0.571429
HTR3A_113978452	0.495420	0.551020
HTR3A_113978891	0.495420	0.571429
HTR3A_113979367	0.529351	0.653061
HTR3C_184053679	0.479975	0.571429
HTR3D_184035521	0.469309	0.448980
HTR3D_184037830	0.472420	0.408163
HTR4_148549355	0.420347	0.448980
HTRA1_122511894	0.477974	0.530612
HTRA3_8292756	0.598961	0.428571
HTT_3107750	0.444543	0.530612
HTT_3113471	0.444543	0.551020
HTT_3115719	0.521127	0.510204
HTT_3120104	0.395246	0.326531
HTT_3120540	0.395246	0.632653
HTT_3135846	0.398386	0.489796
HTT_3140459	0.416926	0.469388
HTT_3144842	0.412362	0.591837
HTT_3160156	0.411097	0.612245
HTT_3172792	0.449020	0.408163
HTT_3174874	0.397260	0.408163
HTT_3184872	0.488851	0.632653
HTT_3199617	0.474055	0.469388
HTT_3207064	0.387205	0.469388
HTT_3215288	0.484528	0.591837
HTT_3218644	0.536115	0.367347
HTT_3231496	0.550962	0.530612
HTT_3239605	0.611303	0.714286
HTT_3239782	0.611303	0.571429
HUNK_31919068	0.465487	0.612245
HUNK_31942224	0.434222	0.530612
HUNK_31944998	0.434222	0.469388
HUNK_31968612	0.456638	0.653061
HUNK_31970568	0.456638	0.510204
HUS1_47965758	0.504436	0.591837
HUS1_47975524	0.430251	0.632653
HUWE1_53539942	0.465779	0.510204
HUWE1_53563102	0.464461	0.510204
HUWE1_53573058	0.382713	0.346939
HUWE1_53576031	0.399640	0.428571
HUWE1_53587127	0.343071	0.346939
HVCN1_110651696	0.478732	0.510204
HYAL1_50300875	0.614973	0.632653
HYAL1_50301355	0.519918	0.632653
HYDIN_70861757	0.466841	0.530612
HYDIN_70862370	0.446321	0.448980
HYDIN_70872265	0.440471	0.510204
HYDIN_70872512	0.440471	0.469388
HYDIN_70882364	0.499483	0.612245
HYDIN_70886505	0.427865	0.306122
HYDIN_70900687	0.474101	0.408163
HYDIN_70956764	0.414104	0.469388
HYDIN_70961337	0.436389	0.408163
HYDIN_70975269	0.454720	0.489796
HYDIN_70981038	0.448702	0.510204
HYDIN_71022055	0.418559	0.551020
HYDIN_71067653	0.407783	0.428571
HYDIN_71089898	0.402705	0.510204
HYDIN_71091431	0.402799	0.489796
HYOU1_119049956	0.448622	0.551020
IARS2_220110038	0.444139	0.367347
IARS2_220141625	0.456048	0.530612
IARS2_220144439	0.346672	0.204082
IARS_92245374	0.451627	0.489796
IARS_92283360	0.397680	0.510204
IBSP_87811099	0.353434	0.408163
IBTK_82173808	0.356280	0.265306
ICA1L_202823132	0.396392	0.367347
ICA1L_202828046	0.355519	0.612245
ICA1_8141380	0.429886	0.571429
ICA1_8219693	0.392277	0.285714
ICAM1_10278334	0.496096	0.489796
ICE1_5449602	0.346258	0.408163
ICE1_5459562	0.456199	0.510204
ICE1_5466177	0.331527	0.387755
ICE1_5473306	0.321733	0.428571
ICE2_60432032	0.442280	0.306122
ICE2_60477004	0.356133	0.387755
ICK_53005640	0.428289	0.408163
ICK_53010184	0.468423	0.448980
ICK_53013199	0.383543	0.367347
ICK_53035082	0.417487	0.448980
IFFO1_6551097	0.532785	0.632653
IFFO2_18910056	0.525373	0.591837
IFI16_159016245	0.370642	0.408163
IFI16_159019227	0.387211	0.244898
IFI27L1_94098681	0.511264	0.591837
IFI44_78654867	0.284741	0.367347
IFI44_78659899	0.368224	0.408163
IFI44_78661455	0.346999	0.285714
IFI6_27671105	0.465418	0.387755
IFIH1_162311080	0.354573	0.408163
IFNGR2_33410019	0.484607	0.408163
IFNL1_39297723	0.549491	0.551020
IFNLR1_24162696	0.465986	0.387755
IFNLR1_24165760	0.465986	0.367347
IFNLR1_24168196	0.465986	0.469388
IFNLR1_24180498	0.431216	0.591837
IFNLR1_24186306	0.482797	0.489796
IFNLR1_24186386	0.482797	0.469388
IFRD1_112459616	0.360379	0.285714
IFT122_129450998	0.409413	0.632653
IFT122_129451626	0.409413	0.285714
IFT122_129470930	0.423807	0.346939
IFT122_129485489	0.496065	0.551020
IFT122_129486713	0.496065	0.428571
IFT122_129489018	0.507347	0.469388
IFT122_129497660	0.503493	0.408163
IFT140_1511456	0.500212	0.693878
IFT140_1558592	0.525714	0.591837
IFT140_1559892	0.525714	0.591837
IFT140_1561897	0.525714	0.591837
IFT140_1566877	0.601039	0.693878
IFT140_1567591	0.601039	0.653061
IFT140_1591106	0.526931	0.591837
IFT172_27472605	0.398083	0.551020
IFT172_27480939	0.407366	0.408163
IFT172_27488896	0.442228	0.448980
IFT27_36766901	0.500903	0.387755
IFT46_118545853	0.450438	0.571429
IFT52_43635631	0.449158	0.346939
IFT52_43638033	0.451292	0.632653
IFT57_108164856	0.308054	0.326531
IFT57_108217261	0.317749	0.285714
IFT74_27018415	0.357769	0.489796
IFT80_160271568	0.360360	0.367347
IFT80_160330598	0.363236	0.510204
IFT80_160380455	0.348561	0.530612
IFT81_110132248	0.400176	0.571429
IFT88_20579357	0.385568	0.530612
IFT88_20599287	0.275466	0.326531
IGBP1_70141038	0.431872	0.428571
IGDCC3_65336119	0.499463	0.551020
IGDCC3_65376391	0.565922	0.469388
IGDCC3_65376431	0.565922	0.551020
IGDCC4_65386778	0.518415	0.510204
IGDCC4_65393615	0.574516	0.673469
IGDCC4_65394327	0.574516	0.632653
IGDCC4_65400470	0.465147	0.489796
IGDCC4_65403667	0.468270	0.489796
IGF1R_98658585	0.450644	0.428571
IGF1R_98891754	0.425083	0.571429
IGF1R_98917378	0.476190	0.530612
IGF1R_98917594	0.476190	0.469388
IGF1R_98922940	0.549861	0.489796
IGF1R_98924450	0.443359	0.612245
IGF1R_98940725	0.461258	0.408163
IGF1R_98956637	0.516882	0.571429
IGF1R_98956868	0.516882	0.530612
IGF1_102479262	0.391237	0.469388
IGF2BP1_49028138	0.472737	0.510204
IGF2BP1_49048693	0.432841	0.653061
IGF2BP2_185646820	0.580300	0.530612
IGF2BP2_185648677	0.543286	0.489796
IGF2BP2_185654860	0.504788	0.571429
IGF2BP2_185656247	0.504788	0.653061
IGF2BP2_185657759	0.536247	0.469388
IGF2BP3_23318423	0.472612	0.469388
IGF2BP3_23319404	0.412863	0.387755
IGF2R_160041397	0.482460	0.530612
IGF2R_160045685	0.379945	0.367347
IGF2R_160049598	0.465526	0.530612
IGF2R_160054193	0.455207	0.387755
IGF2R_160057797	0.496994	0.469388
IGF2R_160069677	0.509447	0.428571
IGF2R_160070392	0.567261	0.673469
IGF2R_160079037	0.585045	0.612245
IGF2R_160091567	0.491081	0.428571
IGFBP2_216635788	0.489752	0.551020
IGFBP4_40444203	0.517753	0.612245
IGFBP4_40454571	0.485750	0.510204
IGFBP5_216678593	0.551780	0.693878
IGFBP6_53100321	0.511654	0.408163
IGFL2_46148301	0.487404	0.551020
IGFL2_46148707	0.487404	0.551020
IGFL3_46123244	0.352608	0.448980
IGHMBP2_68904778	0.545320	0.387755
IGHMBP2_68938994	0.599661	0.632653
IGLON5_51321979	0.525303	0.571429
IGSF10_151451271	0.397280	0.428571
IGSF1_131277571	0.449921	0.469388
IGSF1_131282138	0.446894	0.408163
IGSF1_131282161	0.446894	0.469388
IGSF1_131365673	0.428073	0.326531
IGSF22_18717075	0.473118	0.571429
IGSF22_18724525	0.478381	0.510204
IGSF23_44627123	0.493473	0.591837
IGSF23_44628287	0.465823	0.428571
IGSF3_116612438	0.461623	0.489796
IGSF5_39746048	0.532656	0.428571
IGSF5_39770512	0.385147	0.489796
IGSF5_39786786	0.361697	0.387755
IGSF5_39788732	0.412673	0.387755
IGSF5_39793135	0.398187	0.387755
IGSF6_21645126	0.407529	0.306122
IGSF8_160095592	0.567995	0.571429
IGSF8_160097951	0.567995	0.551020
IGSF9B_133922782	0.479177	0.653061
IGSF9B_133939395	0.506871	0.448980
IGSF9B_133939735	0.506871	0.551020
IGSF9B_133940159	0.506871	0.612245
IGSF9B_133940202	0.506871	0.571429
IGSF9B_133940245	0.506871	0.591837
IGSF9B_133940286	0.506871	0.632653
IGSF9B_133946438	0.595380	0.714286
IHH_219059847	0.655004	0.693878
IKBKAP_108873430	0.393207	0.285714
IKBKAP_108890755	0.389165	0.448980
IKBKAP_108891514	0.452245	0.387755
IKBKB_42288525	0.489226	0.571429
IKBKB_42288535	0.489226	0.612245
IKBKB_42292982	0.534238	0.551020
IKBKB_42293172	0.534238	0.489796
IKBKB_42325065	0.539568	0.632653
IKBKE_206479731	0.519022	0.551020
IKBKE_206490693	0.490806	0.673469
IKBKG_154548911	0.485149	0.346939
IKZF1_50324839	0.390230	0.387755
IKZF1_50391505	0.418741	0.469388
IKZF1_50394357	0.414949	0.510204
IKZF3_39791739	0.370983	0.387755
IKZF4_56024571	0.404965	0.306122
IKZF5_122998021	0.404145	0.448980
IK_140659215	0.466667	0.489796
IL10RA_117990077	0.408840	0.489796
IL10RB_33271118	0.437485	0.571429
IL10RB_33279167	0.400600	0.448980
IL10RB_33287234	0.491362	0.530612
IL12B_159330301	0.427514	0.510204
IL12RB1_18063296	0.522528	0.469388
IL12RB1_18069305	0.539745	0.448980
IL12RB1_18082415	0.520994	0.571429
IL12RB2_67322162	0.415893	0.408163
IL12RB2_67331022	0.389351	0.346939
IL12RB2_67335869	0.389351	0.408163
IL12RB2_67370600	0.405896	0.469388
IL12RB2_67370880	0.405896	0.408163
IL12RB2_67372897	0.425299	0.408163
IL12RB2_67374346	0.425299	0.408163
IL12RB2_67386487	0.452363	0.632653
IL12RB2_67386577	0.452363	0.428571
IL12RB2_67390718	0.448874	0.551020
IL13RA1_118749454	0.392203	0.367347
IL13RA1_118765815	0.377481	0.387755
IL15RA_5953576	0.434111	0.551020
IL15RA_5956538	0.469233	0.469388
IL15RA_5963942	0.521928	0.428571
IL15_141727683	0.346653	0.306122
IL16_81278536	0.438346	0.571429
IL16_81289020	0.429684	0.306122
IL17B_149375201	0.503044	0.408163
IL17F_52238201	0.442665	0.408163
IL17F_52239950	0.411495	0.346939
IL17RA_17098655	0.482551	0.428571
IL17RA_17101844	0.525099	0.673469
IL17RA_17104511	0.634146	0.551020
IL17RA_17107213	0.510722	0.469388
IL17RA_17107978	0.505576	0.387755
IL17RC_9923837	0.478186	0.571429
IL17RC_9932571	0.470553	0.387755
IL17RD_57102292	0.450224	0.346939
IL17RD_57104441	0.451346	0.408163
IL17RD_57169819	0.489260	0.551020
IL17REL_50011131	0.655559	0.673469
IL17REL_50012446	0.655559	0.673469
IL17RE_9909127	0.537954	0.510204
IL17RE_9912050	0.465649	0.551020
IL18R1_102358462	0.395860	0.367347
IL18R1_102386628	0.397422	0.408163
IL18RAP_102422546	0.458580	0.448980
IL18RAP_102445850	0.423944	0.306122
IL18RAP_102446058	0.423944	0.571429
IL18_112145991	0.422989	0.530612
IL19_206842224	0.434392	0.408163
IL1A_112781990	0.426322	0.489796
IL1R1_102153740	0.474451	0.510204
IL1R1_102153776	0.474451	0.510204
IL1R2_102022822	0.493649	0.489796
IL1RAPL2_105753500	0.356331	0.489796
IL1RAPL2_105754579	0.356331	0.408163
IL1RAP_190623776	0.396980	0.469388
IL1RL1_102338835	0.297456	0.346939
IL1RL2_102188755	0.458261	0.408163
IL1RL2_102222412	0.418537	0.367347
IL1RL2_102222607	0.418537	0.448980
IL1RL2_102225001	0.418537	0.510204
IL1RN_113128598	0.505722	0.571429
IL1RN_113128740	0.505722	0.551020
IL1RN_113129336	0.505722	0.530612
IL20RA_137010529	0.418304	0.551020
IL20RB_136984403	0.502539	0.551020
IL20RB_136986914	0.502539	0.510204
IL20RB_136987016	0.502539	0.510204
IL20RB_136994591	0.429774	0.612245
IL20RB_136995115	0.429774	0.571429
IL21R_27433474	0.521297	0.408163
IL21R_27436287	0.521396	0.510204
IL22RA1_24134881	0.459913	0.346939
IL22RA1_24138102	0.487421	0.673469
IL22RA2_137152878	0.386154	0.469388
IL23R_67238393	0.414396	0.306122
IL23R_67257681	0.419216	0.244898
IL27RA_14032053	0.675545	0.591837
IL27RA_14036132	0.490434	0.265306
IL27_28500091	0.533820	0.469388
IL27_28506162	0.546520	0.612245
IL27_28506407	0.546520	0.632653
IL2RB_37136667	0.580889	0.755102
IL2RG_71110791	0.538462	0.530612
IL31RA_55872083	0.388872	0.489796
IL31RA_55897456	0.468732	0.653061
IL31RA_55905820	0.447681	0.428571
IL31RA_55910832	0.425464	0.510204
IL31RA_55914574	0.485110	0.510204
IL34_70659419	0.532452	0.571429
IL36B_113028285	0.400591	0.530612
IL36RN_113061237	0.503373	0.489796
IL36RN_113062122	0.503373	0.591837
IL3RA_1352642	0.576737	0.632653
IL3RA_1356391	0.479002	0.551020
IL4I1_49896143	0.551835	0.612245
IL4R_27345788	0.504149	0.469388
IL4R_27347561	0.498902	0.510204
IL4R_27355188	0.464159	0.387755
IL4R_27360638	0.515528	0.489796
IL5RA_3100307	0.434284	0.367347
IL5RA_3109592	0.353551	0.448980
IL5_132542813	0.290526	0.530612
IL6R_154430423	0.503854	0.714286
IL7R_35864416	0.357878	0.326531
IL7_78804008	0.401402	0.367347
ILDR2_166935785	0.493261	0.632653
ILDR2_166935789	0.493261	0.673469
ILF3_10673631	0.480718	0.367347
ILKAP_238179590	0.439900	0.530612
ILKAP_238187497	0.423496	0.428571
ILKAP_238193823	0.439331	0.448980
ILKAP_238202456	0.437645	0.571429
ILVBL_15118919	0.533913	0.448980
IMMP1L_31462495	0.335775	0.326531
IMMP2L_111081500	0.355658	0.510204
IMMP2L_111422258	0.355658	0.408163
IMPACT_24430534	0.401585	0.285714
IMPDH1_128399220	0.496962	0.367347
IMPDH1_128406352	0.602980	0.734694
IMPG1_75950338	0.402906	0.408163
IMPG1_76022542	0.306321	0.408163
IMPG2_101243268	0.354267	0.346939
IMPG2_101272450	0.401547	0.387755
IMPG2_101275417	0.354167	0.489796
IMPG2_101275469	0.354167	0.408163
INA_103287289	0.440000	0.591837
INCENP_62125091	0.496112	0.510204
INCENP_62125181	0.496112	0.448980
INCENP_62126513	0.496112	0.489796
INCENP_62129192	0.554566	0.510204
INCENP_62134142	0.502969	0.591837
INF2_104704881	0.566427	0.367347
INF2_104706908	0.639836	0.714286
INF2_104708270	0.690531	0.653061
ING1_110717841	0.506170	0.326531
ING5_241702328	0.616863	0.775510
ING5_241703882	0.616863	0.551020
ING5_241722679	0.499770	0.469388
ING5_241723586	0.585906	0.489796
ING5_241724173	0.585906	0.551020
INIP_112689831	0.430977	0.367347
INMT_30752963	0.549790	0.591837
INO80D_206018983	0.366285	0.326531
INO80D_206051707	0.404173	0.510204
INO80D_206057547	0.405636	0.408163
INO80_41045607	0.447684	0.387755
INO80_41054090	0.365260	0.387755
INO80_41081411	0.429802	0.469388
INO80_41086363	0.395349	0.448980
INO80_41101167	0.440746	0.408163
INPP1_190363468	0.427502	0.428571
INPP4A_98533765	0.434841	0.387755
INPP4A_98534376	0.434841	0.530612
INPP4A_98538519	0.482533	0.387755
INPP4A_98571264	0.572359	0.591837
INPP4A_98571388	0.572359	0.693878
INPP4A_98571809	0.572359	0.530612
INPP4B_142085100	0.353714	0.448980
INPP5A_132578436	0.521429	0.673469
INPP5A_132598225	0.521429	0.489796
INPP5A_132650129	0.521016	0.571429
INPP5A_132676950	0.529459	0.551020
INPP5A_132691500	0.451902	0.714286
INPP5A_132710068	0.588534	0.346939
INPP5A_132710189	0.588534	0.673469
INPP5A_132781505	0.551432	0.693878
INPP5B_37877791	0.430595	0.387755
INPP5B_37878356	0.467916	0.551020
INPP5B_37890855	0.410288	0.306122
INPP5B_37940925	0.506512	0.530612
INPP5D_233125087	0.520344	0.510204
INPP5D_233130364	0.486269	0.489796
INPP5D_233133074	0.416404	0.510204
INPP5D_233174307	0.448789	0.510204
INPP5D_233177049	0.448789	0.387755
INPP5D_233201304	0.521308	0.367347
INPP5E_136433102	0.746835	0.693878
INPP5E_136434467	0.667769	0.714286
INPP5F_119806888	0.392833	0.551020
INPP5K_1516148	0.530291	0.489796
INPPL1_72231877	0.546474	0.551020
INSC_15176319	0.391602	0.469388
INSC_15238884	0.451385	0.571429
INSIG1_155299063	0.439679	0.673469
INSIG1_155307345	0.446237	0.510204
INSRR_156848849	0.523347	0.632653
INSRR_156853616	0.555769	0.428571
INSRR_156854469	0.506969	0.693878
INSRR_156856628	0.506969	0.530612
INSR_7120872	0.492489	0.632653
INSR_7149407	0.432487	0.530612
INSR_7173852	0.476723	0.591837
INSR_7274918	0.490095	0.489796
INTS10_19826394	0.403992	0.591837
INTS10_19829519	0.438638	0.367347
INTS10_19847432	0.416168	0.408163
INTS13_26906517	0.375949	0.244898
INTS13_26909863	0.375949	0.428571
INTS13_26930185	0.369911	0.306122
INTS13_26931787	0.369911	0.346939
INTS13_26932712	0.369911	0.489796
INTS13_26936148	0.364990	0.469388
INTS1_1476657	0.632353	0.612245
INTS1_1476952	0.662441	0.632653
INTS1_1482086	0.666982	0.653061
INTS1_1502028	0.561168	0.673469
INTS2_61886487	0.423849	0.346939
INTS2_61887926	0.423849	0.510204
INTS2_61899621	0.409970	0.387755
INTS2_61923174	0.397064	0.265306
INTS3_153749106	0.454895	0.591837
INTS3_153749363	0.454895	0.469388
INTS3_153762582	0.463368	0.489796
INTS4_77892939	0.425071	0.448980
INTS4_77958015	0.415207	0.244898
INTS4_77959293	0.408367	0.408163
INTS6L_135546550	0.310345	0.428571
INTS6L_135573686	0.446409	0.551020
INTS6_51375384	0.366107	0.326531
INTS7_211942822	0.389222	0.428571
INTS7_211944035	0.389222	0.428571
INTS7_211944295	0.389222	0.428571
INTS7_211946820	0.413611	0.346939
INTS7_211950278	0.413611	0.265306
INTS7_211974924	0.389285	0.489796
INTS8_94824210	0.453794	0.367347
INTS8_94827958	0.401355	0.489796
INTS8_94850656	0.362081	0.428571
INTS8_94868472	0.427409	0.612245
INTS9_28769289	0.503831	0.408163
INTS9_28774142	0.474562	0.306122
INTS9_28779645	0.484141	0.632653
INTS9_28794107	0.426448	0.285714
INTS9_28796021	0.426448	0.448980
INTU_127657807	0.380988	0.326531
INTU_127679485	0.406081	0.489796
INTU_127705899	0.320475	0.489796
INTU_127708470	0.386009	0.367347
INVS_100296517	0.462432	0.408163
IP6K1_49735594	0.444360	0.448980
IP6K3_33726219	0.496409	0.591837
IP6K3_33728816	0.560413	0.571429
IP6K3_33732125	0.560413	0.448980
IPO11_62444439	0.379658	0.306122
IPO11_62469963	0.354655	0.285714
IPO11_62528386	0.338126	0.367347
IPO11_62594285	0.386186	0.489796
IPO13_43956318	0.464158	0.469388
IPO13_43960777	0.509158	0.612245
IPO13_43963937	0.505323	0.571429
IPO4_24186206	0.576923	0.530612
IPO5_97989525	0.334027	0.448980
IPO5_97992215	0.334325	0.367347
IPO5_98013882	0.410241	0.367347
IPO5_98016526	0.367476	0.428571
IPO7_9410384	0.366843	0.346939
IPO7_9411084	0.366843	0.408163
IPO7_9414900	0.395164	0.632653
IPO7_9428990	0.379052	0.387755
IPO7_9441352	0.348132	0.326531
IPO8_30670082	0.335914	0.367347
IPO8_30678411	0.368772	0.326531
IPO9_201851729	0.372471	0.387755
IPPK_92637190	0.505572	0.530612
IPPK_92641006	0.564754	0.653061
IPPK_92641010	0.564754	0.632653
IPPK_92641843	0.564754	0.469388
IPPK_92641871	0.564754	0.551020
IPPK_92653235	0.524109	0.408163
IPPK_92655215	0.524109	0.489796
IPPK_92655361	0.524109	0.632653
IPPK_92664051	0.489756	0.653061
IPP_45744935	0.429079	0.530612
IQCA1L_151192552	0.633218	0.693878
IQCA1L_151194598	0.524669	0.551020
IQCA1L_151196827	0.575829	0.551020
IQCA1_236330692	0.403650	0.408163
IQCA1_236342379	0.495141	0.653061
IQCB1_121771220	0.453582	0.530612
IQCB1_121795704	0.335268	0.387755
IQCE_2565426	0.467587	0.510204
IQCE_2568762	0.532961	0.571429
IQCE_2571370	0.454078	0.244898
IQCE_2571882	0.424581	0.571429
IQCE_2573133	0.422548	0.469388
IQCE_2575491	0.568904	0.632653
IQCE_2575575	0.568904	0.673469
IQCE_2594850	0.544059	0.510204
IQCE_2595208	0.526663	0.367347
IQCE_2604713	0.560012	0.632653
IQCE_2608201	0.540128	0.734694
IQCG_197890069	0.426343	0.469388
IQCG_197938456	0.428503	0.448980
IQCH_67256608	0.398482	0.489796
IQCH_67357317	0.361514	0.428571
IQCH_67393965	0.386783	0.326531
IQCK_19716724	0.475694	0.489796
IQGAP1_90449262	0.383212	0.387755
IQGAP1_90456024	0.394622	0.408163
IQGAP1_90473142	0.444602	0.387755
IQGAP1_90477542	0.366359	0.551020
IQGAP2_76622499	0.395004	0.469388
IQGAP2_76636043	0.375075	0.448980
IQGAP2_76637778	0.377796	0.408163
IQGAP2_76658104	0.397106	0.428571
IQGAP2_76672802	0.367235	0.408163
IQGAP3_156526676	0.502959	0.489796
IQGAP3_156539764	0.493333	0.530612
IQGAP3_156545475	0.489722	0.408163
IQGAP3_156547042	0.489722	0.489796
IQGAP3_156550054	0.515873	0.530612
IQGAP3_156550795	0.506282	0.510204
IQGAP3_156552330	0.484338	0.428571
IQGAP3_156561134	0.488971	0.591837
IQGAP3_156562851	0.446581	0.428571
IQGAP3_156570708	0.482337	0.489796
IQSEC1_12912470	0.566804	0.367347
IQSEC1_12916815	0.535562	0.510204
IQSEC1_12938759	0.561051	0.714286
IQSEC1_12938959	0.561051	0.489796
IQSEC1_12939650	0.561051	0.530612
IQSEC2_53236956	0.513038	0.551020
IQSEC2_53238877	0.521396	0.510204
IQSEC2_53247308	0.447853	0.428571
IQSEC2_53253267	0.466468	0.387755
IQSEC2_53254204	0.466468	0.591837
IQSEC3_170671	0.584247	0.714286
IRAK2_10211893	0.473250	0.489796
IRAK2_10219636	0.459901	0.428571
IRAK2_10222538	0.510541	0.489796
IRAK2_10234383	0.451215	0.591837
IRAK2_10235229	0.489726	0.448980
IRAK2_10235280	0.489726	0.448980
IRAK2_10238260	0.489726	0.489796
IRAK2_10238746	0.489726	0.571429
IRAK3_66205159	0.354189	0.367347
IRAK3_66208304	0.354189	0.367347
IRAK3_66246619	0.407895	0.489796
IREB2_78465703	0.319728	0.285714
IRF2_184391841	0.468830	0.469388
IRF4_403405	0.506481	0.428571
IRF8_85906585	0.475172	0.612245
IRF8_85912372	0.488451	0.408163
IRF8_85919824	0.577011	0.530612
IRX6_55329793	0.509128	0.510204
ISCA1_86271163	0.389166	0.387755
ISCA1_86281305	0.427904	0.265306
ISG20L2_156723728	0.472993	0.428571
ISG20_88653380	0.575064	0.591837
ISL1_51389255	0.513186	0.571429
ISLR2_74132423	0.559441	0.571429
ISM1_13272647	0.444882	0.346939
ISM2_77477120	0.546736	0.653061
ISM2_77485035	0.520571	0.510204
ISM2_77485047	0.520571	0.428571
ISY1_129131268	0.466977	0.448980
ISY1_129157353	0.438563	0.367347
ISY1_129159758	0.439310	0.408163
ITCH-IT1_34451566	0.442167	0.387755
ITCH_34364396	0.469060	0.571429
ITCH_34366757	0.469060	0.346939
ITCH_34438691	0.350624	0.408163
ITCH_34451566	0.442167	0.387755
ITCH_34470544	0.349206	0.285714
ITCH_34484960	0.419779	0.510204
ITFG2_2822583	0.451548	0.530612
ITGA10_145901358	0.552743	0.551020
ITGA11_68316902	0.584255	0.510204
ITGA11_68321758	0.513923	0.612245
ITGA11_68340745	0.518345	0.551020
ITGA11_68346312	0.518345	0.530612
ITGA11_68360708	0.464381	0.693878
ITGA11_68363865	0.470686	0.510204
ITGA11_68365047	0.527708	0.551020
ITGA1_52896491	0.374654	0.387755
ITGA1_52897354	0.374654	0.448980
ITGA1_52920840	0.382149	0.530612
ITGA2B_44382874	0.492801	0.489796
ITGA2_53037220	0.397035	0.306122
ITGA2_53057893	0.313600	0.387755
ITGA2_53080288	0.367971	0.367347
ITGA4_181484230	0.342831	0.408163
ITGA7_55698937	0.589286	0.551020
ITGA8_15604723	0.369883	0.387755
ITGA8_15652936	0.377740	0.591837
ITGA9_37472270	0.460117	0.408163
ITGA9_37501603	0.463120	0.489796
ITGA9_37526267	0.484259	0.489796
ITGA9_37527068	0.484259	0.591837
ITGA9_37746922	0.430372	0.428571
ITGA9_37783501	0.440161	0.367347
ITGAD_31421767	0.485821	0.551020
ITGAE_3715080	0.471633	0.448980
ITGAE_3716335	0.471633	0.428571
ITGAE_3723509	0.595395	0.632653
ITGAE_3740240	0.492521	0.510204
ITGAE_3743816	0.474371	0.632653
ITGAE_3752202	0.566784	0.612245
ITGAE_3757235	0.577933	0.591837
ITGAE_3757354	0.577933	0.551020
ITGAE_3758064	0.507134	0.551020
ITGAL_30474660	0.529295	0.510204
ITGAL_30481673	0.481267	0.551020
ITGAL_30513366	0.511769	0.612245
ITGAL_30513502	0.511769	0.693878
ITGAL_30519581	0.547933	0.510204
ITGAM_31273279	0.462099	0.387755
ITGAM_31329603	0.568826	0.571429
ITGAV_186625273	0.396450	0.489796
ITGAV_186642005	0.397293	0.306122
ITGAX_31361834	0.620579	0.571429
ITGAX_31373139	0.515571	0.530612
ITGB1BP1_9408909	0.449668	0.306122
ITGB1_32904086	0.358586	0.326531
ITGB1_32909655	0.331161	0.285714
ITGB2_44895148	0.573140	0.653061
ITGB2_44899405	0.656007	0.632653
ITGB2_44904058	0.595442	0.571429
ITGB2_44904879	0.595442	0.612245
ITGB3BP_63442184	0.404244	0.326531
ITGB3_47290150	0.509804	0.428571
ITGB3_47300254	0.523759	0.673469
ITGB3_47300267	0.523759	0.673469
ITGB4_75731682	0.632054	0.591837
ITGB4_75735859	0.499152	0.510204
ITGB4_75737083	0.629984	0.612245
ITGB4_75741297	0.564045	0.632653
ITGB4_75755532	0.635028	0.673469
ITGB4_75755567	0.635028	0.653061
ITGB5_124773220	0.501093	0.428571
ITGB5_124812806	0.467628	0.387755
ITGB5_124814826	0.467628	0.367347
ITGB5_124815862	0.467628	0.448980
ITGB5_124841686	0.454788	0.530612
ITGB5_124842803	0.454788	0.571429
ITGBL1_101578635	0.365775	0.469388
ITIH1_52781795	0.459859	0.591837
ITIH2_7708115	0.426174	0.387755
ITIH2_7715102	0.475806	0.428571
ITIH2_7717423	0.475806	0.551020
ITIH2_7726244	0.417800	0.387755
ITIH2_7728143	0.421102	0.428571
ITIH2_7748703	0.441982	0.367347
ITIH3_52800963	0.627907	0.530612
ITIH4_52817807	0.607251	0.591837
ITIH5_7563384	0.385255	0.530612
ITIH5_7580107	0.453907	0.510204
ITIH5_7580603	0.453907	0.571429
ITIH6_54789770	0.522177	0.489796
ITIH6_54791783	0.447087	0.367347
ITIH6_54793339	0.446687	0.367347
ITK_157214816	0.453059	0.285714
ITK_157226919	0.401250	0.632653
ITK_157239112	0.440642	0.530612
ITLN2_160947421	0.457891	0.489796
ITM2C_230870529	0.580220	0.612245
ITM2C_230873165	0.580220	0.510204
ITPK1_92946702	0.563646	0.591837
ITPK1_92950344	0.563646	0.591837
ITPK1_92958452	0.584253	0.632653
ITPK1_92998879	0.540612	0.346939
ITPK1_93023099	0.527219	0.510204
ITPK1_93081594	0.543135	0.408163
ITPK1_93104086	0.543135	0.591837
ITPK1_93105764	0.543135	0.612245
ITPKA_41496540	0.556202	0.591837
ITPKA_41496663	0.556202	0.510204
ITPKB_226644489	0.587979	0.714286
ITPKB_226646600	0.587979	0.714286
ITPKB_226646848	0.587979	0.653061
ITPKB_226647709	0.558482	0.489796
ITPKC_40722240	0.503901	0.571429
ITPR1_4669551	0.427757	0.448980
ITPR1_4669557	0.427757	0.448980
ITPR1_4681343	0.443452	0.448980
ITPR1_4686708	0.440998	0.489796
ITPR1_4692720	0.402331	0.408163
ITPR1_4702333	0.425208	0.408163
ITPR1_4704625	0.433458	0.387755
ITPR1_4760295	0.466848	0.653061
ITPR1_4770574	0.469199	0.551020
ITPR1_4773079	0.469199	0.591837
ITPR1_4794863	0.454874	0.408163
ITPR1_4806101	0.456016	0.346939
ITPR2_26350525	0.414287	0.510204
ITPR2_26412503	0.392031	0.510204
ITPR2_26428483	0.362518	0.285714
ITPR2_26659817	0.389179	0.448980
ITPR2_26717716	0.348879	0.367347
ITPR3_33620576	0.578652	0.408163
ITPR3_33657257	0.563601	0.591837
ITPR3_33682308	0.509495	0.591837
ITPRIP_104323749	0.572207	0.571429
ITSN1_33761871	0.403678	0.510204
ITSN1_33771124	0.420605	0.408163
ITSN1_33835034	0.456845	0.530612
ITSN1_33858361	0.563457	0.693878
ITSN1_33867862	0.476066	0.510204
ITSN2_24205863	0.555631	0.285714
ITSN2_24216797	0.482676	0.387755
ITSN2_24218851	0.465029	0.367347
ITSN2_24220272	0.465029	0.489796
ITSN2_24258173	0.374170	0.326531
ITSN2_24281952	0.404353	0.367347
ITSN2_24294903	0.408369	0.510204
ITSN2_24306496	0.400926	0.408163
IVD_40407360	0.524639	0.510204
IVD_40413397	0.499722	0.448980
IVD_40415806	0.514286	0.448980
IVNS1ABP_185307413	0.338109	0.306122
IWS1_127486316	0.411754	0.285714
IWS1_127499941	0.355036	0.346939
IYD_150392946	0.401506	0.469388
IYD_150393436	0.401506	0.448980
IZUMO1R_94307393	0.609756	0.571429
JADE1_128842855	0.431700	0.571429
JADE2_134555542	0.509974	0.489796
JADE2_134569935	0.579417	0.571429
JADE2_134573330	0.579417	0.571429
JADE2_134577788	0.553371	0.673469
JADE3_47028478	0.411093	0.408163
JADE3_47030407	0.411093	0.408163
JADE3_47056756	0.431113	0.469388
JAG1_10642329	0.497479	0.469388
JAG1_10668531	0.476629	0.428571
JAG1_10669053	0.476629	0.265306
JAG2_105147921	0.713656	0.714286
JAG2_105150223	0.671083	0.571429
JAG2_105154327	0.660550	0.714286
JAG2_105155111	0.660550	0.632653
JAG2_105156377	0.650350	0.693878
JAG2_105165398	0.648854	0.612245
JAK1_64838781	0.503455	0.469388
JAK1_64848185	0.523018	0.408163
JAK1_64864159	0.463528	0.510204
JAK1_64883595	0.416457	0.551020
JAK1_64950614	0.408121	0.428571
JAK2_5050412	0.344201	0.591837
JAK2_5053037	0.328866	0.367347
JAK2_5056605	0.356059	0.367347
JAK2_5125164	0.305201	0.408163
JAK3_17843997	0.570571	0.530612
JAKMIP1_6054417	0.584772	0.408163
JAKMIP1_6055197	0.584772	0.510204
JAKMIP1_6083689	0.410356	0.367347
JAKMIP1_6107087	0.524134	0.469388
JAKMIP2_147617367	0.383824	0.244898
JAKMIP2_147633057	0.397909	0.428571
JAKMIP3_132134926	0.595506	0.714286
JAKMIP3_132147903	0.607760	0.571429
JAM3_134123749	0.410066	0.408163
JAM3_134144552	0.512563	0.530612
JAML_118198243	0.448363	0.591837
JAML_118212229	0.446281	0.387755
JARID2_15362339	0.428167	0.326531
JARID2_15365826	0.428167	0.346939
JARID2_15492474	0.477005	0.489796
JARID2_15509429	0.535375	0.551020
JARID2_15511745	0.554591	0.530612
JARID2_15512653	0.475191	0.387755
JARID2_15512744	0.475191	0.530612
JKAMP_59490865	0.390458	0.408163
JKAMP_59496223	0.336094	0.428571
JMJD1C_63191724	0.440131	0.632653
JMJD1C_63202128	0.358966	0.612245
JMJD1C_63206431	0.358966	0.326531
JMJD1C_63308277	0.389899	0.408163
JMJD6_76722340	0.465724	0.346939
JMJD7_41835901	0.592445	0.653061
JMY_79309837	0.372496	0.530612
JOSD2_50506991	0.614386	0.469388
JPH3_87685273	0.623908	0.714286
JPH3_87685967	0.623908	0.571429
JPH3_87687944	0.623908	0.612245
JPH3_87689523	0.623908	0.673469
JPH4_23574618	0.494421	0.693878
KALRN_124659680	0.419795	0.387755
KALRN_124665977	0.458186	0.510204
KALRN_124697454	0.442782	0.551020
KALRN_124701254	0.459581	0.408163
KALRN_124716119	0.427147	0.510204
KANK4_62245834	0.467217	0.428571
KANK4_62264542	0.478070	0.530612
KANSL1L_210028011	0.344712	0.448980
KANSL1L_210030082	0.313582	0.387755
KANSL1L_210110026	0.361114	0.428571
KANSL3_96611225	0.404199	0.571429
KANSL3_96611238	0.404199	0.530612
KANSL3_96617510	0.426555	0.551020
KANSL3_96637437	0.576117	0.510204
KAT2A_42115859	0.537885	0.693878
KAT2B_20099070	0.410734	0.285714
KAT6A_41948124	0.375859	0.367347
KAT6A_41954605	0.348955	0.306122
KAT6A_41954748	0.348955	0.367347
KAT6B_75027314	0.387465	0.326531
KAT7_49805200	0.425632	0.428571
KAT8_31118855	0.494549	0.387755
KATNAL2_47058909	0.492103	0.551020
KATNAL2_47075117	0.398344	0.469388
KATNB1_57749033	0.520982	0.489796
KATNB1_57754426	0.627409	0.653061
KATNBL1_34148367	0.403830	0.448980
KAZN_15034559	0.511527	0.612245
KAZN_15057000	0.531483	0.571429
KAZN_15098854	0.538659	0.448980
KB-318B8.7_24102044	0.527426	0.551020
KBTBD2_32874002	0.396497	0.551020
KBTBD3_106074539	0.365674	0.510204
KCCAT333_17449462	0.459922	0.591837
KCMF1_85033492	0.413853	0.510204
KCMF1_85037848	0.394029	0.571429
KCMF1_85046870	0.387431	0.346939
KCNA7_49071080	0.597222	0.632653
KCNA7_49071851	0.597222	0.591837
KCNAB1_156532431	0.456395	0.408163
KCNAB2_6040253	0.554392	0.530612
KCNAB2_6040953	0.594093	0.632653
KCNAB2_6079116	0.536918	0.673469
KCNAB2_6080269	0.536918	0.591837
KCNAB3_7923338	0.626812	0.571429
KCNC3_50317517	0.556765	0.448980
KCNC3_50322870	0.570776	0.551020
KCNE3_74464437	0.502456	0.571429
KCNG4_84238181	0.485075	0.489796
KCNH2_150952255	0.578947	0.612245
KCNH3_49556882	0.531161	0.530612
KCNH4_42174259	0.538376	0.510204
KCNH4_42180382	0.576777	0.612245
KCNH6_63537999	0.492986	0.632653
KCNH6_63543321	0.543383	0.653061
KCNH7_162505033	0.331416	0.346939
KCNIP1_170720719	0.484050	0.448980
KCNIP1_170732560	0.360457	0.469388
KCNIP1_170734864	0.415054	0.510204
KCNIP3_95376635	0.521215	0.469388
KCNIP3_95377125	0.521215	0.591837
KCNIP4_20732807	0.351792	0.428571
KCNJ13_232775509	0.348204	0.244898
KCNK10_88187758	0.482054	0.326531
KCNK17_39312625	0.574772	0.448980
KCNK5_39196242	0.511506	0.469388
KCNK6_38323506	0.516614	0.469388
KCNMA1_76891159	0.456266	0.530612
KCNMA1_77075338	0.436577	0.367347
KCNMA1_77089960	0.452969	0.387755
KCNMA1_77112182	0.476026	0.346939
KCNN1_17953398	0.613773	0.632653
KCNN1_17990045	0.509346	0.387755
KCNN2_114361688	0.698647	0.734694
KCNN3_154713737	0.505216	0.469388
KCNN4_43770951	0.554378	0.571429
KCNN4_43779271	0.553123	0.653061
KCNN4_43779721	0.553123	0.551020
KCNQ1_2585761	0.634836	0.673469
KCNQ1_2772631	0.575568	0.571429
KCNQ1_2775526	0.575568	0.612245
KCNQ1_2775705	0.575568	0.673469
KCNQ2_63410762	0.622430	0.673469
KCNQ2_63411051	0.622430	0.693878
KCNQ2_63420637	0.649945	0.693878
KCNQ2_63422586	0.656170	0.734694
KCNQ2_63437454	0.546071	0.448980
KCNQ3_132175283	0.421578	0.489796
KCNQ3_132175339	0.421578	0.489796
KCNQ3_132183542	0.469445	0.448980
KCNQ4_40821570	0.543108	0.551020
KCNQ4_40830664	0.553553	0.673469
KCNQ5_73077121	0.373805	0.469388
KCNS1_45096752	0.492029	0.448980
KCNT1_135750603	0.667539	0.632653
KCNT1_135755240	0.572519	0.571429
KCNT1_135762013	0.597950	0.612245
KCNT1_135769881	0.666006	0.591837
KCNT1_135773850	0.599153	0.591837
KCNT1_135775308	0.599153	0.612245
KCNT1_135775988	0.553590	0.612245
KCNT2_196228531	0.325882	0.285714
KCNT2_196429042	0.354246	0.387755
KCNT2_196490949	0.310241	0.367347
KCNU1_36807101	0.358149	0.367347
KCNU1_36807285	0.358149	0.346939
KCNU1_36835320	0.378416	0.326531
KCNU1_36935345	0.415794	0.387755
KCP_128881153	0.604376	0.551020
KCTD10_109454394	0.459340	0.428571
KCTD10_109462148	0.500746	0.632653
KCTD10_109465404	0.500746	0.428571
KCTD10_109471499	0.457974	0.551020
KCTD14_78021949	0.490915	0.571429
KCTD15_33799592	0.498495	0.489796
KCTD17_37057836	0.575041	0.510204
KCTD18_200499645	0.389193	0.448980
KCTD20_36470742	0.417789	0.612245
KCTD20_36472149	0.417789	0.530612
KCTD2_75034272	0.605027	0.632653
KCTD2_75062765	0.485751	0.448980
KCTD3_215570221	0.390892	0.408163
KCTD3_215573450	0.390892	0.367347
KCTD3_215584527	0.348884	0.408163
KCTD3_215585213	0.348884	0.224490
KCTD3_215585567	0.348884	0.285714
KCTD3_215586999	0.376009	0.428571
KCTD3_215611716	0.317634	0.306122
KCTD9_25433183	0.312139	0.367347
KCTD9_25444583	0.332404	0.387755
KDELC1_102798094	0.367140	0.346939
KDELC2_108481758	0.337043	0.469388
KDELR1_48386925	0.494083	0.387755
KDELR3_38471206	0.532591	0.510204
KDELR3_38480060	0.439726	0.489796
KDF1_26953096	0.486834	0.326531
KDM1B_18160522	0.424851	0.591837
KDM1B_18199514	0.421678	0.469388
KDM1B_18213507	0.446242	0.510204
KDM2A_67224983	0.424534	0.489796
KDM2A_67248675	0.458309	0.448980
KDM2B_121441635	0.564464	0.428571
KDM2B_121516999	0.525719	0.530612
KDM3B_138381409	0.375208	0.387755
KDM3B_138381413	0.375208	0.346939
KDM3B_138423503	0.407455	0.489796
KDM4A_43669553	0.482540	0.489796
KDM4A_43688409	0.477393	0.551020
KDM4A_43689753	0.508862	0.551020
KDM4A_43689757	0.508862	0.571429
KDM4A_43693900	0.513080	0.612245
KDM4A_43697810	0.455224	0.489796
KDM4B_5027185	0.563718	0.653061
KDM4B_5036456	0.594356	0.673469
KDM4B_5039638	0.594356	0.632653
KDM4B_5049745	0.586290	0.551020
KDM4B_5051547	0.586290	0.612245
KDM4B_5114220	0.599615	0.653061
KDM4B_5115677	0.599615	0.632653
KDM4B_5117306	0.599615	0.612245
KDM4B_5118107	0.599615	0.571429
KDM4B_5133547	0.629867	0.653061
KDM4B_5138231	0.599050	0.448980
KDM4B_5141690	0.599050	0.734694
KDM4C_6811295	0.434056	0.673469
KDM4C_6820382	0.413826	0.510204
KDM5A_317841	0.398086	0.612245
KDM5A_352808	0.402627	0.367347
KDM5B_202756914	0.374066	0.346939
KDM5B_202769372	0.396401	0.326531
KDM5D_19733336	0.333078	0.306122
KDM6A_44917610	0.393214	0.408163
KDM6A_45068337	0.364173	0.367347
KDM7A_140100048	0.411002	0.448980
KDM7A_140100052	0.411002	0.469388
KDM7A_140123567	0.386458	0.367347
KDM7A_140132731	0.377606	0.367347
KDM8_27216498	0.556042	0.591837
KDR_55106187	0.364611	0.346939
KDR_55110804	0.399606	0.224490
KDR_55111213	0.399606	0.387755
KDR_55120243	0.391115	0.510204
KDSR_63352948	0.419981	0.591837
KEAP1_10489853	0.507835	0.551020
KEL_142953464	0.514115	0.387755
KEL_142958066	0.487879	0.591837
KEL_142960190	0.422969	0.387755
KHDRBS1_32034172	0.433287	0.408163
KHK_27088957	0.496988	0.612245
KHK_27092004	0.496988	0.571429
KHK_27093662	0.557199	0.591837
KHK_27096951	0.510699	0.428571
KIAA0100_28636516	0.391882	0.346939
KIAA0100_28642701	0.514071	0.530612
KIAA0141_141927209	0.458635	0.469388
KIAA0141_141930150	0.456311	0.428571
KIAA0141_141933960	0.371122	0.387755
KIAA0141_141938206	0.496131	0.367347
KIAA0232_6791044	0.444767	0.591837
KIAA0232_6860451	0.381788	0.408163
KIAA0232_6879253	0.492926	0.510204
KIAA0319L_35435730	0.511651	0.530612
KIAA0319L_35436543	0.511651	0.551020
KIAA0319L_35436755	0.511651	0.612245
KIAA0319L_35436915	0.511651	0.408163
KIAA0319L_35437223	0.511651	0.653061
KIAA0319L_35463080	0.458398	0.591837
KIAA0319L_35475749	0.386056	0.326531
KIAA0319_24552258	0.424212	0.428571
KIAA0319_24555811	0.430886	0.428571
KIAA0319_24559990	0.414704	0.387755
KIAA0319_24576600	0.411765	0.469388
KIAA0355_34320518	0.454819	0.693878
KIAA0355_34326069	0.454819	0.571429
KIAA0355_34351910	0.499051	0.510204
KIAA0368_111375463	0.341713	0.285714
KIAA0368_111378020	0.377821	0.591837
KIAA0368_111391467	0.439541	0.510204
KIAA0368_111394971	0.389134	0.428571
KIAA0368_111410249	0.378590	0.367347
KIAA0368_111420184	0.359444	0.285714
KIAA0368_111444120	0.375832	0.306122
KIAA0368_111448986	0.370130	0.387755
KIAA0391_35126434	0.393927	0.387755
KIAA0391_35270317	0.427801	0.387755
KIAA0430_15604815	0.516187	0.530612
KIAA0430_15604933	0.516187	0.367347
KIAA0430_15608896	0.390438	0.387755
KIAA0430_15622331	0.461840	0.387755
KIAA0513_85069843	0.506162	0.448980
KIAA0556_27643734	0.466208	0.428571
KIAA0556_27649735	0.443866	0.346939
KIAA0556_27699016	0.538238	0.551020
KIAA0556_27752536	0.484431	0.224490
KIAA0556_27767328	0.553455	0.551020
KIAA0556_27769762	0.553455	0.653061
KIAA0556_27778298	0.597682	0.591837
KIAA0586_58475186	0.387097	0.571429
KIAA0586_58475197	0.387097	0.612245
KIAA0586_58477345	0.384178	0.346939
KIAA0753_6598459	0.357760	0.489796
KIAA0753_6608487	0.402224	0.367347
KIAA0753_6624938	0.400614	0.265306
KIAA0825_94387998	0.394152	0.367347
KIAA0825_94397259	0.340841	0.408163
KIAA0825_94403097	0.340841	0.346939
KIAA0825_94466459	0.357274	0.387755
KIAA0825_94476183	0.367307	0.346939
KIAA0825_94476270	0.367307	0.346939
KIAA0895L_67181792	0.466113	0.489796
KIAA0895_36388376	0.393177	0.469388
KIAA0922_153473415	0.440347	0.530612
KIAA0922_153474506	0.430615	0.448980
KIAA0922_153606040	0.395218	0.612245
KIAA0922_153613395	0.393297	0.326531
KIAA0922_153617649	0.393297	0.367347
KIAA0922_153621350	0.395262	0.530612
KIAA0922_153626992	0.417694	0.510204
KIAA0930_45203184	0.674242	0.816327
KIAA0930_45211845	0.556512	0.408163
KIAA1109_122153554	0.423611	0.489796
KIAA1109_122209091	0.322368	0.326531
KIAA1109_122210280	0.290021	0.367347
KIAA1109_122220103	0.377778	0.632653
KIAA1109_122222134	0.341197	0.387755
KIAA1109_122252430	0.404308	0.591837
KIAA1109_122252550	0.404308	0.571429
KIAA1109_122272081	0.319540	0.408163
KIAA1109_122281488	0.350064	0.285714
KIAA1109_122285521	0.334243	0.448980
KIAA1109_122309645	0.324766	0.367347
KIAA1109_122324210	0.356725	0.408163
KIAA1143_44755689	0.423239	0.387755
KIAA1143_44755700	0.423239	0.387755
KIAA1147_141668796	0.447324	0.489796
KIAA1191_176358839	0.443581	0.653061
KIAA1210_119083842	0.396994	0.367347
KIAA1210_119084782	0.396994	0.244898
KIAA1210_119107704	0.412982	0.346939
KIAA1210_119116127	0.383793	0.510204
KIAA1211L_98825339	0.493454	0.469388
KIAA1211_56320575	0.430088	0.510204
KIAA1211_56323322	0.430088	0.448980
KIAA1217_24519735	0.435855	0.530612
KIAA1217_24521609	0.463351	0.510204
KIAA1217_24532308	0.430297	0.448980
KIAA1217_24541766	0.434730	0.448980
KIAA1257_128988050	0.498886	0.346939
KIAA1324L_86911820	0.344928	0.428571
KIAA1324L_86917603	0.362748	0.408163
KIAA1324L_86942440	0.328919	0.346939
KIAA1324L_86947957	0.375066	0.448980
KIAA1324_109190639	0.464646	0.387755
KIAA1324_109191138	0.464646	0.510204
KIAA1324_109191142	0.464646	0.530612
KIAA1324_109193107	0.465718	0.489796
KIAA1328_36831151	0.396252	0.265306
KIAA1328_36842344	0.362360	0.530612
KIAA1429_94518677	0.335893	0.346939
KIAA1429_94528088	0.353458	0.428571
KIAA1468_62254812	0.330694	0.306122
KIAA1468_62283651	0.369955	0.306122
KIAA1468_62304355	0.376927	0.428571
KIAA1522_32767046	0.545687	0.612245
KIAA1524_108570666	0.323878	0.428571
KIAA1549L_33576547	0.462902	0.469388
KIAA1549L_33609546	0.443267	0.551020
KIAA1549L_33660146	0.476578	0.530612
KIAA1549L_33665690	0.493812	0.693878
KIAA1549L_33666873	0.493812	0.469388
KIAA1549_138853640	0.423047	0.489796
KIAA1549_138853897	0.423047	0.346939
KIAA1549_138853909	0.423047	0.448980
KIAA1549_138915702	0.464194	0.591837
KIAA1614_180914880	0.495105	0.612245
KIAA1614_180915736	0.495105	0.632653
KIAA1614_180932095	0.510014	0.530612
KIAA1614_180942422	0.494360	0.632653
KIAA1671_25032487	0.497718	0.469388
KIAA1671_25066000	0.491359	0.571429
KIAA1671_25118334	0.491359	0.510204
KIAA1671_25131356	0.491359	0.591837
KIAA1671_25170567	0.491359	0.612245
KIAA1671_25178896	0.543582	0.632653
KIAA1671_25192321	0.449722	0.428571
KIAA1755_38218994	0.536817	0.367347
KIAA1755_38221573	0.532463	0.510204
KIAA1755_38246325	0.491128	0.551020
KIAA1755_38251812	0.491128	0.632653
KIAA1841_61072479	0.381982	0.530612
KIAA1841_61081424	0.386443	0.306122
KIAA1841_61082948	0.405356	0.204082
KIAA1841_61086971	0.394302	0.306122
KIAA2026_5926906	0.392568	0.326531
KIAA2026_5928772	0.392568	0.408163
KIAA2026_5933441	0.314093	0.285714
KIAA2026_5945283	0.325456	0.387755
KIDINS220_8786441	0.377894	0.326531
KIDINS220_8812218	0.416100	0.367347
KIF11_92607011	0.454751	0.693878
KIF11_92639654	0.333630	0.367347
KIF12_114092050	0.566265	0.673469
KIF13A_17781004	0.381481	0.265306
KIF13A_17781523	0.430461	0.387755
KIF13A_17807399	0.410533	0.510204
KIF13A_17851093	0.409486	0.428571
KIF13B_29073720	0.504049	0.428571
KIF13B_29115956	0.451603	0.469388
KIF13B_29137582	0.415243	0.469388
KIF13B_29147039	0.421857	0.448980
KIF13B_29158546	0.421862	0.428571
KIF13B_29167981	0.412874	0.489796
KIF13B_29239240	0.404692	0.448980
KIF15_44800544	0.392292	0.387755
KIF15_44806094	0.402346	0.489796
KIF15_44813331	0.404046	0.367347
KIF15_44841977	0.397137	0.428571
KIF15_44845201	0.412421	0.408163
KIF16B_16374018	0.412024	0.469388
KIF16B_16507607	0.396718	0.510204
KIF16B_16536942	0.433018	0.510204
KIF17_20667541	0.494497	0.551020
KIF17_20683791	0.574844	0.612245
KIF17_20689121	0.530094	0.612245
KIF17_20696624	0.538854	0.734694
KIF17_20715012	0.527620	0.530612
KIF18A_28070450	0.339312	0.326531
KIF18A_28096676	0.361091	0.408163
KIF1A_240718694	0.653525	0.693878
KIF1A_240722681	0.628307	0.591837
KIF1A_240723590	0.612981	0.653061
KIF1A_240733388	0.611243	0.714286
KIF1A_240742483	0.598324	0.571429
KIF1A_240765862	0.589652	0.673469
KIF1A_240783816	0.666382	0.469388
KIF1BP_68995278	0.423735	0.530612
KIF1BP_69004766	0.411895	0.571429
KIF1B_10258432	0.413555	0.244898
KIF1B_10322603	0.411649	0.428571
KIF1B_10335414	0.447968	0.367347
KIF1B_10352504	0.443931	0.551020
KIF1B_10359317	0.404297	0.489796
KIF1B_10363114	0.380233	0.387755
KIF1C_5002462	0.525074	0.448980
KIF1C_5003781	0.559006	0.551020
KIF1C_5007431	0.629032	0.551020
KIF1C_5013443	0.522750	0.591837
KIF20B_89702957	0.416551	0.306122
KIF20B_89717922	0.354610	0.408163
KIF20B_89755755	0.342758	0.408163
KIF20B_89755922	0.342758	0.306122
KIF21A_39309892	0.323636	0.306122
KIF21B_200976997	0.603774	0.571429
KIF21B_200977475	0.493513	0.448980
KIF21B_200987353	0.496344	0.632653
KIF22_29793832	0.471054	0.510204
KIF22_29797342	0.460700	0.632653
KIF24_34254756	0.522686	0.489796
KIF24_34255629	0.548330	0.571429
KIF24_34258164	0.464684	0.448980
KIF24_34258679	0.464684	0.489796
KIF24_34259877	0.413844	0.326531
KIF24_34260094	0.413844	0.530612
KIF24_34263229	0.407462	0.530612
KIF24_34288378	0.411646	0.571429
KIF24_34304223	0.402320	0.367347
KIF24_34308819	0.405885	0.591837
KIF25_168040013	0.445693	0.632653
KIF25_168042274	0.594132	0.530612
KIF26A_104155741	0.638201	0.714286
KIF26B_245604173	0.500103	0.387755
KIF26B_245605137	0.500103	0.510204
KIF26B_245611149	0.421820	0.367347
KIF26B_245700201	0.482749	0.469388
KIF27_83851811	0.423897	0.489796
KIF27_83886913	0.377565	0.408163
KIF27_83896831	0.350043	0.387755
KIF2A_62350697	0.391569	0.632653
KIF2A_62355557	0.397783	0.367347
KIF2C_44764317	0.486201	0.612245
KIF4A_70333785	0.358984	0.448980
KIF4A_70341523	0.358984	0.469388
KIF4A_70405740	0.432836	0.448980
KIF4A_70418623	0.474638	0.571429
KIF5A_57569911	0.554455	0.530612
KIF5B_32039197	0.306000	0.326531
KIF5B_32047411	0.386960	0.448980
KIF5C_148926103	0.432298	0.551020
KIF5C_148983253	0.399903	0.489796
KIF6_39337885	0.498883	0.469388
KIF7_89632744	0.544635	0.551020
KIF7_89642877	0.458765	0.551020
KIF7_89646127	0.564134	0.571429
KIF7_89647422	0.611524	0.653061
KIF7_89652395	0.500188	0.591837
KIF9_47234957	0.502981	0.469388
KIF9_47235298	0.502981	0.571429
KIF9_47236264	0.569966	0.571429
KIF9_47237867	0.481283	0.530612
KIF9_47268549	0.450289	0.387755
KIFAP3_169960432	0.325451	0.367347
KIFAP3_169984082	0.277731	0.326531
KIFC1_33403588	0.471503	0.448980
KIFC2_144468487	0.666667	0.571429
KIFC3_57760111	0.591011	0.530612
KIFC3_57796201	0.555631	0.530612
KIFC3_57801579	0.554441	0.571429
KIN_7780885	0.409665	0.408163
KIR2DL4_54803842	0.527638	0.591837
KIR2DL4_54813123	0.459326	0.510204
KIR3DL3_54724991	0.550279	0.632653
KIR3DL3_54728419	0.437421	0.653061
KIR3DL3_54729491	0.437421	0.448980
KIRREL2_35860130	0.569925	0.530612
KIRREL2_35865862	0.541927	0.551020
KIRREL3_126439365	0.499273	0.367347
KIRREL3_126445451	0.529946	0.632653
KIRREL3_126524474	0.488271	0.367347
KIRREL_158080502	0.507244	0.530612
KIRREL_158087384	0.477183	0.367347
KIRREL_158087598	0.477183	0.510204
KIRREL_158092104	0.502806	0.469388
KIT_54696825	0.400480	0.530612
KIT_54708969	0.492509	0.571429
KIZ_21230996	0.435876	0.367347
KLC1_103659119	0.457018	0.571429
KLC2_66264974	0.600000	0.571429
KLC3_45343261	0.537444	0.489796
KLC3_45349678	0.596206	0.632653
KLC4_43069386	0.472477	0.571429
KLC4_43072678	0.452465	0.306122
KLF11_10047149	0.473984	0.571429
KLF15_126343996	0.565513	0.673469
KLF15_126345835	0.565513	0.591837
KLF15_126350134	0.565513	0.591837
KLF15_126351473	0.565513	0.612245
KLF15_126351613	0.565513	0.571429
KLF16_1861381	0.608358	0.571429
KLF1_12885210	0.617188	0.489796
KLF3_38687242	0.414199	0.367347
KLF3_38688185	0.414199	0.489796
KLF3_38691022	0.386560	0.510204
KLF3_38694551	0.386560	0.510204
KLHDC10_130121821	0.370435	0.469388
KLHDC10_130121987	0.370435	0.306122
KLHDC1_49727545	0.402725	0.367347
KLHDC1_49742736	0.427171	0.387755
KLHDC3_43018830	0.468531	0.408163
KLHDC4_87729309	0.472843	0.571429
KLHDC4_87756526	0.467373	0.612245
KLHDC8A_205342196	0.509064	0.346939
KLHL12_202895776	0.432218	0.428571
KLHL14_32689921	0.411593	0.428571
KLHL14_32695703	0.384172	0.551020
KLHL17_962617	0.681035	0.530612
KLHL18_47321905	0.434986	0.469388
KLHL18_47332410	0.473894	0.306122
KLHL18_47334056	0.490842	0.530612
KLHL18_47340291	0.470634	0.469388
KLHL18_47340323	0.470634	0.428571
KLHL20_173774303	0.371553	0.489796
KLHL20_173781457	0.390384	0.591837
KLHL21_6601424	0.551621	0.714286
KLHL22_20458565	0.490739	0.448980
KLHL22_20459419	0.490739	0.591837
KLHL22_20461679	0.490739	0.448980
KLHL22_20469610	0.497488	0.448980
KLHL23_169736870	0.426799	0.387755
KLHL25_85776046	0.515895	0.612245
KLHL26_18661691	0.594281	0.387755
KLHL28_44931717	0.348620	0.326531
KLHL29_23692442	0.588362	0.632653
KLHL29_23693670	0.559217	0.551020
KLHL29_23703184	0.499101	0.530612
KLHL29_23703531	0.592920	0.632653
KLHL29_23704849	0.539167	0.448980
KLHL2_165311206	0.388499	0.244898
KLHL2_165312212	0.372608	0.591837
KLHL30_238145216	0.603198	0.653061
KLHL32_97122461	0.379169	0.285714
KLHL32_97131083	0.392249	0.326531
KLHL35_75428833	0.516393	0.469388
KLHL35_75429152	0.516393	0.408163
KLHL38_123647292	0.429417	0.306122
KLHL3_137634263	0.437980	0.510204
KLHL3_137635064	0.437980	0.306122
KLHL3_137697918	0.458640	0.367347
KLHL40_42687367	0.557987	0.571429
KLHL5_39079580	0.384864	0.448980
KLHL8_87178857	0.375818	0.326531
KLHL8_87181167	0.375818	0.571429
KLK13_51058298	0.443246	0.408163
KLK14_51078392	0.549618	0.591837
KLK14_51081904	0.528129	0.551020
KLK4_50909482	0.607284	0.673469
KLK6_50959445	0.532344	0.448980
KLK7_50980488	0.603597	0.551020
KLKB1_186251411	0.297468	0.367347
KLKB1_186254565	0.410491	0.428571
KLRF1_9832594	0.323198	0.367347
KLRG1_9009228	0.382857	0.326531
KLRG2_139481622	0.517437	0.530612
KL_33056160	0.433899	0.612245
KMT2A_118470251	0.348243	0.408163
KMT2A_118475117	0.420651	0.428571
KMT2A_118477261	0.421748	0.448980
KMT2A_118479982	0.345842	0.408163
KMT2A_118507354	0.430839	0.489796
KMT2A_118520976	0.385572	0.469388
KMT2B_35725161	0.583333	0.571429
KMT2B_35726769	0.528678	0.591837
KMT2B_35728308	0.583056	0.571429
KMT2B_35734770	0.550231	0.693878
KMT2C_152233267	0.372520	0.387755
KMT2C_152249718	0.330677	0.306122
KMT2C_152272841	0.349735	0.469388
KMT2D_49055089	0.397590	0.408163
KMT2E_105079938	0.434655	0.469388
KMT5A_123384929	0.539625	0.571429
KMT5B_68161945	0.440717	0.530612
KNDC1_133167909	0.643917	0.734694
KNDC1_133184906	0.574597	0.693878
KNL1_40594474	0.447782	0.673469
KNL1_40600608	0.447782	0.326531
KNL1_40640629	0.432582	0.285714
KNL1_40641230	0.411187	0.387755
KNL1_40641559	0.411187	0.306122
KNOP1_19708362	0.585640	0.530612
KNOP1_19712909	0.519238	0.714286
KNSTRN_40386877	0.468374	0.551020
KNTC1_122528582	0.412277	0.367347
KNTC1_122563654	0.421327	0.428571
KNTC1_122566885	0.421327	0.551020
KNTC1_122584237	0.476006	0.387755
KNTC1_122604840	0.401674	0.367347
KPNA1_122449036	0.405659	0.346939
KPNA1_122462939	0.368662	0.448980
KPNA3_49714864	0.342436	0.326531
KPNA3_49780028	0.399437	0.428571
KPNA4_160520870	0.405453	0.367347
KPNA5_116683132	0.394061	0.367347
KPNA5_116692655	0.338457	0.244898
KPNA6_32121214	0.436699	0.510204
KPNA6_32160526	0.445983	0.510204
KPNA7_99181331	0.492138	0.408163
KPNA7_99202356	0.401355	0.469388
KPNB1_47658171	0.411196	0.469388
KPTN_47481333	0.451810	0.510204
KRBA1_149724037	0.581365	0.632653
KRBOX1_42941713	0.451240	0.326531
KREMEN1_29140254	0.484990	0.428571
KRI1_10564020	0.505978	0.632653
KRIT1_92230558	0.383595	0.469388
KRR1_75510244	0.384214	0.387755
KRT17_41622579	0.611872	0.551020
KRT23_40925723	0.428840	0.489796
KRT23_40934714	0.376684	0.489796
KRT24_40700587	0.437831	0.163265
KRT26_40770513	0.381720	0.367347
KRT32_41460942	0.485714	0.612245
KRT32_41466500	0.464024	0.469388
KRT33A_41347638	0.418254	0.387755
KRT34_41381311	0.436000	0.408163
KRT34_41381386	0.436000	0.612245
KRT35_41479101	0.584046	0.591837
KRT35_41479152	0.584046	0.632653
KRT35_41479169	0.584046	0.591837
KRT35_41479186	0.584046	0.571429
KRT35_41479203	0.584046	0.591837
KRT36_41487901	0.435644	0.428571
KRT36_41489950	0.501718	0.428571
KRT39_40961657	0.403614	0.387755
KRT4_52807464	0.536000	0.489796
KRT4_52808900	0.479323	0.571429
KRT71_52547166	0.526667	0.510204
KRT71_52548062	0.573964	0.469388
KRT72_52587285	0.493846	0.510204
KRT72_52590665	0.490281	0.510204
KRT73_52616538	0.531526	0.530612
KRT74_52570201	0.504386	0.448980
KRT74_52570406	0.504386	0.469388
KRT74_52572876	0.503912	0.469388
KRT75_52426115	0.502669	0.408163
KRT76_52772287	0.475191	0.530612
KRT76_52773145	0.411095	0.285714
KRT76_52773725	0.493983	0.591837
KRT76_52775789	0.447199	0.326531
KRT77_52694251	0.445272	0.346939
KRT78_52847087	0.537893	0.469388
KRT79_52831232	0.428571	0.387755
KRT82_52395300	0.563055	0.591837
KRT82_52397148	0.482863	0.469388
KRT82_52400705	0.594595	0.653061
KRT83_52317970	0.552743	0.510204
KRT84_52382119	0.442371	0.346939
KRT9_41566957	0.445370	0.367347
KSR1_27555455	0.489527	0.510204
KSR1_27604248	0.544880	0.551020
KSR1_27604260	0.544880	0.469388
KSR1_27604567	0.544880	0.551020
KSR1_27604579	0.544880	0.489796
KSR1_27605175	0.537589	0.408163
KSR1_27610455	0.508108	0.408163
KSR1_27616181	0.442012	0.306122
KSR1_27617077	0.442012	0.448980
KSR1_27617082	0.442012	0.428571
KSR1_27617948	0.513778	0.489796
KSR2_117476831	0.464322	0.489796
KSR2_117579807	0.491416	0.551020
KSR2_117580265	0.491416	0.448980
KSR2_117857879	0.468379	0.510204
KTN1_55624187	0.400861	0.387755
KTN1_55648485	0.307580	0.346939
KTN1_55652233	0.382863	0.306122
KYAT1_128840449	0.490667	0.448980
KYAT1_128842399	0.490667	0.489796
KYNU_142879424	0.382422	0.387755
KY_134605230	0.545999	0.612245
KY_134622917	0.479380	0.571429
KY_134626209	0.507634	0.653061
KY_134626341	0.507634	0.510204
KY_134646363	0.515039	0.530612
L2HGDH_50270454	0.405158	0.387755
L2HGDH_50302391	0.436562	0.428571
L2HGDH_50304914	0.423996	0.326531
L3MBTL1_43535541	0.520134	0.510204
L3MBTL2_41228125	0.537126	0.510204
L3MBTL3_130015744	0.400399	0.346939
L3MBTL3_130016062	0.400399	0.408163
L3MBTL3_130016791	0.400289	0.428571
L3MBTL3_130054174	0.441028	0.408163
L3MBTL3_130079833	0.370512	0.510204
L3MBTL4_6241855	0.435466	0.591837
L3MBTL4_6242278	0.435466	0.551020
L3MBTL4_6290013	0.391744	0.489796
L3MBTL4_6307089	0.392872	0.428571
LA16c-380H5.3_2997979	0.625000	0.673469
LA16c-380H5.3_2997988	0.625000	0.693878
LA16c-431H6.6_1655679	0.593750	0.510204
LACTBL1_22955453	0.453959	0.673469
LAD1_201383706	0.545649	0.612245
LAG3_6774500	0.618887	0.551020
LAGE3_154478531	0.626582	0.612245
LALBA_48568819	0.464213	0.408163
LAMA1_6966365	0.419680	0.387755
LAMA1_6983316	0.375624	0.367347
LAMA1_6994254	0.418953	0.551020
LAMA1_7001535	0.372021	0.469388
LAMA1_7013409	0.469570	0.346939
LAMA1_7020217	0.443675	0.612245
LAMA1_7020785	0.443675	0.448980
LAMA1_7022081	0.443675	0.448980
LAMA1_7023429	0.465139	0.469388
LAMA1_7035080	0.450617	0.469388
LAMA1_7037796	0.495274	0.367347
LAMA1_7043602	0.373100	0.367347
LAMA1_7050153	0.401811	0.551020
LAMA2_129264897	0.355881	0.326531
LAMA2_129350684	0.327865	0.306122
LAMA2_129399250	0.376506	0.224490
LAMA3_23778878	0.457598	0.510204
LAMA3_23811464	0.457501	0.551020
LAMA3_23838031	0.340035	0.367347
LAMA3_23846795	0.531937	0.489796
LAMA3_23883294	0.447011	0.448980
LAMA3_23944438	0.470994	0.387755
LAMA4_112157468	0.398152	0.367347
LAMA4_112163004	0.422679	0.489796
LAMA4_112181337	0.400485	0.469388
LAMA4_112186285	0.393435	0.387755
LAMA5_62318755	0.656250	0.612245
LAMA5_62319201	0.659701	0.693878
LAMA5_62327739	0.622449	0.612245
LAMA5_62336564	0.628472	0.632653
LAMA5_62336573	0.628472	0.632653
LAMA5_62339586	0.455680	0.408163
LAMA5_62339957	0.455680	0.510204
LAMA5_62366848	0.646042	0.714286
LAMB1_107951425	0.491254	0.408163
LAMB2_49130050	0.547170	0.469388
LAMB3_209619716	0.506708	0.530612
LAMB3_209635032	0.473233	0.510204
LAMB4_108032264	0.395291	0.591837
LAMB4_108095164	0.424404	0.387755
LAMB4_108106675	0.425331	0.551020
LAMC1_183106848	0.416326	0.551020
LAMC1_183112692	0.410475	0.530612
LAMC1_183128144	0.391085	0.367347
LAMC1_183132195	0.351616	0.489796
LAMC2_183221783	0.409938	0.367347
LAMC2_183225552	0.436268	0.367347
LAMC2_183226696	0.372569	0.428571
LAMC3_131029575	0.553987	0.489796
LAMP1_113302955	0.469796	0.469388
LAMP1_113303664	0.469796	0.285714
LAMP1_113320072	0.529070	0.653061
LAMP2_120454743	0.400931	0.469388
LAMP3_183139697	0.459355	0.367347
LANCL2_55374832	0.411454	0.326531
LANCL2_55392305	0.411394	0.204082
LANCL2_55396256	0.411394	0.530612
LANCL2_55400384	0.383536	0.448980
LAP3_17594393	0.440765	0.326531
LAP3_17604251	0.430917	0.448980
LAPTM5_30734813	0.476494	0.591837
LARGE1_33278076	0.468382	0.326531
LARGE1_33278619	0.468382	0.265306
LARGE1_33382624	0.473684	0.469388
LARGE1_33384376	0.448157	0.571429
LARGE2_45926037	0.500435	0.571429
LARP1B_128079915	0.411233	0.408163
LARP1B_128119198	0.422843	0.489796
LARP1B_128177265	0.323047	0.367347
LARP1B_128203495	0.397779	0.530612
LARP1B_128206840	0.346797	0.387755
LARP1_154803971	0.463736	0.489796
LARP4_50463398	0.447089	0.530612
LARP4_50464627	0.447089	0.653061
LARS2_45480385	0.387577	0.428571
LARS2_45485497	0.387577	0.285714
LARS2_45489998	0.426775	0.367347
LARS2_45493932	0.461109	0.448980
LARS2_45517501	0.490160	0.510204
LARS2_45542635	0.485354	0.469388
LARS_146136595	0.422560	0.510204
LARS_146149969	0.375578	0.387755
LARS_146150019	0.375578	0.448980
LARS_146175073	0.405490	0.428571
LARS_146179148	0.458316	0.551020
LARS_146181902	0.458316	0.448980
LAS1L_65514128	0.550234	0.510204
LAS1L_65529335	0.480597	0.448980
LAT2_74216359	0.554967	0.387755
LAT2_74226706	0.537652	0.448980
LATS1_149678681	0.386356	0.387755
LATS2_20997276	0.451032	0.367347
LAYN_111547920	0.444692	0.551020
LAYN_111555205	0.391517	0.510204
LBP_38355065	0.525386	0.653061
LBP_38357621	0.485833	0.408163
LBP_38362553	0.469598	0.530612
LBP_38363690	0.469598	0.551020
LBR_225412825	0.400076	0.265306
LBR_225414043	0.400076	0.571429
LBR_225419157	0.426063	0.530612
LBX2_74499865	0.586247	0.653061
LCA5_79492751	0.287047	0.326531
LCLAT1_30527034	0.342799	0.326531
LCMT1_25166612	0.449579	0.408163
LCMT1_25175942	0.456507	0.428571
LCN6_136746720	0.646123	0.653061
LCP2_170267992	0.458365	0.551020
LCP2_170283622	0.470064	0.387755
LCP2_170289164	0.461553	0.367347
LCP2_170292800	0.461553	0.387755
LCTL_66563382	0.492727	0.448980
LCT_135814173	0.426551	0.346939
LCT_135831022	0.486605	0.591837
LDB2_16590494	0.370742	0.448980
LDB3_86709231	0.559812	0.489796
LDB3_86709366	0.559812	0.571429
LDB3_86716993	0.437081	0.591837
LDHAL6A_18463432	0.438776	0.346939
LDHB_21641418	0.311979	0.367347
LDLRAD1_54009461	0.538662	0.591837
LDLRAD1_54009903	0.538662	0.428571
LDLRAD1_54012345	0.548338	0.571429
LDLRAD1_54017972	0.575301	0.612245
LDLRAD2_21819741	0.489674	0.510204
LDLRAD2_21821271	0.489674	0.530612
LDLRAD3_36228392	0.471949	0.428571
LDLRAP1_25556081	0.572936	0.591837
LDLRAP1_25556164	0.572936	0.632653
LDLR_11108861	0.501116	0.408163
LEF1_108074860	0.434421	0.387755
LEMD2_33782553	0.530019	0.530612
LEMD2_33785247	0.473981	0.571429
LENG1_54157375	0.522293	0.387755
LENG8_54455856	0.609023	0.591837
LEO1_51955433	0.418867	0.469388
LEO1_51955902	0.418867	0.285714
LEO1_51957071	0.418867	0.551020
LEO1_51971396	0.458036	0.673469
LEPROTL1_30099985	0.424085	0.306122
LEPROT_65430794	0.351197	0.367347
LEPR_65613041	0.369988	0.387755
LEPR_65616711	0.341576	0.326531
LETM1_1815038	0.624771	0.510204
LETM1_1823195	0.650391	0.673469
LETM1_1843265	0.502925	0.551020
LETM1_1844348	0.502925	0.489796
LETM1_1845224	0.502925	0.448980
LEXM_54813709	0.526478	0.510204
LEXM_54814133	0.583156	0.489796
LGALS12_63509308	0.512723	0.428571
LGALS12_63509776	0.512723	0.530612
LGALS16_39658240	0.534000	0.489796
LGALS2_37579122	0.511170	0.530612
LGALS3BP_78973919	0.619795	0.653061
LGALS3BP_78975032	0.490830	0.469388
LGALS8_236539669	0.461330	0.551020
LGALS9_27632514	0.510635	0.693878
LGALS9_27637756	0.510635	0.530612
LGALSL_64454863	0.660105	0.673469
LGI2_25015557	0.424121	0.408163
LGI2_25016988	0.424121	0.469388
LGI4_35128148	0.492903	0.612245
LGMN_92710343	0.524076	0.571429
LGMN_92714884	0.505344	0.632653
LGMN_92718939	0.462257	0.510204
LGR4_27386433	0.340444	0.387755
LGR6_202278684	0.466072	0.510204
LGR6_202279309	0.466072	0.530612
LGR6_202300600	0.495721	0.591837
LGR6_202302283	0.515908	0.428571
LGR6_202307192	0.582051	0.591837
LGR6_202314512	0.472322	0.551020
LGR6_202314516	0.472322	0.530612
LGR6_202315372	0.456826	0.428571
LGR6_202317752	0.456826	0.530612
LHCGR_48726985	0.425338	0.489796
LHCGR_48731541	0.418966	0.489796
LHFPL4_9502854	0.493844	0.448980
LHFPL5_35812015	0.509325	0.469388
LHPP_124495443	0.500298	0.571429
LHPP_124495862	0.500298	0.408163
LHPP_124522709	0.551692	0.693878
LHPP_124545194	0.551692	0.591837
LHX2_124013286	0.646783	0.591837
LHX2_124013695	0.646783	0.551020
LHX4_180268692	0.502194	0.489796
LHX5_113466937	0.607626	0.489796
LHX6_122209831	0.498200	0.551020
LHX6_122209908	0.498200	0.510204
LHX6_122213303	0.498200	0.591837
LHX6_122218350	0.552217	0.489796
LHX6_122224650	0.552217	0.510204
LHX6_122226177	0.552217	0.693878
LHX8_75137719	0.347569	0.306122
LHX9_197918121	0.519250	0.591837
LHX9_197919737	0.519250	0.591837
LIAS_39463523	0.390283	0.469388
LIFR_38483996	0.382534	0.571429
LIFR_38484127	0.382534	0.469388
LIFR_38490560	0.404647	0.346939
LIFR_38492997	0.404647	0.571429
LIFR_38493979	0.419106	0.346939
LIG1_48124692	0.462607	0.306122
LIG1_48125609	0.462607	0.387755
LIG1_48132221	0.518232	0.612245
LIG1_48132829	0.518232	0.428571
LIG1_48140407	0.511621	0.428571
LIG1_48144095	0.501121	0.448980
LIG1_48147203	0.449869	0.489796
LIG1_48153793	0.450237	0.612245
LIG1_48155300	0.521996	0.571429
LIG1_48157291	0.509572	0.632653
LIG1_48168419	0.459389	0.530612
LIG3_34994177	0.456728	0.551020
LIG3_34994714	0.479779	0.469388
LILRA1_54597929	0.491983	0.693878
LILRB4_54662342	0.534375	0.591837
LIM2_51385063	0.449399	0.510204
LIMA1_50254682	0.407822	0.489796
LIMD1_45660716	0.437173	0.693878
LIMD1_45668950	0.431341	0.469388
LIMD1_45672559	0.431341	0.510204
LIMD1_45672572	0.431341	0.510204
LIMD1_45674194	0.467145	0.346939
LIMK1_74101561	0.479355	0.591837
LIMK2_31269246	0.498467	0.489796
LIMK2_31273405	0.523427	0.489796
LIMS1_108671180	0.442789	0.387755
LIN28A_26411140	0.637149	0.591837
LIN37_35749412	0.509219	0.673469
LIN37_35750525	0.509219	0.489796
LIN52_74090976	0.424655	0.367347
LIN52_74091137	0.424655	0.408163
LIN54_82934260	0.391107	0.387755
LIN54_82941725	0.395711	0.448980
LIN9_226235541	0.391041	0.306122
LINC00116_110213624	0.398953	0.489796
LINC00116_110216073	0.424065	0.408163
LINC00116_110218213	0.486574	0.285714
LINC00116_110220879	0.401487	0.346939
LINC00116_110220950	0.401487	0.551020
LINC00200_1160355	0.427046	0.530612
LINC00238_66488123	0.400741	0.367347
LINC00272_182410479	0.410329	0.469388
LINC00311_85284416	0.565278	0.714286
LINC00521_94008582	0.442123	0.489796
LINC00664_21490025	0.427215	0.448980
LINC00675_10796289	0.493797	0.571429
LINC00675_10802520	0.493797	0.408163
LINC00959_130109829	0.469952	0.489796
LINC00959_130110129	0.469952	0.510204
LINC01216_100661982	0.327105	0.387755
LINC01314_80203018	0.532402	0.571429
LINC01352_220831140	0.444444	0.510204
LINC01402_120118012	0.404177	0.510204
LINC02125_76656100	0.378863	0.469388
LIPA_89223899	0.452022	0.510204
LIPA_89224772	0.452022	0.530612
LIPA_89250476	0.439687	0.408163
LIPC_58541731	0.460667	0.551020
LIPC_58547307	0.494902	0.530612
LIPE_42402337	0.600753	0.530612
LIPG_49571698	0.474399	0.510204
LIPG_49580568	0.521806	0.632653
LIPG_49586568	0.448670	0.530612
LIPH_185509002	0.411187	0.448980
LIPH_185511146	0.411187	0.530612
LIPH_185515002	0.462868	0.632653
LIPH_185515016	0.462868	0.551020
LIPJ_88604599	0.362144	0.387755
LIPJ_88606542	0.296182	0.346939
LIPK_88738098	0.393406	0.448980
LIPM_88813006	0.377697	0.367347
LIX1L_145937183	0.411003	0.244898
LIX1L_145937187	0.411003	0.285714
LIX1_97096051	0.392897	0.489796
LL0XNC01-16G2.1_153321157	0.634761	0.510204
LLGL1_18233650	0.586667	0.571429
LLGL2_75555935	0.541135	0.612245
LLGL2_75566238	0.559224	0.571429
LMAN1L_74823519	0.530035	0.469388
LMAN2L_96708051	0.432758	0.326531
LMAN2L_96734115	0.432466	0.489796
LMBR1L_49105265	0.546243	0.448980
LMBRD2_36104248	0.319459	0.387755
LMBRD2_36106475	0.375899	0.346939
LMBRD2_36110147	0.330181	0.448980
LMCD1_8549170	0.459100	0.510204
LMF1_871018	0.683453	0.612245
LMF1_874172	0.609383	0.346939
LMF1_875253	0.609383	0.653061
LMF1_878300	0.609383	0.632653
LMF1_927504	0.550658	0.714286
LMF2_50503978	0.742529	0.673469
LMF2_50504164	0.742529	0.795918
LMLN_197975596	0.331590	0.224490
LMLN_197982367	0.424666	0.653061
LMLN_197994491	0.372499	0.346939
LMLN_198036212	0.401506	0.408163
LMNB1_126799399	0.442173	0.428571
LMNB1_126810139	0.416016	0.428571
LMNB1_126813349	0.391998	0.408163
LMNTD1_25519248	0.444944	0.510204
LMO1_8225879	0.525965	0.591837
LMO1_8226554	0.525965	0.428571
LMO2_33869020	0.461352	0.693878
LMO7_75799066	0.364769	0.448980
LMO7_75800285	0.364769	0.306122
LMO7_75831596	0.389343	0.551020
LMO7_75842545	0.403691	0.428571
LMOD1_201898821	0.498807	0.551020
LMOD3_69121059	0.348425	0.530612
LMTK2_98164533	0.435246	0.408163
LMTK2_98185937	0.435382	0.346939
LMTK3_48489174	0.544002	0.673469
LMTK3_48491897	0.616063	0.612245
LMTK3_48497331	0.519647	0.632653
LMTK3_48501901	0.648276	0.653061
LMTK3_48505464	0.525111	0.591837
LMTK3_48508583	0.525111	0.530612
LMX1B_126692616	0.595273	0.551020
LMX1B_126692964	0.595273	0.714286
LMX1B_126695650	0.622902	0.612245
LNPEP_96994202	0.377171	0.346939
LNPEP_97002453	0.382236	0.367347
LNPEP_97020165	0.358134	0.387755
LNPEP_97023769	0.397348	0.265306
LNPEP_97024299	0.397348	0.448980
LNPK_175935707	0.330067	0.387755
LNPK_175943378	0.326643	0.326531
LNPK_175984809	0.350833	0.265306
LNX1_53497435	0.443455	0.510204
LNX1_53507605	0.391473	0.306122
LNX2_27548569	0.386144	0.428571
LNX2_27549642	0.386144	0.285714
LNX2_27564082	0.355084	0.367347
LONP1_5694148	0.641815	0.510204
LONP1_5704363	0.606936	0.673469
LONP2_48264302	0.368753	0.612245
LONP2_48272707	0.360895	0.428571
LONP2_48276369	0.360895	0.489796
LONP2_48297169	0.407037	0.428571
LONP2_48347396	0.434058	0.448980
LONRF1_12731182	0.366625	0.530612
LONRF2_100298450	0.417124	0.428571
LONRF2_100303276	0.387762	0.469388
LONRF3_119014761	0.447137	0.469388
LOXHD1_46519262	0.529396	0.530612
LOXHD1_46522833	0.438776	0.367347
LOXHD1_46538035	0.498380	0.489796
LOXHD1_46566645	0.457553	0.612245
LOXHD1_46592669	0.427586	0.571429
LOXHD1_46600053	0.355407	0.408163
LOXL1_73943574	0.513897	0.510204
LOXL2_23299829	0.559597	0.673469
LOXL2_23303604	0.532057	0.591837
LOXL2_23304699	0.532057	0.530612
LOXL2_23318522	0.500722	0.428571
LOXL2_23328141	0.505410	0.408163
LOXL4_98255002	0.502247	0.510204
LOXL4_98261146	0.592062	0.755102
LOXL4_98262295	0.519849	0.551020
LOX_122067674	0.379049	0.428571
LPA_160541673	0.418327	0.448980
LPA_160542104	0.418327	0.428571
LPA_160557010	0.424896	0.469388
LPCAT1_1464005	0.542739	0.510204
LPCAT1_1472605	0.575858	0.489796
LPCAT1_1473106	0.575858	0.673469
LPCAT1_1473350	0.575858	0.612245
LPCAT1_1477693	0.482662	0.591837
LPCAT1_1477762	0.482662	0.632653
LPCAT1_1481863	0.619747	0.571429
LPCAT1_1482959	0.619747	0.510204
LPCAT1_1487177	0.593597	0.571429
LPCAT2_55528987	0.308871	0.387755
LPCAT2_55544874	0.356949	0.428571
LPCAT2_55580751	0.351049	0.551020
LPCAT3_6982538	0.463035	0.510204
LPCAT3_6988431	0.432141	0.551020
LPIN1_11771025	0.440649	0.408163
LPIN1_11784499	0.544133	0.612245
LPIN1_11786151	0.566350	0.551020
LPIN1_11786907	0.566350	0.530612
LPIN1_11786915	0.566350	0.469388
LPIN1_11786987	0.566350	0.408163
LPIN1_11788958	0.403818	0.591837
LPIN1_11802403	0.450061	0.489796
LPIN2_2927124	0.441048	0.551020
LPIN2_2927504	0.441048	0.469388
LPIN2_2927867	0.421053	0.551020
LPIN2_2939815	0.373626	0.367347
LPIN3_41346283	0.505784	0.469388
LPIN3_41352513	0.605195	0.591837
LPIN3_41353863	0.534046	0.591837
LPIN3_41354489	0.534046	0.551020
LPIN3_41354589	0.534046	0.510204
LPIN3_41356982	0.559204	0.653061
LPL_19950345	0.438740	0.326531
LPL_19951366	0.438740	0.551020
LPL_19957256	0.438602	0.530612
LPO_58248085	0.491203	0.428571
LPO_58248324	0.491203	0.428571
LPO_58267679	0.615000	0.571429
LPP_188475685	0.377002	0.673469
LPP_188519786	0.379705	0.387755
LPP_188872543	0.389847	0.530612
LPXN_58545344	0.391035	0.428571
LRBA_150282831	0.402617	0.510204
LRBA_150909058	0.346262	0.306122
LRBA_150929160	0.394513	0.326531
LRCH1_46703061	0.350000	0.408163
LRCH1_46707170	0.390533	0.346939
LRCH1_46711501	0.390533	0.489796
LRCH1_46732019	0.386143	0.448980
LRCH2_115128551	0.363385	0.387755
LRCH2_115158192	0.338756	0.469388
LRCH3_197838466	0.359062	0.306122
LRCH3_197844260	0.423293	0.326531
LRCH3_197852934	0.368154	0.469388
LRFN3_35942477	0.496628	0.632653
LRFN3_35944245	0.496628	0.469388
LRFN5_41888536	0.356900	0.428571
LRGUK_134143267	0.414778	0.326531
LRGUK_134198826	0.368023	0.489796
LRGUK_134258706	0.427468	0.306122
LRGUK_134263340	0.427468	0.489796
LRIG1_66384350	0.493560	0.571429
LRIG1_66400624	0.524691	0.591837
LRIG2_113099378	0.386667	0.489796
LRIG2_113116171	0.434752	0.448980
LRIG3_58881621	0.351805	0.346939
LRIG3_58887045	0.360802	0.448980
LRIT1_84233070	0.479042	0.489796
LRIT1_84240065	0.497934	0.551020
LRIT2_84223114	0.395884	0.510204
LRMP_25091196	0.369636	0.306122
LRP10_22873870	0.491915	0.367347
LRP11_149822715	0.437950	0.265306
LRP11_149837933	0.444102	0.326531
LRP1B_140320930	0.359318	0.510204
LRP1B_140332974	0.352111	0.387755
LRP1B_140361658	0.346342	0.530612
LRP1B_140371570	0.286876	0.306122
LRP1B_140444720	0.323200	0.326531
LRP1B_141014696	0.314872	0.346939
LRP1_57183118	0.510781	0.632653
LRP1_57191120	0.651613	0.653061
LRP1_57194932	0.621053	0.673469
LRP1_57195588	0.643411	0.612245
LRP1_57202762	0.634526	0.591837
LRP1_57206339	0.605031	0.653061
LRP2BP_185369729	0.416618	0.448980
LRP2_169133889	0.435032	0.530612
LRP2_169140676	0.442199	0.469388
LRP2_169146994	0.395124	0.448980
LRP2_169171875	0.397179	0.387755
LRP2_169189765	0.400168	0.408163
LRP2_169205768	0.366234	0.326531
LRP2_169213442	0.349896	0.408163
LRP2_169258943	0.322254	0.367347
LRP2_169272470	0.363386	0.448980
LRP2_169288528	0.401892	0.571429
LRP2_169292435	0.438695	0.489796
LRP4_46860928	0.441641	0.408163
LRP4_46863837	0.434118	0.367347
LRP4_46884030	0.499054	0.489796
LRP4_46885966	0.499054	0.551020
LRP4_46886605	0.487313	0.510204
LRP5_68352846	0.554327	0.571429
LRP5_68404576	0.543909	0.632653
LRP5_68410408	0.573745	0.510204
LRP5_68420284	0.522339	0.367347
LRP5_68440646	0.526768	0.591837
LRP5_68448640	0.586374	0.591837
LRP6_12122491	0.373410	0.448980
LRP6_12127368	0.387723	0.346939
LRP6_12151272	0.396919	0.428571
LRP8_53248052	0.408523	0.428571
LRP8_53261828	0.471956	0.530612
LRP8_53263867	0.494389	0.530612
LRPAP1_3513326	0.587755	0.428571
LRPAP1_3513893	0.587755	0.612245
LRPAP1_3514527	0.587755	0.734694
LRPAP1_3520450	0.596860	0.673469
LRPAP1_3524258	0.596860	0.591837
LRPAP1_3525618	0.580970	0.571429
LRPAP1_3527544	0.580970	0.632653
LRPAP1_3528618	0.580970	0.653061
LRPAP1_3530004	0.580970	0.510204
LRPAP1_3530057	0.580970	0.612245
LRPAP1_3531961	0.580970	0.775510
LRPPRC_43932694	0.355737	0.326531
LRPPRC_43947863	0.248555	0.306122
LRRC27_132353814	0.634539	0.775510
LRRC27_132353950	0.634539	0.551020
LRRC27_132357487	0.558169	0.551020
LRRC27_132358465	0.558169	0.693878
LRRC27_132358752	0.558169	0.673469
LRRC28_99360285	0.359995	0.326531
LRRC2_46540612	0.469884	0.367347
LRRC31_169851151	0.430501	0.571429
LRRC31_169865721	0.428060	0.489796
LRRC32_76669034	0.551450	0.551020
LRRC32_76669599	0.551450	0.489796
LRRC37B_32031163	0.356923	0.367347
LRRC3C_39942929	0.541754	0.551020
LRRC3C_39943304	0.541754	0.632653
LRRC3C_39943565	0.541754	0.551020
LRRC40_70177688	0.343445	0.367347
LRRC41_46301105	0.541973	0.571429
LRRC42_53963208	0.437982	0.571429
LRRC43_122189888	0.550459	0.653061
LRRC43_122201703	0.478589	0.530612
LRRC43_122201909	0.478589	0.591837
LRRC45_82025890	0.623293	0.653061
LRRC47_3781353	0.508571	0.346939
LRRC53_74478147	0.343851	0.408163
LRRC55_57185667	0.469195	0.306122
LRRC56_549127	0.540910	0.632653
LRRC56_550934	0.642191	0.632653
LRRC57_42546865	0.371872	0.408163
LRRC58_120332863	0.387200	0.612245
LRRC61_150328185	0.524237	0.428571
LRRC6_132621539	0.419140	0.530612
LRRC71_156926878	0.523330	0.530612
LRRC71_156928712	0.483922	0.530612
LRRC72_16527126	0.392700	0.551020
LRRC72_16533236	0.359431	0.387755
LRRC74A_76861996	0.491615	0.428571
LRRC74A_76868019	0.551378	0.530612
LRRC74B_21055677	0.575895	0.632653
LRRC7_70034631	0.348174	0.510204
LRRC8A_128913401	0.567169	0.612245
LRRC9_59923183	0.403015	0.428571
LRRC9_59931930	0.269231	0.265306
LRRCC1_85127956	0.362858	0.408163
LRRCC1_85129841	0.315399	0.367347
LRRCC1_85131717	0.359788	0.285714
LRRFIP1_237755029	0.452390	0.591837
LRRFIP1_237759529	0.429567	0.612245
LRRFIP1_237761364	0.423446	0.387755
LRRFIP2_37069246	0.384592	0.448980
LRRFIP2_37077929	0.355323	0.285714
LRRFIP2_37093579	0.381187	0.510204
LRRFIP2_37117045	0.332083	0.387755
LRRIQ1_85066119	0.348837	0.408163
LRRK1_101010246	0.489177	0.530612
LRRK1_101016837	0.463717	0.673469
LRRK1_101057947	0.484558	0.571429
LRRK1_101060250	0.505777	0.591837
LRRK1_101061522	0.540293	0.591837
LRRN4_6044314	0.515679	0.612245
LRSAM1_127462023	0.578471	0.530612
LRSAM1_127467388	0.490682	0.428571
LRSAM1_127467589	0.490682	0.530612
LRSAM1_127473394	0.466667	0.367347
LRTM1_54919555	0.435382	0.387755
LRTM1_54925358	0.394570	0.530612
LRTM2_1833500	0.494345	0.653061
LRTM2_1833776	0.494345	0.428571
LRTOMT_72091112	0.458661	0.551020
LRWD1_102469393	0.669276	0.591837
LSG1_194657867	0.400585	0.428571
LSG1_194670297	0.398340	0.408163
LSM10_36396826	0.493219	0.408163
LSM10_36396842	0.493219	0.530612
LSM11_157744648	0.428869	0.571429
LSM11_157745878	0.428869	0.367347
LSM12_44040419	0.460669	0.326531
LSM14A_34195098	0.341867	0.408163
LSM14A_34226096	0.410060	0.285714
LSM14B_62124147	0.600658	0.387755
LSM14B_62133187	0.584408	0.673469
LSM14B_62133710	0.598253	0.591837
LSM4_18309893	0.640044	0.612245
LSM4_18310967	0.640044	0.551020
LSM4_18314401	0.514604	0.632653
LSM5_32489640	0.452308	0.448980
LSM7_2325418	0.564916	0.571429
LSP1_1880372	0.657829	0.734694
LSR_35255643	0.511285	0.510204
LSS_46206071	0.623288	0.693878
LSS_46206107	0.623288	0.612245
LSS_46208688	0.644569	0.591837
LSS_46209785	0.574388	0.469388
LSS_46209981	0.574388	0.469388
LSS_46211098	0.578070	0.530612
LSS_46213253	0.627737	0.551020
LSS_46225795	0.501766	0.510204
LTA4H_96003328	0.326003	0.387755
LTBP1_33245494	0.409694	0.367347
LTBP1_33292958	0.404815	0.367347
LTBP1_33300632	0.327004	0.428571
LTBP1_33364880	0.410861	0.367347
LTBP2_74505297	0.567010	0.408163
LTBP2_74505306	0.567010	0.408163
LTBP2_74527512	0.603943	0.551020
LTBP2_74553225	0.497541	0.551020
LTF_46443716	0.510012	0.428571
LTF_46449017	0.556220	0.693878
LTF_46463086	0.492108	0.571429
LTK_41511578	0.726891	0.734694
LTN1_28936078	0.382943	0.448980
LTN1_28966021	0.365011	0.571429
LTV1_143851358	0.389752	0.306122
LUC7L2_139363021	0.373658	0.510204
LUC7L2_139364250	0.373658	0.367347
LUC7L3_50744460	0.331748	0.346939
LUC7L_192225	0.520374	0.591837
LUC7L_195537	0.481972	0.530612
LUZP2_25077803	0.369660	0.551020
LUZP4_115303102	0.342687	0.346939
LVRN_115987710	0.394457	0.428571
LVRN_116001516	0.408777	0.428571
LVRN_116003932	0.374160	0.387755
LVRN_116020821	0.369811	0.510204
LXN_158672075	0.387970	0.489796
LY6G6C_31720249	0.523876	0.591837
LY75_159893537	0.406674	0.469388
LY96_74005490	0.412708	0.387755
LY96_74027149	0.387417	0.530612
LY9_160817794	0.401034	0.469388
LY9_160818129	0.401034	0.489796
LYAR_4271905	0.434870	0.469388
LYAR_4275248	0.453710	0.428571
LYAR_4282705	0.443413	0.612245
LYAR_4286883	0.484551	0.632653
LYG1_99290619	0.410069	0.489796
LYNX1_142768863	0.598396	0.673469
LYPD2_142752186	0.654129	0.673469
LYPD6B_149205552	0.325541	0.346939
LYPD6B_149205563	0.325541	0.346939
LYPLA1_54065332	0.387858	0.591837
LYSMD4_99730231	0.384455	0.367347
LYST_235697602	0.387468	0.346939
LYST_235705584	0.370685	0.428571
LYST_235715495	0.343427	0.591837
LYST_235727372	0.359435	0.551020
LYST_235742826	0.356596	0.469388
LYST_235758493	0.372108	0.469388
LYST_235770335	0.354402	0.346939
LYST_235813353	0.380681	0.367347
LYVE1_10567243	0.409035	0.408163
LYZL4_42404209	0.474090	0.489796
LYZ_69348881	0.372361	0.489796
LZIC_9934263	0.414385	0.326531
M1AP_74562103	0.528831	0.469388
M1AP_74645087	0.399477	0.510204
MAATS1_119710815	0.372044	0.571429
MAB21L3_116115680	0.422956	0.387755
MAB21L3_116123264	0.419312	0.408163
MAB21L3_116123990	0.419312	0.530612
MAB21L3_116132798	0.466611	0.612245
MACC1_20155500	0.345369	0.346939
MACF1_39308527	0.418888	0.367347
MACF1_39309539	0.418888	0.367347
MACF1_39440947	0.393475	0.285714
MACROD1_64093536	0.580812	0.469388
MAD1L1_1880280	0.568689	0.653061
MAD1L1_1886090	0.568689	0.571429
MAD1L1_1985670	0.571528	0.428571
MAD1L1_2048907	0.538450	0.551020
MAD1L1_2214878	0.569131	0.530612
MAD1L1_2216723	0.566308	0.510204
MAD1L1_2220009	0.584670	0.530612
MADCAM1_503019	0.535733	0.571429
MADCAM1_503171	0.535733	0.285714
MADD_47276516	0.451796	0.448980
MADD_47284908	0.488000	0.469388
MADD_47285812	0.442993	0.469388
MADD_47291033	0.481735	0.428571
MADD_47292726	0.481735	0.510204
MADD_47315636	0.444444	0.448980
MADD_47321990	0.444444	0.387755
MAEA_1305596	0.531233	0.489796
MAEA_1325919	0.566660	0.612245
MAEL_166993398	0.341484	0.387755
MAGEA10_152136639	0.569498	0.612245
MAGEA1_153180049	0.593383	0.551020
MAGEA1_153181258	0.593383	0.551020
MAGEA1_153181353	0.593383	0.591837
MAGEA1_153181543	0.593383	0.632653
MAGEA1_153181583	0.593383	0.673469
MAGEB17_16168524	0.592827	0.673469
MAGEC2_142204100	0.577922	0.551020
MAGI1-IT1_65930074	0.413008	0.612245
MAGI1_65358646	0.409493	0.346939
MAGI1_65432629	0.377969	0.448980
MAGI1_65449650	0.377308	0.612245
MAGI1_65451534	0.377308	0.367347
MAGI1_65930074	0.413008	0.612245
MAGI1_65960024	0.407735	0.530612
MAGI2_78197898	0.408167	0.632653
MAGI2_78994320	0.358923	0.387755
MAGI3_113615561	0.359070	0.428571
MAGOH_53235965	0.473761	0.510204
MAGT1_77831131	0.407633	0.591837
MAGT1_77871156	0.390715	0.408163
MAGT1_77874314	0.390715	0.387755
MAG_35292553	0.581281	0.571429
MAG_35304116	0.518493	0.530612
MAJIN_64959582	0.396396	0.448980
MAK_10791202	0.435370	0.346939
MAK_10818059	0.364333	0.285714
MAK_10819156	0.437150	0.265306
MALRD1_19280418	0.338819	0.428571
MALSU1_23307566	0.411387	0.489796
MALT1_58696162	0.419788	0.306122
MALT1_58698420	0.402226	0.448980
MALT1_58708272	0.402458	0.530612
MALT1_58715741	0.360000	0.469388
MALT1_58747299	0.392436	0.530612
MAL_95050893	0.525041	0.571429
MAMDC2_70112736	0.441693	0.469388
MAMDC2_70129392	0.427788	0.489796
MAMDC2_70141059	0.403675	0.428571
MAMDC4_136857133	0.642276	0.571429
MAML1_179770722	0.452601	0.387755
MAML1_179771946	0.523953	0.510204
MAML3_139728738	0.450873	0.612245
MAMLD1_150504412	0.533054	0.408163
MAMLD1_150507525	0.533054	0.612245
MAN1A2_117407431	0.312783	0.387755
MAN1A2_117408086	0.312783	0.408163
MAN1A2_117503247	0.344716	0.489796
MAN1B1_137096810	0.567549	0.612245
MAN1C1_25747046	0.568191	0.591837
MAN1C1_25749659	0.539296	0.632653
MAN1C1_25754927	0.545382	0.387755
MAN1C1_25757068	0.545382	0.530612
MAN2A1_109713857	0.323667	0.387755
MAN2A1_109820183	0.349398	0.285714
MAN2A1_109835149	0.389237	0.285714
MAN2A1_109848370	0.363315	0.428571
MAN2A1_109851607	0.363315	0.408163
MAN2A1_109866433	0.400824	0.387755
MAN2A2_90904995	0.513721	0.428571
MAN2A2_90908243	0.467504	0.428571
MAN2B1_12649714	0.574380	0.591837
MAN2B1_12651606	0.491192	0.469388
MAN2B1_12665832	0.541384	0.571429
MAN2B2_6585936	0.525597	0.469388
MAN2B2_6587896	0.528252	0.571429
MAN2B2_6598910	0.555115	0.551020
MAN2B2_6600579	0.555115	0.551020
MAN2B2_6604713	0.544672	0.489796
MAN2C1_75361774	0.641791	0.673469
MAN2C1_75362260	0.622785	0.653061
MANBAL_37310988	0.488116	0.653061
MANBA_102639121	0.441835	0.469388
MANBA_102654224	0.347851	0.469388
MANBA_102658033	0.396816	0.387755
MANBA_102672591	0.367063	0.489796
MANBA_102726874	0.425545	0.326531
MANEAL_37797708	0.489247	0.571429
MANSC1_12332634	0.451816	0.530612
MANSC4_27764372	0.425949	0.469388
MAOA_43731665	0.376238	0.367347
MAOA_43735783	0.388516	0.530612
MAOB_43801921	0.349643	0.408163
MAP1S_17725601	0.583725	0.612245
MAP1S_17733942	0.597156	0.551020
MAP2K1_66442957	0.464694	0.489796
MAP2K1_66485348	0.460216	0.551020
MAP2K2_4109168	0.557045	0.673469
MAP2K2_4116997	0.562916	0.551020
MAP2K3_21286539	0.588262	0.632653
MAP2K3_21302947	0.560130	0.653061
MAP2K3_21303054	0.560130	0.693878
MAP2K3_21305419	0.519606	0.367347
MAP2K4_12128381	0.393417	0.428571
MAP2K5_67587163	0.429142	0.632653
MAP2K5_67588131	0.429142	0.489796
MAP2K5_67622109	0.384199	0.612245
MAP2K6_69522140	0.384584	0.387755
MAP2K6_69525447	0.421747	0.387755
MAP2K6_69538839	0.397824	0.306122
MAP2_209698521	0.341395	0.346939
MAP3K10_40197467	0.500088	0.530612
MAP3K10_40199525	0.502446	0.530612
MAP3K10_40211171	0.514086	0.551020
MAP3K10_40212025	0.514086	0.551020
MAP3K13_185434539	0.377116	0.408163
MAP3K13_185435867	0.377116	0.387755
MAP3K13_185440320	0.406949	0.428571
MAP3K13_185464619	0.456636	0.448980
MAP3K13_185473993	0.424242	0.326531
MAP3K14_45271250	0.459009	0.510204
MAP3K15_19373910	0.581306	0.612245
MAP3K15_19375952	0.511449	0.612245
MAP3K15_19378926	0.511449	0.448980
MAP3K15_19428271	0.447978	0.571429
MAP3K15_19429523	0.447978	0.387755
MAP3K15_19430711	0.447978	0.510204
MAP3K19_134984625	0.401722	0.326531
MAP3K1_56865564	0.271505	0.346939
MAP3K1_56885835	0.290498	0.326531
MAP3K20_173207504	0.372823	0.346939
MAP3K20_173229535	0.378276	0.448980
MAP3K20_173238746	0.367769	0.428571
MAP3K20_173261503	0.415036	0.571429
MAP3K20_173262244	0.415036	0.448980
MAP3K21_233359533	0.395540	0.469388
MAP3K2_127327049	0.343216	0.346939
MAP3K2_127332320	0.389635	0.265306
MAP3K2_127333838	0.389635	0.632653
MAP3K3_63650464	0.435051	0.428571
MAP3K3_63654248	0.411135	0.428571
MAP3K3_63663270	0.456820	0.571429
MAP3K4_161084306	0.427787	0.387755
MAP3K4_161091322	0.425275	0.306122
MAP3K4_161108346	0.491591	0.571429
MAP3K4_161116103	0.453782	0.551020
MAP3K5_136659572	0.366620	0.367347
MAP3K5_136694565	0.374390	0.387755
MAP3K5_136699587	0.407188	0.571429
MAP3K5_136710751	0.398276	0.469388
MAP3K6_27360542	0.720238	0.714286
MAP3K6_27361867	0.578475	0.551020
MAP3K7_90533378	0.353063	0.530612
MAP3K8_30448797	0.398614	0.428571
MAP3K9_70734538	0.477428	0.469388
MAP3K9_70740725	0.446478	0.346939
MAP3K9_70777061	0.445041	0.612245
MAP4K1_38605174	0.416688	0.469388
MAP4K2_64790054	0.666667	0.632653
MAP4K2_64799714	0.534118	0.591837
MAP4K3_39293555	0.335341	0.408163
MAP4K3_39293750	0.335341	0.428571
MAP4K4_101859488	0.407143	0.387755
MAP4K4_101873455	0.431755	0.591837
MAP4K4_101887353	0.433333	0.428571
MAP4K5_50461567	0.380395	0.367347
MAP4_47853531	0.599472	0.734694
MAP4_47854492	0.599472	0.693878
MAP4_47868650	0.490133	0.489796
MAP4_47871329	0.439683	0.306122
MAP4_47921024	0.448512	0.510204
MAP4_48070761	0.433026	0.530612
MAP6D1_183820099	0.539446	0.591837
MAP6D1_183821891	0.539446	0.591837
MAP6_75607487	0.502852	0.408163
MAP7D1_36174241	0.547059	0.510204
MAP7D2_20043408	0.428489	0.448980
MAP7D2_20047422	0.433617	0.510204
MAP7D2_20051951	0.433617	0.489796
MAP7D3_136234727	0.368879	0.510204
MAP7D3_136240509	0.323923	0.326531
MAP7_136357988	0.373884	0.489796
MAP7_136367427	0.381620	0.428571
MAP7_136377939	0.360565	0.469388
MAPK11_50268316	0.647059	0.591837
MAPK13_36132306	0.540164	0.510204
MAPK13_36133386	0.510901	0.551020
MAPK14_36103032	0.406035	0.551020
MAPK15_143717005	0.643200	0.612245
MAPK15_143717069	0.643200	0.571429
MAPK15_143717342	0.643200	0.551020
MAPK1_21772648	0.475225	0.591837
MAPK1_21848380	0.427390	0.530612
MAPK4_50720858	0.506553	0.551020
MAPK8IP1_45886670	0.551098	0.551020
MAPK8IP2_50607307	0.619255	0.612245
MAPK8IP2_50607735	0.619255	0.571429
MAPK8IP2_50609141	0.619255	0.530612
MAPK8IP3_1747431	0.604339	0.653061
MAPK8IP3_1762620	0.678756	0.673469
MAPK9_180241411	0.422018	0.632653
MAPK9_180245314	0.422592	0.673469
MAPKAP1_125440381	0.512026	0.673469
MAPKAP1_125442997	0.512026	0.489796
MAPKAP1_125444339	0.512026	0.693878
MAPKAPK3_50641433	0.537885	0.632653
MAPKAPK5_111867391	0.416418	0.346939
MAPKAPK5_111885048	0.480205	0.367347
MAPKAPK5_111890265	0.441885	0.551020
MAPKBP1_41813983	0.485677	0.510204
MAPKBP1_41818355	0.507042	0.510204
MAPKBP1_41820080	0.534293	0.469388
MAPKBP1_41824197	0.568720	0.591837
MAPRE1_32829062	0.442619	0.510204
MAPRE1_32832174	0.442619	0.428571
MAPRE1_32839105	0.428621	0.326531
MAPRE1_32839200	0.428621	0.551020
MAPRE2_35063460	0.393159	0.387755
MAPRE2_35097315	0.376323	0.469388
MAPRE2_35126744	0.396200	0.367347
MAPRE2_35129783	0.456311	0.469388
MAPRE2_35138745	0.465202	0.530612
MAPT_45984423	0.521805	0.530612
MAPT_46005196	0.517693	0.326531
MARC1_220799957	0.490124	0.469388
MARC2_220756853	0.430473	0.510204
MARC2_220761621	0.430473	0.367347
MARCH10_62725213	0.413357	0.632653
MARCH10_62738430	0.460457	0.489796
MARCH6_10381773	0.362993	0.306122
MARCH6_10397978	0.353300	0.367347
MARCH6_10410028	0.400204	0.326531
MARCH7_159751447	0.377358	0.326531
MARCO_118981957	0.517034	0.408163
MARK1_220599615	0.320380	0.367347
MARK1_220654280	0.362691	0.326531
MARK1_220661358	0.362691	0.387755
MARK2_63907639	0.577114	0.632653
MARK3_103456315	0.407522	0.408163
MARK3_103501252	0.484894	0.612245
MARK4_45265909	0.601979	0.591837
MARK4_45265938	0.601979	0.551020
MARK4_45281991	0.484356	0.591837
MARVELD3_71628320	0.537453	0.612245
MASP1_187224687	0.484265	0.469388
MASP1_187253468	0.433990	0.367347
MASP1_187290567	0.417699	0.367347
MAST2_46020189	0.447602	0.489796
MAST2_46020489	0.447602	0.448980
MAST3_18124543	0.592727	0.693878
MAST3_18125428	0.533517	0.489796
MAST3_18128656	0.587224	0.571429
MAST3_18130353	0.526589	0.632653
MAST3_18145594	0.594542	0.612245
MAST4_67112885	0.396707	0.510204
MAST4_67124921	0.385088	0.326531
MAST4_67143688	0.432787	0.510204
MAST4_67148483	0.400100	0.551020
MAST4_67150583	0.406629	0.551020
MAST4_67161147	0.352036	0.510204
MASTL_27186276	0.448822	0.306122
MAT1A_80274144	0.534591	0.551020
MAT1A_80281991	0.513929	0.489796
MATN1_30715798	0.467446	0.489796
MATN2_98017932	0.394440	0.489796
MATN2_98027911	0.432751	0.469388
MATN2_98030227	0.432751	0.591837
MATN2_98032401	0.409731	0.244898
MATN2_98034010	0.411617	0.387755
MATN3_19994514	0.391703	0.346939
MATN3_20008488	0.466546	0.346939
MATN3_20009838	0.466546	0.428571
MATN3_20011961	0.466546	0.591837
MATN4_45294180	0.444644	0.346939
MATN4_45298971	0.438558	0.428571
MAU2_19336803	0.467413	0.571429
MAU2_19336985	0.467413	0.387755
MAU2_19337494	0.582647	0.693878
MAVS_3853270	0.522864	0.632653
MAVS_3864206	0.522258	0.530612
MAX_65097343	0.421890	0.346939
MB21D1_73442375	0.450413	0.530612
MBD3_1579670	0.596945	0.653061
MBD3_1580657	0.596945	0.632653
MBD4_129438251	0.403598	0.326531
MBD5_148487557	0.370015	0.408163
MBL2_52771027	0.456193	0.346939
MBNL2_97342522	0.400117	0.367347
MBNL3_132382791	0.383682	0.387755
MBNL3_132412739	0.368652	0.428571
MBOAT1_20103385	0.417537	0.285714
MBOAT1_20107165	0.417537	0.448980
MBOAT1_20117087	0.414397	0.551020
MBOAT1_20152181	0.385011	0.326531
MBOAT2_8872953	0.384160	0.306122
MBOAT7_54178321	0.520886	0.408163
MBOAT7_54183256	0.503980	0.408163
MBOAT7_54183887	0.532759	0.551020
MBP_77012674	0.441274	0.612245
MBTPS1_84062367	0.509032	0.591837
MBTPS1_84068980	0.521616	0.591837
MBTPS1_84070860	0.427225	0.346939
MBTPS1_84076314	0.440971	0.306122
MBTPS1_84084821	0.441444	0.387755
MBTPS1_84087676	0.450205	0.571429
MBTPS2_21860024	0.397514	0.632653
MBTPS2_21880670	0.388385	0.367347
MB_35607523	0.522965	0.489796
MCAT_43141315	0.513723	0.612245
MCCC1_183035466	0.432166	0.428571
MCCC1_183047278	0.377002	0.428571
MCCC1_183051718	0.377002	0.469388
MCCC2_71597642	0.470249	0.448980
MCCC2_71598059	0.470249	0.346939
MCCC2_71632465	0.377584	0.489796
MCCC2_71647880	0.428521	0.387755
MCCC2_71648232	0.428521	0.591837
MCC_113027899	0.422467	0.510204
MCC_113044134	0.470890	0.428571
MCC_113050363	0.495819	0.510204
MCF2L2_183193232	0.455059	0.591837
MCF2L2_183223910	0.405159	0.489796
MCF2L2_183291719	0.398256	0.387755
MCF2L2_183311298	0.435275	0.448980
MCF2L2_183318323	0.417182	0.326531
MCF2L2_183318328	0.417182	0.367347
MCF2L_113082903	0.608247	0.653061
MCF2L_113090468	0.610658	0.673469
MCF2L_113092961	0.610658	0.673469
MCF2_139598545	0.352700	0.285714
MCF2_139617900	0.349097	0.244898
MCF2_139620064	0.363706	0.244898
MCFD2_46906394	0.456433	0.510204
MCFD2_46914416	0.488770	0.489796
MCIDAS_55223256	0.518018	0.693878
MCM10_13163990	0.492662	0.530612
MCM10_13186162	0.454456	0.448980
MCM10_13187157	0.426154	0.571429
MCM10_13196889	0.444114	0.367347
MCM10_13198038	0.427796	0.632653
MCM2_127606458	0.628676	0.591837
MCM2_127608327	0.528133	0.510204
MCM2_127615815	0.483328	0.489796
MCM3AP_46236440	0.389444	0.448980
MCM3AP_46272262	0.442163	0.530612
MCM3_52279726	0.377505	0.367347
MCM5_35401158	0.512880	0.510204
MCM5_35408657	0.525229	0.612245
MCM6_135841722	0.418870	0.367347
MCM6_135851242	0.373171	0.367347
MCM6_135856999	0.308983	0.346939
MCM6_135872627	0.415418	0.510204
MCM8_5953316	0.403559	0.346939
MCM8_5956962	0.385806	0.224490
MCM8_5967397	0.365800	0.285714
MCOLN1_7524708	0.531895	0.591837
MCOLN2_84933096	0.403977	0.408163
MCOLN2_84936865	0.403977	0.346939
MCOLN2_84939786	0.442177	0.469388
MCOLN2_84964638	0.383728	0.367347
MCOLN3_85019464	0.417770	0.591837
MCPH1_6489244	0.389302	0.408163
MCPH1_6493659	0.389302	0.591837
MCRS1_49562805	0.473004	0.510204
MCTP1_94913043	0.351901	0.367347
MCUR1_13794273	0.396315	0.285714
MCU_72859885	0.328372	0.326531
MDC1_30706196	0.487160	0.489796
MDFIC_114923313	0.360370	0.571429
MDFI_41643261	0.572877	0.530612
MDFI_41651496	0.534676	0.612245
MDFI_41652087	0.534676	0.612245
MDFI_41652550	0.534676	0.571429
MDGA1_37649434	0.547506	0.571429
MDGA1_37650488	0.470405	0.632653
MDGA1_37650565	0.470405	0.428571
MDGA1_37658028	0.512777	0.551020
MDGA1_37658173	0.512777	0.714286
MDH1_63598250	0.349216	0.551020
MDH2_76054224	0.491140	0.551020
MDM1_68296677	0.348972	0.428571
MDM1_68328094	0.405630	0.530612
MDM2_68813274	0.392866	0.428571
MDM2_68821322	0.385406	0.571429
MDM2_68827296	0.394028	0.306122
MDM2_68829441	0.401914	0.346939
MDN1_89772917	0.426014	0.469388
MDN1_89780392	0.427149	0.408163
ME2_50908021	0.396736	0.306122
ME3_86557951	0.450954	0.469388
MEAF6_37494139	0.445695	0.428571
MEAF6_37500925	0.394562	0.469388
MECP2_154076494	0.457955	0.612245
MECR_29197796	0.493305	0.489796
MECR_29200755	0.470806	0.408163
MECR_29212937	0.479064	0.551020
MECR_29213204	0.479064	0.530612
MED12L_151121537	0.369558	0.306122
MED12L_151124360	0.382680	0.469388
MED12L_151158866	0.339147	0.346939
MED12L_151162534	0.401213	0.591837
MED12L_151163291	0.401213	0.346939
MED12L_151163754	0.401213	0.387755
MED12L_151372188	0.355651	0.387755
MED13L_115962438	0.437859	0.551020
MED13L_115976877	0.379166	0.408163
MED13L_115977181	0.379166	0.367347
MED13L_116018225	0.342112	0.367347
MED13L_116019150	0.342112	0.428571
MED13L_116059244	0.368869	0.469388
MED13_61954935	0.385362	0.346939
MED13_61988556	0.400665	0.285714
MED15_20552364	0.536512	0.489796
MED16_878120	0.677794	0.632653
MED16_878890	0.677794	0.632653
MED16_879200	0.677794	0.571429
MED16_879848	0.677794	0.673469
MED16_885191	0.657030	0.591837
MED16_889216	0.547148	0.612245
MED16_892953	0.681302	0.795918
MED1_39450253	0.458985	0.571429
MED20_41908680	0.447754	0.469388
MED21_27023104	0.395208	0.571429
MED21_27023127	0.395208	0.510204
MED21_27023132	0.395208	0.510204
MED23_131596879	0.399875	0.469388
MED23_131606288	0.326284	0.346939
MED23_131622447	0.355215	0.428571
MED27_132019688	0.436974	0.612245
MED29_39392263	0.509091	0.571429
MED29_39394074	0.527625	0.510204
MED30_117529930	0.330894	0.326531
MED30_117530983	0.333186	0.346939
MEF2A_99711205	0.506446	0.469388
MEF2A_99712050	0.506446	0.571429
MEF2C_88760426	0.381359	0.387755
MEFV_3246655	0.585470	0.612245
MEFV_3248761	0.519254	0.571429
MEGF10_127292269	0.397919	0.346939
MEGF10_127340007	0.353211	0.428571
MEGF10_127420320	0.420796	0.489796
MEGF10_127420341	0.420796	0.387755
MEGF10_127420820	0.420796	0.448980
MEGF10_127442738	0.421596	0.408163
MEGF10_127454223	0.409882	0.469388
MEGF11_65930124	0.574015	0.591837
MEGF6_3491210	0.636093	0.591837
MEGF6_3510140	0.665823	0.571429
MEGF6_3511760	0.660377	0.653061
MEGF6_3512487	0.543577	0.530612
MEGF6_3516779	0.635412	0.653061
MEGF6_3517021	0.635412	0.714286
MEGF6_3517827	0.635412	0.653061
MEGF6_3517836	0.635412	0.673469
MEGF6_3522265	0.635412	0.673469
MEGF8_42336801	0.515217	0.591837
MEGF9_120608868	0.345496	0.306122
MEI1_41704062	0.465105	0.469388
MEI1_41714523	0.416285	0.428571
MEI1_41716312	0.467256	0.346939
MEI1_41721520	0.467713	0.612245
MEI1_41729435	0.466822	0.408163
MEI1_41755385	0.472904	0.489796
MEIKIN_131916430	0.385138	0.571429
MEIOB_1860597	0.365142	0.387755
MEIS2_36896468	0.393119	0.408163
MEIS3_47408781	0.546997	0.448980
MELK_36657089	0.409286	0.387755
MELTF_197027365	0.589357	0.673469
MEMO1_31886787	0.329933	0.306122
MEN1_64805242	0.566514	0.591837
MEN1_64805454	0.566514	0.530612
MEP1A_46834542	0.404235	0.326531
MEP1A_46836904	0.413120	0.489796
MEP1B_32204062	0.434671	0.428571
MEP1B_32204074	0.434671	0.408163
MEP1B_32210268	0.400628	0.285714
MEPE_87837570	0.397360	0.489796
MERTK_111945498	0.456494	0.530612
MERTK_112003794	0.361732	0.612245
MERTK_112026568	0.449631	0.367347
MESDC2_80982819	0.424554	0.571429
MESDC2_80989173	0.424554	0.510204
MEST_130503434	0.381188	0.428571
MEST_130504426	0.401274	0.387755
METAP1D_172075617	0.344038	0.367347
METAP1D_172078700	0.505303	0.551020
METAP1_99030161	0.356995	0.346939
METAP2_95503713	0.394175	0.489796
METRNL_83081477	0.631462	0.775510
METRNL_83081796	0.631462	0.571429
METRNL_83087784	0.632156	0.734694
METRNL_83092893	0.632156	0.632653
METRNL_83092936	0.632156	0.734694
METTL10_124767223	0.425656	0.489796
METTL11B_170161281	0.386191	0.489796
METTL11B_170162656	0.386191	0.367347
METTL13_171783656	0.445954	0.428571
METTL13_171787028	0.440217	0.428571
METTL13_171788264	0.436335	0.551020
METTL14_118694118	0.341783	0.326531
METTL14_118705242	0.425273	0.591837
METTL14_118706623	0.361829	0.346939
METTL16_2439424	0.436949	0.551020
METTL16_2469755	0.420046	0.571429
METTL21C_102691287	0.421857	0.428571
METTL22_8623499	0.447581	0.387755
METTL22_8629629	0.499325	0.551020
METTL22_8631108	0.499325	0.591837
METTL22_8641401	0.545648	0.469388
METTL22_8645498	0.521708	0.571429
METTL25_82399638	0.301003	0.346939
METTL4_2540666	0.342444	0.326531
METTL8_171337600	0.326591	0.326531
MET_116758288	0.328947	0.408163
MET_116767455	0.370765	0.387755
MET_116769352	0.370765	0.408163
MEX3A_156079603	0.527447	0.489796
MEX3D_1562023	0.586528	0.530612
MFAP3L_170011602	0.428374	0.448980
MFAP3L_170011631	0.428374	0.653061
MFAP4_19385663	0.535672	0.571429
MFAP4_19385678	0.535672	0.530612
MFAP4_19385833	0.535672	0.591837
MFAP5_8658023	0.427862	0.367347
MFAP5_8661181	0.409408	0.530612
MFF_227328520	0.413846	0.346939
MFGE8_88905966	0.506906	0.591837
MFGE8_88905985	0.506906	0.591837
MFGE8_88907056	0.584135	0.510204
MFHAS1_8828743	0.433990	0.591837
MFN1_179351249	0.400204	0.571429
MFN1_179358030	0.434303	0.489796
MFN1_179375820	0.350588	0.387755
MFN1_179387693	0.390634	0.571429
MFN1_179391204	0.334419	0.265306
MFN2_11989122	0.489929	0.591837
MFN2_11992107	0.514793	0.387755
MFNG_37473113	0.552194	0.428571
MFNG_37479065	0.538299	0.591837
MFRP_119344109	0.540000	0.428571
MFSD11_76758405	0.427357	0.448980
MFSD11_76775416	0.410049	0.306122
MFSD13A_102469874	0.539623	0.551020
MFSD13A_102469882	0.539623	0.510204
MFSD14A_100049766	0.396825	0.469388
MFSD14B_94444895	0.410455	0.591837
MFSD1_158802373	0.394908	0.510204
MFSD1_158808955	0.401749	0.448980
MFSD1_158821177	0.352756	0.448980
MFSD1_158825686	0.354893	0.551020
MFSD2A_39965705	0.563518	0.469388
MFSD2A_39967415	0.565502	0.551020
MFSD2B_24010357	0.543338	0.693878
MFSD2B_24010928	0.543338	0.571429
MFSD2B_24014802	0.475046	0.367347
MFSD4A_205582241	0.556215	0.612245
MFSD4A_205584213	0.507979	0.285714
MFSD4A_205597144	0.479243	0.408163
MFSD6_190488474	0.394979	0.510204
MFSD7_682668	0.623762	0.653061
MFSD7_685125	0.594070	0.612245
MFSD7_686398	0.716157	0.734694
MFSD7_686740	0.658558	0.734694
MFSD8_127938003	0.372473	0.326531
MFSD9_102735680	0.414542	0.408163
MFSD9_102736262	0.414542	0.591837
MGAM_142007740	0.364115	0.387755
MGAM_142031106	0.403471	0.448980
MGAM_142033276	0.398669	0.510204
MGAM_142035554	0.394876	0.285714
MGAM_142035771	0.394876	0.448980
MGAM_142038769	0.435624	0.346939
MGAM_142056691	0.391542	0.387755
MGAT3_39481268	0.560072	0.714286
MGAT4A_98636668	0.370486	0.367347
MGAT4A_98640286	0.403086	0.367347
MGAT4A_98644053	0.376274	0.408163
MGAT4A_98645183	0.376274	0.448980
MGAT4C_85983834	0.327980	0.448980
MGAT4C_85983846	0.327980	0.469388
MGAT5B_76927926	0.525702	0.428571
MGAT5B_76937367	0.466424	0.571429
MGAT5_134186989	0.438628	0.469388
MGAT5_134342519	0.403470	0.612245
MGAT5_134425734	0.430854	0.469388
MGAT5_134428120	0.430854	0.326531
MGAT5_134448357	0.519234	0.428571
MGA_41733569	0.395398	0.387755
MGA_41742425	0.395945	0.326531
MGA_41743552	0.395945	0.489796
MGA_41754979	0.355280	0.285714
MGLL_127693309	0.521313	0.591837
MGLL_127721663	0.460506	0.551020
MGMT_129754340	0.449803	0.408163
MGMT_129760202	0.536798	0.571429
MGMT_129766350	0.536798	0.632653
MGRN1_4651510	0.571332	0.673469
MGRN1_4652672	0.618211	0.591837
MGRN1_4657050	0.561411	0.673469
MGRN1_4671284	0.481481	0.571429
MGRN1_4671297	0.481481	0.612245
MGRN1_4676451	0.536662	0.591837
MGRN1_4677831	0.585604	0.448980
MGRN1_4681913	0.630975	0.469388
MGRN1_4683756	0.605585	0.632653
MGRN1_4684204	0.622455	0.673469
MGST2_139694989	0.428416	0.428571
MGST2_139698637	0.406620	0.530612
MGST2_139700434	0.406620	0.510204
MIA2_39244132	0.421683	0.346939
MIA3_222623350	0.388777	0.346939
MIA3_222658435	0.376018	0.408163
MIB1_21766150	0.394177	0.428571
MIB1_21801269	0.329349	0.387755
MIB1_21851849	0.332978	0.346939
MIB1_21857373	0.326421	0.428571
MICAL2_12204079	0.451685	0.551020
MICAL2_12204084	0.451685	0.551020
MICAL2_12220136	0.504509	0.489796
MICAL2_12226536	0.503058	0.510204
MICAL2_12233763	0.476617	0.326531
MICAL2_12241562	0.485252	0.612245
MICAL3_17868216	0.487637	0.448980
MICAL3_17868446	0.487637	0.571429
MICAL3_17870532	0.487637	0.469388
MICAL3_17893380	0.491954	0.469388
MICAL3_17893499	0.491954	0.591837
MICAL3_17895578	0.396407	0.653061
MICAL3_17901158	0.486364	0.346939
MICAL3_17901162	0.486364	0.346939
MICALCL_12290071	0.541985	0.530612
MICALCL_12323862	0.411906	0.408163
MICALL1_37907697	0.566227	0.469388
MICALL1_37926219	0.605706	0.551020
MICALL1_37929632	0.566717	0.612245
MICALL1_37930552	0.566717	0.612245
MICALL1_37934508	0.561129	0.571429
MICALL1_37940553	0.523663	0.591837
MICALL2_1448831	0.616373	0.571429
MICALL2_1448924	0.616373	0.653061
MICALL2_1449070	0.616373	0.591837
MICALL2_1457975	0.624621	0.591837
MICA_31412682	0.554684	0.673469
MICB_31508295	0.568000	0.510204
MICU1_72539303	0.385991	0.408163
MICU2_21505878	0.378077	0.367347
MICU3_17086543	0.362310	0.428571
MICU3_17088837	0.305413	0.387755
MICU3_17098347	0.326813	0.265306
MIDN_1254165	0.674172	0.632653
MIDN_1254573	0.562648	0.510204
MIDN_1256267	0.603077	0.653061
MIEF2_18263603	0.544469	0.591837
MIER1_66978288	0.361353	0.387755
MIER2_310290	0.603974	0.612245
MIER2_341537	0.515116	0.469388
MIER3_56933641	0.389354	0.448980
MIGA1_77807462	0.401689	0.428571
MIGA2_129041477	0.536888	0.489796
MIGA2_129050436	0.482046	0.408163
MIGA2_129060117	0.605634	0.612245
MIGA2_129066282	0.531031	0.591837
MIGA2_129070179	0.651246	0.612245
MIIP_12028242	0.512837	0.489796
MINDY3_15848155	0.376366	0.448980
MINDY4B_150900115	0.439338	0.551020
MINDY4_30784977	0.446550	0.530612
MINDY4_30789791	0.439482	0.428571
MINDY4_30828864	0.471970	0.551020
MINDY4_30838995	0.488706	0.387755
MINDY4_30853227	0.518851	0.612245
MINDY4_30856958	0.518717	0.387755
MINDY4_30865229	0.540331	0.571429
MINDY4_30881740	0.524985	0.530612
MINK1_4879914	0.559016	0.591837
MINK1_4880683	0.559016	0.653061
MINOS1_19624230	0.463789	0.387755
MINPP1_87514131	0.388917	0.387755
MINPP1_87514877	0.388917	0.387755
MIPEP_23757089	0.446074	0.387755
MIPEP_23867861	0.405919	0.428571
MIPEP_23869528	0.352837	0.469388
MIPEP_23879477	0.491894	0.469388
MIPEP_23880264	0.491894	0.469388
MIPOL1_37207355	0.415212	0.428571
MIPOL1_37267827	0.366263	0.448980
MIS18BP1_45204646	0.305095	0.489796
MIS18BP1_45206737	0.373010	0.408163
MIS18BP1_45209795	0.373010	0.306122
MIS18BP1_45210775	0.423421	0.346939
MIS18BP1_45224958	0.312124	0.326531
MIS18BP1_45226942	0.410412	0.367347
MIS18BP1_45237171	0.329419	0.469388
MISP_761231	0.517350	0.571429
MKI67_128120203	0.348778	0.489796
MKKS_10405795	0.317946	0.326531
MKKS_10409633	0.384058	0.326531
MKL1_40414049	0.508074	0.469388
MKL1_40415819	0.508074	0.612245
MKL1_40417894	0.613636	0.612245
MKL1_40432713	0.442011	0.408163
MKL1_40435582	0.441300	0.408163
MKL2_14210111	0.373061	0.367347
MKL2_14215022	0.372611	0.387755
MKL2_14238068	0.434067	0.571429
MKL2_14240136	0.434067	0.326531
MKL2_14252332	0.460411	0.387755
MKNK1_46563066	0.481111	0.530612
MKNK1_46577626	0.467355	0.469388
MKNK1_46582268	0.464615	0.448980
MKRN1_140476299	0.459989	0.387755
MKRN1_140477688	0.459989	0.673469
MKX_27675872	0.391470	0.571429
MLANA_5906691	0.391507	0.367347
MLANA_5906695	0.391507	0.408163
MLANA_5906767	0.391507	0.428571
MLC1_50062272	0.622054	0.673469
MLC1_50071521	0.564978	0.653061
MLEC_120693127	0.461046	0.387755
MLF1_158604064	0.364859	0.428571
MLF2_6748982	0.551445	0.591837
MLH1_37042105	0.429802	0.428571
MLH1_37044276	0.391749	0.571429
MLH1_37044706	0.391749	0.428571
MLH1_37045171	0.391749	0.428571
MLH1_37045365	0.391749	0.306122
MLH1_37049974	0.446185	0.367347
MLH3_75025555	0.410686	0.510204
MLH3_75031688	0.398535	0.551020
MLH3_75037759	0.412013	0.551020
MLIP_54265746	0.337331	0.367347
MLKL_74684196	0.481289	0.571429
MLKL_74691998	0.486333	0.367347
MLLT10_21588208	0.391338	0.591837
MLLT10_21673056	0.406049	0.428571
MLLT10_21730834	0.359138	0.387755
MLLT11_151067021	0.430758	0.469388
MLLT1_6215615	0.653423	0.551020
MLLT1_6217096	0.652778	0.489796
MLLT1_6219663	0.632263	0.653061
MLLT1_6223172	0.611836	0.632653
MLLT1_6225692	0.611836	0.612245
MLLT1_6270278	0.514998	0.591837
MLLT1_6277947	0.572063	0.469388
MLLT3_20364132	0.348037	0.387755
MLLT3_20455654	0.363162	0.285714
MLLT6_38712319	0.593195	0.612245
MLLT6_38723619	0.513776	0.326531
MLN_33798214	0.553301	0.448980
MLN_33798731	0.553301	0.571429
MLN_33803748	0.560029	0.591837
MLPH_237526354	0.496499	0.530612
MLPH_237540728	0.630597	0.530612
MLPH_237546843	0.553804	0.591837
MLXIPL_73595969	0.661202	0.653061
MLXIPL_73622783	0.554974	0.632653
MLXIP_122130414	0.549932	0.551020
MLXIP_122141349	0.579901	0.428571
MLXIP_122141518	0.579901	0.673469
MMAA_145641991	0.365302	0.367347
MMAA_145645731	0.366286	0.489796
MMAB_109557954	0.600817	0.632653
MMAB_109557987	0.600817	0.551020
MMAB_109566070	0.519065	0.571429
MMAB_109566237	0.519065	0.591837
MMAB_109571820	0.471271	0.489796
MMADHC_149581944	0.354318	0.306122
MMADHC_149582326	0.338385	0.285714
MMD2_4913334	0.453132	0.285714
MMD2_4919444	0.506233	0.591837
MMD2_4919770	0.506233	0.591837
MMD_55405750	0.434614	0.387755
MMD_55415794	0.433508	0.326531
MMEL1_2596841	0.633487	0.714286
MMEL1_2604401	0.647335	0.632653
MME_155171342	0.378427	0.326531
MMP11_23773352	0.571682	0.612245
MMP11_23773651	0.571682	0.551020
MMP12_102864321	0.386737	0.530612
MMP13_102950394	0.377242	0.510204
MMP15_58038215	0.536434	0.653061
MMP16_88046202	0.355838	0.408163
MMP17_131839765	0.590934	0.530612
MMP17_131842110	0.559199	0.448980
MMP17_131842804	0.559199	0.346939
MMP17_131848868	0.571002	0.530612
MMP17_131848950	0.571002	0.428571
MMP17_131849691	0.571002	0.734694
MMP21_125769318	0.451122	0.448980
MMP21_125773040	0.612037	0.612245
MMP24_35247133	0.482099	0.530612
MMP24_35261408	0.496569	0.530612
MMP25_3048073	0.531085	0.673469
MMP26_4989344	0.364248	0.489796
MMP27_102694278	0.318535	0.326531
MMP28_35775850	0.504468	0.551020
MMP2_55490087	0.511640	0.591837
MMP2_55492221	0.467111	0.469388
MMP2_55496699	0.451542	0.571429
MMP3_102839310	0.346065	0.510204
MMP3_102839323	0.346065	0.510204
MMP7_102525219	0.389996	0.632653
MMRN2_86941476	0.511462	0.346939
MMRN2_86945876	0.515657	0.530612
MMS19_97469349	0.478743	0.510204
MMS19_97469448	0.478743	0.530612
MMS19_97483831	0.450000	0.571429
MMS22L_97167203	0.345580	0.469388
MMS22L_97173456	0.346935	0.346939
MMS22L_97229576	0.334322	0.387755
MMS22L_97230075	0.334322	0.306122
MMS22L_97233287	0.338315	0.408163
MMS22L_97254910	0.346355	0.387755
MMS22L_97254915	0.346355	0.408163
MMS22L_97262804	0.346355	0.326531
MND1_153350689	0.359522	0.530612
MNDA_158843195	0.387209	0.489796
MNDA_158844368	0.431694	0.510204
MNDA_158848084	0.362922	0.367347
MNS1_56444828	0.321643	0.326531
MNT_2392972	0.604539	0.653061
MNT_2397567	0.629508	0.469388
MOB1B_70980520	0.388765	0.408163
MOB2_1475844	0.530257	0.367347
MOB2_1482266	0.631901	0.653061
MOB2_1482710	0.631901	0.551020
MOB3A_2076594	0.531010	0.693878
MOB3A_2083635	0.572132	0.653061
MOB4_197521246	0.423833	0.632653
MOB4_197538992	0.387277	0.346939
MOCOS_36188069	0.448713	0.673469
MOCOS_36191202	0.448713	0.408163
MOCOS_36195219	0.448713	0.285714
MOCOS_36198928	0.421166	0.571429
MOCOS_36199492	0.421166	0.428571
MOCOS_36200404	0.476327	0.530612
MOCOS_36203842	0.425543	0.591837
MOCOS_36204895	0.425543	0.632653
MOCOS_36218074	0.418445	0.571429
MOCOS_36249743	0.427711	0.387755
MOCOS_36265457	0.438612	0.428571
MOCS2_53101746	0.289608	0.448980
MOGAT1_222691567	0.431112	0.326531
MOGAT1_222693800	0.431112	0.489796
MOGAT2_75718387	0.546223	0.510204
MOGAT2_75720774	0.516795	0.489796
MOGAT2_75722553	0.516795	0.632653
MOGAT3_101197496	0.520267	0.551020
MOGAT3_101198491	0.634615	0.591837
MON1A_49911416	0.527301	0.571429
MON2_62494930	0.287770	0.367347
MON2_62494934	0.287770	0.346939
MON2_62500330	0.332180	0.448980
MON2_62524834	0.290541	0.408163
MON2_62556486	0.370870	0.469388
MORC1_108983987	0.368661	0.408163
MORC1_109033506	0.375895	0.469388
MORC1_109064404	0.363594	0.367347
MORC1_109098386	0.387969	0.408163
MORC1_109112628	0.357222	0.632653
MORC2_30943294	0.465225	0.469388
MORC2_30945452	0.465225	0.367347
MORC2_30960414	0.395858	0.244898
MORC3_36333350	0.445510	0.510204
MORC3_36339632	0.413403	0.326531
MORC3_36367106	0.417301	0.530612
MORC4_106961865	0.385960	0.428571
MORF4L1_78876212	0.452958	0.673469
MORN1_2373694	0.634564	0.714286
MORN1_2390114	0.597536	0.571429
MORN4_97617416	0.468640	0.469388
MORN4_97618974	0.468640	0.346939
MORN5_122161425	0.432721	0.489796
MORN5_122166534	0.432721	0.530612
MORN5_122167494	0.469403	0.571429
MORN5_122169440	0.469403	0.551020
MORN5_122171693	0.484068	0.530612
MOSPD1_134898814	0.361071	0.346939
MOSPD2_14873618	0.662252	0.734694
MOSPD2_14894231	0.375463	0.632653
MOV10L1_50097254	0.399614	0.571429
MOV10L1_50100968	0.463729	0.510204
MOV10L1_50128218	0.462902	0.408163
MOV10L1_50148153	0.594111	0.653061
MOV10_112693147	0.506434	0.530612
MOXD1_132325968	0.326692	0.285714
MPDZ_13118432	0.376290	0.510204
MPDZ_13128979	0.372571	0.448980
MPDZ_13192782	0.303100	0.346939
MPDZ_13203456	0.347303	0.510204
MPDZ_13219104	0.306537	0.489796
MPDZ_13219203	0.306537	0.387755
MPDZ_13248484	0.360689	0.408163
MPG_82998	0.590272	0.653061
MPHOSPH10_71141484	0.402551	0.428571
MPHOSPH6_82149472	0.379208	0.408163
MPHOSPH6_82166027	0.438280	0.448980
MPHOSPH6_82166284	0.438280	0.448980
MPHOSPH6_82169416	0.438280	0.551020
MPHOSPH8_19649746	0.347063	0.469388
MPHOSPH8_19652199	0.451454	0.448980
MPHOSPH8_19659604	0.389535	0.571429
MPHOSPH8_19665070	0.542147	0.591837
MPHOSPH9_123223524	0.403230	0.591837
MPHOSPH9_123229164	0.383132	0.408163
MPIG6B_31724388	0.570621	0.653061
MPI_74892536	0.536540	0.571429
MPL_43347860	0.448113	0.530612
MPL_43350613	0.474090	0.469388
MPND_4344702	0.560000	0.571429
MPND_4344878	0.560000	0.632653
MPND_4350248	0.518583	0.612245
MPND_4355279	0.536797	0.591837
MPND_4359764	0.657576	0.632653
MPP1_154791918	0.425170	0.285714
MPP3_43813404	0.513369	0.469388
MPP3_43814643	0.467780	0.387755
MPP3_43823376	0.465877	0.510204
MPP3_43829558	0.490939	0.571429
MPP4_201649169	0.425143	0.469388
MPP4_201677652	0.449695	0.530612
MPP4_201696233	0.428508	0.469388
MPP5_67327303	0.398461	0.326531
MPP6_24618783	0.361779	0.612245
MPP6_24685792	0.374151	0.428571
MPPE1_11907160	0.420412	0.408163
MPPED2_30427075	0.403938	0.510204
MPRIP_17082509	0.508977	0.530612
MPRIP_17086262	0.508977	0.469388
MPRIP_17133015	0.550365	0.530612
MPRIP_17133891	0.550365	0.551020
MPRIP_17138439	0.564491	0.612245
MPRIP_17139734	0.564491	0.510204
MPRIP_17147527	0.415457	0.551020
MPRIP_17148031	0.415457	0.408163
MPRIP_17157880	0.535857	0.408163
MPRIP_17183932	0.531052	0.612245
MPZL1_167766655	0.423142	0.408163
MPZL1_167774528	0.383302	0.387755
MPZL2_118263254	0.411824	0.489796
MPZ_161307136	0.437500	0.469388
MPZ_161308051	0.448219	0.428571
MPZ_161309075	0.448219	0.530612
MRAS_138398730	0.492621	0.428571
MRAS_138399795	0.492621	0.612245
MRC1_17829823	0.407451	0.346939
MRC1_17840515	0.404786	0.408163
MRC1_17845684	0.376056	0.448980
MRC1_17851022	0.344784	0.285714
MRC2_62667210	0.685934	0.612245
MRC2_62682608	0.456606	0.387755
MRE11_94436105	0.362569	0.510204
MRE11_94436879	0.362569	0.326531
MRE11_94461238	0.406372	0.448980
MRE11_94482399	0.383479	0.408163
MRE11_94485107	0.383479	0.530612
MRGBP_62797809	0.615498	0.591837
MRGBP_62798947	0.643791	0.653061
MRGPRE_3229080	0.608537	0.632653
MRGPRF_69006450	0.556236	0.571429
MRGPRX3_18133993	0.421586	0.428571
MRGPRX3_18134376	0.421586	0.387755
MRLN_59737780	0.353796	0.346939
MRM2_2239707	0.540342	0.551020
MRNIP_179848492	0.487855	0.285714
MRNIP_179857709	0.471188	0.408163
MROH1_144167908	0.551957	0.571429
MROH1_144199969	0.619397	0.551020
MROH1_144233574	0.457069	0.489796
MROH1_144238574	0.457069	0.469388
MROH2A_233791272	0.562747	0.571429
MROH2A_233792955	0.542416	0.653061
MROH2A_233796163	0.688312	0.591837
MROH2A_233804348	0.533113	0.530612
MROH2A_233809008	0.549606	0.530612
MROH2A_233829855	0.604409	0.591837
MROH2A_233831064	0.604409	0.653061
MROH2B_41012797	0.390548	0.346939
MROH2B_41033950	0.379594	0.448980
MROH2B_41058745	0.378491	0.326531
MROH6_143572366	0.655319	0.693878
MROH7_54669665	0.488133	0.530612
MROH7_54671803	0.521055	0.571429
MROH7_54695044	0.508884	0.632653
MROH7_54708053	0.475363	0.489796
MROH8_37131677	0.434622	0.306122
MROH8_37138660	0.433720	0.448980
MROH9_170962192	0.361374	0.448980
MROH9_170967334	0.376925	0.326531
MRPL12_81704106	0.612275	0.551020
MRPL13_120418552	0.330197	0.408163
MRPL15_54146569	0.443743	0.387755
MRPL19_75651954	0.398822	0.346939
MRPL22_154952188	0.377946	0.408163
MRPL22_154954131	0.377946	0.591837
MRPL23_1948607	0.630861	0.714286
MRPL23_1949341	0.630861	0.612245
MRPL30_99194643	0.391499	0.326531
MRPL35_86199997	0.412660	0.428571
MRPL37_54201236	0.443767	0.367347
MRPL37_54204828	0.443767	0.408163
MRPL37_54205687	0.472106	0.346939
MRPL37_54208106	0.472106	0.469388
MRPL37_54214784	0.489087	0.346939
MRPL39_25594202	0.404427	0.367347
MRPL39_25597611	0.331376	0.285714
MRPL3_131494099	0.368980	0.510204
MRPL3_131498387	0.373141	0.408163
MRPL3_131498457	0.373141	0.448980
MRPL40_19434648	0.457102	0.551020
MRPL42_93480816	0.398056	0.612245
MRPL42_93482141	0.398056	0.469388
MRPL45_38300016	0.464326	0.632653
MRPL45_38320429	0.481403	0.367347
MRPL46_88466061	0.407703	0.510204
MRPL46_88466103	0.407703	0.448980
MRPL47_179597284	0.374555	0.346939
MRPL47_179601282	0.409398	0.571429
MRPL50_101392574	0.359739	0.387755
MRPL58_75017039	0.489180	0.408163
MRPL58_75018103	0.479691	0.551020
MRPL58_75019659	0.479691	0.387755
MRPS11_88476523	0.453974	0.428571
MRPS14_175016366	0.432417	0.408163
MRPS17_55954057	0.483648	0.551020
MRPS17_55954244	0.483648	0.448980
MRPS18A_43676709	0.505517	0.530612
MRPS18A_43680605	0.486805	0.469388
MRPS18A_43686487	0.442340	0.306122
MRPS18A_43687481	0.442340	0.530612
MRPS25_15057274	0.456702	0.612245
MRPS25_15064495	0.554879	0.693878
MRPS28_79924416	0.367573	0.448980
MRPS2_135502957	0.604592	0.571429
MRPS31_40753438	0.361410	0.489796
MRPS35_27711563	0.451883	0.571429
MRPS35_27714962	0.382993	0.448980
MRPS35_27719482	0.395939	0.469388
MRPS36_69224704	0.447082	0.612245
MRPS5_95107392	0.450786	0.571429
MRPS5_95107630	0.450786	0.408163
MRPS5_95110325	0.407444	0.367347
MRPS9_105081104	0.364869	0.448980
MRS2_24409008	0.375072	0.346939
MRS2_24413167	0.428138	0.469388
MRVI1_10579974	0.432070	0.591837
MRVI1_10581352	0.503524	0.510204
MRVI1_10627428	0.535336	0.632653
MS4A15_60766807	0.482093	0.551020
MS4A15_60768435	0.537552	0.571429
MS4A15_60768725	0.537552	0.387755
MS4A15_60772112	0.558219	0.591837
MS4A15_60774448	0.547158	0.489796
MS4A18_60737267	0.468666	0.530612
MS4A18_60738589	0.468666	0.408163
MS4A2_60095047	0.426756	0.489796
MS4A5_60430497	0.418388	0.551020
MS4A6A_60176629	0.415785	0.448980
MS4A6A_60179214	0.372523	0.408163
MS4A8_60715308	0.577143	0.510204
MSANTD1_3247491	0.645570	0.571429
MSANTD1_3250146	0.597435	0.591837
MSANTD1_3250751	0.597435	0.693878
MSH2_47411726	0.428221	0.428571
MSH2_47464411	0.379960	0.571429
MSH2_47477090	0.365882	0.387755
MSH3_80673125	0.373823	0.306122
MSH3_80762126	0.349057	0.306122
MSH3_80790679	0.346443	0.428571
MSH3_80864639	0.377858	0.306122
MSH4_75805774	0.366808	0.326531
MSH4_75878770	0.389302	0.510204
MSI1_120347148	0.577916	0.530612
MSI1_120347582	0.529120	0.591837
MSI2_57420162	0.475531	0.530612
MSI2_57541962	0.484012	0.571429
MSL3_11762549	0.357877	0.510204
MSLNL_769767	0.632911	0.693878
MSLNL_771247	0.560976	0.673469
MSMB_46036177	0.455670	0.693878
MSMO1_165331421	0.410762	0.387755
MSMO1_165338539	0.274510	0.408163
MSN_65734376	0.457704	0.408163
MSR1_16167419	0.364479	0.571429
MSR1_16176401	0.359381	0.489796
MSRA_10090345	0.422735	0.489796
MSRA_10384927	0.469008	0.551020
MSRA_10400485	0.469008	0.510204
MSRB2_23097394	0.418320	0.510204
MSRB2_23113826	0.413467	0.510204
MSRB2_23120038	0.444104	0.448980
MST1R_49890095	0.580189	0.632653
MSTN_190060819	0.326622	0.469388
MSTO1_155610087	0.670130	0.612245
MTA1_105456225	0.603183	0.591837
MTA2_62594661	0.416185	0.428571
MTA3_42601010	0.446211	0.632653
MTA3_42640125	0.418922	0.387755
MTBP_120456167	0.305242	0.408163
MTBP_120460796	0.314743	0.428571
MTBP_120490340	0.408920	0.306122
MTBP_120494543	0.340076	0.408163
MTBP_120499895	0.347377	0.367347
MTBP_120502365	0.347377	0.367347
MTCH1_36975604	0.461377	0.612245
MTCL1_8718310	0.390456	0.510204
MTCL1_8783140	0.484478	0.571429
MTCL1_8795912	0.444230	0.530612
MTCL1_8817466	0.408623	0.387755
MTCL1_8819887	0.454463	0.571429
MTCL1_8823321	0.473437	0.551020
MTCL1_8827609	0.472150	0.612245
MTDH_97688008	0.355447	0.448980
MTDH_97712338	0.418897	0.408163
MTERF3_96252530	0.392431	0.428571
MTF1_37816083	0.470302	0.551020
MTF1_37836032	0.415625	0.653061
MTFR1_65704627	0.403603	0.489796
MTG1_133400889	0.482452	0.510204
MTG1_133401397	0.482452	0.428571
MTG1_133419478	0.432779	0.632653
MTG2_62194403	0.449242	0.551020
MTG2_62198496	0.572072	0.693878
MTHFD1_64412943	0.463277	0.571429
MTHFD2_74211083	0.378590	0.489796
MTHFD2_74212544	0.417269	0.591837
MTHFR_11799205	0.486884	0.591837
MTHFSD_86542610	0.478251	0.428571
MTIF2_55241133	0.411722	0.469388
MTIF2_55253173	0.386446	0.306122
MTIF2_55257355	0.398531	0.591837
MTMR10_30945533	0.448114	0.571429
MTMR10_30961188	0.383290	0.510204
MTMR11_149934526	0.494553	0.551020
MTMR12_32232302	0.480876	0.469388
MTMR12_32242455	0.399856	0.387755
MTMR12_32248248	0.372093	0.469388
MTMR12_32253378	0.428530	0.244898
MTMR12_32268079	0.430744	0.632653
MTMR14_9649826	0.494843	0.612245
MTMR14_9656913	0.466518	0.306122
MTMR14_9660053	0.466518	0.571429
MTMR14_9667414	0.451521	0.367347
MTMR14_9669594	0.463023	0.510204
MTMR14_9683810	0.525373	0.428571
MTMR14_9690678	0.507202	0.591837
MTMR14_9698011	0.520010	0.632653
MTMR14_9698209	0.520010	0.530612
MTMR1_150720078	0.369509	0.448980
MTMR1_150720252	0.369509	0.408163
MTMR1_150732481	0.360087	0.367347
MTMR1_150761754	0.530975	0.591837
MTMR2_95887373	0.361048	0.448980
MTMR3_29974445	0.376203	0.367347
MTMR3_29983561	0.412645	0.489796
MTMR3_29994169	0.395769	0.346939
MTMR3_29995364	0.395769	0.571429
MTMR3_30002093	0.423918	0.346939
MTMR4_58510356	0.474295	0.571429
MTMR6_25274319	0.402271	0.244898
MTMR7_17304616	0.333872	0.367347
MTMR7_17366495	0.406167	0.408163
MTMR7_17372670	0.393639	0.326531
MTMR8_64355259	0.374698	0.367347
MTMR9_11298652	0.366525	0.530612
MTMR9_11300879	0.342924	0.387755
MTMR9_11308768	0.384418	0.285714
MTMR9_11321626	0.381910	0.408163
MTOR_11114936	0.456693	0.448980
MTOR_11121591	0.429508	0.448980
MTOR_11124737	0.477867	0.428571
MTOR_11139922	0.454400	0.571429
MTOR_11140516	0.454400	0.714286
MTOR_11144589	0.468336	0.693878
MTOR_11146559	0.470552	0.408163
MTOR_11214868	0.429678	0.489796
MTOR_11229356	0.444666	0.428571
MTOR_11233931	0.387786	0.448980
MTOR_11236228	0.463517	0.571429
MTOR_11252333	0.487117	0.510204
MTPAP_30321406	0.384304	0.326531
MTPAP_30337127	0.420888	0.489796
MTPAP_30339631	0.420888	0.428571
MTPAP_30342359	0.403584	0.387755
MTRR_7887223	0.326642	0.306122
MTRR_7889421	0.358779	0.285714
MTRR_7890098	0.358779	0.367347
MTRR_7898715	0.420105	0.510204
MTR_236827078	0.380454	0.428571
MTR_236843823	0.393392	0.489796
MTR_236880625	0.398443	0.326531
MTR_236881521	0.422502	0.428571
MTR_236883633	0.422502	0.448980
MTR_236889409	0.494989	0.469388
MTR_236891037	0.494989	0.510204
MTSS1L_70680602	0.689702	0.530612
MTSS1_124562536	0.492254	0.469388
MTSS1_124589810	0.512856	0.387755
MTSS1_124715876	0.473662	0.469388
MTTP_99577018	0.373954	0.408163
MTTP_99589551	0.344653	0.428571
MTTP_99596939	0.340815	0.448980
MTTP_99612412	0.352982	0.448980
MTTP_99619410	0.344037	0.326531
MTUS2_29483447	0.481088	0.571429
MTX1_155209943	0.459033	0.265306
MTX2_176328099	0.271747	0.224490
MUC13_124908891	0.403679	0.612245
MUC16_8866402	0.449294	0.510204
MUC16_8868792	0.454545	0.551020
MUC16_8871849	0.434571	0.489796
MUC16_8923731	0.431205	0.428571
MUC16_8943847	0.396930	0.428571
MUC17_101050435	0.512262	0.510204
MUC17_101052364	0.553275	0.469388
MUC17_101052432	0.553275	0.571429
MUC19_40464697	0.379687	0.551020
MUC19_40474171	0.378947	0.571429
MUC19_40500908	0.402597	0.530612
MUC19_40503058	0.404055	0.489796
MUC19_40504149	0.354167	0.387755
MUC19_40509271	0.392652	0.489796
MUC19_40513701	0.385135	0.367347
MUC19_40514209	0.378512	0.346939
MUC19_40558670	0.405455	0.326531
MUC19_40559839	0.352847	0.346939
MUC19_40565109	0.354508	0.306122
MUC19_40565228	0.354508	0.408163
MUC19_40567554	0.305439	0.285714
MUC20_195727381	0.481301	0.285714
MUC21_30987893	0.490566	0.469388
MUC22_31031974	0.471122	0.530612
MUC22_31033189	0.416746	0.408163
MUC2_1076939	0.666449	0.653061
MUC2_1092144	0.532616	0.653061
MUC2_1101221	0.664179	0.571429
MUC2_1106850	0.553422	0.551020
MUC2_1106858	0.553422	0.489796
MUC3A_100951756	0.563341	0.489796
MUC4_195749121	0.467105	0.408163
MUC4_195749277	0.467105	0.408163
MUC4_195759402	0.522195	0.510204
MUC4_195770934	0.572656	0.632653
MUC5AC_1174751	0.687259	0.714286
MUC5AC_1197466	0.663685	0.653061
MUC5B_1233524	0.660305	0.693878
MUC5B_1234466	0.668161	0.673469
MUC6_1014340	0.628409	0.632653
MUC6_1014770	0.628409	0.632653
MUC6_1018938	0.583333	0.591837
MUC6_1024469	0.686486	0.653061
MUC6_1029615	0.673367	0.591837
MUC6_1034038	0.670068	0.571429
MUCL1_54855980	0.408809	0.469388
MUCL1_54856628	0.408809	0.448980
MUM1_1362803	0.511822	0.591837
MUM1_1368395	0.575832	0.591837
MUM1_1371518	0.508279	0.408163
MURC_100585614	0.399279	0.428571
MUTYH_45330309	0.499072	0.489796
MUT_49441424	0.296097	0.306122
MVB12B_126381639	0.435436	0.265306
MVB12B_126398233	0.479431	0.673469
MVB12B_126416947	0.479431	0.571429
MVD_88654354	0.598597	0.530612
MVK_109578836	0.463895	0.551020
MVK_109584332	0.494073	0.469388
MVK_109593281	0.524796	0.510204
MVP_29831862	0.517864	0.632653
MVP_29838085	0.470643	0.510204
MVP_29840574	0.543134	0.612245
MX1_41436880	0.464975	0.489796
MX2_41382682	0.482500	0.632653
MXD1_69917337	0.375340	0.489796
MXRA7_76683262	0.577290	0.632653
MXRA7_76683949	0.577290	0.489796
MYBBP1A_4540647	0.650307	0.571429
MYBBP1A_4541283	0.650307	0.530612
MYBBP1A_4550737	0.566186	0.571429
MYBBP1A_4551263	0.566186	0.591837
MYBBP1A_4552713	0.491970	0.571429
MYBL2_43677501	0.476788	0.469388
MYBL2_43686664	0.504666	0.591837
MYBL2_43689951	0.476003	0.469388
MYBL2_43710809	0.540351	0.551020
MYBL2_43713366	0.522447	0.510204
MYBL2_43713883	0.522447	0.591837
MYBPC1_101615134	0.397378	0.571429
MYBPC1_101662837	0.375427	0.428571
MYBPC1_101670226	0.432466	0.469388
MYBPC1_101682546	0.321119	0.306122
MYBPC2_50436976	0.546070	0.469388
MYBPC2_50443423	0.494068	0.510204
MYBPC3_47334458	0.539282	0.428571
MYBPC3_47341335	0.548257	0.612245
MYBPC3_47344801	0.559256	0.408163
MYBPC3_47347708	0.647727	0.591837
MYBPC3_47348130	0.602317	0.510204
MYBPC3_47349399	0.559253	0.571429
MYBPHL_109295612	0.490385	0.469388
MYBPHL_109298000	0.548094	0.530612
MYCBP2_77063481	0.379760	0.612245
MYCBP2_77094654	0.360000	0.408163
MYCBP2_77144732	0.354778	0.428571
MYCBP2_77156641	0.382353	0.551020
MYCBP2_77160142	0.377239	0.530612
MYCBP2_77170007	0.369724	0.285714
MYCBP2_77172960	0.384155	0.489796
MYCBP2_77181392	0.318379	0.326531
MYCBP2_77211072	0.357061	0.346939
MYCBP2_77219806	0.372709	0.428571
MYCBP2_77221264	0.372709	0.408163
MYCBP2_77251779	0.332383	0.387755
MYCBP2_77292257	0.374483	0.387755
MYCBPAP_50523908	0.504579	0.387755
MYCBPAP_50524401	0.504579	0.469388
MYEF2_48158952	0.268116	0.285714
MYEF2_48160319	0.336162	0.387755
MYEF2_48160334	0.336162	0.346939
MYH10_8495382	0.460278	0.469388
MYH10_8514673	0.468328	0.510204
MYH10_8515368	0.468328	0.367347
MYH10_8549434	0.462861	0.306122
MYH10_8552333	0.394475	0.367347
MYH10_8573229	0.388657	0.346939
MYH10_8628847	0.454040	0.469388
MYH11_15717005	0.495983	0.448980
MYH11_15748254	0.525648	0.591837
MYH11_15748575	0.525648	0.551020
MYH11_15758210	0.492063	0.448980
MYH11_15771891	0.435281	0.591837
MYH13_10331834	0.523810	0.489796
MYH13_10331974	0.523810	0.612245
MYH13_10360416	0.428720	0.448980
MYH14_50204186	0.540577	0.387755
MYH14_50215192	0.494594	0.693878
MYH14_50223781	0.565920	0.612245
MYH14_50262010	0.570406	0.591837
MYH14_50271787	0.586093	0.551020
MYH14_50279775	0.477962	0.551020
MYH14_50306964	0.472678	0.489796
MYH14_50308233	0.468868	0.367347
MYH15_108382458	0.403931	0.387755
MYH15_108389813	0.391061	0.571429
MYH15_108393579	0.423810	0.428571
MYH15_108437777	0.385371	0.367347
MYH15_108492235	0.396283	0.530612
MYH1_10494039	0.372549	0.469388
MYH2_10523412	0.409639	0.469388
MYH2_10527056	0.400868	0.469388
MYH2_10539766	0.312329	0.367347
MYH3_10651059	0.437838	0.591837
MYH4_10456957	0.403935	0.591837
MYH6_23388524	0.592308	0.673469
MYH7B_34976921	0.508912	0.571429
MYH7B_34986841	0.595342	0.551020
MYH7B_34993100	0.532323	0.612245
MYH8_10392194	0.381206	0.530612
MYH8_10399032	0.336890	0.326531
MYH8_10399037	0.336890	0.367347
MYH9_36297699	0.530987	0.469388
MYH9_36299417	0.600554	0.714286
MYH9_36304181	0.584949	0.653061
MYH9_36323215	0.558576	0.612245
MYH9_36333858	0.515237	0.571429
MYL10_101623365	0.540732	0.653061
MYL12B_3274567	0.368825	0.408163
MYL2_110912421	0.490104	0.489796
MYL2_110913785	0.488966	0.469388
MYL2_110917572	0.442197	0.551020
MYL4_47218931	0.425868	0.489796
MYLIP_16129735	0.578901	0.693878
MYLK2_31822701	0.550891	0.734694
MYLK2_31824122	0.573964	0.632653
MYLK2_31825566	0.529307	0.489796
MYLK2_31826423	0.529307	0.571429
MYLK3_46711031	0.468245	0.469388
MYLK3_46719029	0.469327	0.510204
MYLK3_46720712	0.469327	0.367347
MYLK3_46723270	0.396392	0.346939
MYLK3_46735934	0.526973	0.653061
MYLK3_46738783	0.435442	0.387755
MYLK4_2749914	0.362679	0.408163
MYLK_123619505	0.438719	0.448980
MYLK_123631817	0.506604	0.530612
MYLK_123665779	0.451020	0.367347
MYLK_123687632	0.511704	0.489796
MYLK_123697773	0.527483	0.346939
MYLK_123737587	0.481892	0.530612
MYLK_123737842	0.481892	0.387755
MYLK_123832184	0.461997	0.571429
MYLK_123879617	0.491566	0.326531
MYLK_123880789	0.491566	0.551020
MYLPF_30375405	0.522419	0.632653
MYO10_16674125	0.469367	0.489796
MYO10_16703914	0.467606	0.326531
MYO15A_18132687	0.548632	0.448980
MYO15A_18136956	0.578595	0.693878
MYO15A_18146496	0.515877	0.469388
MYO15A_18148027	0.515877	0.530612
MYO16_108886461	0.440694	0.428571
MYO16_109051882	0.343067	0.510204
MYO16_109052680	0.345136	0.346939
MYO18A_29108392	0.523238	0.632653
MYO18A_29113208	0.574755	0.612245
MYO18A_29114475	0.529048	0.448980
MYO18A_29130892	0.522043	0.591837
MYO18A_29144523	0.500068	0.530612
MYO18B_25764996	0.485291	0.612245
MYO18B_25770663	0.515108	0.489796
MYO18B_25778828	0.447230	0.204082
MYO18B_25824722	0.480220	0.510204
MYO18B_25828674	0.470123	0.489796
MYO18B_25829386	0.438703	0.551020
MYO18B_25841837	0.480280	0.489796
MYO18B_25848841	0.476290	0.510204
MYO18B_25874186	0.456610	0.530612
MYO18B_25891239	0.549065	0.530612
MYO18B_25950198	0.447991	0.408163
MYO18B_26004294	0.409801	0.367347
MYO19_36526059	0.456315	0.571429
MYO19_36527944	0.510989	0.673469
MYO1A_57038731	0.558824	0.530612
MYO1A_57041497	0.395172	0.448980
MYO1A_57049508	0.511342	0.448980
MYO1B_191344930	0.418630	0.469388
MYO1B_191345967	0.418630	0.285714
MYO1B_191392491	0.329506	0.387755
MYO1B_191405517	0.354707	0.387755
MYO1B_191416029	0.373010	0.367347
MYO1C_1470046	0.566071	0.428571
MYO1C_1473635	0.582108	0.632653
MYO1C_1473736	0.582108	0.489796
MYO1D_32742951	0.396484	0.469388
MYO1D_32761387	0.418118	0.448980
MYO1D_32772549	0.338010	0.489796
MYO1D_32840619	0.394487	0.408163
MYO1E_59170625	0.454556	0.448980
MYO1E_59178537	0.429541	0.530612
MYO1E_59206835	0.439437	0.734694
MYO1E_59213994	0.441136	0.428571
MYO1E_59226515	0.455028	0.428571
MYO1F_8537320	0.488758	0.489796
MYO1F_8547632	0.511962	0.387755
MYO1G_44967435	0.596606	0.673469
MYO1G_44971933	0.590769	0.591837
MYO1G_44972021	0.590769	0.571429
MYO1H_109406552	0.476760	0.591837
MYO1H_109438372	0.430520	0.469388
MYO1H_109440519	0.470094	0.346939
MYO1H_109445312	0.433367	0.367347
MYO3A_26150149	0.350715	0.306122
MYO3A_26198797	0.402238	0.428571
MYO3B_170399957	0.397686	0.632653
MYO3B_170465008	0.455229	0.612245
MYO5A_52343443	0.370850	0.367347
MYO5A_52375620	0.334086	0.224490
MYO5B_49859275	0.505997	0.326531
MYO5B_49863662	0.511685	0.653061
MYO5B_49878066	0.419021	0.346939
MYO5B_49880180	0.471094	0.448980
MYO5B_49933142	0.480986	0.632653
MYO5B_49984105	0.445725	0.469388
MYO5B_50039863	0.432973	0.551020
MYO5C_52195238	0.338880	0.428571
MYO5C_52204226	0.428350	0.551020
MYO5C_52214905	0.429206	0.326531
MYO5C_52218953	0.445378	0.612245
MYO5C_52234118	0.452748	0.448980
MYO5C_52235121	0.452748	0.510204
MYO5C_52243947	0.516340	0.693878
MYO5C_52245539	0.538776	0.632653
MYO5C_52249018	0.434766	0.632653
MYO5C_52249652	0.434766	0.346939
MYO5C_52263580	0.502939	0.571429
MYO5C_52279901	0.509817	0.571429
MYO5C_52281350	0.509817	0.693878
MYO6_75832017	0.360192	0.408163
MYO6_75835666	0.376566	0.612245
MYO6_75837487	0.390017	0.530612
MYO6_75840372	0.390017	0.571429
MYO6_75844820	0.342808	0.346939
MYO6_75873763	0.396073	0.428571
MYO7A_77142567	0.508378	0.530612
MYO7A_77142573	0.508378	0.530612
MYO7A_77145014	0.574874	0.591837
MYO7A_77146408	0.574874	0.551020
MYO7A_77154535	0.567873	0.653061
MYO7A_77160367	0.598551	0.653061
MYO7A_77177198	0.580134	0.591837
MYO7A_77191781	0.584746	0.448980
MYO7A_77198861	0.539978	0.571429
MYO7A_77205460	0.573864	0.693878
MYO7A_77206369	0.588398	0.632653
MYO7B_127569968	0.457221	0.673469
MYO7B_127579464	0.488410	0.612245
MYO7B_127607808	0.549493	0.571429
MYO9A_71851474	0.362225	0.469388
MYO9A_71904191	0.415350	0.428571
MYO9A_72017435	0.378536	0.530612
MYO9B_17157856	0.534380	0.551020
MYO9B_17162322	0.511344	0.714286
MYO9B_17163221	0.431120	0.367347
MYO9B_17171428	0.514634	0.551020
MYO9B_17172711	0.629893	0.653061
MYO9B_17174702	0.510559	0.632653
MYO9B_17178209	0.573127	0.673469
MYO9B_17196757	0.512079	0.448980
MYOM1_3069997	0.405797	0.408163
MYOM1_3082185	0.418354	0.653061
MYOM1_3082837	0.418354	0.448980
MYOM1_3100617	0.409868	0.551020
MYOM1_3158506	0.431059	0.448980
MYOM2_2047051	0.487648	0.346939
MYOM2_2056091	0.476162	0.489796
MYOM2_2057346	0.476162	0.653061
MYOM2_2062706	0.498604	0.510204
MYOM2_2090407	0.446147	0.326531
MYOM2_2101403	0.460298	0.346939
MYOM2_2124153	0.347015	0.408163
MYOM3_24077200	0.485836	0.489796
MYOM3_24079856	0.485836	0.612245
MYOM3_24081016	0.498678	0.571429
MYOM3_24084836	0.494511	0.510204
MYOM3_24086849	0.523616	0.551020
MYOM3_24086990	0.523616	0.632653
MYOM3_24087010	0.523616	0.612245
MYOM3_24095628	0.555419	0.469388
MYOM3_24095678	0.555419	0.489796
MYOM3_24097705	0.555419	0.591837
MYOM3_24102349	0.526367	0.591837
MYOZ1_73637487	0.458472	0.387755
MYOZ3_150663812	0.441117	0.489796
MYPN_68147566	0.398089	0.530612
MYPN_68199366	0.386448	0.530612
MYPOP_45900194	0.511707	0.489796
MYRF_61759092	0.601449	0.693878
MYRF_61760226	0.601449	0.591837
MYRF_61770757	0.563655	0.510204
MYRF_61773587	0.614201	0.653061
MYRF_61775603	0.601690	0.571429
MYRIP_40256890	0.368438	0.469388
MYRIP_40257344	0.368438	0.346939
MYSM1_58699622	0.415323	0.571429
MYT1L_1909903	0.438733	0.306122
MYT1_64198464	0.515343	0.632653
MYT1_64199721	0.560000	0.612245
MYT1_64206883	0.532069	0.530612
MYT1_64209061	0.577999	0.571429
MYT1_64237584	0.542423	0.632653
MYT1_64237759	0.542423	0.530612
MYT1_64237915	0.542423	0.408163
MZT1_72721779	0.399596	0.346939
N4BP1_48547829	0.390982	0.673469
N4BP2L2_32527665	0.363405	0.326531
N4BP2_40062200	0.439905	0.591837
N4BP2_40106866	0.405596	0.224490
N4BP2_40110993	0.422020	0.387755
N4BP2_40117307	0.333945	0.387755
N4BP2_40134617	0.388137	0.489796
N6AMT1_28883183	0.367757	0.285714
NAA11_79320152	0.369583	0.448980
NAA15_139340696	0.400101	0.428571
NAA15_139360817	0.294064	0.367347
NAA15_139376261	0.382718	0.285714
NAA16_41320080	0.347380	0.469388
NAA16_41322864	0.384133	0.387755
NAA16_41349716	0.395878	0.632653
NAA25_112029743	0.402347	0.408163
NAA25_112053707	0.317808	0.306122
NAA25_112082674	0.401038	0.326531
NAA35_86021737	0.350161	0.306122
NAA40_63945510	0.501410	0.510204
NAA40_63950090	0.482040	0.408163
NAA50_113723169	0.307350	0.367347
NAA60_3445115	0.436650	0.489796
NAA60_3480204	0.524647	0.469388
NAAA_75914488	0.427221	0.510204
NAALAD2_90165367	0.417247	0.428571
NAALAD2_90191459	0.347760	0.326531
NAALADL1_65049134	0.513452	0.653061
NADK2_36200659	0.353939	0.510204
NADK2_36207365	0.335955	0.367347
NADK_1763676	0.536967	0.285714
NADK_1765114	0.536967	0.612245
NADSYN1_71455726	0.489100	0.510204
NADSYN1_71463699	0.631393	0.551020
NADSYN1_71463772	0.631393	0.632653
NADSYN1_71472593	0.584299	0.612245
NADSYN1_71474237	0.584746	0.653061
NADSYN1_71483150	0.520093	0.428571
NAE1_66813876	0.437454	0.326531
NAF1_163141930	0.350500	0.469388
NAF1_163145981	0.317044	0.306122
NAGLU_42541618	0.524437	0.571429
NAGPA_5031916	0.512968	0.591837
NAIP_71021599	0.450042	0.530612
NALCN_101065213	0.459665	0.612245
NALCN_101073842	0.316986	0.367347
NALCN_101091768	0.380596	0.448980
NALCN_101098840	0.407211	0.448980
NALCN_101289022	0.371142	0.510204
NAP1L1_76050044	0.330201	0.346939
NAP1L1_76058810	0.390264	0.367347
NAP1L1_76068492	0.355401	0.265306
NAP1L4_2952837	0.461538	0.653061
NAP1L4_2955875	0.427052	0.346939
NAPA_47502893	0.505799	0.469388
NAPA_47503683	0.532716	0.632653
NAPB_23403224	0.407470	0.387755
NAPEPLD_103125781	0.403923	0.571429
NAPG_10530593	0.465843	0.489796
NAPG_10532609	0.310731	0.244898
NAPG_10546010	0.401789	0.408163
NAPG_10546156	0.401789	0.469388
NAPRT_143577466	0.708171	0.632653
NARFL_737906	0.554691	0.510204
NARF_82467780	0.480037	0.612245
NARF_82485911	0.567448	0.673469
NARF_82486383	0.567448	0.612245
NARS2_78562517	0.406787	0.448980
NARS_57605322	0.432200	0.551020
NARS_57619801	0.446985	0.551020
NASP_45606078	0.417747	0.469388
NAT10_34113442	0.441689	0.530612
NAT10_34120004	0.471049	0.387755
NAT16_101176928	0.527342	0.367347
NAT8L_2062368	0.666923	0.632653
NAT8L_2063049	0.666923	0.612245
NATD1_21247944	0.572980	0.571429
NAV1_201790501	0.487516	0.448980
NAV1_201812186	0.504082	0.489796
NAV1_201819022	0.431203	0.367347
NAV2-IT1_19382386	0.441739	0.591837
NAV2-IT1_19383696	0.441739	0.489796
NAV2_19881761	0.419347	0.387755
NAV2_19936692	0.447148	0.530612
NAV2_20041822	0.460485	0.346939
NAV2_20051939	0.426074	0.510204
NAV2_20052276	0.426074	0.367347
NAV2_20086614	0.452440	0.428571
NAV2_20100818	0.452209	0.612245
NAV2_20101769	0.486071	0.469388
NAV2_20118037	0.442913	0.591837
NAV3_77995675	0.331602	0.510204
NAV3_78122612	0.322288	0.326531
NAV3_78176857	0.374449	0.408163
NAXD_110626044	0.549074	0.693878
NAXD_110632069	0.492783	0.530612
NAXD_110632198	0.492783	0.530612
NBAS_15184398	0.412066	0.306122
NBAS_15234256	0.321692	0.428571
NBAS_15309465	0.391633	0.367347
NBAS_15381567	0.329294	0.306122
NBAS_15394538	0.319438	0.224490
NBAS_15417119	0.399004	0.326531
NBAS_15423562	0.377461	0.428571
NBAS_15558243	0.329545	0.571429
NBAS_15558254	0.329545	0.530612
NBAS_15561111	0.444967	0.653061
NBEAL1_203104543	0.382509	0.326531
NBEAL1_203176391	0.383392	0.448980
NBEAL1_203185689	0.395633	0.489796
NBEAL2_47000593	0.597315	0.591837
NBEAL2_47003456	0.590909	0.530612
NBEA_35160591	0.329645	0.387755
NBEA_35175644	0.340782	0.346939
NBL1_19656481	0.582518	0.612245
NBN_89952344	0.350962	0.408163
NBN_89957964	0.341117	0.306122
NBN_89959346	0.375158	0.346939
NBN_89976222	0.355607	0.571429
NBPF3_21465816	0.413811	0.367347
NBPF3_21472159	0.480642	0.408163
NBR1_43203631	0.428719	0.367347
NCALD_101689540	0.515957	0.632653
NCALD_102022728	0.419954	0.448980
NCALD_102025423	0.419954	0.428571
NCALD_102025896	0.419954	0.469388
NCAM1_113167457	0.405124	0.571429
NCAM1_113259404	0.458977	0.408163
NCAM2_21416564	0.345525	0.306122
NCAN_19223953	0.473427	0.510204
NCAN_19224806	0.583794	0.510204
NCAN_19231398	0.512332	0.612245
NCAPD2_6509496	0.444069	0.612245
NCAPD2_6520918	0.431593	0.489796
NCAPD2_6525347	0.447674	0.428571
NCAPD3_134159790	0.429083	0.571429
NCAPD3_134163137	0.514417	0.387755
NCAPD3_134177752	0.367347	0.428571
NCAPD3_134184387	0.417149	0.448980
NCAPD3_134184403	0.417149	0.489796
NCAPD3_134202760	0.396063	0.387755
NCAPD3_134220785	0.412309	0.346939
NCAPG2_158645754	0.367857	0.530612
NCAPG2_158660323	0.416380	0.551020
NCAPG2_158661959	0.416380	0.510204
NCAPG2_158662480	0.435022	0.387755
NCAPG2_158665491	0.473459	0.653061
NCAPG2_158673363	0.458005	0.612245
NCAPG2_158683744	0.397127	0.510204
NCAPG2_158688892	0.404461	0.510204
NCAPG2_158701350	0.421792	0.387755
NCAPG_17817037	0.423239	0.530612
NCAPG_17818488	0.358807	0.265306
NCAPH2_50514982	0.504937	0.530612
NCAPH_96344662	0.455993	0.428571
NCAPH_96346533	0.455993	0.551020
NCAPH_96350676	0.455993	0.489796
NCAPH_96353196	0.467704	0.530612
NCAPH_96353590	0.458599	0.489796
NCAPH_96354985	0.442010	0.489796
NCAPH_96363814	0.416180	0.326531
NCBP1_97658569	0.415818	0.448980
NCBP1_97666483	0.389392	0.387755
NCBP1_97668690	0.406504	0.510204
NCBP3_3816595	0.412651	0.469388
NCBP3_3817686	0.412651	0.224490
NCBP3_3825153	0.343575	0.367347
NCF1_74785180	0.548096	0.653061
NCF1_74786528	0.488823	0.591837
NCF1_74788774	0.724551	0.755102
NCF2_183570268	0.487453	0.530612
NCF4_36862173	0.550862	0.571429
NCK2_105876184	0.466318	0.448980
NCKAP1L_54529725	0.436849	0.510204
NCKAP5L_49805882	0.508162	0.551020
NCKAP5_132725901	0.460079	0.693878
NCKAP5_132786137	0.424489	0.265306
NCKAP5_132863424	0.395002	0.367347
NCKAP5_132873935	0.412944	0.530612
NCKAP5_133565033	0.413388	0.571429
NCLN_3199281	0.588571	0.693878
NCL_231459628	0.424951	0.408163
NCOA1_24694091	0.321810	0.387755
NCOA2_70120269	0.425307	0.428571
NCOA2_70131763	0.419818	0.428571
NCOA2_70133901	0.420968	0.408163
NCOA2_70388073	0.376037	0.408163
NCOA3_47622447	0.393671	0.387755
NCOA3_47630604	0.401316	0.571429
NCOA3_47637513	0.307345	0.408163
NCOA5_46067395	0.360606	0.469388
NCOA6_34737037	0.402053	0.448980
NCOA6_34774758	0.420192	0.469388
NCOR1_16035964	0.403298	0.367347
NCOR1_16078806	0.408590	0.591837
NCOR1_16084395	0.368563	0.326531
NCOR1_16114061	0.412033	0.469388
NCOR1_16115661	0.412033	0.387755
NCOR1_16172104	0.382127	0.367347
NCOR2_124353761	0.532042	0.551020
NCOR2_124356510	0.587850	0.632653
NCOR2_124358759	0.577176	0.571429
NCOR2_124363243	0.629978	0.612245
NCOR2_124363531	0.629978	0.632653
NCOR2_124365968	0.582948	0.571429
NCOR2_124373030	0.595450	0.551020
NCOR2_124376153	0.595450	0.591837
NCOR2_124420159	0.577505	0.571429
NCOR2_124433368	0.570288	0.551020
NCOR2_124459606	0.573585	0.551020
NCOR2_124459938	0.573585	0.591837
NCOR2_124460271	0.573585	0.530612
NCOR2_124462418	0.573585	0.632653
NCOR2_124486018	0.599550	0.510204
NCOR2_124495519	0.562867	0.591837
NCOR2_124516247	0.562867	0.551020
NCR1_54909699	0.524292	0.551020
NCR2_41336662	0.433178	0.571429
NCR2_41341222	0.433178	0.591837
NCR3LG1_17370404	0.442289	0.551020
NCS1_130226149	0.514091	0.612245
NDC1_53797591	0.395434	0.326531
NDEL1_8452595	0.355023	0.469388
NDFIP1_142120503	0.396311	0.367347
NDNF_121041983	0.371939	0.408163
NDOR1_137207823	0.548288	0.428571
NDOR1_137215330	0.700980	0.755102
NDOR1_137215358	0.700980	0.714286
NDP_43951588	0.414453	0.367347
NDRG1_133242308	0.457018	0.489796
NDRG1_133252768	0.488861	0.551020
NDRG2_21022001	0.532967	0.612245
NDRG3_36656570	0.440063	0.448980
NDRG3_36671109	0.409458	0.428571
NDRG4_58493906	0.548573	0.673469
NDST1_150527616	0.518555	0.530612
NDST1_150538867	0.498504	0.510204
NDUFA10_240006744	0.407921	0.408163
NDUFA10_240017121	0.519772	0.551020
NDUFA10_240019005	0.470473	0.571429
NDUFA11_5894632	0.622075	0.653061
NDUFA1_119875466	0.396795	0.448980
NDUFA4_10934090	0.371617	0.387755
NDUFA5_123553253	0.380079	0.448980
NDUFA6_42089145	0.503499	0.530612
NDUFA8_122156113	0.402328	0.469388
NDUFA8_122159283	0.402328	0.489796
NDUFA9_4661168	0.421162	0.469388
NDUFAB1_23594336	0.489038	0.428571
NDUFAF1_41389881	0.440814	0.346939
NDUFAF1_41395289	0.462552	0.408163
NDUFAF1_41395327	0.462552	0.367347
NDUFAF6_95050979	0.411618	0.408163
NDUFB5_179622980	0.398481	0.367347
NDUFB7_14568025	0.555399	0.510204
NDUFS1_206138758	0.420625	0.326531
NDUFS1_206143431	0.411467	0.387755
NDUFS5_39028434	0.481034	0.612245
NDUFV3_42898120	0.455820	0.326531
NDUFV3_42908482	0.465228	0.530612
NEB_151526497	0.456489	0.408163
NEB_151534492	0.361050	0.489796
NEB_151541702	0.413745	0.367347
NEB_151547295	0.439594	0.428571
NEB_151575499	0.377773	0.448980
NEB_151617610	0.358561	0.244898
NEB_151628956	0.387324	0.469388
NEB_151670323	0.425701	0.408163
NEB_151725624	0.346948	0.326531
NECAB2_83979470	0.541557	0.591837
NECAB2_83994245	0.508308	0.591837
NECAB2_83999252	0.546550	0.632653
NECAB2_83999464	0.546550	0.591837
NECAB2_84000297	0.546550	0.571429
NECAB3_33659124	0.604230	0.551020
NECAP1_8080105	0.372426	0.408163
NECAP2_16444052	0.503988	0.632653
NECAP2_16452582	0.499737	0.489796
NECTIN1_119678143	0.576302	0.612245
NECTIN2_44870454	0.513727	0.551020
NEDD1_96944981	0.307692	0.326531
NEDD4L_58342840	0.420578	0.448980
NEDD4L_58355678	0.407938	0.387755
NEDD4L_58357412	0.380043	0.510204
NEDD4L_58364512	0.418018	0.265306
NEDD4L_58370928	0.442720	0.510204
NEDD4L_58392314	0.454309	0.571429
NEDD4L_58394247	0.454309	0.489796
NEDD9_11187466	0.428123	0.448980
NEFH_29485244	0.494879	0.551020
NEIL1_75349994	0.532299	0.469388
NEIL2_11780521	0.446187	0.653061
NEIL3_177361707	0.343265	0.306122
NEK10_27115008	0.348993	0.326531
NEK10_27202025	0.376623	0.530612
NEK1_169479604	0.384808	0.326531
NEK1_169582942	0.367746	0.387755
NEK1_169589019	0.347398	0.489796
NEK1_169589023	0.347398	0.489796
NEK2_211671739	0.349863	0.285714
NEK3_52145323	0.361907	0.408163
NEK3_52148540	0.413303	0.224490
NEK4_52745798	0.477493	0.510204
NEK4_52752790	0.403523	0.571429
NEK4_52766618	0.429154	0.408163
NEK5_52069264	0.418377	0.530612
NEK5_52075173	0.353404	0.367347
NEK5_52090201	0.390909	0.244898
NEK5_52116412	0.400834	0.551020
NEK5_52119153	0.400834	0.408163
NEK7_198293602	0.312209	0.408163
NEK9_75087735	0.382706	0.346939
NEK9_75088791	0.448250	0.448980
NEK9_75091934	0.411251	0.408163
NEK9_75102763	0.382466	0.265306
NEK9_75104240	0.435451	0.530612
NELFA_1985202	0.602804	0.408163
NELFA_1986670	0.652805	0.632653
NELFB_137259257	0.492979	0.448980
NELL2_44867878	0.369872	0.551020
NEMF_49791984	0.405340	0.367347
NEMF_49802071	0.398064	0.551020
NEMF_49834731	0.406072	0.489796
NEMF_49838376	0.423337	0.306122
NEMP2_190521311	0.404343	0.571429
NEO1_73254092	0.383117	0.612245
NEO1_73273615	0.438301	0.489796
NEO1_73277800	0.376101	0.428571
NEO1_73288086	0.424341	0.387755
NEPRO_113015646	0.385652	0.367347
NES_156674352	0.581161	0.632653
NES_156674447	0.581161	0.632653
NETO1_72751655	0.366340	0.510204
NETO2_47085063	0.417492	0.346939
NETO2_47124458	0.368995	0.285714
NETO2_47139069	0.403791	0.367347
NEU3_74991955	0.438364	0.326531
NEURL1_103589065	0.482509	0.551020
NEURL1_103589280	0.482509	0.551020
NF1_31155915	0.395823	0.285714
NF1_31162936	0.366813	0.551020
NF1_31167331	0.349401	0.387755
NF1_31231858	0.311247	0.326531
NF1_31232677	0.345098	0.346939
NF1_31257788	0.326970	0.306122
NF1_31261495	0.361506	0.448980
NF1_31352042	0.355005	0.367347
NF2_29637607	0.426570	0.346939
NF2_29658585	0.427211	0.530612
NF2_29669790	0.465226	0.367347
NF2_29678971	0.483146	0.571429
NFAM1_42410778	0.545992	0.469388
NFASC_204952893	0.498310	0.551020
NFASC_204973536	0.520422	0.571429
NFASC_204974107	0.520422	0.571429
NFASC_204992657	0.544602	0.510204
NFASC_204993798	0.544602	0.571429
NFASC_205004106	0.516892	0.448980
NFASC_205006069	0.516892	0.448980
NFASC_205012295	0.515444	0.510204
NFASC_205015781	0.565824	0.489796
NFAT5_69649565	0.333864	0.306122
NFAT5_69669921	0.394860	0.367347
NFATC2IP_28955403	0.496525	0.551020
NFATC2_51392989	0.481435	0.428571
NFATC2_51435831	0.474289	0.306122
NFATC3_68126034	0.411004	0.571429
NFATC3_68187047	0.449399	0.632653
NFE2L1_48055737	0.555602	0.551020
NFE2L3_26181883	0.439943	0.387755
NFIA_61147355	0.378338	0.530612
NFIB_14150437	0.350063	0.448980
NFIB_14273498	0.378427	0.551020
NFIC_3457506	0.584042	0.571429
NFIC_3459434	0.584042	0.571429
NFIC_3459764	0.584042	0.448980
NFIX_13061186	0.535878	0.612245
NFIX_13076664	0.600136	0.510204
NFKB1_102581756	0.333333	0.428571
NFKB1_102595756	0.308824	0.428571
NFKB1_102606445	0.378236	0.448980
NFRKB_129871326	0.437071	0.489796
NFRKB_129871708	0.437071	0.632653
NFRKB_129874360	0.532934	0.469388
NFRKB_129877528	0.471289	0.510204
NFRKB_129882364	0.449219	0.530612
NFS1_35671604	0.475399	0.469388
NFU1_69398922	0.405107	0.591837
NFX1_33291352	0.438252	0.408163
NFX1_33306740	0.408408	0.448980
NFX1_33312216	0.435784	0.428571
NFX1_33367336	0.490541	0.632653
NFXL1_47855653	0.349518	0.469388
NFXL1_47877273	0.320644	0.326531
NFXL1_47906333	0.370093	0.408163
NFXL1_47913118	0.409886	0.387755
NFYA_41091429	0.376847	0.428571
NFYB_104121613	0.384979	0.387755
NFYC_40770145	0.518175	0.551020
NGEF_232925116	0.488541	0.306122
NGEF_232925142	0.488541	0.510204
NGEF_232925259	0.488541	0.530612
NGLY1_25731937	0.323667	0.489796
NGLY1_25739409	0.349364	0.306122
NGLY1_25739882	0.366614	0.244898
NGLY1_25744576	0.366614	0.489796
NGLY1_25745402	0.366614	0.346939
NHEJ1_219105205	0.430243	0.367347
NHLRC2_113897871	0.355161	0.448980
NHSL1_138428863	0.412546	0.408163
NID1_235992319	0.535190	0.448980
NID1_236012895	0.398683	0.408163
NID1_236027063	0.428991	0.428571
NID2_52011252	0.466403	0.510204
NID2_52016925	0.460766	0.551020
NID2_52019441	0.494764	0.346939
NID2_52019660	0.494764	0.571429
NID2_52068547	0.616915	0.551020
NIF3L1_200893594	0.410782	0.224490
NIFK_121736181	0.479397	0.408163
NIM1K_43279051	0.464205	0.428571
NINJ1_93128331	0.605011	0.632653
NINJ1_93129640	0.605011	0.571429
NINL_25459181	0.603944	0.632653
NINL_25460528	0.603944	0.551020
NINL_25461100	0.603944	0.714286
NINL_25463628	0.488137	0.469388
NINL_25484900	0.469551	0.510204
NINL_25492951	0.552073	0.326531
NINL_25493208	0.552073	0.408163
NINL_25494429	0.552073	0.612245
NINL_25500133	0.540714	0.489796
NINL_25502370	0.540632	0.489796
NINL_25507362	0.501162	0.469388
NINL_25509388	0.501162	0.489796
NIN_50748165	0.377833	0.387755
NIPA1_22820099	0.434049	0.612245
NIPA2_22860406	0.415916	0.408163
NIPAL1_48017815	0.414202	0.428571
NIPAL1_48022633	0.414202	0.428571
NIPAL1_48025008	0.414202	0.469388
NIPAL1_48034836	0.360045	0.367347
NIPAL3_24441805	0.523153	0.530612
NIPAL3_24445440	0.423513	0.469388
NIPAL3_24452273	0.449088	0.469388
NIPAL4_157460907	0.491959	0.285714
NIPAL4_157460911	0.491959	0.285714
NIPAL4_157462273	0.491959	0.448980
NIPAL4_157462771	0.491959	0.469388
NIPAL4_157464487	0.457335	0.530612
NIPAL4_157466016	0.457335	0.551020
NIPAL4_157466322	0.457335	0.530612
NIPAL4_157466810	0.457335	0.448980
NIPAL4_157471545	0.445499	0.408163
NIPBL_36948759	0.351365	0.346939
NIPBL_36959446	0.329951	0.510204
NIPBL_36975232	0.327263	0.306122
NIPBL_37015518	0.407233	0.530612
NIPBL_37044145	0.380171	0.367347
NIPBL_37048353	0.327107	0.469388
NIPSNAP1_29558693	0.486411	0.510204
NIPSNAP1_29561016	0.593567	0.551020
NIPSNAP3A_104756861	0.336451	0.612245
NISCH_52455218	0.670354	0.489796
NISCH_52455419	0.670354	0.693878
NIT2_100335683	0.493470	0.530612
NIT2_100336609	0.493470	0.387755
NIT2_100354439	0.464522	0.489796
NKAIN1_31187436	0.502572	0.612245
NKAIN2_123951653	0.357412	0.244898
NKAP_119942212	0.431390	0.591837
NKAP_119942528	0.431390	0.387755
NKD1_50602789	0.505652	0.612245
NKD1_50623716	0.579184	0.510204
NKD1_50626694	0.543974	0.591837
NKD1_50626837	0.543974	0.653061
NKD1_50628447	0.543974	0.571429
NKD1_50630616	0.617886	0.653061
NKD1_50632508	0.487867	0.510204
NKIRAS2_42022738	0.506417	0.571429
NKX1-2_124449651	0.609236	0.632653
NKX2-6_23704770	0.548427	0.551020
NKX2-6_23705236	0.548427	0.530612
NKX3-2_13543192	0.611268	0.612245
NKX6-1_84497064	0.590432	0.714286
NLE1_35133498	0.493143	0.612245
NLGN1_174060993	0.354824	0.387755
NLGN1_174280199	0.306024	0.285714
NLGN2_7415313	0.588398	0.571429
NLN_65789248	0.413958	0.346939
NLN_65812129	0.428435	0.448980
NLRC3_3556618	0.480077	0.551020
NLRC5_57024202	0.549538	0.653061
NLRC5_57044736	0.498101	0.551020
NLRC5_57047258	0.592470	0.591837
NLRC5_57047712	0.502942	0.489796
NLRC5_57058752	0.582017	0.673469
NLRP11_55795225	0.429047	0.510204
NLRP11_55796608	0.437888	0.387755
NLRP13_55903385	0.428728	0.387755
NLRP13_55909685	0.433998	0.530612
NLRP13_55910162	0.433998	0.448980
NLRP13_55925329	0.437545	0.469388
NLRP1_5520305	0.486803	0.428571
NLRP1_5530735	0.448748	0.551020
NLRP1_5532359	0.448748	0.367347
NLRP1_5542066	0.436521	0.448980
NLRP1_5582523	0.502471	0.551020
NLRP2_54969901	0.500108	0.489796
NLRP2_54990020	0.495413	0.530612
NLRP2_54997888	0.474022	0.428571
NLRP3_247434019	0.485392	0.510204
NLRP4_55860629	0.487360	0.469388
NLRP5_56050694	0.457855	0.448980
NLRP5_56053636	0.457855	0.530612
NLRP5_56058534	0.426131	0.489796
NLRP6_284201	0.530028	0.571429
NLRP7_54932769	0.476912	0.510204
NLRP7_54934780	0.500937	0.632653
NLRP7_54936628	0.489454	0.530612
NLRP8_55952872	0.481462	0.632653
NLRP8_55953039	0.481462	0.591837
NLRP8_55969855	0.430219	0.530612
NLRP8_55970491	0.430219	0.530612
NLRX1_119175406	0.479176	0.489796
NLRX1_119177058	0.479176	0.367347
NMB_84657398	0.550232	0.489796
NME2_51167437	0.509728	0.387755
NME5_138132606	0.433410	0.367347
NME5_138133044	0.433410	0.510204
NME5_138136891	0.433410	0.510204
NME8_37867283	0.398752	0.306122
NME8_37868991	0.391918	0.469388
NME9_138325034	0.399048	0.367347
NMI_151273268	0.408958	0.346939
NMI_151283031	0.412323	0.306122
NMS_100482137	0.479711	0.653061
NMT1_45082588	0.449632	0.367347
NMT1_45087664	0.484073	0.306122
NMT1_45094656	0.492469	0.612245
NMT1_45100080	0.521094	0.408163
NMT2_15128562	0.406417	0.408163
NMU_55599521	0.335821	0.387755
NMU_55609279	0.380414	0.428571
NMU_55609282	0.380414	0.428571
NMU_55635605	0.401068	0.510204
NNT_43621807	0.401873	0.489796
NNT_43622027	0.401873	0.408163
NOBOX_144398665	0.567493	0.591837
NOBOX_144400387	0.512960	0.510204
NOBOX_144401744	0.424354	0.408163
NOC2L_953552	0.632860	0.591837
NOC2L_954881	0.573913	0.448980
NOC2L_956042	0.592593	0.551020
NOC2L_956828	0.600295	0.653061
NOC3L_94338987	0.296407	0.285714
NOC3L_94340088	0.352113	0.489796
NOC3L_94346092	0.313883	0.387755
NOC3L_94358310	0.400696	0.448980
NOC3L_94361318	0.400696	0.448980
NOC4L_132149158	0.673381	0.653061
NOC4L_132150649	0.673381	0.612245
NOC4L_132150693	0.673381	0.632653
NOC4L_132150737	0.673381	0.653061
NOD1_30426848	0.479388	0.489796
NOD1_30427392	0.479388	0.469388
NOD1_30434787	0.452449	0.387755
NOD2_50716744	0.590909	0.693878
NOD2_50719329	0.517627	0.591837
NOD2_50719518	0.517627	0.551020
NOD2_50723560	0.411122	0.326531
NODAL_70436760	0.528865	0.551020
NODAL_70437967	0.528865	0.571429
NODAL_70440645	0.528865	0.755102
NOL10_10669746	0.365018	0.469388
NOL10_10673662	0.402952	0.326531
NOL10_10682818	0.438927	0.448980
NOL10_10689250	0.446845	0.469388
NOL12_37690668	0.526408	0.530612
NOL4L_32455767	0.604414	0.632653
NOL4L_32461793	0.596265	0.387755
NOL4L_32475032	0.576053	0.571429
NOL4L_32477081	0.576053	0.591837
NOL4_33958019	0.385576	0.428571
NOL7_13619940	0.430851	0.632653
NOL9_6546964	0.460820	0.612245
NOL9_6552344	0.499570	0.387755
NOM1_156952290	0.440823	0.469388
NOM1_156961204	0.498988	0.591837
NOM1_156962367	0.517426	0.612245
NOM1_156967431	0.480441	0.510204
NOP14_2939683	0.589876	0.653061
NOP14_2955651	0.539411	0.530612
NOP14_2962472	0.421620	0.469388
NOP58_202267070	0.424501	0.428571
NOS1_117218312	0.501571	0.551020
NOS1_117241391	0.460600	0.612245
NOS1_117253919	0.457346	0.428571
NOS1_117268984	0.485849	0.408163
NOS2_27767974	0.535558	0.489796
NOS2_27781267	0.549582	0.653061
NOS2_27787962	0.487780	0.632653
NOS3_150994933	0.588235	0.653061
NOSTRIN_168803976	0.386596	0.612245
NOSTRIN_168805225	0.386596	0.428571
NOSTRIN_168832629	0.385587	0.306122
NOSTRIN_168846950	0.409365	0.326531
NOSTRIN_168848110	0.409365	0.306122
NOSTRIN_168862542	0.414512	0.387755
NOTCH1_136503903	0.627422	0.653061
NOTCH1_136513313	0.665370	0.632653
NOTCH1_136530754	0.624676	0.551020
NOTCH1_136544755	0.674677	0.734694
NOTCH2_119920538	0.426616	0.591837
NOTCH2_119920584	0.426616	0.489796
NOTCH2_119924203	0.438636	0.469388
NOTCH2_119924976	0.438636	0.530612
NOTCH2_119938197	0.389151	0.367347
NOTCH2_119950079	0.431434	0.469388
NOTCH2_119959044	0.373888	0.326531
NOTCH3_15161955	0.493333	0.408163
NOTCH3_15178364	0.575137	0.571429
NOTCH3_15181835	0.466105	0.612245
NOTCH3_15183475	0.466105	0.448980
NOTCH3_15185111	0.565401	0.653061
NOTCH3_15185123	0.565401	0.591837
NOTCH3_15197167	0.543373	0.428571
NOTCH3_15200444	0.618573	0.591837
NOTCH3_15200527	0.618573	0.653061
NOTCH4_32204513	0.438699	0.489796
NOTCH4_32206915	0.438699	0.285714
NOTCH4_32219490	0.504383	0.469388
NOTCH4_32221325	0.513924	0.653061
NOTUM_81953857	0.530364	0.469388
NOTUM_81959955	0.784116	0.857143
NOVA2_45959875	0.526547	0.530612
NOX1_100871050	0.386280	0.551020
NOX1_100873080	0.386280	0.428571
NOX4_89341782	0.355415	0.387755
NOX4_89449848	0.352212	0.428571
NOX5_69035190	0.457611	0.530612
NOX5_69056505	0.499060	0.530612
NOXRED1_77414257	0.418380	0.591837
NOXRED1_77421668	0.418380	0.448980
NPAS1_47035807	0.505726	0.244898
NPAS1_47041542	0.564727	0.510204
NPAS2_100883001	0.449097	0.428571
NPAS2_100931997	0.416152	0.367347
NPAS2_100935130	0.436961	0.530612
NPAS2_100967348	0.480907	0.612245
NPAS2_100968715	0.482624	0.469388
NPC1_23535843	0.477366	0.489796
NPC1_23551273	0.421546	0.510204
NPC1_23551884	0.495050	0.510204
NPC2_74482262	0.393398	0.285714
NPC2_74488588	0.431912	0.551020
NPEPL1_58698289	0.574921	0.612245
NPEPL1_58703070	0.502850	0.612245
NPEPL1_58709078	0.585260	0.530612
NPEPL1_58709502	0.585260	0.612245
NPEPL1_58710675	0.585260	0.551020
NPEPPS_47612897	0.448405	0.612245
NPEPPS_47615907	0.402682	0.448980
NPFFR1_70260126	0.486492	0.408163
NPFFR1_70260532	0.486492	0.612245
NPHP3-ACAD11_132707741	0.394576	0.510204
NPHP3-ACAD11_132710676	0.382498	0.530612
NPHP4_5874014	0.563877	0.489796
NPHP4_5874029	0.563877	0.551020
NPHP4_5890468	0.556895	0.448980
NPHP4_5906728	0.480841	0.591837
NPHP4_5968178	0.504353	0.489796
NPHP4_5973650	0.512986	0.387755
NPHP4_5976280	0.512986	0.489796
NPHP4_5977438	0.512986	0.591837
NPHP4_5977531	0.512986	0.469388
NPHP4_5979150	0.463248	0.469388
NPHP4_5991229	0.526031	0.571429
NPHS1_35837520	0.435108	0.244898
NPHS1_35843165	0.458198	0.469388
NPLOC4_81595312	0.479532	0.571429
NPLOC4_81606390	0.466633	0.551020
NPLOC4_81629508	0.488853	0.367347
NPL_182812478	0.397820	0.489796
NPL_182814131	0.397820	0.551020
NPM2_22025374	0.674419	0.693878
NPNT_105937513	0.314846	0.367347
NPR2_35802433	0.337900	0.306122
NPRL3_134901	0.442974	0.469388
NPRL3_88559	0.569787	0.571429
NPSR1_34847315	0.420000	0.428571
NPSR1_34848400	0.420000	0.510204
NPTN_73565542	0.437609	0.408163
NPTN_73570621	0.452131	0.632653
NPTX2_98620557	0.518175	0.448980
NPTX2_98621160	0.518175	0.469388
NPTX2_98628282	0.588458	0.551020
NPTXR_38827594	0.511371	0.530612
NPVF_25225937	0.400826	0.448980
NPVF_25228094	0.308235	0.448980
NQO1_69711588	0.475372	0.530612
NQO1_69722879	0.474171	0.326531
NQO2_3010414	0.405268	0.408163
NQO2_3011423	0.405268	0.285714
NQO2_3012001	0.405268	0.346939
NQO2_3014328	0.495972	0.510204
NR0B1_30306701	0.397094	0.510204
NR1D2_23947903	0.448781	0.673469
NR1D2_23959643	0.416643	0.306122
NR1H2_50380014	0.580058	0.551020
NR1H2_50381493	0.580058	0.591837
NR1I2_119808203	0.553004	0.469388
NR1I2_119809223	0.553004	0.510204
NR2C1_95023045	0.378733	0.673469
NR2C1_95051475	0.380934	0.367347
NR2C2_15034059	0.452282	0.510204
NR2C2_15035588	0.459561	0.489796
NR2E1_108166941	0.577673	0.571429
NR2E1_108167879	0.577673	0.448980
NR2E1_108168400	0.577673	0.693878
NR2E1_108171787	0.443688	0.489796
NR2E1_108174058	0.443688	0.387755
NR2E3_71811357	0.629630	0.591837
NR3C1_143312409	0.382034	0.387755
NR3C1_143389347	0.369471	0.408163
NR5A1_124494137	0.586023	0.632653
NR5A1_124494377	0.586023	0.571429
NR5A1_124495120	0.586023	0.632653
NR5A1_124501919	0.577655	0.510204
NR5A2_200041845	0.529412	0.591837
NR6A1_124525774	0.447769	0.367347
NRAP_113596949	0.391753	0.448980
NRAP_113612618	0.483724	0.571429
NRAP_113621414	0.455172	0.469388
NRAP_113625529	0.496416	0.448980
NRAP_113641194	0.335915	0.387755
NRAP_113651943	0.418695	0.591837
NRBP1_27435555	0.478689	0.530612
NRCAM_108179314	0.428910	0.469388
NRCAM_108234376	0.369903	0.428571
NRCAM_108234775	0.381978	0.285714
NRDC_51792180	0.503597	0.551020
NRDE2_90287741	0.484919	0.510204
NRDE2_90298595	0.446816	0.551020
NRDE2_90303607	0.410383	0.448980
NRDE2_90305791	0.409936	0.469388
NRG2_139849035	0.537509	0.632653
NRG2_139852096	0.565000	0.612245
NRG2_139855337	0.503399	0.469388
NRG3_82978171	0.392134	0.448980
NRGN_124743339	0.492504	0.489796
NRK_105895152	0.353691	0.408163
NRK_105898860	0.367840	0.326531
NRK_105946590	0.334084	0.408163
NRM_30690523	0.515050	0.530612
NRN1_6004063	0.531094	0.551020
NRP1_33187894	0.448032	0.551020
NRP1_33188431	0.448032	0.551020
NRP1_33219636	0.397950	0.285714
NRP1_33225030	0.438876	0.428571
NRSN2_352472	0.456618	0.306122
NRSN2_352772	0.456618	0.367347
NRTN_5827396	0.593439	0.653061
NRTN_5827429	0.593439	0.673469
NRXN2_64627589	0.541439	0.571429
NRXN2_64632780	0.565254	0.469388
NRXN2_64633121	0.565254	0.612245
NSA2_74772420	0.421001	0.448980
NSD1_177248078	0.427023	0.469388
NSD1_177280563	0.419174	0.448980
NSD1_177293337	0.410042	0.285714
NSD2_1902500	0.490553	0.551020
NSD2_1931308	0.475646	0.510204
NSD2_1935049	0.475646	0.510204
NSD2_1937193	0.443852	0.571429
NSD3_38282346	0.413009	0.489796
NSD3_38305018	0.375510	0.448980
NSD3_38319328	0.329423	0.285714
NSD3_38336997	0.379068	0.367347
NSD3_38345168	0.393858	0.306122
NSDHL_152851089	0.444644	0.285714
NSDHL_152865025	0.514221	0.510204
NSFL1C_1454025	0.416045	0.551020
NSFL1C_1464525	0.490188	0.469388
NSFL1C_1465633	0.490188	0.469388
NSFL1C_1465710	0.490188	0.428571
NSF_46634623	0.394946	0.612245
NSF_46637664	0.386300	0.408163
NSMAF_58643301	0.420207	0.326531
NSMCE2_125356934	0.399555	0.510204
NSMCE4A_121961696	0.426744	0.448980
NSMF_137455445	0.623753	0.693878
NSMF_137456674	0.584783	0.510204
NSRP1_30172414	0.383516	0.326531
NSUN2_6600616	0.497307	0.551020
NSUN2_6600914	0.497307	0.612245
NSUN2_6606517	0.430900	0.653061
NSUN2_6624057	0.410009	0.530612
NSUN4_46351304	0.470994	0.591837
NSUN4_46358676	0.447557	0.571429
NSUN5_73304036	0.502591	0.510204
NSUN5_73307260	0.500000	0.448980
NSUN7_40774574	0.297994	0.265306
NSUN7_40801227	0.391491	0.387755
NT5C1A_39661788	0.532715	0.408163
NT5C1A_39663887	0.502876	0.632653
NT5C1A_39665812	0.528708	0.551020
NT5C1A_39665859	0.528708	0.591837
NT5C2_103093446	0.373112	0.367347
NT5C2_103096308	0.379389	0.469388
NT5C2_103171557	0.385070	0.551020
NT5C3B_41829836	0.471320	0.551020
NT5C3B_41829955	0.471320	0.551020
NT5C3B_41833012	0.435185	0.367347
NT5DC2_52533501	0.629665	0.734694
NT5DC3_103791919	0.453817	0.510204
NT5DC3_103792646	0.453817	0.510204
NT5DC4_112725884	0.588321	0.530612
NT5DC4_112725903	0.588321	0.510204
NT5E_85461938	0.436584	0.612245
NT5E_85488154	0.453094	0.489796
NT5E_85489387	0.453094	0.489796
NT5M_17306179	0.514495	0.469388
NTAN1_15047550	0.516447	0.530612
NTAN1_15050802	0.468233	0.285714
NTAN1_15051105	0.468233	0.408163
NTM_132308264	0.411713	0.265306
NTN1_9182119	0.544441	0.673469
NTN4_95789425	0.462312	0.612245
NTN5_48668266	0.527380	0.571429
NTNG2_132231567	0.590385	0.591837
NTNG2_132239022	0.590385	0.653061
NTRK1_156862146	0.552541	0.551020
NTRK1_156862155	0.552541	0.530612
NTRK1_156866479	0.561611	0.612245
NTRK1_156869785	0.506218	0.571429
NTRK2_84710464	0.378855	0.408163
NTRK3_87931025	0.452614	0.489796
NTRK3_88131090	0.437480	0.387755
NTRK3_88131890	0.437480	0.612245
NTRK3_88183936	0.580952	0.571429
NTSR2_11659845	0.548485	0.530612
NUAK1_106068471	0.434351	0.591837
NUAK2_205312011	0.495926	0.448980
NUB1_151345284	0.434733	0.306122
NUB1_151367507	0.408163	0.469388
NUBP1_10744967	0.490738	0.510204
NUBP1_10755378	0.485207	0.469388
NUBPL_31722549	0.384974	0.387755
NUCB1_48908878	0.509975	0.591837
NUCB1_48912445	0.496018	0.428571
NUCB2_17301514	0.412147	0.612245
NUCKS1_205728717	0.344281	0.285714
NUDCD3_44389322	0.497328	0.551020
NUDCD3_44473181	0.426324	0.469388
NUDC_26923343	0.490505	0.326531
NUDT12_103554303	0.299182	0.326531
NUDT12_103557774	0.341007	0.469388
NUDT13_73123987	0.442227	0.469388
NUDT14_105174566	0.640281	0.632653
NUDT15_48039010	0.467993	0.530612
NUDT18_22108662	0.613636	0.510204
NUDT18_22109085	0.613636	0.734694
NUDT21_56436846	0.398177	0.367347
NUDT21_56439793	0.407327	0.326531
NUDT21_56450292	0.394253	0.510204
NUDT3_34293995	0.438480	0.428571
NUDT3_34295237	0.438480	0.469388
NUDT3_34295412	0.438480	0.530612
NUDT3_34295858	0.410690	0.510204
NUDT4_93398921	0.327103	0.326531
NUDT5_12171185	0.391703	0.265306
NUDT5_12175195	0.497361	0.591837
NUDT7_77724088	0.473871	0.530612
NUDT9_87445238	0.368807	0.387755
NUF2_163343591	0.346038	0.346939
NUF2_163343595	0.346038	0.306122
NUF2_163348331	0.333002	0.265306
NUF2_163354506	0.344899	0.306122
NUFIP2_29266825	0.412251	0.448980
NUGGC_28027491	0.457298	0.469388
NUGGC_28028999	0.457298	0.408163
NUGGC_28034892	0.460492	0.306122
NUGGC_28055412	0.433070	0.591837
NUGGC_28058565	0.478362	0.510204
NUGGC_28060888	0.494133	0.551020
NUGGC_28067019	0.396118	0.530612
NUGGC_28069818	0.437396	0.530612
NUMBL_40672290	0.508276	0.612245
NUMBL_40672295	0.508276	0.591837
NUMB_73296739	0.406135	0.448980
NUP107_68688761	0.407839	0.387755
NUP107_68709022	0.436231	0.346939
NUP107_68714752	0.359186	0.367347
NUP133_229487021	0.392743	0.612245
NUP133_229499950	0.313767	0.306122
NUP153_17624943	0.392197	0.408163
NUP153_17646438	0.396489	0.632653
NUP155_37336731	0.415631	0.469388
NUP155_37349637	0.292123	0.346939
NUP155_37351938	0.447826	0.510204
NUP160_47791119	0.418927	0.448980
NUP160_47803683	0.391304	0.387755
NUP160_47808732	0.409451	0.326531
NUP160_47842306	0.437801	0.448980
NUP160_47845739	0.437801	0.469388
NUP160_47845751	0.437801	0.530612
NUP188_128958265	0.337349	0.408163
NUP188_128958766	0.337349	0.326531
NUP188_128975571	0.455755	0.591837
NUP188_128977419	0.455755	0.489796
NUP205_135603257	0.442379	0.551020
NUP205_135604575	0.369952	0.306122
NUP205_135607795	0.417268	0.306122
NUP205_135609783	0.417268	0.469388
NUP205_135627474	0.330850	0.326531
NUP205_135636570	0.350638	0.367347
NUP205_135637400	0.350638	0.346939
NUP210L_154027656	0.418625	0.285714
NUP210L_154027878	0.418625	0.346939
NUP210L_154052430	0.420336	0.591837
NUP210L_154118091	0.384810	0.571429
NUP210_13322870	0.533540	0.448980
NUP210_13325998	0.522957	0.612245
NUP210_13332864	0.532095	0.612245
NUP210_13333220	0.532095	0.612245
NUP210_13342231	0.477640	0.551020
NUP210_13347089	0.507988	0.571429
NUP210_13372722	0.582789	0.653061
NUP210_13374094	0.485276	0.530612
NUP210_13374818	0.485276	0.673469
NUP210_13391487	0.524880	0.510204
NUP210_13394693	0.524880	0.448980
NUP214_131149400	0.404527	0.428571
NUP214_131153868	0.420406	0.469388
NUP214_131154095	0.420406	0.408163
NUP214_131155033	0.420406	0.346939
NUP214_131196554	0.418011	0.346939
NUP214_131228487	0.492167	0.469388
NUP37_102116349	0.357423	0.306122
NUP43_149731840	0.440338	0.448980
NUP43_149735711	0.440338	0.469388
NUP43_149736729	0.421782	0.530612
NUP43_149738972	0.460537	0.367347
NUP43_149743313	0.421743	0.530612
NUP54_76146840	0.387846	0.367347
NUP58_25312831	0.412222	0.285714
NUP58_25336677	0.319695	0.346939
NUP58_25339587	0.309813	0.489796
NUP62CL_107167976	0.378560	0.387755
NUP85_75216499	0.473528	0.612245
NUP85_75227043	0.493053	0.428571
NUP93_56827715	0.410721	0.448980
NUP93_56829599	0.461213	0.408163
NUP93_56842342	0.464540	0.612245
NUP98_3681791	0.420223	0.408163
NUP98_3695766	0.426763	0.265306
NUP98_3708374	0.388814	0.387755
NUP98_3710180	0.388814	0.510204
NUP98_3738653	0.403855	0.591837
NUS1_117705987	0.381677	0.408163
NUSAP1_41366588	0.460333	0.551020
NUSAP1_41371392	0.460333	0.346939
NVL_224275087	0.428175	0.306122
NVL_224307289	0.421742	0.428571
NWD1_16736838	0.465059	0.469388
NWD1_16738074	0.465059	0.469388
NWD1_16761720	0.474118	0.367347
NWD1_16764993	0.498162	0.612245
NWD1_16772952	0.475482	0.551020
NWD1_16773013	0.475482	0.510204
NXF1_62805021	0.501481	0.571429
NXF3_103077561	0.455793	0.632653
NXF3_103083343	0.532258	0.571429
NXNL2_88535876	0.495719	0.510204
NXNL2_88536062	0.495719	0.673469
NXN_803239	0.574118	0.632653
NXN_822519	0.530664	0.612245
NXPE1_114530063	0.409591	0.510204
NXPE3_101817554	0.379600	0.530612
NXPE3_101817697	0.379600	0.510204
NXPH3_49578497	0.611111	0.612245
NYAP1_100491499	0.516863	0.530612
NYNRIN_24412440	0.522639	0.346939
OAF_120226786	0.583333	0.551020
OAS2_113000932	0.453661	0.612245
OAS2_113003165	0.455489	0.489796
OAS3_112939617	0.483927	0.428571
OAS3_112962988	0.548781	0.571429
OASL_121036061	0.485686	0.510204
OBSCN_228210945	0.627374	0.632653
OBSCN_228211557	0.627374	0.551020
OBSCN_228213925	0.742981	0.734694
OBSCN_228222821	0.512273	0.530612
OBSCN_228279735	0.630319	0.632653
OBSCN_228281492	0.637324	0.612245
OBSCN_228354454	0.602979	0.551020
OBSL1_219553417	0.561020	0.448980
OC90_132044769	0.432229	0.367347
OC90_132045704	0.432229	0.469388
OCA2_27847852	0.508769	0.571429
OCA2_27954218	0.489433	0.469388
OCA2_27955105	0.489433	0.448980
OCA2_27962348	0.408309	0.408163
OCA2_28019368	0.555415	0.551020
OCA2_28023730	0.518714	0.489796
OCA2_28024419	0.518714	0.571429
OCEL1_17227837	0.492188	0.551020
OCIAD2_48897950	0.342973	0.326531
OCIAD2_48902538	0.426503	0.510204
OCLN_69508168	0.423648	0.489796
OCRL_129542256	0.384373	0.448980
OCRL_129579316	0.371326	0.326531
OCRL_129582470	0.371326	0.387755
OCRL_129587301	0.428302	0.367347
OCSTAMP_46546574	0.472176	0.489796
OCSTAMP_46548310	0.472176	0.469388
OCSTAMP_46549964	0.472176	0.591837
ODAM_70202024	0.366402	0.408163
ODF3L1_75725731	0.604291	0.653061
ODF3L2_472153	0.563161	0.530612
ODF3L2_474207	0.600755	0.734694
OFD1_13737067	0.342870	0.469388
OFD1_13755495	0.387266	0.489796
OFD1_13755796	0.387266	0.326531
OGDHL_49749337	0.511720	0.551020
OGDHL_49755991	0.449814	0.612245
OGDHL_49756464	0.449814	0.387755
OGDHL_49759428	0.593964	0.612245
OGDH_44674035	0.556503	0.653061
OGDH_44700672	0.581304	0.571429
OGDH_44702269	0.469068	0.673469
OGDH_44702528	0.469068	0.469388
OGFOD1_56452548	0.447193	0.530612
OGFOD1_56453959	0.403580	0.346939
OGFOD1_56456021	0.403580	0.469388
OGFOD3_82402927	0.527506	0.653061
OGFOD3_82406808	0.532756	0.530612
OGFRL1_71290090	0.406114	0.306122
OGFRL1_71299675	0.339536	0.387755
OGFR_62811788	0.651050	0.591837
OGG1_9751733	0.450607	0.591837
OLA1_174208507	0.360228	0.428571
OLFM1_135096689	0.467343	0.428571
OLFM4_53029910	0.421896	0.469388
OLFML2B_162005760	0.491104	0.326531
OLFML2B_162019857	0.460805	0.448980
OMA1_58532535	0.325783	0.265306
OOSP2_60044526	0.345064	0.387755
OPA1_193618546	0.347442	0.428571
OPA1_193618561	0.347442	0.367347
OPA3_45558338	0.484574	0.326531
OPA3_45559509	0.484574	0.571429
OPHN1_68113372	0.394807	0.387755
OPHN1_68212286	0.401455	0.387755
OPLAH_144054276	0.633248	0.571429
OPN4_86658812	0.592775	0.571429
OPN5_47791732	0.386147	0.551020
OPN5_47811388	0.394448	0.408163
OPRK1_53234482	0.380402	0.489796
OR2C3_247532832	0.416149	0.530612
ORAI2_102436051	0.572040	0.612245
ORAI2_102438718	0.492720	0.551020
ORAI2_102444223	0.506479	0.408163
ORAI2_102446370	0.506479	0.632653
ORAOV1_69673517	0.536403	0.448980
ORC1_52382440	0.475271	0.469388
ORC1_52388178	0.453852	0.489796
ORC1_52393012	0.416889	0.428571
ORC2_200918877	0.416439	0.346939
ORC3_87607547	0.392489	0.244898
ORC3_87618855	0.387536	0.448980
ORC3_87661776	0.411517	0.285714
ORC4_147973708	0.344973	0.285714
ORC5_104191869	0.344771	0.469388
OSBPL10_31754052	0.421599	0.408163
OSBPL1A_24167162	0.463259	0.571429
OSBPL1A_24314699	0.337380	0.346939
OSBPL1A_24315968	0.337380	0.469388
OSBPL2_62283185	0.489843	0.510204
OSBPL2_62289071	0.544689	0.530612
OSBPL2_62289081	0.544689	0.571429
OSBPL2_62292235	0.507785	0.551020
OSBPL3_24803521	0.424783	0.612245
OSBPL3_24831633	0.449441	0.448980
OSBPL3_24850378	0.416291	0.591837
OSBPL3_24876952	0.393756	0.306122
OSBPL3_24964535	0.404462	0.469388
OSBPL5_3099767	0.471063	0.489796
OSBPL5_3107570	0.634921	0.510204
OSBPL5_3120776	0.556122	0.653061
OSBPL5_3120787	0.556122	0.612245
OSBPL5_3124505	0.556380	0.510204
OSBPL5_3127864	0.620676	0.653061
OSBPL5_3128064	0.620676	0.530612
OSBPL6_178317365	0.387703	0.448980
OSBPL6_178318779	0.387703	0.571429
OSBPL9_51724542	0.384092	0.530612
OSBPL9_51751574	0.376225	0.367347
OSBPL9_51753698	0.376225	0.326531
OSBPL9_51775772	0.374787	0.428571
OSBPL9_51776527	0.374787	0.428571
OSBP_59578386	0.432447	0.387755
OSBP_59581695	0.422276	0.265306
OSBP_59594862	0.436058	0.469388
OSCAR_54102452	0.491187	0.510204
OSGIN1_83958930	0.510848	0.551020
OSGIN1_83962753	0.514164	0.510204
OSGIN1_83963960	0.514164	0.612245
OSMR_38876820	0.437249	0.469388
OSMR_38917892	0.435497	0.428571
OSTC_108654251	0.408262	0.408163
OSTM1_108045349	0.379420	0.428571
OTC_38403190	0.373230	0.448980
OTOA_21697299	0.440447	0.448980
OTOA_21706338	0.467247	0.612245
OTOA_21717603	0.466187	0.469388
OTOA_21721524	0.406176	0.408163
OTOA_21724383	0.447235	0.530612
OTOA_21744594	0.401057	0.428571
OTOF_26465176	0.588785	0.693878
OTOF_26470486	0.453730	0.469388
OTOF_26475572	0.585714	0.591837
OTOF_26475588	0.585714	0.591837
OTOF_26488980	0.538125	0.489796
OTOF_26503971	0.529987	0.632653
OTOGL_80213961	0.398393	0.448980
OTOGL_80217905	0.380642	0.346939
OTOGL_80229564	0.337888	0.489796
OTOGL_80278597	0.316489	0.285714
OTOL1_161501282	0.360473	0.326531
OTOL1_161502549	0.359756	0.448980
OTOP1_4211651	0.407748	0.612245
OTOP2_74925113	0.596721	0.571429
OTOP2_74928485	0.516129	0.530612
OTOP3_74944013	0.476499	0.571429
OTOP3_74947844	0.519209	0.571429
OTP_77632523	0.421009	0.571429
OTP_77632602	0.421009	0.530612
OTP_77637665	0.489080	0.632653
OTUD3_19888492	0.420784	0.306122
OTUD3_19892312	0.409494	0.428571
OTUD3_19897468	0.385747	0.551020
OTUD4_145145609	0.357533	0.408163
OTUD4_145152834	0.363243	0.551020
OTUD4_145156051	0.393326	0.346939
OTUD4_145164540	0.284632	0.346939
OTUD6B_91072083	0.365604	0.346939
OTUD6B_91082944	0.346659	0.571429
OTUD7A_31486657	0.566626	0.673469
OTUD7A_31503343	0.529984	0.632653
OTUD7A_31529717	0.509712	0.489796
OTUD7A_31529944	0.509712	0.489796
OTUD7B_149959437	0.428873	0.367347
OTULIN_14666737	0.425323	0.408163
OTULIN_14670746	0.425323	0.510204
OTULIN_14689926	0.392559	0.428571
OTX2_56802987	0.437773	0.448980
OTX2_56804971	0.519076	0.530612
OVCH1_29433201	0.394625	0.448980
OVCH1_29441878	0.370097	0.408163
OVCH1_29475932	0.348425	0.346939
OVCH2_7689858	0.408100	0.428571
OVCH2_7692490	0.403658	0.469388
OVCH2_7695499	0.480315	0.571429
OVCH2_7701876	0.452174	0.530612
OVGP1_111415484	0.428425	0.367347
OVGP1_111417398	0.414789	0.408163
OVGP1_111419274	0.414789	0.326531
OVGP1_111420502	0.433828	0.530612
OVGP1_111420517	0.433828	0.571429
OVGP1_111420531	0.433828	0.571429
OVGP1_111421106	0.433828	0.306122
OVGP1_111421893	0.456504	0.510204
OVOL2_18041815	0.473716	0.653061
OVOL3_36112572	0.509050	0.489796
OXA1L_22767212	0.619048	0.571429
OXA1L_22769789	0.402718	0.469388
OXCT1_41737173	0.367502	0.387755
OXCT1_41800286	0.386958	0.387755
OXCT1_41861864	0.368634	0.306122
OXCT1_41869191	0.417264	0.551020
OXGR1_96992920	0.497971	0.448980
OXNAD1_16287954	0.396931	0.571429
OXNAD1_16298631	0.381412	0.612245
OXR1_106692287	0.320268	0.408163
OXR1_106734582	0.341237	0.367347
OXSR1_38195376	0.353590	0.367347
OXSR1_38197240	0.353590	0.469388
OXSR1_38216857	0.364725	0.408163
OXSR1_38234759	0.378745	0.428571
OXSR1_38240351	0.344404	0.428571
OXSR1_38250567	0.388728	0.387755
P2RX1_3898882	0.580729	0.510204
P2RX4_121230828	0.520519	0.530612
P2RX5_3677401	0.555847	0.612245
P2RX5_3689060	0.647541	0.653061
P2RX5_3691098	0.586039	0.612245
P2RX7_121167681	0.457942	0.469388
P2RY10_78945795	0.407934	0.428571
P2RY10_78947548	0.407934	0.469388
P3H2_189960628	0.430035	0.387755
P4HA1_73073044	0.401935	0.612245
P4HA2_132194226	0.452575	0.285714
P4HA2_132205175	0.472574	0.530612
P4HA2_132207407	0.472574	0.489796
P4HA2_132207969	0.531524	0.632653
P4HA2_132209430	0.489496	0.551020
P4HA2_132209448	0.489496	0.510204
P4HA3_74267595	0.490315	0.448980
P4HA3_74278783	0.436915	0.489796
P4HA3_74304213	0.428145	0.469388
P4HA3_74305085	0.423060	0.673469
PA2G4_56106988	0.413919	0.387755
PA2G4_56112658	0.459397	0.632653
PAAF1_73878743	0.416959	0.387755
PAAF1_73884127	0.442583	0.448980
PABPC1L_44912607	0.508825	0.489796
PABPC1L_44914057	0.463608	0.530612
PABPC1L_44923700	0.504323	0.591837
PABPC1L_44934109	0.450340	0.469388
PABPC1L_44936572	0.433714	0.530612
PABPC1L_44938591	0.524896	0.591837
PABPC4L_134201515	0.646186	0.734694
PABPN1L_88865296	0.615207	0.510204
PACS1_66219379	0.513131	0.673469
PACS1_66219413	0.513131	0.653061
PACS1_66240346	0.542578	0.653061
PACS2_105353979	0.603328	0.591837
PACS2_105393104	0.672872	0.571429
PACSIN2_42882807	0.530514	0.653061
PACSIN2_42886475	0.554521	0.408163
PACSIN2_42892116	0.544855	0.612245
PACSIN2_42893168	0.544855	0.510204
PADI1_17231559	0.498364	0.612245
PADI1_17239604	0.534205	0.612245
PADI1_17243627	0.523546	0.408163
PADI2_17076210	0.515116	0.306122
PADI2_17079434	0.504634	0.653061
PADI2_17096173	0.521380	0.591837
PADI3_17259863	0.532435	0.612245
PADI3_17264496	0.418477	0.408163
PADI3_17270696	0.526767	0.591837
PADI3_17274317	0.521483	0.571429
PADI3_17281320	0.518790	0.510204
PADI3_17282732	0.518790	0.448980
PADI4_17339054	0.511749	0.469388
PADI4_17345738	0.490483	0.448980
PADI4_17358713	0.498318	0.387755
PADI4_17362556	0.507902	0.469388
PADI6_17380820	0.498584	0.428571
PADI6_17381707	0.500000	0.530612
PADI6_17389222	0.523662	0.632653
PADI6_17391756	0.523662	0.571429
PAEP_135563212	0.585926	0.734694
PAFAH1B1_2665082	0.425456	0.387755
PAFAH1B1_2665878	0.402504	0.591837
PAFAH1B3_42300428	0.490373	0.428571
PAFAH1B3_42301460	0.490373	0.448980
PAFAH2_25969058	0.450544	0.510204
PAFAH2_25975904	0.446578	0.448980
PAFAH2_25993409	0.459573	0.551020
PAG1_80988493	0.479312	0.448980
PAH_102840230	0.403895	0.387755
PAH_102844509	0.427527	0.367347
PAH_102915392	0.390700	0.510204
PAICS_56452619	0.396129	0.530612
PAIP1_43528484	0.346287	0.367347
PAIP1_43540068	0.371724	0.285714
PAIP1_43543346	0.395359	0.408163
PAIP2_139363723	0.437138	0.346939
PAIP2_139364420	0.393136	0.367347
PAK1IP1_10695547	0.398403	0.510204
PAK1_77342584	0.381342	0.387755
PAK1_77356506	0.379378	0.387755
PAK1_77357628	0.379378	0.448980
PAK1_77374909	0.399179	0.448980
PAK1_77388951	0.403372	0.346939
PAK2_196787389	0.421254	0.530612
PAK2_196807119	0.378082	0.306122
PAK3_111098856	0.488126	0.448980
PAK3_111192321	0.339394	0.469388
PAK3_111194937	0.354884	0.530612
PAK5_9539727	0.419137	0.346939
PAK6_40240447	0.578529	0.632653
PAK6_40268293	0.566341	0.632653
PAK6_40271967	0.566341	0.591837
PAK6_40271983	0.566341	0.612245
PALB2_23620181	0.427135	0.408163
PALD1_70526783	0.496766	0.510204
PALD1_70544217	0.495755	0.510204
PALLD_168710042	0.420880	0.346939
PALLD_168894013	0.366941	0.530612
PALM2_109929160	0.465079	0.285714
PALM2_109930900	0.465079	0.489796
PALMD_99693921	0.347082	0.367347
PALM_734056	0.570208	0.571429
PALM_741340	0.547147	0.673469
PAM16_4349641	0.545214	0.591837
PAMR1_35439768	0.401791	0.469388
PAMR1_35473465	0.452112	0.469388
PAM_102949261	0.301558	0.306122
PAN3_28262502	0.360921	0.428571
PAN3_28264306	0.360921	0.530612
PAN3_28275082	0.371346	0.408163
PAN3_28280140	0.379901	0.408163
PANK1_89594272	0.386355	0.489796
PANK4_2513039	0.645530	0.632653
PANX2_50178718	0.691149	0.612245
PAOX_133387649	0.494413	0.673469
PAPD4_79613246	0.371328	0.428571
PAPD4_79616702	0.371328	0.428571
PAPD5_50214663	0.389596	0.244898
PAPD7_6740919	0.471748	0.469388
PAPD7_6752363	0.463881	0.489796
PAPD7_6752551	0.463881	0.653061
PAPD7_6753638	0.482779	0.612245
PAPLN_73240386	0.544793	0.346939
PAPLN_73245332	0.548387	0.530612
PAPLN_73247298	0.491071	0.408163
PAPLN_73253399	0.638037	0.673469
PAPLN_73258339	0.479293	0.326531
PAPLN_73259191	0.593301	0.632653
PAPLN_73267076	0.544928	0.530612
PAPOLA_96553988	0.381203	0.326531
PAPOLA_96554502	0.381203	0.428571
PAPOLG_60758045	0.423859	0.408163
PAPOLG_60784392	0.417180	0.367347
PAPOLG_60788463	0.428261	0.591837
PAPPA2_176706823	0.359570	0.448980
PAPPA_116208056	0.408719	0.387755
PAPPA_116231923	0.421698	0.408163
PAPPA_116333207	0.493729	0.530612
PAPPA_116347579	0.423399	0.408163
PAPPA_116347857	0.423399	0.448980
PAPPA_116353012	0.429787	0.448980
PAPPA_116357523	0.445101	0.551020
PAPPA_116365370	0.467686	0.612245
PAPSS1_107688692	0.398756	0.530612
PAPSS1_107689897	0.398756	0.387755
PAPSS2_87709048	0.400838	0.244898
PAQR3_78928826	0.379890	0.326531
PAQR3_78935517	0.407082	0.346939
PAQR5_69390643	0.521920	0.428571
PAQR5_69395059	0.521920	0.571429
PAQR5_69395645	0.521920	0.530612
PAQR5_69399053	0.484848	0.551020
PAQR5_69399822	0.484848	0.591837
PAQR7_25869615	0.507485	0.469388
PARD3B_204663601	0.377036	0.530612
PARD3B_205119619	0.411557	0.448980
PARD3B_205179450	0.383736	0.530612
PARD3_34342588	0.351496	0.387755
PARD3_34399621	0.327944	0.408163
PARD3_34712120	0.429923	0.510204
PARD6B_50737091	0.418055	0.448980
PARG_49827007	0.386362	0.530612
PARG_49834122	0.374959	0.448980
PARG_49880524	0.385704	0.346939
PARG_49922823	0.404666	0.510204
PARG_49934386	0.438596	0.448980
PARK7_7970275	0.434520	0.346939
PARK7_7977227	0.450359	0.489796
PARL_183835237	0.421560	0.285714
PARN_14503535	0.416632	0.489796
PARN_14583807	0.372263	0.612245
PARN_14586664	0.440842	0.326531
PARN_14604374	0.422685	0.510204
PARN_14628951	0.383643	0.448980
PARP10_143979333	0.518144	0.448980
PARP11_3815454	0.385867	0.326531
PARP12_140025582	0.482838	0.428571
PARP12_140038238	0.483496	0.571429
PARP12_140053911	0.418474	0.510204
PARP12_140060487	0.511032	0.387755
PARP14_122695098	0.421582	0.551020
PARP14_122695265	0.421582	0.448980
PARP14_122698864	0.386906	0.367347
PARP14_122705742	0.365010	0.326531
PARP14_122715874	0.420214	0.265306
PARP14_122716553	0.420214	0.408163
PARP14_122722798	0.383942	0.367347
PARP15_122611644	0.454113	0.387755
PARP15_122619690	0.399847	0.408163
PARP15_122620593	0.463125	0.367347
PARP15_122630219	0.406572	0.448980
PARP15_122632084	0.406572	0.428571
PARP16_65260241	0.468260	0.510204
PARP1_226368793	0.481061	0.469388
PARP1_226378922	0.433079	0.448980
PARP3_51943646	0.634545	0.612245
PARP4_24436311	0.409355	0.285714
PARP4_24440272	0.409355	0.530612
PARP4_24449548	0.432635	0.551020
PARP4_24456546	0.437037	0.448980
PARP4_24479887	0.444950	0.510204
PARP4_24480121	0.444950	0.551020
PARP6_72257720	0.401007	0.326531
PARP6_72265631	0.434988	0.469388
PARP6_72265670	0.434988	0.469388
PARP8_50796660	0.310102	0.367347
PARP9_122530631	0.421201	0.326531
PARP9_122531121	0.421201	0.387755
PARP9_122550860	0.437771	0.428571
PARP9_122554274	0.389645	0.387755
PARPBP_102149811	0.389084	0.387755
PARVA_12414899	0.427820	0.530612
PARVA_12473552	0.427820	0.489796
PARVA_12474224	0.493140	0.530612
PARVA_12496386	0.407067	0.469388
PARVA_12504603	0.431873	0.469388
PARVA_12509378	0.448624	0.551020
PARVA_12516651	0.509876	0.448980
PARVB_44132552	0.528436	0.489796
PARVB_44155157	0.486159	0.612245
PARVB_44160481	0.528230	0.591837
PARVG_44195462	0.497640	0.530612
PARVG_44202713	0.559426	0.591837
PASD1_151620823	0.381103	0.510204
PASK_241124133	0.512609	0.530612
PASK_241125779	0.512609	0.551020
PASK_241130619	0.505164	0.428571
PASK_241136364	0.560166	0.653061
PASK_241138273	0.469965	0.448980
PASK_241139410	0.497248	0.510204
PASK_241142011	0.539606	0.510204
PATE1_125748073	0.444015	0.326531
PATJ_61762545	0.433504	0.326531
PATJ_61793404	0.390893	0.326531
PATJ_61805000	0.331702	0.367347
PATJ_61822698	0.420771	0.448980
PATJ_61855926	0.372055	0.408163
PATJ_61877715	0.394250	0.428571
PATJ_61903138	0.402054	0.346939
PATJ_62109159	0.407809	0.530612
PATJ_62116304	0.382057	0.346939
PATJ_62125895	0.420313	0.551020
PATJ_62126948	0.420313	0.346939
PATJ_62127408	0.420313	0.326531
PATL1_59655031	0.401379	0.469388
PATL1_59667044	0.451983	0.285714
PATL1_59668015	0.451983	0.530612
PATL2_44668602	0.505030	0.510204
PATZ1_31332747	0.487661	0.551020
PAWR_79594531	0.365912	0.326531
PAWR_79673320	0.363494	0.591837
PAX5_36842079	0.525782	0.571429
PAX5_36842560	0.525782	0.408163
PAX8_113221325	0.448251	0.510204
PAX8_113222593	0.448251	0.551020
PAXBP1_32770519	0.442516	0.346939
PAXIP1_154987394	0.383162	0.306122
PBDC1_76174380	0.414044	0.469388
PBK_27833291	0.426737	0.612245
PBLD_68291705	0.464883	0.448980
PBRM1_52556003	0.397996	0.510204
PBRM1_52560192	0.397996	0.408163
PBRM1_52589297	0.417666	0.367347
PBRM1_52605978	0.395699	0.367347
PBRM1_52639933	0.424349	0.326531
PBRM1_52651289	0.389512	0.428571
PBX1_164795330	0.426149	0.448980
PBX1_164796313	0.426149	0.448980
PBX1_164800135	0.403424	0.428571
PBX1_164802839	0.403424	0.346939
PBX3_125933382	0.380732	0.489796
PBX3_125944439	0.385867	0.489796
PBXIP1_154952148	0.565466	0.591837
PCBD1_70887119	0.577470	0.571429
PCBD2_134910263	0.486402	0.367347
PCBP2_53456746	0.443119	0.408163
PCBP2_53459199	0.443119	0.346939
PCBP3_45902758	0.533916	0.612245
PCBP3_45905951	0.533916	0.571429
PCBP3_45912130	0.596918	0.673469
PCBP3_45930086	0.618987	0.489796
PCBP3_45938822	0.568163	0.510204
PCBP3_45940849	0.640816	0.632653
PCCA_100104137	0.407995	0.367347
PCCA_100521860	0.456513	0.591837
PCCB_136251341	0.486691	0.591837
PCCB_136253943	0.486691	0.346939
PCCB_136254117	0.486691	0.346939
PCCB_136258902	0.435538	0.510204
PCCB_136297786	0.402006	0.428571
PCCB_136327873	0.497561	0.551020
PCCB_136327961	0.497561	0.591837
PCDH12_141949098	0.466078	0.632653
PCDH15_53827335	0.294745	0.326531
PCDH15_53836689	0.337127	0.367347
PCDH15_53837268	0.337127	0.326531
PCDH19_100406217	0.410670	0.367347
PCGF2_38738097	0.524290	0.551020
PCGF3_738109	0.531922	0.714286
PCGF3_764788	0.569536	0.530612
PCGF5_91244928	0.379480	0.346939
PCGF5_91245723	0.379480	0.571429
PCGF5_91249997	0.320608	0.428571
PCGF5_91264994	0.345792	0.367347
PCGF5_91268541	0.345792	0.367347
PCID2_113195272	0.412322	0.591837
PCID2_113202911	0.452858	0.265306
PCIF1_45940265	0.517181	0.469388
PCLAF_64381157	0.634146	0.530612
PCLO_82803253	0.311035	0.428571
PCLO_82833169	0.334805	0.489796
PCLO_82840604	0.304236	0.367347
PCLO_82842864	0.323584	0.408163
PCM1_17944674	0.346259	0.408163
PCM1_17954329	0.361367	0.530612
PCM1_17955275	0.361367	0.367347
PCM1_17969079	0.364090	0.244898
PCM1_18008409	0.360432	0.367347
PCMT1_149791287	0.423782	0.367347
PCMT1_149792346	0.423782	0.387755
PCNP_101585170	0.408321	0.428571
PCNT_46353899	0.554545	0.693878
PCNT_46353946	0.554545	0.428571
PCNT_46358465	0.490140	0.551020
PCNT_46359255	0.490140	0.530612
PCNT_46366240	0.556059	0.591837
PCNT_46370108	0.508657	0.551020
PCNT_46391539	0.503736	0.591837
PCNT_46392361	0.503736	0.571429
PCNT_46398456	0.508995	0.510204
PCNT_46400835	0.469783	0.448980
PCNT_46402835	0.445261	0.469388
PCNT_46403587	0.445261	0.612245
PCNT_46404482	0.445261	0.693878
PCNT_46408561	0.445261	0.367347
PCNT_46410129	0.445261	0.673469
PCNT_46411018	0.445261	0.693878
PCNT_46413445	0.567295	0.653061
PCNT_46419961	0.546274	0.428571
PCNX1_70976765	0.388584	0.367347
PCNX1_71000743	0.351474	0.591837
PCNX1_71011276	0.294850	0.428571
PCNX1_71015278	0.334654	0.285714
PCNX1_71074368	0.398745	0.551020
PCNX2_233016772	0.432105	0.285714
PCOLCE2_142832471	0.385857	0.448980
PCP4L1_161284042	0.425325	0.428571
PCSK1_96402258	0.394973	0.551020
PCSK1_96410257	0.446939	0.571429
PCSK1_96422131	0.399705	0.367347
PCSK2_17431209	0.453369	0.591837
PCSK4_1487409	0.712803	0.673469
PCSK5_76026832	0.380968	0.448980
PCSK5_76173352	0.397668	0.510204
PCSK5_76180722	0.429076	0.408163
PCSK5_76191748	0.367908	0.530612
PCSK6_101392285	0.502056	0.346939
PCSK6_101395015	0.514561	0.510204
PCSK6_101428476	0.541874	0.551020
PCSK7_117230468	0.510911	0.469388
PCSK9_55060859	0.535359	0.489796
PCTP_55768422	0.439912	0.469388
PCTP_55773503	0.451537	0.408163
PCYOX1L_149360641	0.485045	0.510204
PCYT1A_196286565	0.435721	0.326531
PCYT1B_24618137	0.415715	0.408163
PC_66864758	0.640807	0.673469
PC_66868712	0.536859	0.408163
PC_66956159	0.526397	0.510204
PDAP1_99397761	0.570027	0.591837
PDCD11_103400309	0.448073	0.448980
PDCD11_103406510	0.452000	0.510204
PDCD11_103415503	0.443615	0.530612
PDCD11_103432008	0.417775	0.571429
PDCD11_103441731	0.500513	0.612245
PDCD1_241851418	0.626728	0.653061
PDCD1_241857117	0.621584	0.591837
PDCD2L_34410080	0.454330	0.285714
PDCD2_170577903	0.369622	0.408163
PDCD5_32582457	0.444240	0.408163
PDCD6IP_33854458	0.340278	0.387755
PDCD6IP_33856295	0.351401	0.367347
PDCD6IP_33857097	0.351401	0.306122
PDCD6_308043	0.558252	0.714286
PDCD7_65121565	0.438140	0.469388
PDCD7_65129479	0.462443	0.408163
PDCL2_55565377	0.389303	0.510204
PDCL_122815195	0.453465	0.653061
PDDC1_772258	0.650000	0.693878
PDDC1_772342	0.650000	0.693878
PDE10A_165380871	0.382712	0.489796
PDE10A_165383412	0.382712	0.428571
PDE10A_165388515	0.382872	0.387755
PDE11A_177681212	0.392014	0.469388
PDE11A_177820449	0.404510	0.387755
PDE11A_177847084	0.379084	0.469388
PDE1C_31823611	0.423980	0.448980
PDE1C_31825757	0.400726	0.551020
PDE1C_31830395	0.400863	0.326531
PDE1C_31850060	0.391116	0.530612
PDE2A_72607079	0.555750	0.653061
PDE3A_20616665	0.333741	0.408163
PDE3B_14843141	0.367655	0.367347
PDE3B_14864767	0.380355	0.387755
PDE4A_10450493	0.504132	0.428571
PDE4DIP_148863166	0.414305	0.408163
PDE4DIP_148937541	0.396849	0.387755
PDE4DIP_149008953	0.431903	0.469388
PDE4DIP_149027800	0.506438	0.408163
PDE4D_58992837	0.313094	0.326531
PDE4D_59186317	0.362146	0.408163
PDE5A_119509995	0.352484	0.367347
PDE5A_119514148	0.377244	0.448980
PDE5A_119520306	0.324234	0.428571
PDE6A_149863439	0.486049	0.632653
PDE6A_149864063	0.486049	0.489796
PDE6A_149934189	0.388278	0.367347
PDE6B_634379	0.598928	0.795918
PDE6B_659918	0.538302	0.591837
PDE6B_660777	0.528947	0.489796
PDE6C_93632696	0.474688	0.285714
PDE6C_93632803	0.474688	0.469388
PDE6D_231733564	0.446906	0.571429
PDE6H_14979113	0.342054	0.408163
PDE7A_65725943	0.294931	0.306122
PDE7A_65735209	0.426091	0.551020
PDE7A_65744961	0.393699	0.469388
PDE7B_136149297	0.347934	0.469388
PDE8A_85075538	0.434793	0.428571
PDE8A_85075719	0.434793	0.428571
PDE8A_85092715	0.453739	0.489796
PDE8A_85099452	0.399899	0.265306
PDE8A_85108437	0.468715	0.530612
PDE8B_77407882	0.462718	0.591837
PDE8B_77419520	0.449242	0.367347
PDE8B_77421294	0.430419	0.571429
PDE9A_42686190	0.539433	0.510204
PDE9A_42746956	0.528050	0.571429
PDE9A_42750965	0.528050	0.551020
PDE9A_42768819	0.500000	0.571429
PDE9A_42772210	0.604268	0.714286
PDGFA_515066	0.597003	0.612245
PDGFA_518551	0.680249	0.653061
PDGFB_39226335	0.521010	0.571429
PDGFB_39232893	0.528936	0.530612
PDGFC_156765962	0.328077	0.428571
PDGFD_103986233	0.376314	0.489796
PDGFRA_54270914	0.466261	0.469388
PDGFRA_54280287	0.412778	0.428571
PDGFRA_54287386	0.426330	0.428571
PDGFRA_54287927	0.458234	0.571429
PDGFRB_150118029	0.560268	0.510204
PDGFRB_150126988	0.515277	0.612245
PDGFRB_150128002	0.515277	0.510204
PDGFRB_150131391	0.493921	0.408163
PDGFRB_150132094	0.557252	0.571429
PDGFRL_17629059	0.522955	0.571429
PDGFRL_17630586	0.522955	0.591837
PDHA1_19344288	0.440100	0.653061
PDHA1_19351690	0.453405	0.408163
PDHX_34966472	0.350923	0.367347
PDHX_34985681	0.366465	0.326531
PDIA4_149006977	0.579097	0.530612
PDIA4_149007541	0.579097	0.510204
PDIA4_149019270	0.485020	0.326531
PDIA4_149025240	0.485292	0.591837
PDIA5_123102375	0.507925	0.408163
PDIA5_123102693	0.320312	0.367347
PDIA5_123107924	0.445149	0.510204
PDIA5_123113399	0.520857	0.469388
PDIA5_123121414	0.483713	0.510204
PDIA5_123122709	0.483713	0.571429
PDIA5_123123570	0.483713	0.510204
PDIA5_123146327	0.492199	0.510204
PDIA5_123147778	0.492199	0.530612
PDIA5_123159518	0.514732	0.510204
PDIA6_10793285	0.439660	0.591837
PDILT_20360992	0.463918	0.346939
PDILT_20372287	0.411632	0.408163
PDK1_172559256	0.400593	0.469388
PDK1_172590353	0.434922	0.428571
PDK1_172591274	0.434922	0.469388
PDK3_24500867	0.374831	0.448980
PDK3_24521597	0.421873	0.469388
PDLIM1_95241431	0.458670	0.612245
PDLIM3_185520765	0.375665	0.428571
PDLIM4_132260239	0.570801	0.612245
PDLIM4_132262054	0.570801	0.469388
PDLIM5_94600750	0.360563	0.489796
PDLIM7_177491420	0.681818	0.489796
PDLIM7_177493104	0.593474	0.632653
PDLIM7_177494428	0.593474	0.510204
PDPK1_2558817	0.503697	0.530612
PDPK1_2558868	0.503697	0.387755
PDPK1_2581030	0.528730	0.591837
PDPK1_2586126	0.595793	0.387755
PDPK1_2587023	0.507248	0.530612
PDPK1_2596813	0.545597	0.673469
PDPK1_2596992	0.545597	0.693878
PDPN_13610652	0.403155	0.326531
PDPR_70153086	0.474054	0.346939
PDPR_70155204	0.467425	0.306122
PDRG1_31946179	0.547855	0.469388
PDS5A_39864463	0.386357	0.346939
PDS5A_39895496	0.414506	0.387755
PDS5A_39976829	0.697259	0.775510
PDS5B_32668488	0.338112	0.367347
PDS5B_32702404	0.351410	0.306122
PDS5B_32748558	0.354861	0.387755
PDS5B_32750446	0.354861	0.469388
PDS5B_32764017	0.338110	0.326531
PDS5B_32771692	0.325917	0.306122
PDSS1_26700736	0.494793	0.489796
PDSS1_26723677	0.423389	0.469388
PDSS1_26738898	0.435738	0.489796
PDXDC1_15033933	0.501129	0.469388
PDXK_43726383	0.558930	0.632653
PDXK_43740262	0.602678	0.734694
PDXK_43749405	0.587738	0.428571
PDXK_43751117	0.574544	0.489796
PDXP_37659868	0.521781	0.591837
PDXP_37662596	0.521781	0.469388
PDZD2_31999891	0.472172	0.510204
PDZD2_32050294	0.464595	0.469388
PDZD2_32051086	0.464595	0.530612
PDZD8_117286773	0.364446	0.306122
PDZRN4_41553913	0.366633	0.408163
PDZRN4_41559950	0.376268	0.489796
PEAR1_156896567	0.570419	0.632653
PEAR1_156897476	0.570419	0.632653
PEAR1_156905271	0.566879	0.714286
PEAR1_156907352	0.551440	0.653061
PEAR1_156907807	0.635870	0.632653
PEBP4_22920489	0.496906	0.408163
PEBP4_22927029	0.496906	0.551020
PECAM1_64324529	0.481209	0.551020
PECAM1_64330047	0.489547	0.551020
PECAM1_64344692	0.518344	0.530612
PECAM1_64364344	0.425063	0.428571
PECAM1_64369497	0.425063	0.571429
PECAM1_64375744	0.461694	0.673469
PECAM1_64378148	0.477407	0.428571
PEG10_94657233	0.416556	0.530612
PEG10_94658037	0.416556	0.632653
PELI1_64097061	0.340903	0.346939
PELI2_56291980	0.429432	0.510204
PELI2_56296230	0.429432	0.530612
PELP1_4675947	0.562914	0.530612
PELP1_4682990	0.453560	0.510204
PEMT_17508757	0.619732	0.551020
PEMT_17510653	0.631455	0.551020
PENK_56444927	0.369778	0.510204
PEPD_33390670	0.618736	0.673469
PEPD_33418885	0.518591	0.448980
PEPD_33514355	0.556931	0.632653
PER2_238250149	0.497010	0.571429
PER2_238251116	0.535672	0.693878
PER2_238262768	0.528830	0.510204
PER2_238267510	0.487627	0.530612
PER2_238272249	0.541131	0.693878
PER3_7785245	0.482759	0.428571
PER3_7789525	0.411734	0.489796
PER3_7804678	0.417129	0.591837
PER3_7819748	0.391931	0.387755
PER3_7820080	0.391931	0.428571
PER3_7828255	0.364718	0.469388
PER3_7828269	0.364718	0.387755
PERM1_976641	0.730496	0.612245
PET117_18140394	0.447786	0.448980
PEX10_2409305	0.621693	0.571429
PEX11B_145916595	0.417176	0.224490
PEX11G_7482252	0.563431	0.591837
PEX14_10542534	0.423769	0.571429
PEX1_92514766	0.396917	0.489796
PEX1_92519160	0.376116	0.285714
PEX5L_179809196	0.430784	0.387755
PEX5L_179809868	0.401501	0.265306
PEX5L_179812308	0.405615	0.346939
PEX5_7191523	0.466667	0.346939
PEX6_42967083	0.534381	0.551020
PFDN2_161100960	0.468013	0.387755
PFDN2_161102482	0.435028	0.489796
PFKFB2_207061767	0.430909	0.653061
PFKFB2_207065293	0.434132	0.367347
PFKFB2_207069241	0.482047	0.571429
PFKFB3_6217573	0.505679	0.510204
PFKFB4_48523930	0.565167	0.612245
PFKFB4_48553862	0.542042	0.510204
PFKL_44312482	0.638360	0.591837
PFKL_44318827	0.671523	0.632653
PFKL_44319124	0.671523	0.693878
PFKL_44323629	0.635475	0.734694
PFKM_48126467	0.413568	0.469388
PFKM_48134522	0.509009	0.530612
PFN4_24116369	0.432535	0.408163
PFN4_24118608	0.432535	0.346939
PGAP1_196842440	0.336795	0.367347
PGAP1_196902019	0.369632	0.285714
PGAP2_3810883	0.528099	0.510204
PGAP3_39685190	0.506826	0.551020
PGBD1_28300605	0.416179	0.489796
PGBD2_248910507	0.473973	0.469388
PGBD2_248916066	0.478692	0.428571
PGBD5_230326655	0.487076	0.387755
PGBD5_230333075	0.515002	0.653061
PGBD5_230352444	0.484054	0.489796
PGC_41742537	0.549296	0.591837
PGC_41742994	0.549296	0.571429
PGC_41743595	0.568024	0.530612
PGD_10412134	0.435388	0.346939
PGD_10414227	0.446051	0.448980
PGD_10418560	0.463526	0.653061
PGF_74950403	0.573333	0.551020
PGF_74954579	0.631450	0.673469
PGGT1B_115213626	0.376781	0.428571
PGGT1B_115233910	0.338115	0.306122
PGGT1B_115241742	0.348482	0.489796
PGK1_78107084	0.420802	0.428571
PGK1_78117591	0.379528	0.326531
PGLYRP1_46019724	0.564302	0.632653
PGLYRP1_46020791	0.564302	0.448980
PGLYRP1_46021500	0.564302	0.530612
PGLYRP3_153299639	0.436890	0.632653
PGLYRP3_153301498	0.436890	0.408163
PGLYRP4_153341993	0.468702	0.489796
PGLYRP4_153343278	0.491327	0.489796
PGLYRP4_153345546	0.567455	0.571429
PGM1_63659212	0.419418	0.510204
PGM2L1_74340216	0.392070	0.367347
PGM2L1_74347735	0.347590	0.387755
PGM2_37828862	0.438413	0.428571
PGM2_37835233	0.403709	0.387755
PGM3_83186295	0.401092	0.469388
PGM5_68388610	0.367300	0.367347
PGM5_68480261	0.420320	0.448980
PGPEP1_18341601	0.585628	0.469388
PGRMC1_119237260	0.436273	0.551020
PGS1_78399254	0.571285	0.612245
PGS1_78403246	0.527655	0.469388
PGS1_78415952	0.514387	0.530612
PHACTR2_143757454	0.408909	0.448980
PHACTR2_143757712	0.408909	0.285714
PHACTR2_143763805	0.405844	0.285714
PHACTR2_143764192	0.405844	0.387755
PHACTR2_143768695	0.371265	0.387755
PHACTR3_59744876	0.568724	0.591837
PHACTR3_59746608	0.568724	0.408163
PHACTR3_59746849	0.568724	0.632653
PHACTR3_59754593	0.530629	0.571429
PHACTR3_59770910	0.522353	0.612245
PHACTR4_28387940	0.440241	0.571429
PHACTR4_28463140	0.448071	0.448980
PHACTR4_28488079	0.447285	0.326531
PHAX_126602484	0.518120	0.367347
PHAX_126604406	0.417225	0.612245
PHAX_126606974	0.417225	0.367347
PHAX_126622767	0.423836	0.265306
PHC1_8935718	0.448361	0.367347
PHC1_8937404	0.398406	0.510204
PHC2_33327347	0.471429	0.551020
PHC2_33368719	0.561179	0.571429
PHC2_33370757	0.529002	0.653061
PHC3_170098896	0.331959	0.367347
PHC3_170125961	0.344839	0.346939
PHC3_170135109	0.369356	0.428571
PHC3_170180955	0.442997	0.469388
PHEX_22218030	0.387691	0.571429
PHEX_22224284	0.416472	0.551020
PHEX_22225396	0.416472	0.387755
PHEX_22227350	0.363727	0.489796
PHF11_49519167	0.410649	0.326531
PHF11_49520802	0.410649	0.387755
PHF11_49520806	0.410649	0.367347
PHF12_28923238	0.411905	0.448980
PHF13_6617811	0.490829	0.387755
PHF14_10986738	0.336073	0.428571
PHF19_120859950	0.504714	0.591837
PHF19_120866188	0.547219	0.469388
PHF19_120866719	0.547219	0.551020
PHF19_120875685	0.586975	0.591837
PHF1_33414005	0.555024	0.530612
PHF20_35868652	0.430015	0.346939
PHF21A_45946276	0.438105	0.489796
PHF21B_44886214	0.513834	0.510204
PHF21B_44886561	0.513834	0.612245
PHF21B_44886894	0.513834	0.612245
PHF21B_44892542	0.572996	0.551020
PHF21B_44894951	0.565653	0.551020
PHF21B_44918165	0.577913	0.571429
PHF24_34971747	0.470852	0.510204
PHF2_93608121	0.490508	0.408163
PHF2_93633712	0.571046	0.755102
PHF2_93636187	0.571046	0.591837
PHF2_93636222	0.571046	0.612245
PHF2_93636282	0.571046	0.571429
PHF2_93637157	0.438866	0.428571
PHF2_93641412	0.438866	0.530612
PHF2_93651532	0.520171	0.591837
PHF2_93659452	0.616954	0.612245
PHF2_93662613	0.485934	0.489796
PHF2_93671023	0.573298	0.591837
PHF3_63693698	0.342925	0.346939
PHF3_63704782	0.371235	0.346939
PHF5A_41465178	0.452299	0.326531
PHF7_52413514	0.444651	0.408163
PHF8_53949133	0.420000	0.530612
PHGDH_119736695	0.511976	0.591837
PHGDH_119737623	0.518115	0.714286
PHIP_78999320	0.324779	0.367347
PHKA1_72602600	0.340828	0.367347
PHKA1_72622816	0.383326	0.408163
PHKA1_72626806	0.374831	0.367347
PHKA1_72636984	0.341317	0.408163
PHKA1_72653566	0.426419	0.489796
PHKA2_18900111	0.451836	0.469388
PHKA2_18907511	0.496259	0.387755
PHKA2_18929906	0.484576	0.448980
PHKA2_18930762	0.484576	0.489796
PHKA2_18944903	0.412924	0.408163
PHKA2_18944912	0.412924	0.448980
PHKB_47471169	0.372734	0.387755
PHKB_47514799	0.386339	0.346939
PHKB_47666352	0.426776	0.530612
PHKB_47668651	0.426776	0.530612
PHLDA3_201468122	0.549029	0.551020
PHLDB1_118611138	0.596587	0.795918
PHLDB1_118618155	0.538867	0.571429
PHLDB1_118625776	0.529176	0.510204
PHLDB1_118628967	0.526995	0.489796
PHLDB1_118631840	0.533487	0.469388
PHLDB1_118638264	0.493118	0.551020
PHLDB2_111949307	0.336384	0.387755
PHLDB2_111953660	0.438784	0.448980
PHLDB2_111966376	0.370233	0.367347
PHLDB2_111966439	0.370233	0.326531
PHLDB3_43480820	0.465977	0.571429
PHLPP1_62881034	0.401639	0.224490
PHLPP1_62905519	0.399148	0.428571
PHLPP1_62916895	0.375556	0.612245
PHLPP1_62963257	0.351997	0.367347
PHLPP2_71654703	0.430568	0.306122
PHLPP2_71669573	0.423729	0.387755
PHLPP2_71685482	0.390739	0.387755
PHOSPHO1_49226826	0.526827	0.571429
PHOSPHO1_49229254	0.526827	0.469388
PHRF1_578072	0.568892	0.591837
PHRF1_595710	0.542373	0.714286
PHRF1_611369	0.640653	0.612245
PHTF1_113731790	0.398006	0.530612
PHTF2_77845824	0.385672	0.387755
PHTF2_77950138	0.356141	0.387755
PHYHD1_128931507	0.492787	0.387755
PHYHD1_128938092	0.515444	0.632653
PHYHD1_128940145	0.515444	0.510204
PHYHD1_128940298	0.515444	0.551020
PHYHIPL_59234199	0.352138	0.285714
PHYH_13281745	0.425746	0.367347
PHYH_13286110	0.463053	0.469388
PHYKPL_178222202	0.458406	0.326531
PI16_36962449	0.569792	0.367347
PI4K2A_97650821	0.450476	0.448980
PI4K2A_97654108	0.425238	0.387755
PI4K2A_97658578	0.420432	0.204082
PI4K2A_97673286	0.437152	0.428571
PI4K2B_25257036	0.365368	0.428571
PI4K2B_25268999	0.296296	0.265306
PI4KA_20746594	0.474144	0.428571
PI4KA_20749671	0.513624	0.632653
PI4KA_20761678	0.476093	0.489796
PI4KA_20804654	0.521815	0.510204
PI4KA_20810800	0.476055	0.591837
PI4KA_20816015	0.431270	0.571429
PI4KA_20820861	0.435649	0.591837
PI4KA_20834896	0.416772	0.612245
PI4KB_151295100	0.474918	0.367347
PI4KB_151308380	0.476644	0.571429
PI4KB_151308832	0.476644	0.448980
PIANP_6700130	0.595855	0.653061
PIAS1_68150610	0.356220	0.367347
PIAS1_68186672	0.391069	0.489796
PIAS2_46856850	0.406762	0.571429
PIAS3_145855163	0.479532	0.510204
PIAS4_4023831	0.584129	0.673469
PIAS4_4025311	0.557516	0.632653
PIAS4_4027701	0.557516	0.632653
PIAS4_4029519	0.603741	0.571429
PICALM_86006955	0.358191	0.367347
PICALM_86007984	0.412943	0.265306
PICK1_38068963	0.603011	0.673469
PICK1_38072746	0.593830	0.632653
PIEZO1_88735536	0.607103	0.591837
PIEZO2_10703254	0.411791	0.387755
PIEZO2_10706091	0.441499	0.510204
PIEZO2_10706541	0.441499	0.387755
PIEZO2_10707147	0.441499	0.326531
PIEZO2_10745413	0.461665	0.428571
PIEZO2_10745757	0.461665	0.510204
PIEZO2_10746328	0.461665	0.530612
PIEZO2_10754680	0.459226	0.408163
PIEZO2_10786722	0.410972	0.346939
PIGBOS1_55318211	0.468875	0.591837
PIGB_55338972	0.398745	0.285714
PIGB_55343694	0.400517	0.469388
PIGG_507369	0.448883	0.428571
PIGG_508252	0.501215	0.591837
PIGG_513996	0.449015	0.469388
PIGG_514881	0.449015	0.367347
PIGG_516475	0.538604	0.551020
PIGG_517397	0.538604	0.612245
PIGG_528196	0.477691	0.428571
PIGH_67594863	0.433372	0.571429
PIGL_16324502	0.464326	0.591837
PIGN_62073797	0.377496	0.387755
PIGN_62119560	0.344278	0.551020
PIGN_62144840	0.355972	0.591837
PIGN_62145383	0.355972	0.367347
PIGN_62146616	0.352381	0.591837
PIGO_35094487	0.484892	0.428571
PIGP_37067627	0.359281	0.448980
PIGQ_575062	0.666047	0.469388
PIGQ_575262	0.666047	0.591837
PIGR_206931284	0.507849	0.469388
PIGU_34581265	0.469608	0.428571
PIGU_34582713	0.511158	0.408163
PIGU_34638207	0.410165	0.367347
PIGU_34640696	0.410165	0.408163
PIGV_26792092	0.467226	0.448980
PIGW_36535701	0.444370	0.653061
PIH1D3_107208679	0.395665	0.591837
PIK3AP1_96602541	0.486709	0.428571
PIK3AP1_96616889	0.471154	0.448980
PIK3AP1_96623615	0.430284	0.346939
PIK3AP1_96624694	0.430284	0.387755
PIK3AP1_96647021	0.460280	0.367347
PIK3C2A_17113563	0.411452	0.632653
PIK3C2A_17128621	0.378353	0.326531
PIK3C2A_17145280	0.401349	0.469388
PIK3C2B_204426256	0.438615	0.530612
PIK3C2B_204440466	0.487380	0.571429
PIK3C2B_204442213	0.495842	0.551020
PIK3C2B_204443770	0.512766	0.591837
PIK3C2B_204446924	0.575523	0.530612
PIK3C2B_204450853	0.508063	0.632653
PIK3C2B_204451485	0.508063	0.571429
PIK3C2G_18490311	0.335697	0.408163
PIK3C3_41957343	0.378281	0.346939
PIK3C3_41968265	0.351703	0.326531
PIK3C3_41997086	0.363803	0.387755
PIK3C3_42010990	0.355955	0.428571
PIK3C3_42019088	0.334451	0.367347
PIK3C3_42035434	0.333958	0.367347
PIK3C3_42044512	0.337476	0.673469
PIK3CB_138683882	0.333333	0.489796
PIK3CB_138686881	0.380987	0.367347
PIK3CB_138704316	0.371049	0.408163
PIK3CB_138741474	0.411475	0.387755
PIK3CG_106880133	0.383925	0.469388
PIK3IP1_31284994	0.477763	0.571429
PIK3IP1_31288619	0.477763	0.510204
PIK3R1_68294501	0.323823	0.265306
PIK3R4_130682791	0.408954	0.306122
PIK3R4_130743746	0.391253	0.448980
PIK3R5_8883451	0.549381	0.551020
PIK3R5_8899415	0.467404	0.551020
PIK3R5_8907231	0.416667	0.469388
PIK3R6_8803916	0.579832	0.571429
PIK3R6_8803933	0.579832	0.571429
PIK3R6_8821102	0.424632	0.367347
PIK3R6_8837151	0.574302	0.428571
PIKFYVE_208286432	0.380322	0.387755
PIKFYVE_208288110	0.380322	0.367347
PIKFYVE_208301594	0.350480	0.408163
PIKFYVE_208311569	0.357796	0.367347
PIKFYVE_208335055	0.394040	0.346939
PIKFYVE_208337883	0.331856	0.408163
PILRA_100373918	0.637771	0.632653
PILRB_100358564	0.595865	0.632653
PILRB_100361382	0.484573	0.387755
PIM1_37173661	0.440210	0.489796
PIM2_48917905	0.590909	0.530612
PIM2_48918198	0.590909	0.489796
PIM3_49962384	0.718358	0.795918
PIN1_9847862	0.553139	0.571429
PINX1_10833071	0.450922	0.469388
PIP4K2A_22568131	0.428703	0.510204
PIP4K2A_22573611	0.429145	0.408163
PIP4K2B_38780812	0.511545	0.448980
PIP4K2B_38786016	0.492952	0.448980
PIP5K1A_151237719	0.425952	0.387755
PIP5K1A_151237929	0.425952	0.428571
PIP5K1A_151247270	0.480491	0.653061
PIP5K1B_68891784	0.361191	0.326531
PIP5K1B_68920069	0.420213	0.448980
PIP5K1C_3644710	0.641115	0.693878
PIP5K1C_3645819	0.641115	0.612245
PIP5K1C_3646479	0.628616	0.632653
PIP5K1C_3658721	0.603448	0.612245
PIP5K1C_3663260	0.574113	0.591837
PIP5K1C_3663553	0.574113	0.693878
PIPOX_29056100	0.538462	0.591837
PITPNA_1534455	0.545833	0.571429
PITPNA_1539150	0.499426	0.448980
PITPNA_1542349	0.501813	0.530612
PITPNA_1550086	0.494801	0.571429
PITPNB_27917387	0.410448	0.387755
PITPNC1_67527949	0.446458	0.551020
PITPNM1_67495846	0.627826	0.591837
PITPNM1_67497739	0.578059	0.510204
PITPNM1_67501102	0.500000	0.448980
PITPNM1_67504408	0.746377	0.755102
PITPNM2_122987052	0.620843	0.571429
PITPNM2_123007697	0.519182	0.551020
PITPNM2_123007958	0.519182	0.387755
PITPNM3_6459339	0.540000	0.591837
PITPNM3_6461215	0.540000	0.530612
PITPNM3_6468137	0.483058	0.591837
PITPNM3_6469057	0.572471	0.551020
PITPNM3_6474969	0.475660	0.489796
PITX1_135030682	0.517400	0.693878
PIWIL1_130347819	0.389423	0.612245
PIWIL1_130349237	0.411374	0.551020
PIWIL1_130361097	0.434363	0.408163
PIWIL2_22280116	0.372638	0.448980
PIWIL2_22280270	0.372638	0.346939
PIWIL2_22305038	0.458412	0.551020
PIWIL2_22310248	0.368370	0.469388
PIWIL3_24722738	0.384972	0.387755
PIWIL3_24749990	0.444161	0.346939
PIWIL3_24757447	0.448419	0.469388
PIWIL4_94574412	0.412924	0.571429
PIWIL4_94585334	0.435200	0.367347
PIWIL4_94593041	0.422870	0.448980
PIWIL4_94595211	0.427115	0.387755
PIWIL4_94597750	0.368532	0.326531
PIWIL4_94608022	0.429480	0.448980
PJA2_109345052	0.347544	0.448980
PKD1L1_47800909	0.484120	0.448980
PKD1L1_47807071	0.477560	0.673469
PKD1L1_47808438	0.369585	0.591837
PKD1L1_47814920	0.473086	0.489796
PKD1L1_47826069	0.412299	0.530612
PKD1L1_47829601	0.481735	0.489796
PKD1L1_47829758	0.481735	0.632653
PKD1L1_47832006	0.529649	0.571429
PKD1L1_47832885	0.529649	0.387755
PKD1L1_47832894	0.529649	0.448980
PKD1L1_47837437	0.455125	0.612245
PKD1L1_47843685	0.423014	0.571429
PKD1L1_47866156	0.424956	0.306122
PKD1L1_47867002	0.369989	0.326531
PKD1L1_47890763	0.498073	0.591837
PKD1L3_71944229	0.423668	0.387755
PKD1_2094033	0.653846	0.612245
PKD2L1_100289595	0.461378	0.469388
PKD2L1_100293591	0.492641	0.510204
PKD2L2_137922320	0.408900	0.530612
PKD2L2_137936074	0.346341	0.408163
PKD2_88051868	0.386914	0.387755
PKD2_88051880	0.386914	0.326531
PKD2_88053109	0.426534	0.489796
PKHD1L1_109401193	0.289931	0.326531
PKHD1L1_109435489	0.361139	0.408163
PKHD1L1_109437728	0.353541	0.346939
PKHD1L1_109461596	0.329716	0.346939
PKHD1L1_109489151	0.348243	0.367347
PKHD1L1_109500908	0.396940	0.346939
PKHD1L1_109513867	0.387013	0.428571
PKHD1_51619723	0.362627	0.285714
PKHD1_51621663	0.362627	0.530612
PKHD1_51774818	0.297217	0.387755
PKHD1_51855134	0.409114	0.714286
PKHD1_51908681	0.378314	0.408163
PKHD1_52048852	0.398178	0.510204
PKHD1_52055429	0.438424	0.551020
PKHD1_52079411	0.421481	0.551020
PKLR_155292083	0.482647	0.448980
PKN1_14435573	0.557500	0.571429
PKN1_14467429	0.510994	0.693878
PKN1_14467457	0.510994	0.673469
PKN2_88807083	0.417761	0.632653
PKN2_88822878	0.408933	0.489796
PKN3_128704128	0.620821	0.510204
PKN3_128712908	0.529401	0.632653
PKN3_128717423	0.516774	0.469388
PKNOX2_125429667	0.570938	0.489796
PKNOX2_125430430	0.496094	0.489796
PKP1_201316842	0.488558	0.530612
PKP1_201324713	0.579387	0.530612
PKP1_201326918	0.515566	0.510204
PKP1_201327532	0.515566	0.551020
PKP2_32797756	0.379915	0.428571
PKP3_403381	0.700565	0.795918
PKP4_158583955	0.358328	0.448980
PKP4_158635638	0.363579	0.346939
PKP4_158664207	0.416245	0.510204
PLA1A_119620907	0.481265	0.510204
PLA1A_119628571	0.496540	0.530612
PLA2G1B_120323222	0.417431	0.285714
PLA2G2C_20174021	0.480797	0.489796
PLA2G2D_20114488	0.502807	0.469388
PLA2G4A_186893741	0.385927	0.530612
PLA2G4A_186893898	0.385927	0.571429
PLA2G4A_186965238	0.353817	0.265306
PLA2G4C_48053916	0.491329	0.551020
PLA2G4C_48062655	0.508380	0.428571
PLA2G4C_48077892	0.441941	0.346939
PLA2G4C_48104796	0.516447	0.653061
PLA2G4D_42074233	0.417413	0.551020
PLA2G4D_42084343	0.596505	0.510204
PLA2G4D_42084756	0.596505	0.612245
PLA2G4D_42085569	0.524229	0.448980
PLA2G4D_42086401	0.493194	0.489796
PLA2G4D_42087045	0.493194	0.530612
PLA2G4E_41984125	0.557484	0.632653
PLA2G4E_41987494	0.624071	0.530612
PLA2G4E_41987727	0.624071	0.653061
PLA2G4E_41990349	0.547381	0.673469
PLA2G4E_42000332	0.556064	0.571429
PLA2G4E_42003729	0.485498	0.612245
PLA2G4E_42009721	0.485396	0.469388
PLA2G4F_42150276	0.606061	0.551020
PLA2G4F_42155758	0.564193	0.571429
PLA2G6_38129655	0.500306	0.693878
PLA2G7_46710866	0.338112	0.428571
PLA2R1_159984478	0.411421	0.408163
PLA2R1_160021662	0.366930	0.469388
PLAA_26910130	0.383925	0.265306
PLAC8L1_146102888	0.416650	0.367347
PLAG1_56168604	0.358728	0.367347
PLAG1_56182993	0.394205	0.530612
PLAGL1_143947186	0.419658	0.530612
PLAGL2_32198016	0.452786	0.428571
PLAGL2_32205093	0.480927	0.285714
PLAGL2_32205689	0.480927	0.346939
PLAUR_43658524	0.485994	0.489796
PLAUR_43667772	0.576664	0.612245
PLAU_73912618	0.504160	0.469388
PLB1_28530265	0.400344	0.489796
PLB1_28539761	0.518955	0.530612
PLB1_28545200	0.519943	0.551020
PLB1_28549648	0.458256	0.285714
PLB1_28564966	0.515138	0.367347
PLB1_28568794	0.416077	0.428571
PLB1_28572654	0.416077	0.428571
PLB1_28576872	0.470319	0.428571
PLB1_28586384	0.500139	0.367347
PLB1_28588533	0.500139	0.510204
PLB1_28602521	0.558411	0.448980
PLB1_28605287	0.537054	0.571429
PLB1_28607125	0.489079	0.448980
PLB1_28611579	0.489079	0.530612
PLBD1_14511866	0.391448	0.612245
PLBD1_14536402	0.450392	0.367347
PLBD2_113371265	0.503053	0.551020
PLBD2_113383724	0.500613	0.428571
PLBD2_113386619	0.528736	0.551020
PLBD2_113387742	0.568807	0.510204
PLCB1-IT1_8248952	0.378195	0.346939
PLCB1_8650362	0.385634	0.448980
PLCB2_40294693	0.603884	0.693878
PLCB2_40296945	0.550654	0.530612
PLCB2_40304815	0.525356	0.387755
PLCB2_40305903	0.525356	0.551020
PLCB2_40307246	0.525356	0.673469
PLCB3_64253872	0.606902	0.571429
PLCB3_64254210	0.606902	0.510204
PLCB4_9368612	0.423057	0.591837
PLCB4_9400745	0.384773	0.428571
PLCB4_9401314	0.384773	0.387755
PLCB4_9405827	0.402150	0.306122
PLCB4_9406048	0.402150	0.428571
PLCB4_9440688	0.417838	0.448980
PLCB4_9445176	0.395804	0.448980
PLCD1_38017668	0.578431	0.591837
PLCD1_38018240	0.578431	0.530612
PLCD1_38020609	0.545832	0.571429
PLCD3_45113903	0.565217	0.571429
PLCD4_218617729	0.473768	0.489796
PLCD4_218622227	0.423114	0.448980
PLCD4_218630540	0.480730	0.428571
PLCE1_94233002	0.424417	0.551020
PLCE1_94235732	0.422597	0.367347
PLCE1_94248968	0.402705	0.530612
PLCE1_94251990	0.402705	0.367347
PLCE1_94284795	0.424145	0.408163
PLCE1_94301996	0.415175	0.387755
PLCE1_94321227	0.395995	0.346939
PLCE1_94323538	0.428135	0.489796
PLCG2_81783803	0.491869	0.408163
PLCG2_81857365	0.454150	0.448980
PLCG2_81881564	0.517495	0.489796
PLCG2_81885029	0.462093	0.551020
PLCG2_81896814	0.449829	0.367347
PLCG2_81903403	0.488966	0.632653
PLCG2_81903700	0.488966	0.591837
PLCG2_81910184	0.494295	0.530612
PLCG2_81930515	0.467618	0.571429
PLCG2_81935002	0.461210	0.489796
PLCG2_81936521	0.443800	0.510204
PLCH1_155550907	0.393248	0.510204
PLCH1_155584578	0.350124	0.387755
PLCH1_155584888	0.350124	0.448980
PLCH2_2480504	0.638210	0.673469
PLCH2_2480600	0.638210	0.693878
PLCH2_2485438	0.628059	0.653061
PLCH2_2485793	0.628059	0.612245
PLCL1_198087210	0.340571	0.265306
PLCXD1_276908	0.630234	0.673469
PLCXD1_290899	0.617729	0.775510
PLD1_171603718	0.379760	0.306122
PLD1_171608300	0.359808	0.306122
PLD1_171661761	0.371646	0.408163
PLD1_171695862	0.369214	0.408163
PLD1_171709940	0.435094	0.448980
PLD1_171732019	0.377087	0.346939
PLD3_40361683	0.497020	0.469388
PLD5_242108336	0.420000	0.571429
PLD6_17204009	0.584209	0.551020
PLEC_143930903	0.663992	0.775510
PLEC_143936853	0.660788	0.673469
PLEC_143938716	0.670438	0.693878
PLEK2_67396013	0.494225	0.408163
PLEKHA2_38935849	0.474976	0.367347
PLEKHA2_38938253	0.492634	0.448980
PLEKHA2_38951854	0.488511	0.346939
PLEKHA3_178485491	0.402452	0.346939
PLEKHA3_178495095	0.401726	0.469388
PLEKHA4_48837921	0.612903	0.551020
PLEKHA4_48839491	0.471088	0.489796
PLEKHA5_19130654	0.491600	0.632653
PLEKHA5_19268577	0.390661	0.285714
PLEKHA5_19363024	0.429645	0.448980
PLEKHA5_19369497	0.442367	0.448980
PLEKHA6_204225482	0.468535	0.387755
PLEKHA6_204225939	0.468535	0.510204
PLEKHA6_204227925	0.468535	0.571429
PLEKHA6_204248124	0.515441	0.591837
PLEKHA6_204249582	0.533177	0.510204
PLEKHA6_204260136	0.508626	0.469388
PLEKHA7_16802447	0.484402	0.653061
PLEKHA7_16846546	0.453633	0.367347
PLEKHA7_16852061	0.462159	0.469388
PLEKHA7_16879381	0.458566	0.469388
PLEKHA7_16918392	0.458566	0.571429
PLEKHA7_17002853	0.458566	0.428571
PLEKHA8_30049115	0.332281	0.285714
PLEKHB1_73650245	0.540614	0.510204
PLEKHB2_131123451	0.461039	0.571429
PLEKHG1_150803587	0.391979	0.469388
PLEKHG3_64729980	0.556224	0.653061
PLEKHG3_64732706	0.552632	0.632653
PLEKHG3_64742840	0.574144	0.469388
PLEKHG4B_153828	0.458626	0.530612
PLEKHG4B_181808	0.649390	0.714286
PLEKHG4_67284074	0.532486	0.612245
PLEKHG4_67285990	0.561737	0.612245
PLEKHG5_6471966	0.623955	0.591837
PLEKHG5_6472310	0.623955	0.469388
PLEKHG6_6312641	0.604430	0.530612
PLEKHG6_6325811	0.510589	0.469388
PLEKHG7_92729341	0.431555	0.346939
PLEKHG7_92729444	0.431555	0.510204
PLEKHG7_92744182	0.409009	0.448980
PLEKHH1_67534082	0.451215	0.408163
PLEKHH1_67557822	0.465966	0.469388
PLEKHH1_67563380	0.498638	0.408163
PLEKHH1_67567035	0.498638	0.448980
PLEKHH1_67568939	0.498638	0.367347
PLEKHH1_67569697	0.566761	0.367347
PLEKHH1_67570228	0.465785	0.469388
PLEKHH2_43638378	0.390481	0.428571
PLEKHH2_43640331	0.390481	0.632653
PLEKHH2_43695633	0.386948	0.408163
PLEKHH2_43716025	0.386482	0.489796
PLEKHH2_43724140	0.392249	0.408163
PLEKHH2_43743664	0.337705	0.326531
PLEKHH3_42670849	0.645833	0.612245
PLEKHM1_45441846	0.567805	0.591837
PLEKHM1_45444765	0.567805	0.387755
PLEKHM1_45452515	0.536086	0.530612
PLEKHM1_45454456	0.603277	0.591837
PLEKHM1_45469682	0.456502	0.387755
PLEKHM2_15718837	0.516245	0.448980
PLEKHM2_15722639	0.538442	0.408163
PLEKHN1_966918	0.578174	0.714286
PLEKHN1_966922	0.578174	0.734694
PLEKHO2_64856352	0.527801	0.448980
PLEKHS1_113774071	0.430978	0.469388
PLEKHS1_113774076	0.430978	0.469388
PLEKHS1_113780443	0.443447	0.448980
PLET1_112250737	0.443819	0.469388
PLET1_112252670	0.473472	0.551020
PLET1_112259274	0.436877	0.448980
PLGRKT_5361269	0.347368	0.285714
PLG_160714687	0.392086	0.448980
PLG_160714702	0.392086	0.428571
PLG_160715887	0.427168	0.510204
PLG_160722157	0.368170	0.367347
PLG_160734481	0.430307	0.367347
PLIN3_4844889	0.518467	0.428571
PLIN3_4864890	0.532354	0.530612
PLIN4_4505242	0.595812	0.571429
PLIN4_4505953	0.595812	0.653061
PLIN4_4506143	0.595812	0.530612
PLIN4_4516312	0.530907	0.408163
PLIN5_4526010	0.517284	0.612245
PLIN5_4530085	0.558523	0.551020
PLIN5_4532009	0.530109	0.551020
PLK1_23680342	0.455371	0.469388
PLK1_23682913	0.482477	0.469388
PLK2_58456718	0.312676	0.469388
PLK3_44803598	0.586538	0.571429
PLK4_127892222	0.289898	0.387755
PLLP_57260129	0.525362	0.510204
PLOD1_11937777	0.529954	0.510204
PLOD1_11956636	0.539792	0.510204
PLOD1_11967558	0.488541	0.367347
PLOD3_101207396	0.594354	0.591837
PLOD3_101207823	0.563830	0.591837
PLOD3_101212788	0.677419	0.673469
PLOD3_101216616	0.662162	0.632653
PLP1_103789620	0.408688	0.387755
PLPP1_55533182	0.398486	0.571429
PLPP2_288818	0.611629	0.673469
PLPP2_290824	0.611629	0.734694
PLPP3_56524096	0.467172	0.346939
PLPP4_120515683	0.444007	0.510204
PLPPR2_11358373	0.517299	0.408163
PLPPR2_11362183	0.622070	0.571429
PLPPR3_815948	0.545358	0.612245
PLPPR4_99297978	0.368713	0.367347
PLPPR4_99300782	0.310489	0.387755
PLS1_142665030	0.374065	0.448980
PLS1_142694370	0.332331	0.428571
PLS1_142695546	0.327166	0.346939
PLSCR1_146525251	0.376514	0.346939
PLSCR2_146451852	0.334700	0.571429
PLSCR3_7390849	0.491729	0.591837
PLTP_45899949	0.471524	0.632653
PLVAP_17358135	0.523471	0.571429
PLXDC1_39073605	0.495486	0.653061
PLXDC1_39083856	0.515986	0.489796
PLXDC2_19950311	0.382646	0.346939
PLXDC2_20144638	0.339212	0.448980
PLXDC2_20176763	0.355080	0.408163
PLXNA1_126990229	0.625313	0.571429
PLXNA1_126998469	0.632917	0.673469
PLXNA1_127004547	0.621930	0.591837
PLXNA1_127006944	0.609259	0.530612
PLXNA1_127006960	0.609259	0.469388
PLXNA1_127023046	0.557118	0.591837
PLXNA2_208042515	0.510086	0.591837
PLXNA2_208043690	0.519939	0.591837
PLXNA2_208043740	0.519939	0.591837
PLXNA2_208081680	0.464708	0.285714
PLXNA2_208097360	0.437309	0.510204
PLXNA3_154459433	0.653356	0.612245
PLXNA3_154462832	0.587037	0.510204
PLXNA4_132130909	0.476556	0.551020
PLXNA4_132135225	0.507906	0.489796
PLXNA4_132143702	0.483631	0.448980
PLXNA4_132143917	0.483631	0.448980
PLXNA4_132144371	0.483631	0.367347
PLXNA4_132146763	0.472894	0.551020
PLXNA4_132164418	0.550296	0.510204
PLXNA4_132166852	0.483725	0.346939
PLXNA4_132178172	0.503357	0.530612
PLXNA4_132193833	0.487914	0.530612
PLXNA4_132205022	0.515752	0.510204
PLXNA4_132205635	0.515752	0.591837
PLXNA4_132208855	0.515752	0.632653
PLXNB1_48406267	0.561523	0.510204
PLXNB2_50279058	0.652104	0.653061
PLXNB2_50284935	0.701058	0.673469
PLXNB2_50285717	0.701058	0.775510
PLXNC1_94181864	0.436352	0.367347
PLXNC1_94251894	0.445979	0.510204
PLXNC1_94304687	0.421612	0.428571
PLXND1_129557355	0.567276	0.673469
PLXND1_129566259	0.567780	0.489796
PLXND1_129576547	0.612616	0.653061
PLXND1_129580678	0.574518	0.612245
PLXND1_129587871	0.591030	0.489796
PM20D1_205830619	0.480162	0.530612
PM20D1_205840716	0.480834	0.510204
PM20D2_89151597	0.397355	0.387755
PMEPA1_57654815	0.582404	0.693878
PMEPA1_57656717	0.582404	0.571429
PMF1_156234245	0.513873	0.571429
PMFBP1_72122525	0.479816	0.510204
PMFBP1_72170630	0.409873	0.469388
PML_73995196	0.448400	0.591837
PML_73995380	0.448400	0.489796
PML_74023955	0.507597	0.489796
PML_74044114	0.578168	0.571429
PMM2_8811422	0.440087	0.551020
PMM2_8837475	0.460525	0.530612
PMM2_8840710	0.460525	0.551020
PMP22_15231412	0.449344	0.489796
PMPCA_136411465	0.556881	0.530612
PMPCA_136418751	0.571429	0.510204
PMPCB_103305162	0.389372	0.408163
PMS1_189868099	0.368667	0.408163
PMS2_6004416	0.415712	0.367347
PMS2_6005535	0.415712	0.448980
PMVK_154929850	0.485354	0.510204
PNISR_99423607	0.384020	0.428571
PNKP_49864667	0.499308	0.489796
PNLDC1_159817972	0.519601	0.530612
PNLIPRP1_116600923	0.434768	0.448980
PNLIPRP1_116608776	0.482138	0.693878
PNLIPRP3_116437333	0.383261	0.469388
PNLIPRP3_116466818	0.368037	0.387755
PNLIP_116555071	0.404033	0.469388
PNMAL1_46469565	0.535065	0.591837
PNO1_68173052	0.415146	0.367347
PNPLA3_43932713	0.498245	0.551020
PNPLA3_43933242	0.504611	0.571429
PNPLA3_43936556	0.531879	0.489796
PNPLA3_43942503	0.480613	0.448980
PNPLA4_7901503	0.420154	0.653061
PNPLA4_7921880	0.348387	0.306122
PNPLA5_43885487	0.569750	0.673469
PNPLA5_43890564	0.548872	0.387755
PNPLA6_7553835	0.519310	0.510204
PNPLA7_137486511	0.563678	0.428571
PNPLA7_137493853	0.622564	0.673469
PNPLA7_137499795	0.645808	0.612245
PNPLA7_137499827	0.645808	0.551020
PNPLA7_137546274	0.547445	0.530612
PNPLA8_108491002	0.387442	0.387755
PNPLA8_108494622	0.329750	0.469388
PNPLA8_108497177	0.331499	0.326531
PNPLA8_108523325	0.427779	0.551020
PNPT1_55643642	0.364988	0.571429
PNPT1_55654453	0.431775	0.326531
PNPT1_55678516	0.403060	0.408163
PNPT1_55679957	0.361354	0.530612
PNPT1_55693079	0.397516	0.571429
PNP_20475720	0.463307	0.591837
POC1A_52123532	0.527135	0.551020
POC1A_52130627	0.523755	0.632653
POC1A_52140756	0.556012	0.653061
POC1A_52142408	0.556012	0.571429
POC1A_52148568	0.472091	0.571429
POC5_75687278	0.339382	0.591837
POC5_75689285	0.329499	0.265306
POC5_75689327	0.329499	0.285714
POC5_75702203	0.402033	0.489796
POC5_75714641	0.427882	0.469388
PODNL1_13933735	0.590047	0.653061
PODN_53076140	0.570608	0.571429
PODXL2_127668352	0.453418	0.612245
PODXL2_127668823	0.570902	0.632653
PODXL2_127669697	0.586732	0.775510
PODXL_131508607	0.527878	0.510204
PODXL_131509690	0.490338	0.489796
POF1B_85306744	0.337756	0.408163
POF1B_85307351	0.299882	0.326531
POF1B_85315595	0.278333	0.346939
POFUT1_32231866	0.492524	0.367347
POFUT1_32233345	0.492524	0.510204
POFUT2_45271501	0.409032	0.387755
POFUT2_45280659	0.544149	0.632653
POFUT2_45283582	0.559535	0.551020
POLA1_24732337	0.389804	0.428571
POLA1_24746335	0.387644	0.367347
POLA1_24843368	0.341691	0.387755
POLA2_65277142	0.414866	0.387755
POLA2_65278656	0.414866	0.387755
POLB_42368300	0.408247	0.346939
POLD1_50405901	0.552632	0.551020
POLD1_50410023	0.534185	0.612245
POLD3_74627621	0.344771	0.469388
POLD3_74638130	0.388993	0.387755
POLDIP2_28351063	0.494834	0.489796
POLDIP2_28355006	0.449959	0.367347
POLDIP3_42586791	0.469746	0.551020
POLDIP3_42600751	0.465993	0.591837
POLE2_49662080	0.404096	0.306122
POLE_132632163	0.471069	0.448980
POLE_132643977	0.494850	0.551020
POLE_132661164	0.513812	0.367347
POLE_132664801	0.600715	0.591837
POLE_132666651	0.459064	0.428571
POLE_132670230	0.489771	0.408163
POLE_132676849	0.413258	0.448980
POLE_132680457	0.515625	0.571429
POLE_132682652	0.514396	0.428571
POLE_132685496	0.514396	0.571429
POLE_132685799	0.514396	0.469388
POLG2_64495639	0.432496	0.224490
POLG_89323156	0.532934	0.428571
POLH_43586588	0.420339	0.408163
POLH_43606570	0.412686	0.571429
POLI_54283454	0.294702	0.367347
POLK_75580596	0.347836	0.244898
POLK_75581179	0.347836	0.265306
POLN_2084299	0.513569	0.653061
POLN_2158904	0.491553	0.530612
POLN_2171435	0.423368	0.591837
POLN_2176760	0.487723	0.591837
POLQ_121468898	0.377459	0.367347
POLQ_121471398	0.377459	0.346939
POLQ_121495369	0.457874	0.387755
POLQ_121525436	0.409340	0.408163
POLR1A_86044846	0.556012	0.571429
POLR1A_86054039	0.473222	0.510204
POLR1A_86070344	0.470885	0.551020
POLR1A_86095035	0.404677	0.469388
POLR1A_86098835	0.433306	0.346939
POLR1A_86100216	0.419034	0.428571
POLR1A_86101612	0.419034	0.224490
POLR1B_112559991	0.438113	0.306122
POLR1B_112567541	0.414768	0.367347
POLR1B_112567934	0.414768	0.448980
POLR1B_112574054	0.412221	0.551020
POLR1C_43517740	0.435806	0.346939
POLR1E_37492242	0.396192	0.408163
POLR1E_37493447	0.453144	0.489796
POLR1E_37502106	0.480801	0.367347
POLR2A_7502458	0.541772	0.551020
POLR2B_57001280	0.419656	0.551020
POLR2B_57008789	0.411852	0.489796
POLR2B_57027641	0.390056	0.306122
POLR2C_57469054	0.434797	0.428571
POLR2D_127851779	0.465386	0.408163
POLR2F_37960080	0.498688	0.653061
POLR2F_37961203	0.498688	0.469388
POLR2J2_102670802	0.525717	0.551020
POLR2L_840940	0.601138	0.571429
POLR3B_106370943	0.392659	0.469388
POLR3B_106436073	0.420540	0.448980
POLR3B_106443966	0.383959	0.591837
POLR3B_106459249	0.406858	0.326531
POLR3B_106500685	0.416894	0.530612
POLR3B_106507141	0.411036	0.346939
POLR3E_22300058	0.505285	0.551020
POLR3E_22307135	0.534852	0.632653
POLR3E_22321770	0.482706	0.632653
POLR3E_22324282	0.598453	0.693878
POLR3H_41533248	0.522822	0.571429
POLR3H_41535009	0.522822	0.571429
POLR3K_50848	0.484250	0.489796
POMC_25167426	0.480000	0.530612
POMGNT1_46192744	0.543689	0.530612
POMGNT1_46192777	0.543689	0.632653
POMP_28667079	0.359211	0.387755
POMT1_131519864	0.568297	0.551020
POMT2_77281151	0.454845	0.306122
POMT2_77318360	0.460952	0.346939
PON1_95299248	0.408446	0.387755
PON1_95306488	0.394161	0.387755
PON2_95423791	0.375441	0.489796
PON3_95392821	0.396933	0.489796
POP1_98136310	0.385840	0.612245
POP1_98141979	0.408523	0.326531
POP1_98152501	0.437893	0.551020
POP1_98154530	0.437893	0.571429
POP4_29609724	0.493820	0.510204
POPDC3_105167691	0.385108	0.571429
POPDC3_105168662	0.385108	0.387755
PORCN_48511645	0.551980	0.551020
POR_75979107	0.463586	0.571429
POSTN_37578432	0.350239	0.367347
POT1_124866192	0.333700	0.510204
POT1_124903260	0.358800	0.428571
POTEF_130126403	0.407606	0.387755
POTEF_130127904	0.624689	0.591837
POU2F1_167396231	0.380748	0.469388
POU2F2_42093208	0.477535	0.489796
POU2F2_42094518	0.525899	0.530612
POU2F3_120243225	0.526576	0.653061
POU2F3_120299977	0.485737	0.571429
POU2F3_120311399	0.476100	0.571429
POU2F3_120315359	0.476100	0.469388
POU6F2_39460427	0.421255	0.510204
POU6F2_39461038	0.414661	0.469388
PPA1_70213258	0.394228	0.326531
PPA2_105443242	0.354661	0.489796
PPA2_105449447	0.371245	0.285714
PPARA_46217179	0.466712	0.530612
PPARA_46218191	0.466712	0.367347
PPARGC1A_23825551	0.360319	0.428571
PPARGC1A_23836940	0.383132	0.469388
PPARGC1A_23882202	0.383132	0.408163
PPARGC1B_149825562	0.514342	0.489796
PPARGC1B_149825682	0.514342	0.612245
PPARGC1B_149826371	0.514342	0.591837
PPARGC1B_149831694	0.526524	0.551020
PPARGC1B_149832558	0.526524	0.530612
PPARGC1B_149837251	0.492417	0.612245
PPARGC1B_149838823	0.492417	0.469388
PPAT_56403705	0.400582	0.346939
PPAT_56407432	0.360759	0.510204
PPCDC_75044266	0.600707	0.653061
PPCDC_75047215	0.553492	0.489796
PPCS_42458086	0.428952	0.551020
PPEF1_18698454	0.445231	0.346939
PPEF1_18782224	0.431483	0.448980
PPEF2_75864323	0.406365	0.387755
PPEF2_75889305	0.465602	0.530612
PPFIA1_70338312	0.357294	0.346939
PPFIA1_70343223	0.481201	0.591837
PPFIA1_70373073	0.434486	0.489796
PPFIA1_70382674	0.451422	0.591837
PPFIA2_81365592	0.352996	0.285714
PPFIA3_49126092	0.533555	0.612245
PPFIA3_49133762	0.660377	0.571429
PPFIA3_49140238	0.503381	0.551020
PPFIA3_49140296	0.503381	0.469388
PPFIA3_49148925	0.646288	0.510204
PPFIA4_203048033	0.502711	0.571429
PPFIA4_203053053	0.520000	0.367347
PPFIA4_203061145	0.578352	0.551020
PPFIA4_203071548	0.457068	0.469388
PPFIBP2_7632086	0.454842	0.510204
PPFIBP2_7640395	0.518035	0.551020
PPFIBP2_7642170	0.456425	0.551020
PPHLN1_42352240	0.374156	0.489796
PPID_158718670	0.349672	0.265306
PPIE_39739781	0.521492	0.469388
PPIF_79350523	0.563762	0.632653
PPIG_169607749	0.347569	0.428571
PPIL4_149517041	0.380717	0.285714
PPIL4_149519441	0.374342	0.326531
PPIL6_109432308	0.444725	0.551020
PPIP5K1_43573652	0.475309	0.510204
PPIP5K1_43577535	0.453488	0.387755
PPIP5K2_103123060	0.369854	0.326531
PPIP5K2_103131856	0.329955	0.265306
PPIP5K2_103140055	0.403748	0.428571
PPIP5K2_103141358	0.403748	0.510204
PPIP5K2_103146303	0.403748	0.346939
PPIP5K2_103146402	0.403748	0.244898
PPIP5K2_103173470	0.313043	0.428571
PPIP5K2_103181230	0.329721	0.448980
PPL_4887535	0.526316	0.469388
PPL_4888544	0.486166	0.489796
PPL_4895824	0.517875	0.714286
PPL_4897426	0.517875	0.510204
PPM1B_44217436	0.397037	0.285714
PPM1E_58958029	0.406810	0.653061
PPM1E_58960179	0.406810	0.387755
PPM1F_21926718	0.566272	0.530612
PPM1F_21930187	0.566272	0.530612
PPM1F_21930458	0.566272	0.469388
PPM1F_21932919	0.522153	0.551020
PPM1H_62689982	0.449261	0.428571
PPM1H_62692023	0.449261	0.428571
PPM1H_62694120	0.439685	0.469388
PPM1H_62698935	0.439685	0.408163
PPM1K_88263045	0.364996	0.448980
PPME1_74204248	0.348399	0.387755
PPME1_74234505	0.394651	0.326531
PPME1_74243095	0.369116	0.489796
PPP1CB_28796937	0.359354	0.387755
PPP1CB_28797133	0.359354	0.367347
PPP1CC_110723883	0.402749	0.387755
PPP1R10_30606314	0.526786	0.489796
PPP1R12A_79821305	0.370917	0.224490
PPP1R12A_79829297	0.331006	0.367347
PPP1R12A_79917429	0.367802	0.632653
PPP1R12B_202411920	0.397389	0.591837
PPP1R12B_202561450	0.364573	0.489796
PPP1R12C_55098305	0.633578	0.612245
PPP1R12C_55107304	0.503709	0.551020
PPP1R13B_103735276	0.596035	0.693878
PPP1R13B_103740962	0.498328	0.530612
PPP1R13B_103741005	0.498328	0.530612
PPP1R13B_103752133	0.433279	0.265306
PPP1R13L_45397815	0.496829	0.489796
PPP1R16A_144494248	0.568982	0.612245
PPP1R16A_144494761	0.568982	0.530612
PPP1R16B_38902381	0.470499	0.551020
PPP1R17_31687912	0.399882	0.428571
PPP1R1B_39632090	0.572621	0.530612
PPP1R1C_182034484	0.362301	0.448980
PPP1R1C_182061200	0.362301	0.510204
PPP1R21_48457881	0.413121	0.367347
PPP1R21_48460968	0.375000	0.469388
PPP1R21_48461066	0.375000	0.408163
PPP1R21_48463325	0.417657	0.530612
PPP1R21_48489403	0.392815	0.530612
PPP1R26_135484288	0.576503	0.612245
PPP1R32_61481419	0.585841	0.510204
PPP1R32_61484248	0.530069	0.306122
PPP1R32_61487818	0.548603	0.551020
PPP1R36_64566539	0.428087	0.469388
PPP1R37_45133874	0.540590	0.673469
PPP1R37_45138874	0.556035	0.346939
PPP1R3C_91632628	0.386309	0.551020
PPP1R3F_49282645	0.425199	0.571429
PPP1R3F_49282973	0.425199	0.551020
PPP1R42_67011244	0.386171	0.428571
PPP1R42_67012709	0.386171	0.306122
PPP1R7_241160581	0.496416	0.428571
PPP1R9A_95251548	0.350598	0.326531
PPP1R9A_95286843	0.360969	0.367347
PPP1R9B_50146739	0.609700	0.591837
PPP2CB_30792253	0.361399	0.489796
PPP2CB_30794545	0.383753	0.346939
PPP2R1A_52210888	0.482871	0.489796
PPP2R1A_52215550	0.492504	0.489796
PPP2R1A_52220899	0.480110	0.530612
PPP2R1B_111748352	0.420849	0.346939
PPP2R2A_26355381	0.375248	0.612245
PPP2R2B_146597441	0.421140	0.408163
PPP2R2B_146599947	0.421140	0.489796
PPP2R2B_146693990	0.382606	0.551020
PPP2R2C_6331414	0.557985	0.448980
PPP2R2C_6372902	0.534638	0.510204
PPP2R2D_131901560	0.468349	0.693878
PPP2R2D_131905199	0.468349	0.489796
PPP2R2D_131937121	0.493699	0.551020
PPP2R2D_131951349	0.487202	0.387755
PPP2R3A_136103764	0.407890	0.448980
PPP2R3B_340702	0.727516	0.775510
PPP2R3B_360083	0.545547	0.448980
PPP2R3C_35096952	0.416968	0.632653
PPP2R3C_35099632	0.408764	0.367347
PPP2R3C_35112044	0.424080	0.428571
PPP2R5A_212360349	0.336757	0.326531
PPP2R5B_64930237	0.520042	0.653061
PPP2R5C_101814084	0.432335	0.408163
PPP2R5C_101888279	0.501199	0.489796
PPP2R5C_101900996	0.428611	0.448980
PPP2R5D_42987270	0.514268	0.448980
PPP2R5E_63384176	0.395451	0.571429
PPP2R5E_63396978	0.385605	0.387755
PPP3CA_101033922	0.382654	0.551020
PPP3CA_101035005	0.382654	0.591837
PPP3CA_101164070	0.361182	0.408163
PPP3CB_73477157	0.358997	0.244898
PPP3CC_22522053	0.373924	0.285714
PPP3CC_22532806	0.392508	0.510204
PPP3R1_68187389	0.341952	0.326531
PPP4C_30080953	0.511813	0.673469
PPP4R1_9562153	0.366359	0.306122
PPP4R2_73035160	0.397149	0.326531
PPP4R3A_91461747	0.331066	0.285714
PPP4R3A_91464991	0.436762	0.571429
PPP4R3B_55569655	0.392694	0.510204
PPP4R4_94240643	0.377093	0.265306
PPP4R4_94245447	0.289474	0.346939
PPP5C_46352219	0.560949	0.612245
PPP5C_46353205	0.560949	0.489796
PPP5C_46376839	0.434318	0.551020
PPP6C_125152249	0.432013	0.428571
PPP6C_125160369	0.407242	0.387755
PPP6R2_50366423	0.490147	0.530612
PPP6R2_50395685	0.518681	0.612245
PPP6R2_50408386	0.492965	0.530612
PPP6R2_50422960	0.594820	0.530612
PPP6R2_50440461	0.626943	0.591837
PPP6R2_50440654	0.626943	0.591837
PPP6R3_68538450	0.464296	0.428571
PPP6R3_68548417	0.450960	0.428571
PPP6R3_68553799	0.436105	0.387755
PPP6R3_68557439	0.376741	0.551020
PPP6R3_68565595	0.427741	0.571429
PPP6R3_68575861	0.395268	0.469388
PPP6R3_68579997	0.407773	0.510204
PPP6R3_68599428	0.476468	0.510204
PPP6R3_68602987	0.487609	0.428571
PPRC1_102133841	0.509507	0.612245
PPTC7_110548712	0.404729	0.448980
PPWD1_65568661	0.320933	0.448980
PQLC2_19313510	0.530786	0.591837
PQLC2_19313764	0.530786	0.469388
PQLC3_11159073	0.582496	0.612245
PRAF2_49072650	0.608808	0.571429
PRAF2_49072822	0.608808	0.612245
PRAG1_8382768	0.485956	0.408163
PRAG1_8385654	0.485956	0.530612
PRAM1_8502405	0.562141	0.673469
PRAMEF20_13416832	0.528378	0.571429
PRAME_22549368	0.459335	0.387755
PRAME_22553027	0.449318	0.387755
PRB4_11310009	0.426265	0.469388
PRC1_90978319	0.462699	0.469388
PRCC_156786473	0.467742	0.510204
PRCC_156794566	0.443593	0.448980
PRDM10_129917772	0.435050	0.489796
PRDM10_129922469	0.450651	0.285714
PRDM10_129932336	0.419310	0.428571
PRDM10_129945801	0.463415	0.448980
PRDM10_129951564	0.422798	0.326531
PRDM11_45214756	0.526401	0.428571
PRDM11_45219568	0.526401	0.653061
PRDM12_130679990	0.525125	0.408163
PRDM13_99609011	0.474522	0.346939
PRDM14_70064035	0.444805	0.408163
PRDM15_41822674	0.551562	0.469388
PRDM15_41828560	0.529495	0.530612
PRDM15_41828618	0.529495	0.693878
PRDM15_41830976	0.529495	0.673469
PRDM15_41834601	0.529495	0.653061
PRDM15_41845900	0.473604	0.632653
PRDM15_41848568	0.503797	0.489796
PRDM15_41861462	0.472269	0.387755
PRDM15_41869919	0.473761	0.551020
PRDM15_41870968	0.520958	0.530612
PRDM15_41878550	0.489467	0.795918
PRDM16_3400455	0.524931	0.469388
PRDM16_3409558	0.580296	0.510204
PRDM16_3417781	0.587107	0.571429
PRDM1_106090356	0.386322	0.428571
PRDM1_106106824	0.532847	0.673469
PRDM2_13732053	0.369657	0.408163
PRDM2_13764172	0.410894	0.530612
PRDM2_13808574	0.479982	0.469388
PRDM4_107743567	0.398413	0.428571
PRDM5_120783283	0.337304	0.326531
PRDM6_123095178	0.491986	0.734694
PRDM9_23517985	0.420763	0.469388
PRDX3_119173319	0.461231	0.387755
PRDX4_23668159	0.396018	0.428571
PRDX4_23679141	0.396994	0.428571
PRDX4_23686050	0.388135	0.510204
PRDX5_64321442	0.607350	0.591837
PRDX6_173479522	0.427342	0.448980
PRDX6_173479756	0.427342	0.489796
PRDX6_173481152	0.427342	0.428571
PRELID3A_12422662	0.497135	0.571429
PRELID3A_12423087	0.497135	0.612245
PRELID3A_12430291	0.535548	0.510204
PRELID3B_59038769	0.429872	0.346939
PREPL_44327313	0.429283	0.448980
PREP_105281980	0.445255	0.448980
PREP_105281984	0.445255	0.469388
PREP_105284542	0.405443	0.632653
PREP_105330170	0.422906	0.510204
PREX1_48630944	0.562753	0.632653
PREX1_48630954	0.562753	0.673469
PREX1_48635420	0.567872	0.489796
PREX1_48638630	0.543964	0.653061
PREX1_48638685	0.543964	0.653061
PREX1_48640380	0.484822	0.632653
PREX1_48641526	0.484822	0.591837
PREX1_48656248	0.551082	0.612245
PREX1_48656477	0.551082	0.612245
PREX1_48676998	0.514720	0.551020
PREX1_48684622	0.524792	0.632653
PREX1_48685135	0.524792	0.510204
PREX1_48704242	0.501967	0.632653
PREX1_48706952	0.501967	0.510204
PREX2_68025634	0.346782	0.408163
PREX2_68061198	0.368230	0.591837
PREX2_68078039	0.357551	0.387755
PREX2_68087244	0.347866	0.448980
PREX2_68098133	0.348387	0.469388
PREX2_68109024	0.340406	0.510204
PREX2_68125615	0.340076	0.428571
PREX2_68226469	0.411423	0.448980
PREX2_68230751	0.411423	0.673469
PRG3_57377140	0.519608	0.448980
PRG4_186309284	0.317485	0.408163
PRH1-PRR4_10900235	0.368867	0.551020
PRH1-PRR4_10943311	0.368867	0.346939
PRH1-PRR4_10979578	0.360547	0.408163
PRICKLE2_64152818	0.462676	0.387755
PRICKLE2_64157851	0.461927	0.469388
PRICKLE2_64158384	0.461927	0.408163
PRICKLE2_64159207	0.461927	0.510204
PRICKLE2_64160288	0.396869	0.489796
PRICKLE3_49178864	0.571613	0.632653
PRICKLE4_41782161	0.491499	0.612245
PRIM2_57535089	0.363801	0.367347
PRIM2_57603488	0.370126	0.346939
PRIMA1_93783060	0.489175	0.469388
PRIMA1_93784292	0.489175	0.571429
PRIMA1_93784608	0.489175	0.530612
PRIMA1_93787900	0.628788	0.530612
PRIMA1_93787902	0.628788	0.510204
PRIMA1_93788013	0.628788	0.551020
PRIMPOL_184650708	0.462630	0.448980
PRIMPOL_184664316	0.358585	0.448980
PRIMPOL_184672591	0.450875	0.571429
PRIMPOL_184681014	0.395276	0.489796
PRIMPOL_184682653	0.410807	0.346939
PRIMPOL_184688784	0.415893	0.469388
PRIMPOL_184688926	0.415893	0.346939
PRKAA1_40782444	0.396611	0.489796
PRKAB1_119672176	0.446497	0.469388
PRKAB1_119673744	0.446965	0.428571
PRKAB2_147167219	0.380895	0.367347
PRKAB2_147171635	0.391615	0.530612
PRKACB_84174237	0.345142	0.408163
PRKACB_84197380	0.317444	0.428571
PRKAG1_49013358	0.456502	0.612245
PRKAG2_151567363	0.384452	0.387755
PRKAG2_151576614	0.444421	0.571429
PRKAG2_151782751	0.569075	0.551020
PRKAR1B_557675	0.584200	0.612245
PRKAR1B_584615	0.582534	0.428571
PRKAR2B_107141801	0.401382	0.387755
PRKAR2B_107145697	0.401382	0.469388
PRKCA_66303788	0.486161	0.632653
PRKCA_66558813	0.431961	0.632653
PRKCA_66649902	0.452559	0.510204
PRKCA_66691906	0.435831	0.448980
PRKCE_45895953	0.444000	0.571429
PRKCE_46003022	0.420367	0.408163
PRKCE_46149986	0.452401	0.510204
PRKCG_53893577	0.488504	0.489796
PRKCG_53899155	0.584165	0.714286
PRKCG_53900904	0.499354	0.632653
PRKCH_61451308	0.430790	0.346939
PRKCH_61456210	0.433281	0.510204
PRKCH_61529583	0.416597	0.408163
PRKCH_61549384	0.479978	0.469388
PRKCQ_6461534	0.428962	0.387755
PRKCQ_6488306	0.486638	0.469388
PRKCQ_6490446	0.486638	0.469388
PRKCSH_11438290	0.506902	0.469388
PRKCSH_11446016	0.637845	0.612245
PRKCSH_11449264	0.722222	0.693878
PRKCZ_2138391	0.546378	0.612245
PRKD1_29625114	0.311910	0.408163
PRKD2_46675195	0.530058	0.571429
PRKD2_46692047	0.519322	0.510204
PRKD2_46694196	0.521006	0.469388
PRKD2_46701162	0.476440	0.530612
PRKD3_37266246	0.370901	0.306122
PRKDC_47818842	0.395652	0.326531
PRKDC_47824255	0.397518	0.653061
PRKDC_47832745	0.516086	0.408163
PRKDC_47834000	0.516086	0.408163
PRKDC_47841308	0.404061	0.591837
PRKDC_47855534	0.463524	0.571429
PRKDC_47895335	0.422210	0.428571
PRKDC_47902279	0.469300	0.551020
PRKDC_47905896	0.423786	0.469388
PRKDC_47916322	0.391882	0.612245
PRKG2_81172009	0.327644	0.469388
PRKRIP1_102400424	0.464942	0.408163
PRKRIP1_102404921	0.444364	0.285714
PRL_22288085	0.399225	0.346939
PRMT1_49683066	0.496701	0.387755
PRMT1_49684323	0.635965	0.693878
PRMT1_49684454	0.635965	0.653061
PRMT1_49687592	0.620209	0.673469
PRMT2_46650031	0.442421	0.408163
PRMT2_46650994	0.442421	0.571429
PRMT2_46663792	0.470270	0.571429
PRMT3_20404982	0.337799	0.326531
PRMT7_68316223	0.476920	0.530612
PRMT7_68328749	0.447673	0.632653
PRMT7_68338836	0.533714	0.612245
PRMT7_68353287	0.481516	0.530612
PRMT8_3572722	0.436080	0.489796
PRMT8_3576725	0.436080	0.530612
PRMT8_3582721	0.492505	0.510204
PRMT9_147658042	0.428223	0.367347
PRMT9_147664181	0.378133	0.551020
PRMT9_147666765	0.378133	0.367347
PRMT9_147667629	0.378133	0.408163
PRMT9_147673953	0.395316	0.489796
PRMT9_147674845	0.395316	0.367347
PRMT9_147677567	0.395316	0.510204
PRMT9_147679602	0.395316	0.469388
PRND_4722503	0.476857	0.530612
PROC_127427892	0.600529	0.653061
PRODH2_35803106	0.509102	0.632653
PRODH_18926038	0.600532	0.448980
PRODH_18926323	0.600532	0.428571
PRODH_18928897	0.600532	0.612245
PRODH_18932644	0.564992	0.653061
PROM1_15987774	0.433747	0.469388
PROM1_15994121	0.431254	0.489796
PROM1_16008242	0.422498	0.346939
PROM1_16008389	0.422498	0.591837
PROM1_16016280	0.373199	0.306122
PROM2_95280379	0.558682	0.551020
PROS1_93932739	0.402391	0.224490
PROS1_93945187	0.402391	0.428571
PROS1_93947919	0.402391	0.510204
PROSC_37763212	0.493314	0.714286
PROX1_214002241	0.369351	0.448980
PROX1_214008648	0.402049	0.408163
PROZ_113167301	0.435185	0.387755
PROZ_113167367	0.435185	0.469388
PRPF18_13609320	0.402189	0.510204
PRPF19_60891502	0.421149	0.591837
PRPF19_60894514	0.421149	0.408163
PRPF19_60903128	0.506066	0.551020
PRPF39_45098005	0.367916	0.346939
PRPF39_45098820	0.367916	0.387755
PRPF39_45107328	0.344131	0.244898
PRPF3_150323429	0.460024	0.530612
PRPF3_150336339	0.464702	0.489796
PRPF3_150338827	0.434090	0.408163
PRPF3_150351314	0.436635	0.306122
PRPF40B_49631707	0.536508	0.510204
PRPF4_113288093	0.389302	0.469388
PRPF4_113288110	0.389302	0.387755
PRPF6_64005283	0.506808	0.408163
PRPF6_64011121	0.504141	0.489796
PRPF6_64014918	0.464457	0.571429
PRPF6_64025267	0.556626	0.571429
PRPF6_64025751	0.556626	0.510204
PRPF6_64027399	0.569820	0.551020
PRPF8_1661511	0.514706	0.530612
PRPH2_42700612	0.484378	0.387755
PRPS2_12798172	0.449058	0.367347
PRPSAP2_18862009	0.456866	0.571429
PRPSAP2_18874192	0.460182	0.469388
PRR12_49592662	0.604666	0.489796
PRR12_49601163	0.512242	0.551020
PRR19_42303932	0.522120	0.387755
PRR30_27138782	0.509091	0.448980
PRR3_30558952	0.402099	0.265306
PRR5L_36403061	0.491551	0.693878
PRR5_44729471	0.620020	0.714286
PRR5_44733323	0.584820	0.612245
PRR7_177449410	0.584132	0.510204
PRRC1_127531950	0.338190	0.306122
PRRC1_127532413	0.338190	0.428571
PRRC1_127533299	0.338190	0.285714
PRRC2A_31624014	0.441595	0.530612
PRRC2B_131397327	0.480126	0.510204
PRRC2B_131434409	0.473987	0.632653
PRRC2B_131436894	0.480583	0.387755
PRRC2B_131437124	0.480583	0.428571
PRRC2B_131444111	0.468671	0.571429
PRRC2B_131452443	0.405859	0.326531
PRRC2B_131484026	0.538710	0.428571
PRRC2B_131493037	0.530784	0.571429
PRRC2B_131494747	0.565842	0.673469
PRRC2C_171573433	0.329244	0.326531
PRRT3_9950502	0.560261	0.469388
PRSS12_118308780	0.350422	0.489796
PRSS16_27250965	0.595745	0.489796
PRSS22_2855238	0.471309	0.591837
PRSS37_141839542	0.347005	0.306122
PRSS48_151279403	0.446519	0.448980
PRSS48_151280365	0.400183	0.551020
PRSS48_151290754	0.375431	0.306122
PRSS51_10497526	0.517131	0.408163
PRSS53_31085773	0.523471	0.469388
PRSS54_58290716	0.403947	0.387755
PRSS56_232524974	0.641509	0.693878
PRSS57_687793	0.572285	0.571429
PRTFDC1_24938922	0.411729	0.448980
PRTG_55638248	0.315397	0.285714
PRTG_55695854	0.387493	0.551020
PRTG_55741664	0.494194	0.551020
PRTG_55742161	0.494194	0.428571
PRUNE1_151010071	0.463567	0.489796
PRUNE1_151021944	0.467430	0.571429
PRUNE1_151030808	0.472537	0.387755
PRUNE2_76653764	0.368748	0.489796
PSAP_71818899	0.562092	0.673469
PSAP_71826265	0.464151	0.428571
PSAP_71832115	0.507956	0.530612
PSAT1_78297454	0.461723	0.653061
PSAT1_78298396	0.461723	0.448980
PSAT1_78301663	0.374129	0.408163
PSAT1_78316679	0.492191	0.530612
PSAT1_78316955	0.492191	0.489796
PSD2_139821253	0.499423	0.448980
PSD3_18871302	0.426041	0.408163
PSD3_18894163	0.395355	0.408163
PSD4_113180696	0.522735	0.632653
PSD4_113187914	0.449706	0.346939
PSEN2_226871793	0.493434	0.551020
PSEN2_226882429	0.469203	0.489796
PSEN2_226891901	0.537465	0.714286
PSEN2_226895220	0.579353	0.510204
PSG2_43070320	0.383997	0.285714
PSG7_42931742	0.459792	0.530612
PSIP1_15507152	0.373096	0.387755
PSKH1_67910724	0.530310	0.653061
PSMA3-AS1_58296915	0.399712	0.367347
PSMA3_58268876	0.385226	0.346939
PSMA5_109415423	0.413793	0.367347
PSMA5_109422229	0.440000	0.408163
PSMA6_35308713	0.366061	0.367347
PSMA7_62142067	0.578436	0.510204
PSMB3_38760211	0.455180	0.408163
PSMB3_38761505	0.506104	0.591837
PSMB5_23034262	0.472195	0.489796
PSMB6_4797400	0.528037	0.530612
PSMC1_90258440	0.468933	0.408163
PSMC4_39971547	0.528115	0.632653
PSMC4_39978177	0.473136	0.530612
PSMD11_32454394	0.394468	0.346939
PSMD11_32479051	0.405519	0.632653
PSMD12_67360109	0.413676	0.367347
PSMD12_67360682	0.413676	0.428571
PSMD13_243775	0.417002	0.408163
PSMD14_161388959	0.330080	0.510204
PSMD1_231057986	0.415148	0.346939
PSMD1_231062098	0.382070	0.224490
PSMD1_231070313	0.290594	0.346939
PSMD1_231073379	0.350242	0.306122
PSMD1_231076312	0.395349	0.448980
PSMD3_39987287	0.469036	0.489796
PSMD3_39989063	0.514690	0.571429
PSMD4_151258165	0.461643	0.632653
PSMD6_64022073	0.346662	0.367347
PSMD7_74298905	0.467051	0.346939
PSMD8_38376097	0.538397	0.469388
PSME4_53890377	0.390150	0.489796
PSME4_53899531	0.395151	0.428571
PSME4_53903572	0.363083	0.367347
PSME4_53903818	0.363083	0.326531
PSME4_53913870	0.345011	0.408163
PSME4_53934303	0.381236	0.448980
PSME4_53938279	0.360248	0.448980
PSMF1_1125407	0.470797	0.428571
PSMF1_1125411	0.470797	0.448980
PSMF1_1164121	0.497355	0.469388
PSORS1C3_31174556	0.516627	0.489796
PSORS1C3_31174640	0.516627	0.612245
PSTK_122987292	0.361186	0.408163
PSTK_122989939	0.377295	0.387755
PSTPIP1_77019200	0.581013	0.591837
PSTPIP1_77021909	0.581013	0.591837
PSTPIP1_77029003	0.613014	0.469388
PSTPIP2_45989080	0.397554	0.224490
PTAR1_69724548	0.348613	0.428571
PTBP2_96723405	0.491425	0.448980
PTCD1_99426320	0.596672	0.693878
PTCD1_99434658	0.497447	0.489796
PTCD2_72327141	0.392161	0.408163
PTCD3_86124667	0.375000	0.367347
PTCD3_86125234	0.400538	0.591837
PTCD3_86128635	0.423193	0.428571
PTCH1_95454423	0.443314	0.510204
PTCH1_95459298	0.436447	0.469388
PTCH1_95479238	0.451888	0.571429
PTCH1_95486069	0.456361	0.387755
PTCH2_44830342	0.520196	0.408163
PTCHD3_27402765	0.351045	0.265306
PTCRA_42916925	0.485578	0.551020
PTCRA_42922808	0.485578	0.428571
PTDSS2_476333	0.524770	0.591837
PTEN_87920556	0.375155	0.551020
PTER_16504822	0.395609	0.346939
PTGDR2_60855792	0.521292	0.489796
PTGDR_52274023	0.424547	0.448980
PTGDR_52274340	0.424547	0.387755
PTGES3_56671941	0.382287	0.346939
PTGES_129740682	0.502729	0.387755
PTGES_129748999	0.546156	0.612245
PTGES_129751791	0.546156	0.551020
PTGFR_78491699	0.508711	0.510204
PTGFR_78492291	0.508711	0.346939
PTGIS_49532331	0.428702	0.408163
PTGIS_49541154	0.545058	0.428571
PTGR1_111575082	0.448608	0.612245
PTGR1_111578369	0.407286	0.346939
PTGS1_122384795	0.478067	0.469388
PTK2B_27392235	0.468441	0.510204
PTK2B_27420292	0.545455	0.530612
PTK2_140667796	0.400489	0.469388
PTK2_140680459	0.418254	0.653061
PTK2_140755329	0.403368	0.448980
PTK6_63536188	0.685926	0.693878
PTK6_63536211	0.685926	0.653061
PTK7_43141475	0.454248	0.510204
PTK7_43141572	0.454248	0.551020
PTK7_43158647	0.487869	0.428571
PTMA_231709399	0.703775	0.816327
PTP4A3_141423346	0.611769	0.591837
PTP4A3_141424975	0.611769	0.693878
PTP4A3_141426063	0.652948	0.612245
PTPA_129137360	0.568273	0.551020
PTPMT1_47567895	0.470240	0.285714
PTPN11_112446607	0.435060	0.510204
PTPN12_77604573	0.362166	0.346939
PTPN12_77607679	0.403119	0.428571
PTPN12_77629249	0.364940	0.551020
PTPN13_86598889	0.354135	0.571429
PTPN14_214359985	0.445597	0.571429
PTPN14_214372892	0.389168	0.489796
PTPN14_214376000	0.389168	0.530612
PTPN14_214388875	0.409348	0.387755
PTPN18_130358683	0.516504	0.530612
PTPN1_50568314	0.473414	0.530612
PTPN1_50570070	0.471183	0.632653
PTPN1_50581229	0.510463	0.448980
PTPN21_88505885	0.370835	0.346939
PTPN21_88508707	0.394003	0.346939
PTPN21_88510405	0.394003	0.346939
PTPN22_113858627	0.474299	0.387755
PTPN23_47397382	0.469765	0.346939
PTPN23_47399068	0.469765	0.530612
PTPN2_12837187	0.392466	0.265306
PTPN3_109384300	0.505017	0.489796
PTPN3_109391222	0.435424	0.346939
PTPN3_109440077	0.452106	0.632653
PTPN3_109446506	0.454804	0.448980
PTPN3_109446857	0.454804	0.571429
PTPN3_109463519	0.460178	0.469388
PTPN4_119929830	0.316832	0.408163
PTPN4_119954962	0.369012	0.510204
PTPN4_119971541	0.384641	0.326531
PTPN5_18731343	0.475658	0.387755
PTPN5_18733093	0.515038	0.530612
PTPN5_18733904	0.502121	0.469388
PTPN5_18740336	0.519333	0.510204
PTPN6_6947195	0.522489	0.428571
PTPN6_6947571	0.522489	0.571429
PTPN6_6958732	0.595791	0.673469
PTPN7_202150653	0.514880	0.448980
PTPN7_202154844	0.492969	0.489796
PTPN7_202155074	0.492969	0.591837
PTPN9_75507144	0.444216	0.428571
PTPRA_3008344	0.439725	0.408163
PTPRA_3036944	0.535479	0.632653
PTPRB_70546527	0.426723	0.367347
PTPRB_70560179	0.433078	0.469388
PTPRF_43547370	0.566967	0.571429
PTPRF_43548098	0.566967	0.571429
PTPRF_43551869	0.566967	0.387755
PTPRF_43553371	0.566967	0.428571
PTPRF_43564777	0.556045	0.551020
PTPRF_43575500	0.550880	0.387755
PTPRF_43578563	0.550880	0.612245
PTPRF_43592866	0.547610	0.591837
PTPRF_43593637	0.547610	0.510204
PTPRF_43594409	0.547610	0.551020
PTPRF_43596935	0.547610	0.448980
PTPRF_43602816	0.582701	0.489796
PTPRF_43606133	0.585089	0.653061
PTPRF_43608334	0.567109	0.428571
PTPRF_43616833	0.558327	0.510204
PTPRG_62256080	0.386969	0.489796
PTPRG_62256201	0.386969	0.387755
PTPRG_62280949	0.360546	0.367347
PTPRH_55183258	0.505672	0.469388
PTPRH_55186025	0.595833	0.530612
PTPRJ_48015226	0.486510	0.551020
PTPRJ_48129999	0.465839	0.408163
PTPRJ_48140385	0.430936	0.591837
PTPRJ_48160336	0.422242	0.408163
PTPRM_8247675	0.397799	0.387755
PTPRM_8249098	0.387601	0.346939
PTPRM_8386988	0.464570	0.428571
PTPRM_8389917	0.436878	0.408163
PTPRN2_158134666	0.450867	0.448980
PTPRN_219306657	0.421096	0.530612
PTPRO_15508003	0.392579	0.448980
PTPRO_15509201	0.398663	0.510204
PTPRO_15510441	0.398663	0.469388
PTPRO_15524754	0.356365	0.346939
PTPRO_15525783	0.376701	0.448980
PTPRO_15579384	0.346119	0.285714
PTPRQ_80462014	0.386832	0.632653
PTPRQ_80510052	0.323932	0.448980
PTPRQ_80537925	0.336007	0.448980
PTPRS_5208698	0.499278	0.428571
PTPRS_5219737	0.552017	0.530612
PTPRS_5240496	0.512332	0.530612
PTPRS_5261412	0.529651	0.530612
PTPRS_5264374	0.529651	0.489796
PTPRS_5264466	0.529651	0.530612
PTPRS_5281057	0.520120	0.612245
PTPRT_42119756	0.445607	0.591837
PTPRU_29258990	0.580579	0.571429
PTPRU_29305218	0.557769	0.571429
PTPRU_29305759	0.515522	0.571429
PTPRU_29312268	0.497475	0.469388
PTPRU_29317212	0.542607	0.612245
PTPRU_29323966	0.567047	0.551020
PTPRZ1_122052879	0.413706	0.448980
PTRH1_127717909	0.496312	0.693878
PTRH1_127722582	0.585751	0.632653
PTRH1_127723644	0.557252	0.530612
PTS_112228426	0.468795	0.306122
PTTG1IP_44851868	0.506421	0.428571
PTTG1IP_44852114	0.506421	0.428571
PTTG1IP_44854402	0.506421	0.632653
PTTG1IP_44857626	0.486661	0.612245
PTTG1IP_44860608	0.486661	0.489796
PTTG1IP_44861527	0.542566	0.632653
PTTG1_160424951	0.367908	0.469388
PUDP_7097888	0.424920	0.428571
PUM1_30934904	0.491818	0.367347
PUM1_30937274	0.447045	0.367347
PUM2_20285213	0.358409	0.387755
PUM3_2830020	0.337611	0.408163
PUS10_60945327	0.367757	0.244898
PUS10_60951417	0.401995	0.367347
PUS10_60964709	0.368251	0.326531
PUS1_131930614	0.514468	0.367347
PUS1_131930761	0.514468	0.612245
PUS1_131930963	0.514468	0.489796
PUS1_131942861	0.555627	0.673469
PUS7_105458902	0.443997	0.469388
PUS7_105460307	0.437965	0.408163
PUS7_105463176	0.403981	0.510204
PUS7_105505492	0.420944	0.510204
PVR_44657544	0.512553	0.551020
PWP2_44107859	0.617818	0.673469
PWP2_44107987	0.617818	0.591837
PWP2_44107996	0.617818	0.632653
PWP2_44114541	0.624277	0.673469
PWP2_44120946	0.687861	0.530612
PWP2_44124175	0.517552	0.224490
PWP2_44128876	0.549746	0.714286
PWWP2B_132399612	0.631015	0.530612
PXDC1_3726831	0.584426	0.489796
PXDC1_3727733	0.478016	0.489796
PXDC1_3744084	0.527234	0.469388
PXDNL_51320510	0.354796	0.448980
PXDN_1661986	0.508704	0.673469
PXDN_1673932	0.540462	0.591837
PXDN_1675092	0.540462	0.530612
PXK_58402571	0.463426	0.653061
PXK_58404725	0.405546	0.408163
PXMP2_132703989	0.553093	0.653061
PXMP4_33715389	0.489735	0.448980
PXMP4_33718218	0.489735	0.469388
PXYLP1_141292240	0.442459	0.408163
PYCR1_81933552	0.603793	0.551020
PYGB_25274220	0.522383	0.489796
PYGB_25274459	0.522383	0.510204
PYGB_25274473	0.522383	0.510204
PYGB_25274845	0.622789	0.530612
PYGB_25276000	0.622789	0.693878
PYGB_25283508	0.630751	0.632653
PYGB_25283560	0.630751	0.591837
PYGB_25285963	0.543973	0.571429
PYGB_25290283	0.535303	0.632653
PYGB_25291429	0.655637	0.653061
PYGL_50934996	0.367267	0.469388
PYGL_50935503	0.420000	0.428571
PYGM_64751689	0.541045	0.591837
PYHIN1_158942882	0.348201	0.408163
PYM1_55903564	0.435902	0.367347
PYROXD1_21447131	0.377441	0.387755
PYROXD1_21455764	0.240741	0.367347
PYROXD1_21464716	0.375271	0.285714
PYROXD2_98389780	0.532791	0.428571
PYROXD2_98393083	0.529830	0.530612
PYROXD2_98394971	0.529830	0.530612
PYROXD2_98396352	0.482558	0.571429
PYROXD2_98402418	0.469552	0.285714
PYROXD2_98403566	0.469552	0.653061
PYROXD2_98409662	0.504930	0.489796
PZP_9149865	0.387128	0.408163
PZP_9181423	0.346793	0.306122
PZP_9203673	0.430286	0.448980
QARS_49102773	0.513761	0.612245
QDPR_17502904	0.418420	0.346939
QPCTL_45693785	0.504255	0.428571
QPCT_37360151	0.406347	0.306122
QPCT_37371781	0.383897	0.510204
QRFP_130893898	0.559203	0.591837
QRICH2_76277390	0.554572	0.632653
QRICH2_76284478	0.512608	0.306122
QRSL1_106656257	0.409825	0.448980
QSER1_32966168	0.391209	0.346939
QSER1_32966173	0.391209	0.367347
QSER1_32971383	0.393840	0.387755
QSOX1_180168227	0.518502	0.612245
QSOX1_180170353	0.518502	0.489796
QSOX1_180183285	0.580200	0.693878
QSOX1_180191382	0.571035	0.673469
QSOX2_136209618	0.571932	0.591837
QSOX2_136216796	0.575153	0.714286
QSOX2_136216985	0.575153	0.775510
QTRT2_114057653	0.380935	0.346939
QTRT2_114060283	0.380935	0.387755
R3HCC1L_98240558	0.375347	0.489796
R3HCC1_23294263	0.576344	0.530612
R3HDM1_135622352	0.304306	0.346939
R3HDM1_135645763	0.358259	0.346939
R3HDM1_135717006	0.411302	0.367347
R3HDM2_57289219	0.424505	0.428571
R3HDM2_57300346	0.415832	0.387755
R3HDML_44337689	0.495631	0.551020
R3HDML_44341116	0.495631	0.530612
RAB11A_65878451	0.429738	0.551020
RAB11B_8400559	0.574248	0.551020
RAB11FIP1_37863744	0.443882	0.428571
RAB11FIP2_118014173	0.322487	0.387755
RAB11FIP3_428174	0.484214	0.510204
RAB11FIP3_487292	0.538109	0.448980
RAB11FIP3_488388	0.538109	0.285714
RAB11FIP3_494249	0.540585	0.551020
RAB11FIP3_497227	0.522461	0.653061
RAB11FIP3_517218	0.563498	0.571429
RAB11FIP3_519708	0.644719	0.693878
RAB11FIP4_31522151	0.583871	0.653061
RAB12_8637994	0.398660	0.693878
RAB13_153985914	0.497370	0.551020
RAB14_121186186	0.383512	0.448980
RAB17_237581799	0.528692	0.530612
RAB17_237584333	0.528692	0.632653
RAB18_27526601	0.358703	0.387755
RAB1B_66273074	0.532755	0.571429
RAB20_110529493	0.494132	0.448980
RAB21_71781819	0.376374	0.428571
RAB22A_58354400	0.416292	0.367347
RAB23_57208364	0.361465	0.489796
RAB25_156064781	0.496978	0.448980
RAB25_156067531	0.513176	0.530612
RAB27A_55210872	0.399164	0.346939
RAB27A_55230751	0.367637	0.265306
RAB29_205771012	0.468395	0.571429
RAB29_205772760	0.452539	0.428571
RAB2B_21468975	0.402519	0.428571
RAB2B_21470870	0.402519	0.448980
RAB34_28715369	0.536313	0.489796
RAB35_120101232	0.613145	0.489796
RAB35_120116016	0.532284	0.469388
RAB36_23152992	0.581028	0.510204
RAB36_23160490	0.560000	0.591837
RAB37_74738066	0.556437	0.551020
RAB37_74744177	0.478800	0.571429
RAB3D_11339157	0.558765	0.632653
RAB3GAP1_135122869	0.339495	0.591837
RAB3GAP1_135129732	0.402037	0.285714
RAB3GAP2_220182397	0.303030	0.306122
RAB3GAP2_220192174	0.406138	0.326531
RAB3IL1_61900085	0.579549	0.591837
RAB3IL1_61909763	0.579116	0.632653
RAB3IL1_61911635	0.579116	0.612245
RAB40B_82659963	0.493604	0.571429
RAB40B_82663635	0.630510	0.693878
RAB40C_618118	0.575725	0.693878
RAB40C_626264	0.631967	0.673469
RAB40C_626276	0.631967	0.693878
RAB44_36721009	0.530000	0.530612
RAB4A_229286327	0.410519	0.285714
RAB4A_229294523	0.453027	0.489796
RAB4A_229295516	0.453027	0.551020
RAB5C_42126002	0.512850	0.448980
RAB5C_42127063	0.478754	0.571429
RAB5C_42129941	0.574219	0.551020
RAB6A_73707157	0.420304	0.224490
RAB6B_133840838	0.601680	0.653061
RAB7A_128805433	0.409901	0.510204
RAB7A_128808826	0.455703	0.510204
RAB7B_206001897	0.455664	0.530612
RAB8A_16115694	0.513387	0.571429
RAB8A_16121631	0.526133	0.530612
RAB8A_16121650	0.526133	0.551020
RAB8A_16123158	0.568188	0.612245
RAB8A_16131812	0.492137	0.510204
RAB8B_63210229	0.399913	0.448980
RABEP1_5292513	0.413365	0.612245
RABEP1_5354234	0.419147	0.346939
RABEP1_5371982	0.431785	0.367347
RABEP1_5381868	0.491955	0.571429
RABEP1_5383027	0.491955	0.428571
RABEP2_28911252	0.530105	0.632653
RABEP2_28915015	0.490706	0.510204
RABEP2_28917782	0.490706	0.653061
RABGAP1L-IT1_174897775	0.466887	0.591837
RABGAP1L_174252772	0.353478	0.306122
RABGAP1L_174273481	0.322494	0.408163
RABGAP1L_174596205	0.368089	0.673469
RABGAP1L_174708416	0.388325	0.448980
RABGAP1L_174869505	0.394877	0.469388
RABGAP1L_174957830	0.410557	0.428571
RABGAP1_122996738	0.294028	0.306122
RABGAP1_123098336	0.485616	0.612245
RABGAP1_123100096	0.403770	0.612245
RABGEF1_66795389	0.405776	0.408163
RABGEF1_66796214	0.450549	0.285714
RABGEF1_66797711	0.508260	0.448980
RABL3_120690526	0.377899	0.408163
RABL6_136823905	0.595564	0.755102
RAC1_6388648	0.444397	0.489796
RAC1_6389465	0.444397	0.551020
RAC1_6399264	0.476992	0.469388
RAC2_37237336	0.560337	0.551020
RACGAP1_49995001	0.409091	0.448980
RACGAP1_49998985	0.445248	0.387755
RACGAP1_49999782	0.484701	0.387755
RAD18_8889310	0.411692	0.510204
RAD1_34912240	0.364514	0.408163
RAD21L1_1229731	0.319033	0.224490
RAD21L1_1233177	0.376471	0.448980
RAD21L1_1240670	0.418956	0.530612
RAD23B_107321731	0.338704	0.428571
RAD50_132581952	0.375584	0.408163
RAD50_132597597	0.399786	0.489796
RAD50_132598776	0.399786	0.387755
RAD50_132638886	0.419118	0.448980
RAD50_132640115	0.419118	0.346939
RAD51AP1_4540111	0.367270	0.387755
RAD51AP1_4547795	0.353258	0.367347
RAD51B_68562836	0.461980	0.469388
RAD51C_58709627	0.418900	0.285714
RAD51_40700839	0.408927	0.367347
RAD51_40706129	0.424925	0.285714
RAD51_40706739	0.462637	0.448980
RAD51_40706755	0.462637	0.346939
RAD52_916889	0.456252	0.530612
RAD52_923424	0.456252	0.571429
RAD52_927528	0.432094	0.448980
RAD54B_94398974	0.355813	0.346939
RAD54B_94401261	0.349848	0.428571
RAD54B_94469245	0.401209	0.489796
RAD54B_94474599	0.401209	0.551020
RAD54L2_51564477	0.437125	0.448980
RAD54L2_51636486	0.444931	0.510204
RAD54L2_51637773	0.478125	0.408163
RAD54L2_51642027	0.429497	0.510204
RAD54L2_51645407	0.421053	0.387755
RAD54L2_51660258	0.425661	0.285714
RAD54L_46257237	0.447350	0.387755
RAD54L_46274842	0.439174	0.448980
RAD9A_67393868	0.540260	0.469388
RAD9B_110514991	0.373561	0.326531
RADIL_4817545	0.627132	0.673469
RADIL_4818259	0.627132	0.714286
RADIL_4820975	0.627132	0.693878
RAE1_57356163	0.342541	0.326531
RAE1_57359699	0.409550	0.448980
RAE1_57374605	0.506912	0.448980
RAF1_12610653	0.385616	0.428571
RAG1_36516179	0.388696	0.387755
RAG1_36516669	0.388696	0.326531
RAI14_34767050	0.417527	0.510204
RAI14_34804079	0.451156	0.346939
RAI14_34806481	0.451156	0.510204
RAI14_34825580	0.431991	0.612245
RAI1_17802288	0.592903	0.653061
RAI1_17809168	0.557401	0.632653
RAI1_17809173	0.557401	0.612245
RALA_39688027	0.395278	0.591837
RALBP1_9514154	0.402813	0.489796
RALBP1_9534268	0.477223	0.591837
RALB_120279224	0.433263	0.551020
RALGAPA1_35653039	0.346169	0.346939
RALGAPA1_35671114	0.384987	0.408163
RALGAPA1_35764954	0.367855	0.244898
RALGAPA2_20404416	0.453374	0.448980
RALGAPB_38495854	0.389100	0.510204
RALGAPB_38495893	0.389100	0.428571
RALGAPB_38496382	0.389100	0.428571
RALGAPB_38496686	0.389100	0.428571
RALGAPB_38536982	0.386384	0.469388
RALGAPB_38538855	0.386384	0.408163
RALGAPB_38546186	0.406535	0.448980
RALGAPB_38554596	0.338075	0.448980
RALGAPB_38570412	0.383420	0.346939
RALGDS_133118720	0.614922	0.612245
RALGDS_133120289	0.614922	0.510204
RALGPS1_127171577	0.450017	0.469388
RALGPS1_127196017	0.562898	0.469388
RALGPS2_178784749	0.284333	0.265306
RALY_33998392	0.444825	0.448980
RALY_34040191	0.442352	0.469388
RALY_34054465	0.442352	0.469388
RALY_34071941	0.442352	0.428571
RALY_34071971	0.442352	0.408163
RALY_34074146	0.546917	0.469388
RAMP3_45162748	0.486304	0.571429
RAMP3_45177147	0.486304	0.591837
RAMP3_45177214	0.486304	0.530612
RANBP10_67727009	0.552083	0.510204
RANBP10_67733490	0.499542	0.448980
RANBP10_67735102	0.537037	0.653061
RANBP10_67735107	0.537037	0.632653
RANBP10_67743722	0.505598	0.632653
RANBP10_67805717	0.568241	0.530612
RANBP17_171069954	0.371154	0.428571
RANBP17_171153493	0.371154	0.387755
RANBP17_171199458	0.377856	0.285714
RANBP17_171240926	0.383298	0.428571
RANBP17_171294168	0.443045	0.510204
RANBP3L_36264296	0.343964	0.387755
RANBP3L_36265610	0.392349	0.448980
RANBP3_5930090	0.516888	0.571429
RANBP3_5948125	0.525583	0.530612
RANBP9_13626660	0.373656	0.408163
RANBP9_13629474	0.373656	0.306122
RANBP9_13686812	0.364908	0.469388
RANGAP1_41247465	0.598043	0.632653
RANGAP1_41251236	0.499432	0.591837
RANGAP1_41251719	0.499432	0.408163
RANGAP1_41254583	0.574050	0.653061
RAP1A_111708971	0.354783	0.387755
RAP1A_111709117	0.354783	0.306122
RAP1B_68653712	0.428641	0.591837
RAP1GAP2_2980677	0.562123	0.551020
RAP1GAP2_2982090	0.483664	0.551020
RAP1GAP2_3002495	0.561785	0.591837
RAP1GAP2_3003852	0.561785	0.591837
RAP1GAP2_3005279	0.561785	0.530612
RAP1GAP2_3005339	0.561785	0.591837
RAP1GAP2_3020104	0.540825	0.510204
RAP1GAP2_3026729	0.636743	0.693878
RAP1GAP2_3029331	0.498312	0.612245
RAP1GAP2_3031633	0.595609	0.571429
RAP1GAP2_3032097	0.595609	0.571429
RAP1GAP_21600368	0.571636	0.571429
RAP1GAP_21602598	0.633201	0.571429
RAP1GAP_21606904	0.563772	0.632653
RAP1GAP_21612545	0.552533	0.510204
RAP1GAP_21612674	0.552533	0.571429
RAP1GAP_21657631	0.566531	0.612245
RAP1GDS1_98287464	0.357277	0.387755
RAP1GDS1_98367490	0.357941	0.612245
RAP1GDS1_98419744	0.345558	0.285714
RAP1GDS1_98419748	0.345558	0.306122
RAP1GDS1_98435258	0.394856	0.367347
RAP2A_97435114	0.357002	0.448980
RAPGEF1_131583929	0.616915	0.448980
RAPGEF1_131583973	0.616915	0.693878
RAPGEF1_131586709	0.550494	0.551020
RAPGEF1_131589413	0.602892	0.612245
RAPGEF1_131590460	0.578302	0.653061
RAPGEF1_131593866	0.561497	0.571429
RAPGEF1_131596559	0.544110	0.612245
RAPGEF1_131607060	0.516645	0.530612
RAPGEF1_131628316	0.566372	0.693878
RAPGEF1_131628715	0.524476	0.530612
RAPGEF1_131634825	0.458965	0.469388
RAPGEF1_131638007	0.458965	0.530612
RAPGEF2_159315230	0.376089	0.469388
RAPGEF3_47749859	0.580357	0.612245
RAPGEF4_172966066	0.444515	0.469388
RAPGEF4_172983231	0.424397	0.510204
RAPGEF4_172985308	0.453024	0.510204
RAPGEF4_172987797	0.390452	0.346939
RAPGEF4_173014763	0.391003	0.285714
RAPGEF4_173019593	0.417080	0.428571
RAPGEF4_173029905	0.391185	0.387755
RAPGEF4_173032859	0.417327	0.448980
RAPGEF5_22125887	0.430457	0.571429
RAPGEF5_22137291	0.438343	0.367347
RAPGEF5_22140310	0.417005	0.489796
RAPGEF6_131428019	0.421739	0.571429
RAPGEF6_131454637	0.378574	0.367347
RAPGEF6_131468737	0.361710	0.428571
RAPGEF6_131469870	0.361710	0.387755
RAPGEF6_131471033	0.361710	0.387755
RAPGEF6_131498841	0.392489	0.428571
RAPGEF6_131629235	0.409178	0.551020
RAPGEFL1_40191101	0.533454	0.551020
RAPH1_203454232	0.385124	0.408163
RAPH1_203459576	0.414539	0.387755
RAPH1_203491527	0.385284	0.285714
RARB_25594158	0.365764	0.408163
RARS2_87544473	0.393814	0.428571
RARS2_87557686	0.383268	0.408163
RARS_168487552	0.481050	0.326531
RASA1_87353468	0.365432	0.489796
RASA2_141559349	0.302900	0.387755
RASA2_141576724	0.365621	0.346939
RASA2_141576736	0.365621	0.306122
RASA2_141611243	0.359206	0.510204
RASA3_114018334	0.641176	0.571429
RASA3_114024457	0.593801	0.632653
RASA3_114024461	0.593801	0.591837
RASA3_114028044	0.580457	0.612245
RASA3_114047457	0.568039	0.612245
RASAL1_113114390	0.518445	0.551020
RASAL1_113128393	0.557650	0.469388
RASAL1_113129650	0.557650	0.489796
RASAL2_178444791	0.348776	0.346939
RASAL2_178452271	0.367143	0.510204
RASAL2_178457370	0.352490	0.326531
RASAL2_178470431	0.406687	0.510204
RASD2_35547434	0.524197	0.673469
RASEF_82997847	0.411955	0.469388
RASEF_83001158	0.328185	0.428571
RASEF_83008478	0.404215	0.469388
RASGEF1B_81429894	0.411229	0.632653
RASGEF1B_81457789	0.354386	0.346939
RASGEF1C_180112103	0.614311	0.551020
RASGEF1C_180112546	0.614311	0.591837
RASGEF1C_180116917	0.565036	0.591837
RASGEF1C_180126116	0.450844	0.510204
RASGEF1C_180135850	0.576928	0.571429
RASGRF1_78996541	0.579085	0.714286
RASGRF1_78998468	0.592157	0.632653
RASGRF1_79015751	0.540254	0.530612
RASGRF1_79017993	0.536082	0.551020
RASGRF1_79025098	0.474947	0.510204
RASGRF1_79026247	0.544131	0.551020
RASGRF1_79028401	0.531073	0.591837
RASGRF2_81067879	0.394762	0.346939
RASGRF2_81208176	0.461155	0.428571
RASGRF2_81213532	0.453200	0.530612
RASGRP1_38519071	0.335593	0.265306
RASGRP4_38416379	0.515560	0.612245
RASGRP4_38419384	0.468726	0.387755
RASGRP4_38425323	0.533078	0.469388
RASIP1_48731516	0.490098	0.448980
RASIP1_48737452	0.535505	0.530612
RASIP1_48737883	0.535505	0.510204
RASL10B_35740315	0.500399	0.612245
RASSF1_50331879	0.507772	0.346939
RASSF2_4798163	0.487179	0.571429
RASSF2_4798170	0.487179	0.551020
RASSF3_64612699	0.433140	0.612245
RASSF5_206584294	0.557100	0.612245
RASSF6_73583797	0.340602	0.367347
RASSF7_562861	0.667476	0.693878
RASSF7_563033	0.667476	0.693878
RAVER1_10324455	0.529852	0.489796
RAVER2_64768391	0.382672	0.448980
RAVER2_64768506	0.382672	0.346939
RB1CC1_52643728	0.333679	0.183673
RB1CC1_52663199	0.334709	0.448980
RB1CC1_52672212	0.356271	0.551020
RB1CC1_52679235	0.366777	0.408163
RBAK_5062359	0.402029	0.571429
RBBP4_32655476	0.435601	0.306122
RBBP5_205094546	0.399703	0.387755
RBBP6_24542764	0.383613	0.346939
RBBP7_16857120	0.427353	0.469388
RBBP8NL_62425570	0.623755	0.653061
RBBP8_22989054	0.391489	0.387755
RBFADN_80067619	0.464444	0.673469
RBFADN_80067998	0.464444	0.591837
RBFADN_80080444	0.414609	0.551020
RBFA_80044154	0.445281	0.591837
RBFOX1_7579983	0.408135	0.448980
RBFOX1_7581191	0.408135	0.408163
RBL1_37035844	0.418389	0.428571
RBL1_37036039	0.418389	0.387755
RBL1_37062421	0.469077	0.367347
RBL2_53439474	0.381942	0.244898
RBL2_53450284	0.370757	0.387755
RBL2_53459099	0.408637	0.367347
RBL2_53463518	0.414650	0.571429
RBM10_47172696	0.588867	0.653061
RBM10_47173756	0.589786	0.673469
RBM10_47174228	0.589786	0.612245
RBM12_35664083	0.398607	0.653061
RBM14_66622528	0.466042	0.408163
RBM18_122245846	0.408088	0.387755
RBM18_122246206	0.408088	0.387755
RBM19_113915880	0.488506	0.510204
RBM19_113918497	0.522885	0.551020
RBM19_113923595	0.500000	0.469388
RBM19_113925217	0.482578	0.510204
RBM19_113926318	0.482578	0.469388
RBM19_113942556	0.483348	0.551020
RBM19_113949237	0.527725	0.591837
RBM19_113959112	0.527132	0.571429
RBM20_110782085	0.490885	0.448980
RBM20_110798091	0.413471	0.530612
RBM20_110816810	0.476558	0.551020
RBM20_110817456	0.476558	0.530612
RBM20_110818764	0.476558	0.448980
RBM20_110823859	0.464679	0.571429
RBM20_110824497	0.464679	0.530612
RBM22_150693561	0.417969	0.510204
RBM24_17286833	0.389977	0.551020
RBM25_73073455	0.404725	0.530612
RBM25_73091356	0.425683	0.551020
RBM25_73104601	0.399580	0.612245
RBM25_73110302	0.510463	0.551020
RBM27_146223273	0.378460	0.387755
RBM28_128331696	0.387124	0.306122
RBM28_128332897	0.387124	0.428571
RBM28_128342819	0.422760	0.428571
RBM33_155773838	0.442364	0.428571
RBM39_35738489	0.409251	0.448980
RBM41_107118426	0.435718	0.693878
RBM41_107118430	0.435718	0.653061
RBM42_35632007	0.500885	0.387755
RBM44_237822372	0.309553	0.306122
RBM44_237825840	0.355124	0.367347
RBM44_237829079	0.312318	0.265306
RBM45_178113654	0.419327	0.510204
RBM45_178122395	0.350139	0.489796
RBM47_40437675	0.430098	0.632653
RBM4B_66669401	0.426790	0.489796
RBM5_50089544	0.512574	0.775510
RBM5_50096306	0.447593	0.428571
RBM5_50105867	0.444655	0.285714
RBM6_49992602	0.408824	0.489796
RBM6_50049980	0.418454	0.367347
RBM6_50063127	0.446954	0.530612
RBM6_50067558	0.437586	0.408163
RBMS1_160275971	0.399874	0.448980
RBMS1_160318488	0.379664	0.367347
RBMS2_56569316	0.465896	0.448980
RBMS2_56570226	0.487991	0.510204
RBP1_139518206	0.454054	0.408163
RBP3_47351906	0.543113	0.551020
RBP3_47352968	0.543113	0.530612
RBPJL_45315089	0.426897	0.285714
RBPMS2_64741382	0.523690	0.448980
RBPMS2_64751357	0.545377	0.326531
RBPMS_30563971	0.479452	0.591837
RBSN_15077327	0.449451	0.489796
RC3H1-IT1_174011662	0.388632	0.408163
RC3H1_173940211	0.407113	0.612245
RC3H1_173962095	0.316462	0.428571
RC3H1_173966455	0.365527	0.612245
RC3H1_173970063	0.365527	0.408163
RC3H1_173977463	0.403242	0.326531
RC3H1_173992141	0.392747	0.285714
RC3H2_122855597	0.320359	0.285714
RC3H2_122858604	0.349565	0.510204
RC3H2_122880891	0.393939	0.469388
RC3H2_122888615	0.371033	0.387755
RC3H2_122889681	0.371033	0.326531
RCAN1_34608353	0.438269	0.469388
RCAN2_46247280	0.380477	0.551020
RCBTB1_49545514	0.414671	0.387755
RCBTB1_49546560	0.414671	0.346939
RCBTB1_49550410	0.460346	0.306122
RCBTB1_49551492	0.461213	0.428571
RCBTB1_49558285	0.419180	0.632653
RCBTB2_48499939	0.459869	0.551020
RCC1L_75054365	0.512564	0.489796
RCC1L_75055311	0.512564	0.469388
RCC1L_75055434	0.512564	0.489796
RCC1L_75063639	0.474960	0.510204
RCC1L_75067435	0.486613	0.551020
RCC2_17414614	0.485880	0.408163
RCC2_17416210	0.485880	0.510204
RCC2_17419977	0.486108	0.612245
RCC2_17427718	0.528793	0.551020
RCC2_17429035	0.528793	0.448980
RCC2_17436794	0.519269	0.489796
RCC2_17437868	0.519269	0.714286
RCHY1_75492215	0.308260	0.326531
RCL1_4829846	0.433824	0.530612
RCL1_4832914	0.433824	0.469388
RCL1_4842359	0.395011	0.428571
RCL1_4842997	0.395011	0.428571
RCL1_4845914	0.408814	0.428571
RCN2_76933037	0.385093	0.448980
RCN2_76936151	0.368388	0.326531
RCN2_76936167	0.368388	0.224490
RCN2_76937334	0.368388	0.285714
RCN3_49530477	0.548558	0.448980
RCN3_49533031	0.548558	0.510204
RCN3_49533698	0.548558	0.673469
RCN3_49538753	0.542081	0.448980
RCOR1_102722113	0.409147	0.306122
RCOR1_102724015	0.457665	0.285714
RCOR1_102725028	0.457665	0.489796
RCOR2_63913712	0.514911	0.591837
RCOR3_211276038	0.293882	0.346939
RCOR3_211294378	0.376652	0.367347
RCOR3_211297842	0.355985	0.326531
RCSD1_167633441	0.461960	0.551020
RCSD1_167694905	0.459585	0.591837
RCVRN_9898382	0.500000	0.612245
RD3_211479628	0.491629	0.367347
RDH11_67695438	0.461001	0.714286
RDH13_55047534	0.578571	0.693878
RDH13_55047729	0.578571	0.612245
RDH13_55058597	0.471039	0.469388
RDH14_18559286	0.389156	0.367347
RDH8_10016877	0.493634	0.469388
RDX_110234139	0.340588	0.346939
RDX_110248622	0.360275	0.387755
RDX_110249454	0.360275	0.469388
RDX_110265169	0.401645	0.510204
RDX_110274815	0.343861	0.408163
RECK_36059875	0.354150	0.387755
RECK_36090959	0.363523	0.367347
RECK_36108610	0.413504	0.530612
RECK_36117765	0.455985	0.510204
RECK_36121507	0.492462	0.306122
RECQL4_144517267	0.699552	0.755102
RECQL5_75652431	0.470990	0.591837
RECQL5_75658181	0.470990	0.510204
RECQL5_75665172	0.451793	0.346939
RECQL_21472197	0.358907	0.469388
RECQL_21488810	0.375035	0.367347
RECQL_21497858	0.417071	0.469388
REEP4_22140435	0.611702	0.612245
REEP6_1491502	0.587874	0.775510
REG3A_79157396	0.467626	0.510204
REG4_119798646	0.396613	0.591837
REG4_119803314	0.446632	0.448980
RELA_65656731	0.515951	0.469388
RELA_65659164	0.517200	0.551020
RELB_45002794	0.606492	0.612245
RELB_45022451	0.497755	0.448980
RELB_45022515	0.497755	0.408163
RELL1_37646659	0.416338	0.367347
RELL1_37648129	0.404139	0.469388
RELN_103547700	0.386054	0.448980
RELN_103551329	0.338725	0.326531
RELN_103555210	0.401272	0.387755
RELN_103569591	0.393805	0.428571
RELN_103573303	0.386674	0.346939
RELN_103610874	0.311332	0.428571
RELN_103839921	0.375267	0.530612
RELN_103897152	0.375267	0.489796
RELT_73390345	0.569759	0.591837
REL_60892170	0.354726	0.367347
REL_60894213	0.354726	0.326531
REL_60897469	0.388148	0.387755
REM1_31477340	0.514395	0.510204
REM1_31477375	0.514395	0.551020
RENBP_153937410	0.508729	0.326531
REN_204157589	0.490882	0.571429
REN_204159595	0.569502	0.591837
REPS1_138908226	0.385192	0.510204
REPS1_138910233	0.375356	0.551020
REPS1_138917243	0.386565	0.326531
REPS1_138946456	0.348470	0.387755
REPS1_138973058	0.376994	0.387755
REPS2_17050046	0.367422	0.510204
REPS2_17069153	0.399183	0.367347
REPS2_17134360	0.475979	0.469388
RERE_8359106	0.639906	0.755102
RERE_8663497	0.406621	0.428571
RERGL_18085933	0.341859	0.673469
REST_56917819	0.431273	0.591837
REST_56917867	0.431273	0.489796
RETNLB_108756417	0.486711	0.612245
RETNLB_108756762	0.438298	0.346939
RETSAT_85350273	0.492565	0.530612
RET_43105727	0.648054	0.591837
REV3L_111344402	0.375918	0.306122
REV3L_111364943	0.261275	0.408163
REV3L_111383993	0.360918	0.428571
REXO1_1818400	0.639087	0.632653
REXO1_1819284	0.662095	0.653061
REXO2_114442086	0.363286	0.428571
RFC1_39295963	0.412579	0.448980
RFC1_39300572	0.406871	0.387755
RFC1_39300578	0.406871	0.408163
RFC1_39301912	0.406871	0.367347
RFC1_39317192	0.395238	0.469388
RFC1_39351658	0.404552	0.346939
RFC2_74235716	0.491259	0.530612
RFC2_74238707	0.545270	0.591837
RFC2_74247494	0.452732	0.469388
RFC2_74253380	0.480248	0.591837
RFC3_33830578	0.316690	0.346939
RFC3_33830594	0.316690	0.285714
RFC3_33835572	0.354402	0.428571
RFC4_186796997	0.395357	0.448980
RFC5_118019302	0.430303	0.428571
RFESD_95648759	0.353767	0.367347
RFFL_35016933	0.483015	0.489796
RFFL_35026606	0.427498	0.448980
RFLNB_445242	0.454507	0.489796
RFT1_53092715	0.457409	0.448980
RFT1_53115100	0.461317	0.591837
RFT1_53126430	0.444854	0.448980
RFWD3_74624398	0.467195	0.448980
RFWD3_74631740	0.447923	0.530612
RFWD3_74648956	0.450409	0.530612
RFX1_13966819	0.558191	0.632653
RFX2_6012838	0.514996	0.571429
RFX2_6043854	0.522958	0.551020
RFX4_106686751	0.410127	0.530612
RFX4_106713279	0.415895	0.469388
RFX4_106714207	0.415895	0.326531
RFX4_106719789	0.452322	0.387755
RFX4_106720139	0.484375	0.448980
RFX4_106720233	0.484375	0.448980
RFX6_116915905	0.356697	0.346939
RFX6_116917689	0.336818	0.510204
RFX8_101412114	0.489777	0.571429
RGCC_41464816	0.456178	0.571429
RGCC_41465206	0.456178	0.632653
RGCC_41468460	0.389702	0.530612
RGL1_183705057	0.395772	0.612245
RGL1_183883105	0.450251	0.469388
RGL1_183895752	0.406660	0.448980
RGL1_183908640	0.424297	0.591837
RGL1_183909055	0.424297	0.469388
RGL3_11401631	0.504378	0.591837
RGL3_11418587	0.561763	0.693878
RGN_47084972	0.406377	0.326531
RGR_84252308	0.483871	0.510204
RGR_84252618	0.483871	0.469388
RGR_84257891	0.493476	0.510204
RGS12_3366775	0.480997	0.653061
RGS12_3381436	0.480997	0.428571
RGS12_3429660	0.559292	0.489796
RGS13_192644020	0.385996	0.326531
RGS14_177363123	0.562270	0.734694
RGS14_177369717	0.544910	0.571429
RGS19_64075560	0.619768	0.632653
RGS21_192346123	0.320281	0.265306
RGS3_113482564	0.500995	0.591837
RGS3_113484795	0.424569	0.408163
RGS3_113496519	0.555556	0.489796
RGS3_113500043	0.536068	0.428571
RGS3_113506139	0.466435	0.571429
RGS3_113506159	0.466435	0.591837
RGS3_113560729	0.498829	0.489796
RGS3_113588314	0.519623	0.285714
RGS3_113589295	0.589102	0.591837
RGS3_113589579	0.589102	0.510204
RGS5_163165047	0.396593	0.469388
RGS6_72460776	0.445012	0.571429
RGS6_72463900	0.445012	0.306122
RGS6_72474439	0.391981	0.367347
RGS6_72537717	0.522709	0.367347
RGS6_72538152	0.522709	0.448980
RGS6_72539074	0.522709	0.469388
RGS7BP_64595047	0.428857	0.469388
RGS7_240809558	0.384189	0.448980
RGS8_182666166	0.384248	0.469388
RGS8_182670462	0.482143	0.489796
RGS9_65157364	0.489531	0.591837
RGS9_65159774	0.490196	0.571429
RGSL1_182458855	0.409938	0.387755
RGSL1_182490634	0.418958	0.387755
RGSL1_182530712	0.387850	0.510204
RGSL1_182544122	0.360988	0.204082
RGSL1_182556569	0.431213	0.367347
RHAG_49608387	0.361557	0.346939
RHAG_49618405	0.400000	0.265306
RHBDD1_226989800	0.398278	0.428571
RHBDD2_75886320	0.504465	0.489796
RHBDD3_29265860	0.549232	0.510204
RHBDF1_59582	0.586498	0.591837
RHBDF2_76486340	0.525624	0.530612
RHBDL3_32267417	0.630856	0.530612
RHBDL3_32287208	0.541017	0.632653
RHBDL3_32289566	0.469016	0.408163
RHBG_156376505	0.489318	0.571429
RHBG_156379701	0.518833	0.469388
RHBG_156381257	0.518833	0.469388
RHCE_25385999	0.485149	0.387755
RHCG_89472204	0.513450	0.428571
RHD_25306477	0.481505	0.551020
RHEBL1_49066339	0.538071	0.530612
RHEBL1_49068549	0.456228	0.510204
RHOBTB1_60871826	0.493433	0.489796
RHOBTB1_60890634	0.375276	0.326531
RHOBTB2_23005908	0.516529	0.551020
RHOBTB2_23010130	0.504946	0.551020
RHOBTB2_23015323	0.570431	0.530612
RHOBTB2_23015418	0.570431	0.612245
RHOBTB3_95733776	0.359700	0.408163
RHOBTB3_95750744	0.390296	0.632653
RHOBTB3_95759346	0.385231	0.265306
RHOBTB3_95763346	0.385231	0.285714
RHOD_67057450	0.542602	0.571429
RHOD_67062321	0.542602	0.530612
RHOD_67066545	0.607427	0.632653
RHOH_40207733	0.420981	0.571429
RHOT1_32151647	0.444284	0.571429
RHOT1_32166100	0.444284	0.530612
RHOT1_32203596	0.374115	0.367347
RHOXF1_120110374	0.381099	0.428571
RHOXF1_120111212	0.381099	0.428571
RHOXF1_120115306	0.422745	0.346939
RHO_129530143	0.550814	0.571429
RHPN2_33021769	0.509162	0.510204
RIBC2_45425678	0.528398	0.591837
RIC1_5745443	0.367533	0.428571
RIC1_5745693	0.367533	0.367347
RIC8A_210313	0.547368	0.428571
RIC8B_106859047	0.366425	0.346939
RICTOR_38956440	0.319979	0.408163
RICTOR_38960724	0.325660	0.510204
RICTOR_38963260	0.292000	0.346939
RICTOR_38965985	0.298627	0.326531
RICTOR_39026038	0.375656	0.387755
RIDA_98112394	0.396618	0.489796
RIF1_151412012	0.401263	0.285714
RIF1_151460320	0.337917	0.408163
RIF1_151468308	0.308868	0.448980
RIIAD1_151714418	0.578947	0.428571
RIIAD1_151722912	0.456578	0.367347
RIIAD1_151724237	0.456578	0.469388
RILPL1_123509364	0.504466	0.530612
RILPL2_123416977	0.496069	0.469388
RILPL2_123427158	0.471429	0.591837
RIMBP2_130405376	0.420573	0.448980
RIMBP2_130408109	0.433285	0.530612
RIMBP2_130423432	0.559373	0.530612
RIMBP2_130435968	0.545130	0.653061
RIMBP2_130438597	0.525968	0.530612
RIMBP2_130438805	0.525968	0.591837
RIMBP2_130438989	0.525968	0.571429
RIMKLA_42391562	0.426199	0.448980
RIMKLA_42399807	0.437449	0.326531
RIMKLB_8753048	0.396533	0.469388
RIMS1_72244876	0.277465	0.326531
RIMS1_72251665	0.355603	0.428571
RIMS2_103970505	0.345315	0.489796
RIMS2_104245740	0.400769	0.367347
RIMS3_40636533	0.517254	0.510204
RIMS3_40636762	0.517254	0.591837
RIMS3_40637808	0.517254	0.510204
RIMS3_40645994	0.491683	0.571429
RIMS4_44757290	0.574367	0.469388
RING1_33211727	0.535912	0.530612
RINL_38871870	0.465012	0.612245
RINL_38872153	0.465012	0.591837
RINT1_105532673	0.585837	0.612245
RINT1_105533376	0.417050	0.530612
RINT1_105540978	0.433722	0.530612
RIOK1_7390939	0.415207	0.367347
RIOK1_7391876	0.415207	0.387755
RIOK2_97175216	0.372015	0.387755
RIOK2_97182279	0.384028	0.408163
RIOX2_97951517	0.429346	0.408163
RIPK1_3086632	0.418744	0.489796
RIPK2_89762657	0.376714	0.265306
RIPK2_89772463	0.323059	0.367347
RIPK3_24337460	0.564103	0.530612
RIPPLY3_37014868	0.442773	0.571429
RMDN1_86486867	0.316562	0.224490
RMDN1_86487991	0.316562	0.387755
RMDN2_37993589	0.354855	0.489796
RMDN2_37996574	0.354855	0.408163
RMDN3_40743100	0.466649	0.285714
RMND1_151425669	0.457403	0.510204
RMND1_151430304	0.400067	0.265306
RNASE7_21042518	0.500000	0.428571
RNASEH1_3550666	0.439258	0.428571
RNASEH1_3553827	0.446875	0.408163
RNASEH2A_12809751	0.490640	0.346939
RNASEH2A_12811294	0.499627	0.530612
RNASEH2B_50927613	0.343687	0.469388
RNASEH2B_50933045	0.386909	0.551020
RNASEL_182584382	0.411207	0.469388
RNASEL_182587597	0.348361	0.285714
RNASET2_166952384	0.502071	0.734694
RND1_48864951	0.586873	0.530612
RNF103_86620764	0.350068	0.326531
RNF111_59084615	0.373219	0.265306
RNF111_59089912	0.365666	0.326531
RNF115_145788611	0.389701	0.346939
RNF115_145788838	0.389701	0.326531
RNF121_71949747	0.428119	0.612245
RNF122_33549726	0.450032	0.448980
RNF122_33551666	0.480277	0.469388
RNF122_33565575	0.490728	0.530612
RNF123_49703995	0.618198	0.632653
RNF125_32036948	0.436864	0.448980
RNF126_648750	0.642132	0.653061
RNF126_649957	0.707217	0.673469
RNF128_106784903	0.358367	0.367347
RNF130_179962875	0.436354	0.571429
RNF130_179967114	0.451603	0.510204
RNF130_179973192	0.483888	0.469388
RNF135_30984926	0.431668	0.448980
RNF138_32128089	0.355910	0.346939
RNF141_10519793	0.363306	0.530612
RNF144A_7018267	0.475439	0.571429
RNF144A_7021866	0.445228	0.469388
RNF144A_7028299	0.489927	0.632653
RNF144A_7029597	0.489927	0.571429
RNF144B_18457505	0.408100	0.387755
RNF145_159190433	0.374368	0.530612
RNF149_101289740	0.393304	0.469388
RNF157_76167569	0.444656	0.489796
RNF165_46455940	0.412254	0.530612
RNF166_88700617	0.629823	0.530612
RNF166_88700980	0.629823	0.653061
RNF167_4942531	0.536364	0.489796
RNF168_196484135	0.417166	0.326531
RNF169_74810556	0.389401	0.428571
RNF170_42872055	0.409115	0.387755
RNF175_153711334	0.368766	0.591837
RNF175_153718350	0.390179	0.469388
RNF175_153719329	0.390179	0.367347
RNF175_153752994	0.465809	0.448980
RNF175_153757265	0.465809	0.428571
RNF17_24826110	0.381660	0.408163
RNF17_24844437	0.344118	0.530612
RNF17_24865896	0.326638	0.346939
RNF185_31161132	0.447556	0.408163
RNF185_31187646	0.443562	0.448980
RNF185_31202254	0.470588	0.489796
RNF212B_23185613	0.426474	0.387755
RNF212B_23244145	0.453110	0.408163
RNF212B_23259787	0.396226	0.306122
RNF212B_23270779	0.414623	0.387755
RNF212_1073876	0.528094	0.469388
RNF212_1074797	0.528094	0.510204
RNF212_1079733	0.548555	0.448980
RNF212_1082835	0.513330	0.653061
RNF212_1085492	0.513330	0.469388
RNF212_1086052	0.532629	0.510204
RNF213_80327732	0.447841	0.510204
RNF213_80337060	0.477216	0.408163
RNF213_80342377	0.471351	0.591837
RNF213_80348425	0.559002	0.612245
RNF213_80370386	0.403789	0.469388
RNF213_80379442	0.487658	0.510204
RNF213_80380193	0.481183	0.448980
RNF214_117242244	0.440445	0.387755
RNF216-IT1_5672626	0.483112	0.408163
RNF216_5672626	0.483112	0.408163
RNF216_5726520	0.483596	0.428571
RNF219_78636518	0.365342	0.428571
RNF219_78643025	0.400680	0.387755
RNF220_44615744	0.530673	0.448980
RNF220_44622455	0.530673	0.510204
RNF220_44640924	0.528061	0.510204
RNF24_3947559	0.427104	0.510204
RNF25_218668826	0.476308	0.346939
RNF32_156676190	0.529730	0.469388
RNF34_121420990	0.422325	0.408163
RNF38_36345771	0.402694	0.408163
RNF39_30073614	0.588876	0.489796
RNF39_30074784	0.588876	0.673469
RNF39_30075058	0.588876	0.693878
RNF40_30772616	0.559244	0.551020
RNF41_56207398	0.442739	0.428571
RNF43_58359973	0.471698	0.285714
RNF43_58361142	0.453408	0.469388
RNF43_58361284	0.453408	0.489796
RNF44_176531752	0.595174	0.632653
RNF4_2493824	0.474170	0.244898
RNF4_2500393	0.466497	0.510204
RNF8_37355013	0.442626	0.632653
RNF8_37371871	0.417406	0.530612
RNF8_37374451	0.417406	0.489796
RNF8_37374455	0.417406	0.448980
RNFT2_116751192	0.447225	0.612245
RNFT2_116752401	0.447225	0.306122
RNFT2_116752586	0.447225	0.469388
RNFT2_116753449	0.447225	0.469388
RNMT_13735978	0.303734	0.346939
RNMT_13738085	0.375784	0.448980
RNMT_13743570	0.381273	0.551020
RNMT_13759727	0.391094	0.285714
RNPC3_103541223	0.359379	0.183673
RNPEPL1_240570135	0.627267	0.530612
RNPEP_201987363	0.465112	0.469388
RNPEP_201989350	0.396450	0.387755
ROBO1_78629076	0.374547	0.448980
ROBO2_77559359	0.355032	0.428571
ROBO2_77559364	0.355032	0.469388
ROBO2_77562356	0.355032	0.408163
ROBO2_77590465	0.339723	0.489796
ROBO3_124866001	0.546997	0.591837
ROBO3_124871730	0.429952	0.448980
ROBO3_124873152	0.550000	0.489796
ROBO3_124874974	0.621891	0.571429
ROBO3_124874995	0.621891	0.591837
ROBO3_124879723	0.601896	0.530612
ROBO4_124895685	0.585859	0.673469
ROCK1_20954195	0.365095	0.489796
ROCK1_20955569	0.322377	0.326531
ROCK1_20975347	0.393252	0.469388
ROCK1_21011905	0.375069	0.285714
ROCK1_21017020	0.397559	0.551020
ROCK1_21018195	0.397559	0.428571
ROCK1_21022444	0.344083	0.448980
ROR1_64050503	0.434229	0.326531
RORA_60509818	0.390994	0.346939
RORA_60514309	0.441884	0.448980
RORA_61024721	0.420925	0.571429
RORA_61044036	0.420925	0.653061
RORA_61174375	0.420925	0.489796
RORB_74667391	0.417768	0.408163
RORC_151815879	0.556543	0.673469
ROS1_117317433	0.382514	0.469388
ROS1_117338694	0.346073	0.489796
ROS1_117362141	0.291306	0.326531
ROS1_117384585	0.386385	0.306122
ROS1_117397659	0.422451	0.510204
ROS1_117402153	0.422451	0.469388
ROS1_117404455	0.379003	0.489796
ROS1_117413622	0.378987	0.510204
RP1-111D6.3_149224718	0.408247	0.367347
RP1-240B8.3_61679868	0.300670	0.367347
RP1-251M9.2_10962958	0.404969	0.387755
RP1-251M9.2_10967912	0.418214	0.408163
RP1-257A7.4_13282530	0.449914	0.428571
RP1-37E16.12_37691117	0.614776	0.591837
RP1-46F2.3_110954249	0.372384	0.510204
RP1-97G4.1_77382559	0.391404	0.428571
RP1-97G4.1_77386774	0.353150	0.367347
RP11-100M12.2_27425055	0.421099	0.551020
RP11-10J21.4_141253034	0.503279	0.428571
RP11-115H15.2_116180105	0.373909	0.428571
RP11-120M18.2_68419130	0.396104	0.448980
RP11-121A14.3_124263499	0.524014	0.448980
RP11-141M1.1_33334443	0.446073	0.428571
RP11-142J21.2_47526019	0.399179	0.510204
RP11-142O6.1_31135161	0.404380	0.367347
RP11-14I17.2_26422973	0.364294	0.428571
RP11-178L8.4_87314136	0.447987	0.326531
RP11-196G11.4_31118855	0.494549	0.387755
RP11-196G11.5_31122783	0.509656	0.632653
RP11-196G11.5_31123316	0.509656	0.612245
RP11-231I13.2_70312474	0.337955	0.489796
RP11-233G1.4_14841831	0.362335	0.530612
RP11-244H3.1_34978230	0.460371	0.387755
RP11-252K23.2_75381410	0.412904	0.346939
RP11-25K21.6_161601065	0.439267	0.306122
RP11-25K21.6_161601641	0.432644	0.530612
RP11-25K21.6_161604813	0.432644	0.428571
RP11-261P9.4_58710675	0.585260	0.551020
RP11-264A11.1_54868403	0.349364	0.387755
RP11-278A23.2_87744786	0.498475	0.448980
RP11-282K24.3_19148592	0.426424	0.408163
RP11-298C2.1_71283655	0.414179	0.428571
RP11-307P5.1_147718190	0.391461	0.428571
RP11-307P5.1_147737222	0.354351	0.571429
RP11-318G21.4_77943212	0.337975	0.346939
RP11-31F19.1_547848	0.350649	0.448980
RP11-338E21.2_64629243	0.458580	0.591837
RP11-343C2.11_69316954	0.575318	0.632653
RP11-343C2.11_69319894	0.599665	0.571429
RP11-350N15.3_38401103	0.461738	0.469388
RP11-360D2.1_173636153	0.322120	0.408163
RP11-361H10.3_76253433	0.433054	0.530612
RP11-367B6.2_75743397	0.467354	0.632653
RP11-383G6.3_142470768	0.321988	0.428571
RP11-390F4.3_6722155	0.482800	0.469388
RP11-390F4.3_6722789	0.482800	0.551020
RP11-390F4.3_6723433	0.482800	0.367347
RP11-411B6.6_100520018	0.466078	0.591837
RP11-413E1.4_89668112	0.387646	0.326531
RP11-416N2.3_103549980	0.545388	0.591837
RP11-420A6.2_5370169	0.431785	0.428571
RP11-429B14.1_89577964	0.434445	0.489796
RP11-429D19.1_59271174	0.397833	0.632653
RP11-43A14.1_725040	0.508128	0.632653
RP11-43A14.1_725065	0.508128	0.653061
RP11-44N11.1_122811785	0.466396	0.428571
RP11-452F19.3_222834955	0.378892	0.326531
RP11-484D2.4_43391033	0.392575	0.346939
RP11-490B18.9_75673704	0.439973	0.448980
RP11-499E18.1_102419539	0.409496	0.448980
RP11-504A18.1_56250505	0.409254	0.387755
RP11-507M3.1_24144570	0.436755	0.510204
RP11-509I21.2_46617602	0.409411	0.367347
RP11-521L9.2_68935075	0.405819	0.367347
RP11-544M22.13_161021287	0.672727	0.755102
RP11-553N19.1_128401983	0.453312	0.469388
RP11-569G13.2_96097947	0.518854	0.632653
RP11-569G13.2_96099336	0.488565	0.591837
RP11-571M6.15_57784290	0.427232	0.530612
RP11-574K11.31_73803748	0.493056	0.469388
RP11-574K11.31_73804690	0.460317	0.408163
RP11-5L12.1_9242962	0.461016	0.591837
RP11-613F22.8_18508145	0.475129	0.408163
RP11-616M22.5_1257232	0.651606	0.673469
RP11-638I8.1_45864979	0.548533	0.510204
RP11-638I8.1_45869425	0.423711	0.510204
RP11-64J4.2_3385914	0.422022	0.653061
RP11-667M19.2_113771046	0.500701	0.551020
RP11-680F20.6_125946462	0.539406	0.510204
RP11-680F20.6_125949458	0.515004	0.510204
RP11-70O5.2_69241136	0.520462	0.632653
RP11-736N17.11_103086901	0.591113	0.673469
RP11-77H9.1_8884232	0.558880	0.591837
RP11-77H9.1_8885185	0.604716	0.714286
RP11-77H9.2_8856610	0.539861	0.612245
RP11-7M10.2_84753789	0.472689	0.306122
RP11-811O14.1_224714366	0.398917	0.367347
RP11-813F20.4_49970427	0.470998	0.591837
RP11-849H4.2_71927142	0.456126	0.489796
RP11-85L21.4_135121349	0.419393	0.489796
RP11-949J7.8_49425729	0.540541	0.551020
RP11-94P11.4_105264836	0.365163	0.387755
RP11-960L18.1_81740203	0.501823	0.428571
RP11-96D1.3_68317393	0.485619	0.448980
RP11-96L14.8_26167244	0.516761	0.469388
RP11-983P16.2_53012494	0.452418	0.591837
RP11-986E7.7_94593564	0.495872	0.510204
RP11-989F5.3_130812712	0.415804	0.489796
RP11-98L5.5_135615009	0.671612	0.530612
RP11-98L5.5_135615630	0.618566	0.653061
RP13-1032I1.10_81714193	0.637896	0.653061
RP13-794C1.1_48461012	0.495756	0.367347
RP1L1_10619490	0.481266	0.530612
RP3-425C14.5_122473263	0.363746	0.326531
RP3-454G6.2_171625991	0.476364	0.428571
RP4-535B20.1_65067185	0.769039	0.795918
RP4-816N1.8_2854398	0.503724	0.612245
RP4-816N1.8_2855858	0.527188	0.653061
RP4-816N1.8_2856692	0.527188	0.448980
RP5-890O3.9_1318102	0.511757	0.632653
RP5-966M1.6_52832518	0.579205	0.530612
RP9_33105622	0.426262	0.448980
RPA1_1880269	0.527877	0.346939
RPA1_1880920	0.469551	0.551020
RPA1_1887007	0.456448	0.510204
RPA1_1892776	0.412973	0.346939
RPA1_1894443	0.412973	0.612245
RPA2_27895296	0.444189	0.551020
RPA2_27913370	0.442478	0.632653
RPAP1_41522466	0.552529	0.612245
RPAP1_41537319	0.450905	0.448980
RPAP3_47689452	0.409985	0.551020
RPAP3_47690743	0.359120	0.408163
RPE65_68447043	0.445264	0.469388
RPE_210014391	0.381495	0.591837
RPE_210018044	0.369369	0.469388
RPF1_84493099	0.376531	0.367347
RPF1_84494010	0.376531	0.387755
RPF2_110997104	0.412157	0.469388
RPF2_110997119	0.412157	0.285714
RPF2_111006084	0.441697	0.551020
RPF2_111020337	0.453879	0.530612
RPGRIP1L_53646515	0.391554	0.469388
RPGRIP1L_53657823	0.271447	0.265306
RPGRIP1L_53662074	0.343682	0.346939
RPGRIP1_21299865	0.452891	0.510204
RPGRIP1_21331051	0.438463	0.591837
RPGRIP1_21340116	0.441056	0.469388
RPGR_38295866	0.384032	0.367347
RPGR_38319556	0.358019	0.510204
RPGR_38320699	0.358019	0.489796
RPGR_38320730	0.358019	0.530612
RPH3AL_319650	0.574913	0.591837
RPH3AL_319808	0.574913	0.367347
RPH3A_112877058	0.445382	0.265306
RPH3A_112883257	0.497234	0.571429
RPIA_88698684	0.436475	0.510204
RPL11_23693750	0.412607	0.510204
RPL13A_49488387	0.503855	0.530612
RPL26L1_172961983	0.441963	0.448980
RPL3L_1950533	0.559630	0.530612
RPL3L_1953710	0.550931	0.612245
RPN1_128624354	0.496159	0.612245
RPN1_128645171	0.461663	0.367347
RPN2_37203827	0.434857	0.489796
RPN2_37226502	0.447397	0.469388
RPN2_37228326	0.447397	0.408163
RPN2_37233641	0.424447	0.489796
RPP14_58308170	0.483166	0.448980
RPP30_90876359	0.418691	0.551020
RPP40_5002398	0.495104	0.326531
RPRD1B_38035404	0.422822	0.489796
RPRD1B_38037533	0.422822	0.489796
RPRD1B_38065874	0.425762	0.469388
RPRD2_150443011	0.355233	0.428571
RPS19_41868289	0.511256	0.591837
RPS3A_151102680	0.382318	0.408163
RPS4Y1_2846465	0.441057	0.367347
RPS4Y1_2853690	0.441057	0.408163
RPS4Y2_20762979	0.436751	0.489796
RPS6KA1_26534186	0.557701	0.632653
RPS6KA1_26550796	0.516239	0.489796
RPS6KA1_26560521	0.503915	0.530612
RPS6KA2-IT1_166464912	0.482664	0.612245
RPS6KA2_166418498	0.493827	0.448980
RPS6KA2_166423622	0.428856	0.551020
RPS6KA2_166457467	0.431406	0.510204
RPS6KA2_166532350	0.475524	0.612245
RPS6KA3_20165271	0.384098	0.448980
RPS6KA3_20168835	0.411729	0.224490
RPS6KA3_20175428	0.405827	0.448980
RPS6KA3_20188792	0.373990	0.387755
RPS6KA3_20198567	0.370212	0.367347
RPS6KA3_20216411	0.364178	0.428571
RPS6KA4_64367008	0.483871	0.285714
RPS6KA5_90897236	0.428451	0.612245
RPS6KA5_90897247	0.428451	0.612245
RPS6KA5_90897930	0.428451	0.551020
RPS6KA5_90932397	0.366933	0.551020
RPS6KA6_84155953	0.338071	0.306122
RPS6KB1_59911224	0.390927	0.387755
RPS6KB1_59941446	0.408561	0.510204
RPS9_54204769	0.469567	0.408163
RPSA_39411861	0.415254	0.346939
RPTOR_80680550	0.477776	0.591837
RPTOR_80769899	0.461867	0.510204
RPTOR_80892190	0.558923	0.591837
RPTOR_80903928	0.538374	0.428571
RPTOR_80943001	0.567029	0.571429
RPTOR_80943721	0.567029	0.551020
RPTOR_80948484	0.608800	0.591837
RPTOR_80951489	0.551758	0.673469
RPTOR_80961323	0.684211	0.714286
RPUSD2_40573324	0.466790	0.469388
RPUSD4_126207405	0.387804	0.469388
RRAD_66924026	0.539326	0.591837
RRAGB_55721978	0.390063	0.469388
RRAGB_55731215	0.390914	0.428571
RRAGD_89385284	0.434098	0.326531
RRAS2_14279880	0.379881	0.408163
RRBP1_17616236	0.619114	0.571429
RRBP1_17619981	0.570175	0.591837
RRBP1_17625834	0.578797	0.612245
RRBP1_17627452	0.595041	0.612245
RRBP1_17634652	0.583333	0.530612
RRBP1_17668629	0.459277	0.510204
RREB1_7135807	0.452401	0.428571
RREB1_7211291	0.448718	0.591837
RRM2B_102217907	0.340709	0.489796
RRM2B_102224418	0.391129	0.612245
RRM2B_102232958	0.414443	0.367347
RRN3_15069035	0.380580	0.346939
RRN3_15070755	0.374134	0.387755
RRNAD1_156731913	0.453694	0.571429
RRP12_97363985	0.512250	0.714286
RRP1B_43664965	0.461294	0.510204
RRP1B_43690844	0.541082	0.448980
RRP1_43792573	0.538337	0.571429
RRP1_43792577	0.538337	0.571429
RRP1_43801721	0.563218	0.612245
RRP1_43803450	0.623665	0.571429
RRP7A_42514473	0.679045	0.693878
RRP9_51933781	0.597101	0.469388
RRP9_51938283	0.484707	0.571429
RS1_18643212	0.446986	0.448980
RSAD2_6881193	0.394525	0.285714
RSAD2_6887822	0.417137	0.591837
RSBN1L_77769984	0.385678	0.285714
RSF1_77675747	0.363518	0.367347
RSF1_77694319	0.346256	0.285714
RSF1_77698008	0.346256	0.306122
RSF1_77699780	0.327578	0.346939
RSG1_16233046	0.537037	0.653061
RSG1_16233380	0.537037	0.448980
RSPH14_23059879	0.565550	0.693878
RSPH14_23061071	0.565550	0.551020
RSPH14_23063510	0.564417	0.530612
RSPH14_23140807	0.491870	0.428571
RSPH1_42481929	0.445878	0.469388
RSPH3_158996781	0.405592	0.387755
RSPH6A_45796943	0.508873	0.571429
RSPH9_43666702	0.564667	0.551020
RSPH9_43667941	0.564667	0.469388
RSPO3_127153219	0.355184	0.387755
RSPO4_960599	0.526817	0.530612
RSPO4_962019	0.526817	0.551020
RSPO4_962933	0.526817	0.469388
RSPO4_963020	0.526817	0.489796
RSPO4_963034	0.526817	0.510204
RSPO4_963599	0.526817	0.326531
RSPRY1_57205380	0.387668	0.387755
RSPRY1_57213526	0.348542	0.367347
RSPRY1_57238713	0.394247	0.244898
RSRC2_122516552	0.390695	0.428571
RTBDN_12829151	0.477246	0.346939
RTCA_100269636	0.402034	0.448980
RTEL1_63659915	0.523703	0.551020
RTEL1_63668596	0.547381	0.714286
RTFDC1_56469288	0.419718	0.510204
RTKN2_62265459	0.374935	0.469388
RTKN_74431382	0.489659	0.551020
RTKN_74435083	0.496514	0.510204
RTKN_74439311	0.496514	0.469388
RTN2_45492603	0.516639	0.408163
RTN4IP1_106619397	0.407531	0.408163
RTN4RL2_57461114	0.562128	0.734694
RTN4RL2_57465251	0.562128	0.591837
RTN4RL2_57474131	0.492876	0.591837
RTP2_187701092	0.504910	0.530612
RTP4_187369355	0.406664	0.591837
RTP4_187369537	0.406664	0.428571
RTP4_187370184	0.406664	0.448980
RTP4_187370261	0.406664	0.448980
RTTN_70068468	0.347614	0.530612
RTTN_70088147	0.381121	0.346939
RTTN_70134318	0.322140	0.408163
RTTN_70134615	0.305296	0.326531
RTTN_70146956	0.360924	0.367347
RTTN_70147720	0.360924	0.346939
RTTN_70166335	0.298630	0.387755
RTTN_70188737	0.322385	0.306122
RTTN_70191599	0.384735	0.367347
RUBCNL_46361714	0.429461	0.489796
RUBCN_197681549	0.535332	0.489796
RUBCN_197683942	0.486750	0.530612
RUFY1_179562966	0.437239	0.448980
RUFY1_179563474	0.437239	0.571429
RUFY1_179564281	0.437239	0.469388
RUFY1_179570748	0.431037	0.448980
RUFY4_218072060	0.536328	0.428571
RUFY4_218076065	0.551020	0.428571
RUFY4_218077744	0.508364	0.632653
RUNDC1_42985655	0.464488	0.346939
RUNDC1_42986412	0.464488	0.428571
RUNDC3A_44313030	0.620098	0.530612
RUNDC3B_87813065	0.340564	0.224490
RUNX1T1_91990568	0.347192	0.285714
RUNX1T1_92008628	0.373247	0.448980
RUNX2_45440364	0.394793	0.367347
RUNX3_24902848	0.600610	0.673469
RUNX3_24926142	0.492526	0.571429
RUSC1_155330131	0.496944	0.469388
RUSC2_35557659	0.518771	0.489796
RUSC2_35557808	0.518771	0.571429
RUVBL1_128099585	0.470588	0.571429
RUVBL1_128121604	0.445910	0.591837
RUVBL1_128122148	0.445910	0.428571
RUVBL2_49007690	0.482343	0.367347
RUVBL2_49009608	0.482343	0.653061
RUVBL2_49012318	0.539552	0.489796
RWDD2B_29008698	0.474266	0.285714
RWDD3_95245877	0.324510	0.224490
RWDD4_183647351	0.371782	0.367347
RWDD4_183647960	0.371782	0.571429
RWDD4_183656144	0.422312	0.346939
RXFP1_158601747	0.348297	0.346939
RXFP1_158605289	0.342514	0.326531
RXFP1_158611878	0.405042	0.428571
RXFP1_158630154	0.391054	0.510204
RXFP1_158638827	0.328814	0.265306
RXFP1_158646226	0.331719	0.346939
RXFP2_31799593	0.433136	0.571429
RXRA_134406944	0.630227	0.571429
RXRA_134407491	0.630227	0.673469
RXRA_134410491	0.630256	0.632653
RXRA_134413451	0.630256	0.510204
RXRA_134416248	0.630256	0.632653
RXRA_134417055	0.630256	0.653061
RXRA_134417705	0.633395	0.653061
RXRA_134418733	0.633395	0.653061
RXRA_134420381	0.633395	0.551020
RXRA_134423713	0.623802	0.551020
RXRA_134425918	0.623802	0.632653
RXRA_134430398	0.608859	0.591837
RXRA_134433456	0.635154	0.693878
RXRG_165413937	0.423032	0.428571
RYK_134201235	0.402677	0.346939
RYR1_38435173	0.507569	0.489796
RYR1_38479342	0.484636	0.346939
RYR1_38487795	0.481843	0.387755
RYR1_38505672	0.518427	0.469388
RYR1_38511743	0.592191	0.653061
RYR1_38543186	0.414222	0.285714
RYR1_38546329	0.499805	0.571429
RYR1_38570515	0.524730	0.387755
RYR1_38570865	0.517736	0.612245
RYR1_38585864	0.482100	0.673469
RYR1_38586327	0.540541	0.591837
RYR2_237366268	0.371246	0.448980
RYR2_237441917	0.345673	0.346939
RYR2_237613823	0.331475	0.367347
RYR2_237616706	0.411138	0.510204
RYR2_237733486	0.376206	0.408163
RYR2_237795816	0.399261	0.408163
RYR3_33541815	0.371659	0.469388
RYR3_33542187	0.371659	0.428571
RYR3_33548645	0.399488	0.367347
RYR3_33565517	0.407690	0.306122
RYR3_33566342	0.407690	0.346939
RYR3_33631651	0.443505	0.510204
RYR3_33650038	0.439115	0.530612
RYR3_33664255	0.399929	0.489796
RYR3_33669788	0.392931	0.448980
RYR3_33733002	0.413436	0.428571
RYR3_33740933	0.461603	0.367347
RYR3_33747957	0.458078	0.408163
RYR3_33771696	0.435384	0.428571
RYR3_33786329	0.412081	0.346939
RYR3_33787139	0.412081	0.428571
RYR3_33821521	0.437909	0.510204
RYR3_33825361	0.392885	0.489796
RYR3_33829405	0.410068	0.469388
S100A9_153359249	0.528507	0.693878
S100B_46604572	0.390986	0.448980
S100G_16650968	0.442767	0.306122
S100G_16652739	0.423230	0.408163
S100PBP_32828356	0.391605	0.367347
S100Z_76876901	0.407731	0.530612
S1PR5_10516751	0.540118	0.408163
SAAL1_18089963	0.368976	0.448980
SAAL1_18099905	0.404829	0.469388
SAAL1_18103630	0.423047	0.551020
SACS_23369745	0.440154	0.448980
SAFB2_5608755	0.471926	0.571429
SAFB_5626120	0.518937	0.428571
SAGE1_135904300	0.448115	0.346939
SAG_233319395	0.533806	0.306122
SAG_233340295	0.451499	0.367347
SALL1_51150708	0.410865	0.673469
SAMD11_938357	0.661470	0.673469
SAMD14_50117915	0.556989	0.510204
SAMD3_130179286	0.421547	0.551020
SAMD3_130181919	0.421547	0.469388
SAMD4A_54683299	0.417219	0.571429
SAMD4A_54749073	0.424782	0.551020
SAMD4A_54751158	0.424782	0.571429
SAMD4A_54760069	0.466891	0.632653
SAMD4A_54772134	0.464020	0.448980
SAMD4A_54783901	0.497124	0.612245
SAMD4A_54784135	0.497124	0.693878
SAMD4B_39355456	0.460336	0.530612
SAMD4B_39373588	0.502534	0.551020
SAMD4B_39382553	0.519102	0.530612
SAMHD1_36950749	0.479162	0.408163
SAMM50_43990069	0.484608	0.530612
SAMM50_43990073	0.484608	0.530612
SAMM50_43995230	0.522677	0.530612
SAMSN1_14517875	0.332765	0.448980
SAMSN1_14519774	0.332765	0.306122
SAP130_127943693	0.429061	0.367347
SAP130_127995867	0.379152	0.428571
SAP130_128016971	0.431095	0.326531
SAP30BP_75701482	0.521856	0.653061
SAP30L_154451089	0.439907	0.367347
SAPCD2_137065741	0.623946	0.612245
SAPCD2_137066404	0.605121	0.673469
SAR1B_134622820	0.409763	0.448980
SARDH_133687909	0.577263	0.510204
SARDH_133690886	0.583914	0.591837
SARDH_133692475	0.583914	0.571429
SARDH_133695809	0.551053	0.306122
SARDH_133701403	0.467806	0.612245
SARDH_133707854	0.552995	0.612245
SARDH_133710354	0.624821	0.571429
SARDH_133711348	0.624821	0.653061
SARDH_133716680	0.617234	0.612245
SARDH_133734784	0.579705	0.653061
SARM1_28392823	0.454447	0.551020
SARM1_28393085	0.454447	0.367347
SARNP_55803265	0.385630	0.632653
SARS_109224263	0.402510	0.428571
SART1_65965528	0.610236	0.673469
SART1_65966986	0.596866	0.632653
SART1_65973193	0.509973	0.204082
SART1_65975900	0.509973	0.551020
SART3_108528758	0.497213	0.530612
SART3_108530544	0.428891	0.367347
SART3_108535716	0.391388	0.489796
SART3_108544189	0.436421	0.551020
SASH1_148524718	0.399296	0.510204
SASH1_148541457	0.408581	0.408163
SASH3_129792128	0.540128	0.571429
SASH3_129792295	0.540128	0.571429
SASS6_100126164	0.389305	0.346939
SATB1_18381106	0.339279	0.510204
SATB1_18383208	0.339279	0.612245
SATB1_18395063	0.335986	0.387755
SATB2_199373604	0.389585	0.448980
SATB2_199419497	0.371295	0.408163
SAYSD1_39108628	0.439638	0.469388
SBF2_10281311	0.389965	0.551020
SBF2_9786450	0.442333	0.448980
SBF2_9789950	0.418796	0.530612
SBF2_9852876	0.310127	0.346939
SBK3_55544587	0.608871	0.551020
SBNO1_123316950	0.442949	0.510204
SBNO1_123330636	0.472678	0.306122
SBNO2_1110466	0.677353	0.632653
SBNO2_1110524	0.677353	0.653061
SBNO2_1118919	0.589676	0.653061
SBNO2_1150413	0.609154	0.653061
SBNO2_1152062	0.609154	0.591837
SBNO2_1153029	0.609154	0.673469
SBNO2_1171898	0.642622	0.632653
SBSPON_73081241	0.447852	0.530612
SCAF1_49654278	0.603421	0.591837
SCAF8_154794445	0.353839	0.346939
SCAF8_154815496	0.396041	0.489796
SCAI_124975580	0.389084	0.428571
SCAMP2_74845897	0.513972	0.612245
SCAMP2_74846862	0.513972	0.612245
SCAMP3_155256811	0.478702	0.551020
SCAMP5_75011605	0.483869	0.591837
SCAMP5_75012534	0.531325	0.653061
SCAMP5_75013484	0.506205	0.530612
SCAND1_35956191	0.417930	0.408163
SCAPER_76799982	0.367589	0.510204
SCAPER_76800664	0.380038	0.408163
SCAP_47415408	0.537867	0.448980
SCAP_47418843	0.607438	0.612245
SCAP_47420331	0.616019	0.612245
SCAP_47424486	0.501737	0.510204
SCAP_47430895	0.474357	0.551020
SCARA3_27651882	0.434614	0.469388
SCARA3_27652195	0.434614	0.591837
SCARA3_27653402	0.434614	0.510204
SCARA5_27874791	0.503868	0.489796
SCARA5_27904899	0.459144	0.346939
SCARA5_27907439	0.512831	0.571429
SCARB1_124790521	0.483262	0.489796
SCARB1_124793816	0.483262	0.510204
SCARF1_1637720	0.565118	0.571429
SCARF2_20429071	0.575866	0.632653
SCARF2_20432216	0.598248	0.571429
SCARF2_20436823	0.598248	0.653061
SCCPDH_246736227	0.430515	0.448980
SCCPDH_246758781	0.324963	0.408163
SCCPDH_246759879	0.366460	0.346939
SCCPDH_246765466	0.366471	0.306122
SCD_100351274	0.491416	0.632653
SCD_100352092	0.491416	0.408163
SCEL_77635170	0.331585	0.387755
SCEL_77638088	0.369721	0.367347
SCG2_223599890	0.304552	0.387755
SCG5_32683638	0.427063	0.367347
SCGB1A1_62421077	0.486971	0.448980
SCGB2A1_62209307	0.499385	0.551020
SCGB2A1_62209465	0.499385	0.489796
SCGB3A2_147881250	0.391573	0.326531
SCIMP_5215488	0.468830	0.551020
SCIN_12644499	0.388060	0.265306
SCIN_12649617	0.368467	0.346939
SCLT1_128891265	0.363161	0.367347
SCLY_238083847	0.432786	0.448980
SCMH1_41028466	0.579545	0.510204
SCMH1_41039239	0.430613	0.448980
SCMH1_41230554	0.388600	0.571429
SCML4_107748288	0.431281	0.489796
SCN10A_38702237	0.449603	0.326531
SCN10A_38713605	0.449074	0.612245
SCN10A_38751049	0.430678	0.448980
SCN10A_38792359	0.395674	0.469388
SCN11A_38875406	0.341476	0.448980
SCN11A_38895764	0.387234	0.387755
SCN11A_38904723	0.478860	0.530612
SCN11A_38908440	0.447368	0.408163
SCN2A_165309163	0.355476	0.285714
SCN2A_165324775	0.338406	0.469388
SCN2A_165329350	0.341082	0.448980
SCN2A_165368164	0.442629	0.551020
SCN2B_118168408	0.636678	0.591837
SCN3A_165141622	0.339895	0.408163
SCN3A_165162853	0.344740	0.448980
SCN3A_165163893	0.331378	0.346939
SCN3A_165168567	0.332384	0.367347
SCN3B_123642045	0.481194	0.489796
SCN4A_63942391	0.562500	0.387755
SCN4A_63948926	0.642743	0.612245
SCN4A_63954554	0.529367	0.489796
SCN4A_63961796	0.583036	0.571429
SCN4A_63963586	0.583036	0.612245
SCN4A_63966642	0.521651	0.530612
SCN4A_63969330	0.486458	0.571429
SCN4B_118142971	0.481571	0.530612
SCN4B_118151679	0.540295	0.510204
SCN5A_38552489	0.472426	0.489796
SCN5A_38566101	0.573495	0.591837
SCN5A_38566261	0.573495	0.612245
SCN5A_38584148	0.508914	0.612245
SCN5A_38586495	0.543446	0.530612
SCN5A_38587794	0.427868	0.591837
SCN5A_38600059	0.482085	0.571429
SCN5A_38603025	0.482085	0.591837
SCN5A_38605032	0.511516	0.469388
SCN5A_38606305	0.559615	0.510204
SCN5A_38608765	0.562212	0.489796
SCN5A_38608771	0.562212	0.510204
SCN5A_38612703	0.532918	0.571429
SCN7A_166443166	0.334857	0.367347
SCN7A_166468686	0.295224	0.224490
SCN8A_51773837	0.460200	0.510204
SCN8A_51775016	0.447025	0.469388
SCN8A_51782986	0.397920	0.326531
SCN8A_51790585	0.449328	0.448980
SCN9A_166240786	0.390883	0.551020
SCN9A_166275972	0.347943	0.489796
SCN9A_166304383	0.320793	0.346939
SCNN1B_23352079	0.473008	0.489796
SCNN1B_23354289	0.531924	0.530612
SCNN1B_23373882	0.538921	0.551020
SCNN1G_23182903	0.497071	0.755102
SCNN1G_23183531	0.497071	0.653061
SCP2_52987859	0.382632	0.224490
SCPEP1_56996661	0.475113	0.632653
SCRIB_143799564	0.556291	0.673469
SCRIB_143812444	0.678241	0.673469
SCRIB_143814394	0.601826	0.612245
SCRN1_29935564	0.455205	0.489796
SCRN3_174399423	0.301555	0.326531
SCRN3_174425536	0.340516	0.244898
SCTR_119441895	0.440589	0.673469
SCTR_119448557	0.445923	0.551020
SCTR_119449049	0.492413	0.571429
SCTR_119451171	0.492413	0.571429
SCTR_119463359	0.504713	0.326531
SCTR_119473801	0.541302	0.693878
SCUBE1_43208415	0.628163	0.530612
SCUBE1_43224374	0.540534	0.489796
SCUBE1_43230498	0.576833	0.653061
SCUBE1_43259964	0.547217	0.551020
SCUBE1_43261405	0.547217	0.591837
SCUBE2_9053241	0.505938	0.408163
SCUBE2_9069799	0.458776	0.510204
SCUBE3_35245033	0.521635	0.428571
SCX_144267502	0.645720	0.489796
SCYL1_65530476	0.529194	0.469388
SCYL2_100291282	0.342789	0.367347
SCYL2_100316598	0.371373	0.408163
SCYL2_100317036	0.371373	0.653061
SCYL3_169861639	0.410588	0.448980
SCYL3_169868330	0.370010	0.428571
SDAD1_75972168	0.417115	0.530612
SDAD1_75972383	0.417115	0.428571
SDAD1_75989673	0.427014	0.346939
SDC1_20204712	0.573739	0.530612
SDC4_45335378	0.469027	0.469388
SDC4_45336064	0.522976	0.591837
SDC4_45336075	0.522976	0.510204
SDCCAG3_136403655	0.617823	0.612245
SDCCAG8_243426215	0.343114	0.367347
SDE2_225991883	0.400387	0.428571
SDE2_225998544	0.411394	0.346939
SDF4_1223516	0.658228	0.653061
SDF4_1227097	0.630585	0.673469
SDF4_1227561	0.630585	0.693878
SDHAF2_61440789	0.452153	0.408163
SDHA_219042	0.462769	0.469388
SDHA_224339	0.399494	0.367347
SDHA_252847	0.463064	0.408163
SDHA_254770	0.474001	0.612245
SDHA_255098	0.474001	0.632653
SDHB_17023186	0.447665	0.448980
SDHB_17028768	0.461948	0.510204
SDK1_3963143	0.504478	0.530612
SDK1_3963226	0.504478	0.551020
SDK1_3963309	0.504478	0.551020
SDK1_3963392	0.504478	0.571429
SDK1_3963475	0.504478	0.571429
SDK1_3964823	0.504478	0.551020
SDK1_3965642	0.504478	0.612245
SDK1_4016143	0.458764	0.591837
SDK1_4076942	0.502594	0.571429
SDK1_4131230	0.482190	0.612245
SDK1_4156093	0.535062	0.489796
SDK1_4158915	0.500928	0.551020
SDK1_4183145	0.517075	0.653061
SDK1_4234183	0.559262	0.571429
SDK1_4234899	0.559262	0.653061
SDK1_4236758	0.559262	0.612245
SDK2_73368680	0.503165	0.530612
SDK2_73380581	0.577381	0.632653
SDK2_73398429	0.531165	0.612245
SDK2_73398701	0.531165	0.448980
SDK2_73415992	0.471478	0.693878
SDK2_73429497	0.462605	0.612245
SDR16C5_56302391	0.451902	0.530612
SDR42E2_22178037	0.476026	0.591837
SDR42E2_22179867	0.509377	0.489796
SDR42E2_22181193	0.509377	0.448980
SDR42E2_22181340	0.509377	0.489796
SDR42E2_22181807	0.535135	0.612245
SDR42E2_22184855	0.514943	0.510204
SDR9C7_56926312	0.464132	0.428571
SDSL_113428282	0.593156	0.612245
SDSL_113432643	0.486140	0.551020
SDSL_113434000	0.486140	0.632653
SDS_113393555	0.487871	0.469388
SEC11A_84688442	0.403723	0.428571
SEC11A_84688449	0.403723	0.469388
SEC11C_59149456	0.453941	0.469388
SEC11C_59152112	0.426708	0.367347
SEC11C_59155380	0.403731	0.408163
SEC13_10304643	0.529070	0.571429
SEC13_10315679	0.504401	0.510204
SEC14L1_77193130	0.466793	0.367347
SEC14L1_77202303	0.488260	0.428571
SEC14L1_77203280	0.488260	0.612245
SEC14L2_30419122	0.446961	0.448980
SEC14L4_30494322	0.537405	0.612245
SEC14L5_4958700	0.603386	0.612245
SEC14L6_30525269	0.583333	0.591837
SEC16A_136472217	0.555498	0.551020
SEC16A_136472221	0.555498	0.551020
SEC16B_177936761	0.498821	0.510204
SEC16B_177948217	0.412994	0.346939
SEC16B_177968778	0.427874	0.469388
SEC22B_120170864	0.356803	0.367347
SEC23A_39051703	0.408389	0.612245
SEC23A_39090135	0.389660	0.367347
SEC23B_18511199	0.311644	0.367347
SEC23B_18520941	0.452967	0.551020
SEC23B_18526328	0.361364	0.387755
SEC23IP_119893324	0.437329	0.510204
SEC23IP_119897188	0.437329	0.551020
SEC23IP_119924580	0.400515	0.448980
SEC24A_134669879	0.436409	0.571429
SEC24A_134673330	0.438783	0.612245
SEC24A_134676746	0.421174	0.387755
SEC24A_134679864	0.418684	0.367347
SEC24A_134717978	0.418645	0.346939
SEC24B_109511644	0.303523	0.387755
SEC24C_73764663	0.494888	0.448980
SEC24D_118767044	0.369278	0.510204
SEC24D_118800015	0.380603	0.408163
SEC31A_82853057	0.406107	0.530612
SEC31A_82874947	0.313846	0.326531
SEC31B_100520018	0.466078	0.591837
SEC61A2_12132011	0.479687	0.510204
SEC61A2_12145071	0.449445	0.408163
SEC61A2_12147986	0.449445	0.591837
SEC61B_99228800	0.380137	0.448980
SEC61G_54753029	0.358547	0.591837
SEC62_169968590	0.380729	0.244898
SEC63_107901590	0.266968	0.285714
SECISBP2L_49009007	0.386672	0.346939
SECISBP2L_49010828	0.400935	0.530612
SECISBP2L_49011254	0.400935	0.387755
SECISBP2L_49014623	0.374131	0.448980
SECISBP2_89328523	0.403663	0.408163
SECISBP2_89345485	0.392262	0.448980
SECISBP2_89355193	0.465081	0.367347
SECISBP2_89358309	0.516068	0.551020
SECTM1_82326975	0.605940	0.714286
SEH1L_12954604	0.378128	0.591837
SEH1L_12966917	0.412543	0.408163
SEL1L2_13863824	0.426378	0.428571
SEL1L3_25787740	0.441902	0.510204
SEL1L3_25789885	0.469856	0.489796
SEL1L3_25804840	0.438102	0.387755
SEL1L3_25820407	0.446715	0.591837
SEL1L3_25830262	0.395349	0.326531
SEL1L_81493249	0.392180	0.612245
SEL1L_81504707	0.342388	0.530612
SEL1L_81528382	0.372642	0.306122
SEL1L_81531016	0.372642	0.408163
SELENOI_26358342	0.426660	0.612245
SELENOI_26374888	0.388652	0.346939
SELENOI_26377043	0.377178	0.387755
SELENOK_53891256	0.424528	0.571429
SELENON_25813428	0.529412	0.510204
SELENOO_50204340	0.505502	0.510204
SELENOO_50216592	0.605103	0.693878
SELENOT_150626358	0.372986	0.367347
SELP_169590369	0.371218	0.387755
SEMA3A_83985697	0.372762	0.428571
SEMA3B_50271635	0.533847	0.510204
SEMA3C_80806610	0.332234	0.244898
SEMA3D_85018571	0.321815	0.346939
SEMA3D_85074275	0.337522	0.551020
SEMA3E_83386138	0.375726	0.469388
SEMA3F_50176240	0.607346	0.530612
SEMA3F_50177327	0.488196	0.653061
SEMA3F_50184135	0.612463	0.632653
SEMA3F_50186520	0.598485	0.591837
SEMA3F_50187013	0.467641	0.428571
SEMA4A_156159861	0.506799	0.530612
SEMA4D_89382218	0.564741	0.653061
SEMA4D_89385720	0.564741	0.612245
SEMA4F_74655013	0.518390	0.469388
SEMA4G_100977508	0.481850	0.469388
SEMA5A_9053995	0.420797	0.469388
SEMA5B_122945410	0.512676	0.326531
SEMA5B_122946155	0.512676	0.367347
SEMA6A_116473272	0.375765	0.448980
SEMA6A_116473863	0.375765	0.673469
SEMA6B_4551877	0.539906	0.367347
SEMA6B_4556345	0.645761	0.571429
SEMA6D_47762505	0.408046	0.489796
SEMA6D_47763677	0.408054	0.408163
SEMA7A_74413437	0.526835	0.510204
SEMA7A_74415009	0.586651	0.653061
SEMA7A_74415311	0.586651	0.693878
SENP1_48047333	0.380597	0.387755
SENP1_48069552	0.399277	0.408163
SENP6_75634482	0.357143	0.408163
SENP7_101327193	0.349527	0.367347
SENP7_101365116	0.383171	0.591837
SEPHS1_13321822	0.484186	0.632653
SEPHS1_13323135	0.424665	0.408163
SEPHS1_13337780	0.444350	0.571429
SEPSECS_25127635	0.373220	0.510204
SEPSECS_25146028	0.363170	0.306122
SEPT10_109562293	0.415396	0.551020
SEPT10_109565052	0.316775	0.326531
SEPT11_77000860	0.397638	0.428571
SEPT11_77005855	0.406029	0.408163
SEPT11_77011621	0.406029	0.530612
SEPT11_77012442	0.385481	0.367347
SEPT11_77027996	0.433903	0.306122
SEPT11_77028153	0.433903	0.448980
SEPT11_77033649	0.388259	0.571429
SEPT12_4778855	0.520619	0.489796
SEPT14_55844443	0.382353	0.346939
SEPT3_41993466	0.433159	0.489796
SEPT5_19719211	0.667983	0.734694
SEPT6_119641361	0.483166	0.469388
SEPT7_35872523	0.360719	0.367347
SEPT7_35884359	0.346196	0.367347
SEPT8_132765027	0.541962	0.530612
SEPT9_77318810	0.533781	0.591837
SEPT9_77476701	0.556294	0.510204
SEPT9_77489337	0.651572	0.673469
SERAC1_158128624	0.388202	0.346939
SERAC1_158149192	0.385180	0.428571
SERAC1_158149869	0.385180	0.408163
SERBP1_67429660	0.401135	0.693878
SERGEF_18003796	0.389905	0.469388
SERGEF_18009052	0.468199	0.428571
SERGEF_18012191	0.468199	0.489796
SERHL2_42561669	0.525008	0.428571
SERINC2_31418853	0.506353	0.591837
SERINC2_31424530	0.551932	0.673469
SERINC2_31426256	0.559459	0.571429
SERINC5_80177108	0.441553	0.530612
SERPINA10_94291004	0.547348	0.489796
SERPINA12_94488728	0.486118	0.653061
SERPINA12_94492002	0.502801	0.612245
SERPINA12_94516426	0.532905	0.591837
SERPINA3_94622288	0.508705	0.591837
SERPINA6_94310787	0.486225	0.551020
SERPINA9_94466872	0.464064	0.510204
SERPINB11_63721849	0.452191	0.489796
SERPINB12_63557168	0.402668	0.530612
SERPINB1_2839334	0.389723	0.469388
SERPINB2_63891726	0.418515	0.448980
SERPINB2_63901680	0.366367	0.346939
SERPINB5_63486532	0.430822	0.408163
SERPINB5_63490374	0.456422	0.530612
SERPINB6_2953186	0.423488	0.489796
SERPINB7_63775789	0.343628	0.387755
SERPINB8_63980896	0.437149	0.367347
SERPINB8_63981473	0.437149	0.530612
SERPINC1_173910921	0.389195	0.387755
SERPINC1_173913035	0.462175	0.530612
SERPINE2_224028450	0.433694	0.489796
SERPINE3_51352194	0.360277	0.306122
SERPINE3_51361190	0.380502	0.265306
SERPINF1_1776312	0.500376	0.448980
SERPINF2_1752005	0.546684	0.510204
SERPINF2_1754006	0.543952	0.469388
SERTAD4_210240458	0.415085	0.469388
SESN1_109091225	0.376890	0.387755
SESN3_95193719	0.351879	0.489796
SESTD1_179182759	0.364317	0.265306
SETD1A_30978899	0.536027	0.612245
SETD1B_121811097	0.583792	0.448980
SETD1B_121827300	0.553439	0.510204
SETD2_47063608	0.385983	0.408163
SETD3_99402750	0.433039	0.448980
SETD3_99405026	0.397092	0.469388
SETD3_99406802	0.435692	0.306122
SETD3_99461500	0.379953	0.448980
SETD4_36036517	0.403583	0.510204
SETD4_36041692	0.470895	0.489796
SETD4_36044597	0.493538	0.510204
SETD4_36046951	0.428571	0.448980
SETD5_9466320	0.418942	0.285714
SETD6_58517410	0.453654	0.306122
SETD7_139531482	0.378296	0.612245
SETDB1_150929706	0.414659	0.346939
SETDB1_150947542	0.444286	0.510204
SETDB2_49452409	0.360864	0.551020
SETDB2_49455944	0.360864	0.346939
SETDB2_49464537	0.394799	0.346939
SETDB2_49482195	0.363580	0.326531
SETMAR_4315566	0.379592	0.346939
SETX_132295628	0.413712	0.510204
SETX_132341044	0.411565	0.551020
SETX_132342963	0.414620	0.387755
SETX_132344289	0.414620	0.591837
SETX_132348285	0.429496	0.591837
SETX_132351351	0.395205	0.387755
SETX_132353228	0.395205	0.428571
SEZ6L2_29883786	0.491578	0.428571
SEZ6L2_29888861	0.490433	0.510204
SEZ6_28959529	0.595556	0.551020
SEZ6_28969600	0.509717	0.469388
SF3A1_30338588	0.520763	0.510204
SF3A1_30343459	0.434486	0.346939
SF3A1_30344480	0.434486	0.428571
SF3A1_30351153	0.461826	0.469388
SF3A2_2240531	0.539352	0.469388
SF3A3_37984318	0.403587	0.428571
SF3A3_37989450	0.437756	0.612245
SF3A3_37989673	0.609489	0.673469
SF3A3_37989688	0.609489	0.591837
SF3B1_197416935	0.391985	0.244898
SF3B2_66060539	0.428322	0.387755
SF3B3_70551292	0.412627	0.285714
SF3B3_70568992	0.438757	0.653061
SF3B4_149924545	0.411312	0.387755
SFI1_31551486	0.421659	0.428571
SFMBT1_52918835	0.413930	0.448980
SFMBT1_52923305	0.403191	0.387755
SFMBT1_52928771	0.422748	0.510204
SFMBT1_52929353	0.422748	0.612245
SFMBT1_52930846	0.368627	0.510204
SFMBT2_7175929	0.496695	0.387755
SFMBT2_7196922	0.465623	0.530612
SFMBT2_7199177	0.415260	0.510204
SFMBT2_7200556	0.430576	0.346939
SFMBT2_7202707	0.410693	0.387755
SFMBT2_7228177	0.402177	0.673469
SFMBT2_7282865	0.429997	0.387755
SFMBT2_7313055	0.429309	0.551020
SFPQ_35185042	0.358122	0.448980
SFRP1_41305296	0.522750	0.551020
SFRP1_41307986	0.522750	0.612245
SFRP5_97770708	0.561899	0.591837
SFSWAP_131719344	0.391556	0.489796
SFSWAP_131742397	0.475581	0.367347
SFSWAP_131746690	0.475581	0.367347
SFSWAP_131764385	0.467162	0.632653
SFSWAP_131779173	0.443310	0.612245
SFSWAP_131779257	0.443310	0.673469
SFT2D2_168226293	0.470117	0.632653
SFT2D2_168230982	0.470117	0.428571
SFTPD_79945884	0.505725	0.408163
SFXN1_175525042	0.376512	0.387755
SFXN2_102732734	0.481250	0.448980
SFXN3_101035751	0.513433	0.489796
SFXN4_119155439	0.498000	0.551020
SFXN4_119159829	0.491817	0.632653
SFXN4_119162499	0.455128	0.551020
SFXN5_72967162	0.550910	0.346939
SFXN5_72971200	0.542819	0.653061
SFXN5_72971951	0.489138	0.632653
SFXN5_73045853	0.451296	0.612245
SGCB_52034206	0.428042	0.612245
SGCB_52037980	0.428042	0.714286
SGCZ_14105495	0.343458	0.387755
SGF29_28585418	0.526555	0.448980
SGF29_28590581	0.617021	0.653061
SGK2_43559747	0.500205	0.448980
SGK2_43579909	0.472996	0.653061
SGK3_66815288	0.390383	0.551020
SGK3_66839729	0.390275	0.408163
SGK3_66848295	0.392590	0.469388
SGMS1_50460974	0.362634	0.367347
SGO2_200534066	0.364600	0.408163
SGO2_200536928	0.351616	0.387755
SGO2_200570280	0.305964	0.367347
SGPL1_70857024	0.375997	0.489796
SGSM1_24847517	0.448703	0.530612
SGSM1_24849091	0.494160	0.428571
SGSM1_24852974	0.452115	0.489796
SGSM1_24859197	0.465180	0.428571
SGSM1_24876487	0.484523	0.632653
SGSM1_24879314	0.466497	0.510204
SGSM1_24912857	0.429358	0.448980
SGSM2_2338128	0.513192	0.795918
SGSM2_2338566	0.513192	0.571429
SGSM2_2365518	0.583615	0.510204
SGSM2_2365665	0.583615	0.530612
SGSM2_2369606	0.583615	0.530612
SGTB_65711464	0.392549	0.510204
SH2B1_28870527	0.510434	0.387755
SH2B2_102314044	0.516117	0.510204
SH2B2_102320757	0.586683	0.673469
SH2D2A_156811708	0.520297	0.571429
SH2D2A_156812378	0.520297	0.551020
SH2D2A_156812573	0.520297	0.591837
SH2D4A_19362111	0.420022	0.469388
SH2D4A_19362991	0.420022	0.510204
SH2D4B_80570454	0.420108	0.653061
SH2D4B_80582093	0.453991	0.387755
SH2D4B_80608252	0.471497	0.448980
SH2D5_20724783	0.588785	0.510204
SH2D7_78094407	0.434666	0.591837
SH2D7_78103193	0.543022	0.653061
SH3BGRL_81291749	0.385615	0.428571
SH3BP1_37651175	0.524075	0.551020
SH3BP2_2821025	0.561669	0.693878
SH3BP4_235013864	0.514660	0.489796
SH3BP4_235039570	0.418242	0.551020
SH3BP4_235040725	0.418242	0.428571
SH3BP4_235047026	0.537900	0.428571
SH3BP4_235053110	0.500595	0.489796
SH3BP5L_248819006	0.492755	0.612245
SH3BP5_15266313	0.489021	0.591837
SH3BP5_15269255	0.489021	0.489796
SH3D19_151154499	0.395950	0.551020
SH3D19_151167879	0.386827	0.653061
SH3D19_151187713	0.402405	0.306122
SH3D19_151187717	0.402405	0.346939
SH3GL2_17788646	0.382322	0.571429
SH3GL3_83567508	0.431367	0.530612
SH3GL3_83574979	0.459320	0.530612
SH3GL3_83576459	0.459320	0.571429
SH3GLB1_86720673	0.343320	0.285714
SH3GLB2_129009956	0.629032	0.673469
SH3GLB2_129018608	0.464921	0.408163
SH3KBP1_19592595	0.379864	0.448980
SH3KBP1_19852130	0.451650	0.489796
SH3PXD2A_103610844	0.528695	0.530612
SH3PXD2A_103611826	0.464812	0.489796
SH3PXD2A_103614129	0.518722	0.571429
SH3PXD2A_103616406	0.518722	0.448980
SH3PXD2A_103618491	0.583899	0.591837
SH3PXD2A_103703402	0.538141	0.551020
SH3PXD2B_172340603	0.487699	0.408163
SH3PXD2B_172350589	0.493026	0.571429
SH3PXD2B_172354238	0.521292	0.551020
SH3PXD2B_172354356	0.521292	0.469388
SH3PXD2B_172374359	0.495985	0.428571
SH3PXD2B_172381628	0.495985	0.612245
SH3PXD2B_172439346	0.499103	0.469388
SH3RF1_169130400	0.413082	0.428571
SH3RF1_169270100	0.527402	0.591837
SH3RF2_146048933	0.454996	0.632653
SH3TC1_8200445	0.615345	0.653061
SH3TC1_8202947	0.615345	0.653061
SH3TC1_8202954	0.615345	0.653061
SH3TC1_8237818	0.618104	0.673469
SH3TC2_149040822	0.394309	0.387755
SH3TC2_149048228	0.421484	0.448980
SH3YL1_234519	0.426159	0.408163
SHANK1_50705745	0.519837	0.571429
SHANK1_50710613	0.519837	0.632653
SHANK2_70478877	0.525434	0.693878
SHANK3_50678002	0.599154	0.551020
SHANK3_50703050	0.571994	0.632653
SHANK3_50706273	0.519407	0.591837
SHANK3_50715123	0.632850	0.612245
SHB_37952098	0.530584	0.428571
SHC2_424289	0.639394	0.591837
SHC2_437769	0.597345	0.530612
SHC4_48845305	0.393078	0.489796
SHCBP1_46597620	0.404327	0.469388
SHCBP1_46612870	0.421387	0.448980
SHCBP1_46618497	0.430305	0.326531
SHD_4284204	0.495449	0.510204
SHH_155808820	0.615575	0.755102
SHISA3_42399227	0.519417	0.653061
SHISA4_201890425	0.504182	0.489796
SHISA7_55441428	0.576734	0.734694
SHISA7_55441709	0.576734	0.530612
SHKBP1_40589822	0.634742	0.653061
SHMT1_18329052	0.491620	0.510204
SHMT1_18335924	0.532173	0.571429
SHMT1_18356274	0.498168	0.571429
SHOC2_110946791	0.355747	0.510204
SHOX2_158100096	0.318033	0.265306
SHOX_638406	0.462462	0.653061
SHOX_639946	0.462462	0.591837
SHOX_640674	0.462462	0.653061
SHPK_3626978	0.478654	0.367347
SHPK_3630048	0.478654	0.530612
SHPK_3635311	0.515863	0.653061
SHPRH_145911720	0.343189	0.469388
SHPRH_145923836	0.312697	0.387755
SHPRH_145926965	0.328475	0.387755
SHPRH_145936895	0.353342	0.367347
SHPRH_145942007	0.337539	0.408163
SHQ1_72813192	0.365166	0.469388
SHQ1_72821625	0.373775	0.510204
SHQ1_72825893	0.372905	0.408163
SHROOM2_9854919	0.469491	0.428571
SHROOM2_9934254	0.495191	0.510204
SHROOM2_9936939	0.495191	0.571429
SHROOM2_9945648	0.515083	0.448980
SHROOM3_76735130	0.417764	0.469388
SHROOM3_76737468	0.417764	0.326531
SHROOM3_76776903	0.414159	0.387755
SHROOM4_50597193	0.458878	0.428571
SHROOM4_50597704	0.458878	0.428571
SHTN1_116892175	0.386592	0.591837
SHTN1_116927399	0.378486	0.510204
SHTN1_116965015	0.380715	0.408163
SIAE_124650261	0.452038	0.489796
SIAE_124651814	0.452038	0.489796
SIAE_124657332	0.403840	0.387755
SIAE_124667429	0.421459	0.387755
SIDT1_113612061	0.460149	0.408163
SIDT1_113613651	0.424584	0.408163
SIDT2_117187011	0.572200	0.591837
SIGLEC11_49958081	0.454993	0.346939
SIGLEC15_45839607	0.542601	0.591837
SIGLEC15_45841109	0.565987	0.469388
SIGLEC15_45841255	0.565987	0.653061
SIGLEC6_51529363	0.518367	0.612245
SIGLEC8_51452738	0.509779	0.489796
SIGLECL1_51264512	0.479183	0.591837
SIK2_111720173	0.440928	0.469388
SIK3_116847373	0.522777	0.571429
SIK3_116867320	0.436118	0.469388
SIK3_116876537	0.467857	0.489796
SIK3_116956736	0.373944	0.326531
SIL1_139043147	0.438793	0.469388
SIM1_100448874	0.548246	0.530612
SIM1_100449699	0.476190	0.530612
SIM1_100451999	0.461087	0.551020
SIM1_100464399	0.606195	0.530612
SIM2_36711073	0.460085	0.408163
SIM2_36717242	0.418172	0.428571
SIM2_36727950	0.496403	0.591837
SIM2_36746421	0.512263	0.653061
SIMC1_176318817	0.411297	0.489796
SIMC1_176322888	0.432138	0.571429
SIMC1_176324441	0.432138	0.367347
SIMC1_176337744	0.427451	0.387755
SIMC1_176340572	0.427451	0.448980
SIN3A_75378262	0.402649	0.367347
SIN3A_75389953	0.399587	0.306122
SIN3A_75424482	0.424827	0.367347
SIN3B_16849271	0.485109	0.469388
SIN3B_16856331	0.491100	0.591837
SIN3B_16860007	0.491100	0.489796
SIN3B_16868264	0.594902	0.612245
SIPA1L1_71699678	0.395327	0.469388
SIPA1L1_71727891	0.446446	0.510204
SIPA1L1_71733601	0.481867	0.408163
SIPA1L2_232439006	0.431284	0.448980
SIPA1L2_232444206	0.375475	0.346939
SIPA1L2_232492782	0.409497	0.408163
SIPA1L3_38060004	0.493733	0.632653
SIPA1L3_38083252	0.478029	0.673469
SIPA1L3_38084236	0.478029	0.469388
SIPA1L3_38086456	0.478029	0.530612
SIPA1L3_38107581	0.502231	0.448980
SIPA1L3_38162835	0.557190	0.530612
SIPA1L3_38164105	0.557190	0.612245
SIPA1L3_38198141	0.591146	0.612245
SIRPA_1927560	0.515516	0.551020
SIRPA_1927578	0.515516	0.571429
SIRPA_1929252	0.487307	0.530612
SIRT1_67889864	0.409131	0.387755
SIRT2_38894444	0.538018	0.530612
SIRT2_38895170	0.538018	0.714286
SIRT2_38895566	0.538018	0.510204
SIRT3_217838	0.463796	0.489796
SIRT3_234647	0.481098	0.632653
SIRT4_120310706	0.485888	0.571429
SIRT5_13581457	0.412674	0.469388
SIRT5_13588071	0.455786	0.408163
SIRT6_4177383	0.530789	0.510204
SIVA1_104755423	0.584848	0.510204
SIX2_45007664	0.562712	0.530612
SIX4_60721549	0.590745	0.693878
SIX4_60722063	0.590745	0.673469
SI_164988502	0.377848	0.387755
SI_165019229	0.276221	0.326531
SI_165044040	0.287312	0.469388
SI_165044045	0.287312	0.428571
SKA3_21162922	0.382690	0.591837
SKA3_21163243	0.382690	0.387755
SKA3_21172871	0.427295	0.285714
SKA3_21176303	0.427295	0.734694
SKAP2_26670459	0.354672	0.448980
SKAP2_26727203	0.357058	0.428571
SKIV2L2_55325473	0.401763	0.612245
SKIV2L2_55342552	0.341886	0.387755
SKIV2L2_55385424	0.349396	0.510204
SKIV2L2_55406565	0.358055	0.428571
SKIV2L2_55420360	0.362787	0.367347
SKI_2245868	0.570533	0.653061
SKOR1_67828787	0.631528	0.489796
SKOR1_67830490	0.541426	0.469388
SLA2_36633034	0.584123	0.469388
SLA2_36643978	0.515926	0.571429
SLA2_36644771	0.515926	0.387755
SLAIN1_77761548	0.379548	0.367347
SLAMF6_160488852	0.423640	0.448980
SLAMF7_160748131	0.431368	0.530612
SLAMF8_159827258	0.507004	0.551020
SLBP_1700369	0.448794	0.510204
SLBP_1704619	0.471797	0.571429
SLBP_1710270	0.471797	0.428571
SLBP_1711533	0.471797	0.591837
SLC10A1_69776791	0.399177	0.571429
SLC10A3_154489161	0.576797	0.530612
SLC10A6_86833090	0.402105	0.387755
SLC10A7_146513839	0.352318	0.306122
SLC11A2_50995924	0.433431	0.408163
SLC12A1_48241228	0.383717	0.408163
SLC12A1_48255770	0.399505	0.367347
SLC12A1_48256408	0.466403	0.489796
SLC12A1_48262862	0.369136	0.346939
SLC12A2_128114210	0.317684	0.387755
SLC12A2_128155732	0.369163	0.510204
SLC12A2_128161020	0.355079	0.244898
SLC12A3_56870545	0.610256	0.632653
SLC12A3_56886026	0.561562	0.530612
SLC12A3_56888353	0.529884	0.571429
SLC12A3_56889176	0.529884	0.551020
SLC12A3_56891925	0.515064	0.673469
SLC12A3_56899875	0.526851	0.551020
SLC12A3_56900106	0.526851	0.489796
SLC12A3_56901274	0.526851	0.510204
SLC12A3_56904198	0.534464	0.510204
SLC12A3_56905427	0.498012	0.551020
SLC12A4_67958838	0.549008	0.469388
SLC12A4_67967836	0.558721	0.489796
SLC12A7_1052488	0.626533	0.489796
SLC12A7_1052982	0.626533	0.673469
SLC12A7_1057952	0.639198	0.653061
SLC12A7_1060226	0.639198	0.673469
SLC12A7_1067123	0.616998	0.612245
SLC12A7_1067655	0.616998	0.632653
SLC12A7_1073843	0.658824	0.632653
SLC12A7_1078231	0.630592	0.714286
SLC12A7_1086478	0.644507	0.489796
SLC12A7_1105071	0.608888	0.653061
SLC12A8_125084793	0.444210	0.469388
SLC12A8_125111612	0.466501	0.408163
SLC12A8_125116070	0.466501	0.591837
SLC12A9_100861735	0.618421	0.591837
SLC13A1_123128946	0.389908	0.387755
SLC13A1_123171305	0.359786	0.285714
SLC13A3_46560288	0.502955	0.530612
SLC13A3_46561308	0.502955	0.551020
SLC13A3_46572183	0.456437	0.673469
SLC13A3_46575766	0.473624	0.673469
SLC13A3_46589331	0.387230	0.551020
SLC13A3_46595630	0.413289	0.448980
SLC13A3_46595654	0.413289	0.530612
SLC13A3_46612579	0.441053	0.489796
SLC13A4_135706600	0.475455	0.489796
SLC13A4_135725230	0.475655	0.510204
SLC13A5_6690258	0.470116	0.571429
SLC13A5_6691154	0.500238	0.428571
SLC13A5_6691290	0.500238	0.571429
SLC13A5_6691813	0.500238	0.591837
SLC13A5_6699215	0.533386	0.571429
SLC13A5_6708681	0.502058	0.367347
SLC14A1_45739055	0.438694	0.326531
SLC14A2_45636800	0.425183	0.265306
SLC14A2_45675445	0.428350	0.428571
SLC15A1_98712991	0.401458	0.204082
SLC15A2_121896728	0.454139	0.489796
SLC15A2_121916565	0.403463	0.306122
SLC15A3_60938213	0.581843	0.693878
SLC15A3_60938762	0.581843	0.612245
SLC15A3_60947379	0.478907	0.469388
SLC15A4_128794866	0.493268	0.428571
SLC16A10_111176743	0.362992	0.387755
SLC16A10_111220660	0.384459	0.408163
SLC16A12_89443117	0.383786	0.367347
SLC16A1_112949149	0.400944	0.571429
SLC16A2_74521894	0.481390	0.510204
SLC16A5_75097896	0.565683	0.612245
SLC16A5_75103681	0.516651	0.591837
SLC16A6_68272585	0.443089	0.428571
SLC16A8_38080564	0.554567	0.510204
SLC16A9_59667253	0.365455	0.346939
SLC17A2_25915954	0.426471	0.469388
SLC17A3_25854826	0.340600	0.510204
SLC17A3_25855089	0.340600	0.285714
SLC17A3_25858493	0.393555	0.551020
SLC17A4_25774897	0.393836	0.408163
SLC17A5_73612762	0.438641	0.408163
SLC17A5_73642413	0.393231	0.387755
SLC17A5_73645288	0.416259	0.367347
SLC17A5_73647159	0.416259	0.346939
SLC17A7_49434457	0.655856	0.673469
SLC17A8_100393905	0.397400	0.428571
SLC17A8_100398985	0.446539	0.551020
SLC17A9_62953695	0.605677	0.612245
SLC17A9_62959915	0.606911	0.510204
SLC18A2_117243727	0.456865	0.612245
SLC18A2_117256377	0.518934	0.612245
SLC18A2_117256771	0.518934	0.591837
SLC18A2_117269983	0.445159	0.551020
SLC18B1_132776570	0.413319	0.306122
SLC19A1_45526945	0.574725	0.510204
SLC19A1_45539254	0.625832	0.653061
SLC19A1_45540058	0.625832	0.693878
SLC19A2_169466087	0.395687	0.448980
SLC19A2_169470266	0.361223	0.346939
SLC19A2_169476231	0.361223	0.367347
SLC19A2_169476414	0.361223	0.387755
SLC19A2_169483635	0.404869	0.489796
SLC1A1_4571804	0.431244	0.367347
SLC1A1_4582996	0.427478	0.530612
SLC1A1_4584067	0.479663	0.571429
SLC1A2_35288256	0.387441	0.367347
SLC1A2_35292520	0.410091	0.469388
SLC1A2_35313912	0.397824	0.530612
SLC1A4_65017606	0.437366	0.510204
SLC1A6_14953279	0.513993	0.734694
SLC1A6_14959798	0.423847	0.489796
SLC1A7_53093751	0.559121	0.591837
SLC1A7_53142079	0.450856	0.571429
SLC20A2_42436254	0.480042	0.673469
SLC20A2_42443519	0.404046	0.428571
SLC20A2_42462718	0.449535	0.367347
SLC22A10_63296202	0.390175	0.428571
SLC22A10_63296306	0.390175	0.612245
SLC22A11_64559766	0.588788	0.571429
SLC22A11_64561226	0.588788	0.571429
SLC22A11_64561929	0.588788	0.551020
SLC22A11_64564772	0.580076	0.469388
SLC22A11_64570280	0.460714	0.469388
SLC22A12_64593042	0.601533	0.632653
SLC22A12_64593251	0.601533	0.551020
SLC22A13_38275250	0.570755	0.551020
SLC22A14_38315236	0.562500	0.612245
SLC22A15_116036191	0.369114	0.408163
SLC22A16_110425411	0.460312	0.428571
SLC22A16_110426556	0.460312	0.591837
SLC22A16_110445064	0.386624	0.448980
SLC22A18_2904936	0.543959	0.591837
SLC22A18_2905727	0.543959	0.591837
SLC22A18_2915255	0.632036	0.510204
SLC22A18_2924885	0.638402	0.571429
SLC22A1_160130660	0.569170	0.530612
SLC22A1_160130800	0.569170	0.551020
SLC22A1_160133818	0.519108	0.653061
SLC22A1_160135405	0.536772	0.489796
SLC22A1_160154704	0.379709	0.469388
SLC22A1_160154983	0.417293	0.510204
SLC22A23_3353096	0.463190	0.510204
SLC22A2_160243188	0.418306	0.285714
SLC22A2_160245629	0.473748	0.469388
SLC22A3_160399169	0.347399	0.510204
SLC22A3_160405784	0.347399	0.285714
SLC22A3_160447315	0.486922	0.510204
SLC22A3_160447346	0.486922	0.612245
SLC22A3_160450572	0.355681	0.265306
SLC22A4_132315687	0.475936	0.571429
SLC22A4_132321352	0.475936	0.551020
SLC22A4_132328108	0.440257	0.408163
SLC22A4_132336161	0.404470	0.448980
SLC22A5_132370911	0.504493	0.408163
SLC22A5_132371584	0.504493	0.489796
SLC22A7_43300549	0.500936	0.489796
SLC22A7_43303989	0.507064	0.591837
SLC22A8_62998694	0.541907	0.612245
SLC22A9_63375171	0.343869	0.326531
SLC23A1_139374148	0.487956	0.367347
SLC23A1_139379354	0.544892	0.673469
SLC23A2_4858191	0.464012	0.551020
SLC23A2_4862400	0.421965	0.408163
SLC23A2_4863044	0.494652	0.653061
SLC23A2_4873462	0.476816	0.408163
SLC23A2_4901716	0.455845	0.387755
SLC23A3_219163072	0.453172	0.387755
SLC24A1_65637906	0.440158	0.551020
SLC24A3_19683959	0.408425	0.469388
SLC24A3_19720611	0.481013	0.734694
SLC24A4_92448139	0.511825	0.612245
SLC24A4_92450111	0.556481	0.612245
SLC24A4_92452744	0.556481	0.551020
SLC24A4_92486436	0.485991	0.551020
SLC25A10_81714193	0.637896	0.653061
SLC25A12_171831773	0.430226	0.591837
SLC25A12_171835547	0.388914	0.530612
SLC25A12_171837638	0.388959	0.408163
SLC25A14_130358052	0.368361	0.346939
SLC25A14_130367058	0.387973	0.469388
SLC25A15_40800745	0.447230	0.428571
SLC25A15_40802561	0.447230	0.346939
SLC25A16_68489051	0.412483	0.632653
SLC25A16_68516881	0.358333	0.367347
SLC25A18_17586326	0.475701	0.428571
SLC25A18_17587411	0.573034	0.469388
SLC25A1_19177204	0.637931	0.551020
SLC25A20_48858893	0.493478	0.367347
SLC25A20_48891715	0.462381	0.346939
SLC25A20_48892104	0.461538	0.448980
SLC25A25_128092731	0.498899	0.469388
SLC25A25_128104216	0.502912	0.551020
SLC25A26_66229476	0.395109	0.510204
SLC25A26_66369860	0.425963	0.530612
SLC25A26_66376166	0.444758	0.428571
SLC25A27_46658527	0.396310	0.489796
SLC25A28_99613998	0.402288	0.551020
SLC25A30_45416506	0.453879	0.530612
SLC25A31_127769484	0.369122	0.346939
SLC25A31_127772694	0.369122	0.285714
SLC25A33_9579520	0.474545	0.530612
SLC25A33_9579713	0.474545	0.448980
SLC25A33_9580341	0.456395	0.530612
SLC25A33_9580936	0.456395	0.306122
SLC25A33_9581154	0.456395	0.591837
SLC25A35_8291235	0.570225	0.612245
SLC25A37_23569856	0.476319	0.489796
SLC25A37_23570396	0.476319	0.612245
SLC25A38_39386874	0.486581	0.489796
SLC25A38_39395387	0.405821	0.387755
SLC25A40_87871127	0.389906	0.591837
SLC25A42_19096538	0.551570	0.551020
SLC25A42_19099103	0.551570	0.571429
SLC25A42_19110396	0.532699	0.632653
SLC25A43_119406941	0.456709	0.428571
SLC25A44_156205360	0.460677	0.326531
SLC25A46_110748677	0.350785	0.489796
SLC25A47_100323875	0.600426	0.714286
SLC25A47_100324675	0.600426	0.612245
SLC25A47_100329100	0.628125	0.612245
SLC25A48_135839954	0.442037	0.469388
SLC25A51_37900339	0.410335	0.612245
SLC25A53_104117315	0.430460	0.571429
SLC25A6_1390082	0.560571	0.551020
SLC26A11_80250020	0.542381	0.591837
SLC26A11_80250396	0.542381	0.612245
SLC26A11_80252044	0.529845	0.632653
SLC26A3_107786729	0.377087	0.530612
SLC26A3_107788071	0.387785	0.448980
SLC26A4_107703243	0.386274	0.469388
SLC26A4_107712491	0.355280	0.387755
SLC26A5_103389532	0.451195	0.530612
SLC26A5_103394982	0.429394	0.530612
SLC26A5_103395956	0.429394	0.408163
SLC26A5_103398324	0.417344	0.428571
SLC26A5_103411231	0.477012	0.448980
SLC26A5_103413267	0.420066	0.530612
SLC26A6_48630310	0.596429	0.448980
SLC26A6_48634515	0.598271	0.571429
SLC26A6_48634620	0.598271	0.469388
SLC26A6_48634730	0.598271	0.591837
SLC26A6_48634748	0.598271	0.571429
SLC26A8_35954620	0.452081	0.346939
SLC26A9_205917499	0.457912	0.530612
SLC26A9_205926230	0.454768	0.346939
SLC26A9_205933306	0.499426	0.489796
SLC26A9_205934239	0.499426	0.469388
SLC27A1_17501587	0.487315	0.693878
SLC27A2_50227571	0.440544	0.591837
SLC27A2_50228195	0.440544	0.469388
SLC27A4_128348151	0.516528	0.551020
SLC27A4_128348338	0.516528	0.551020
SLC27A6_129030616	0.325486	0.306122
SLC28A1_84908345	0.461011	0.408163
SLC28A1_84919549	0.463507	0.530612
SLC28A1_84926657	0.468453	0.551020
SLC28A1_84932553	0.468453	0.551020
SLC28A3_84291811	0.440536	0.551020
SLC28A3_84294114	0.405256	0.428571
SLC28A3_84310700	0.423436	0.428571
SLC28A3_84313654	0.419853	0.591837
SLC29A2_66365381	0.537392	0.653061
SLC29A3_71344714	0.530536	0.551020
SLC29A3_71349082	0.530536	0.510204
SLC29A3_71355355	0.517241	0.551020
SLC29A4_5294313	0.493088	0.510204
SLC29A4_5295234	0.659170	0.571429
SLC29A4_5301307	0.569353	0.448980
SLC29A4_5301609	0.569353	0.632653
SLC29A4_5301749	0.569353	0.632653
SLC2A12_134004745	0.394703	0.346939
SLC2A13_39866439	0.344902	0.367347
SLC2A2_171016735	0.415109	0.530612
SLC2A2_171018406	0.415109	0.551020
SLC2A2_171022455	0.371638	0.448980
SLC2A4_7284163	0.582677	0.551020
SLC2A6_133475239	0.639860	0.591837
SLC2A7_9007593	0.521219	0.632653
SLC2A7_9013972	0.559809	0.510204
SLC2A7_9015299	0.509396	0.693878
SLC2A9_9982263	0.460556	0.428571
SLC30A2_26042358	0.526245	0.469388
SLC30A3_27262250	0.573381	0.734694
SLC30A5_69101996	0.418856	0.326531
SLC30A5_69119477	0.360848	0.326531
SLC30A6_32169617	0.386959	0.469388
SLC30A7_100969537	0.359352	0.428571
SLC30A8_117155052	0.395652	0.428571
SLC30A8_117162480	0.389323	0.428571
SLC30A9_42060035	0.383438	0.285714
SLC30A9_42080766	0.367071	0.367347
SLC31A1_113259996	0.429383	0.510204
SLC31A2_113158489	0.450336	0.530612
SLC34A3_137233579	0.741228	0.755102
SLC35A3_100010244	0.374287	0.408163
SLC35B3_8425289	0.357681	0.367347
SLC35B3_8428680	0.281994	0.265306
SLC35B3_8428974	0.281994	0.367347
SLC35B4_134304624	0.410171	0.551020
SLC35C1_45808569	0.516107	0.551020
SLC35C1_45809499	0.516107	0.530612
SLC35D1_67006825	0.410483	0.367347
SLC35D1_67042546	0.387358	0.224490
SLC35D1_67050873	0.335766	0.367347
SLC35D2_96367094	0.410374	0.612245
SLC35E1_16569368	0.525733	0.530612
SLC35E3_68749656	0.408670	0.469388
SLC35E3_68750692	0.408670	0.551020
SLC35E3_68752322	0.428797	0.346939
SLC35E3_68752327	0.428797	0.346939
SLC35F1_118281652	0.406311	0.489796
SLC35F2_107813589	0.439299	0.469388
SLC35F3_234319814	0.447140	0.469388
SLC35F3_234322600	0.467021	0.448980
SLC35F4_57583638	0.399255	0.551020
SLC35F5_113722821	0.334124	0.346939
SLC35F5_113725043	0.313330	0.367347
SLC35F5_113734773	0.314597	0.224490
SLC35F5_113746380	0.390453	0.326531
SLC35G1_93894879	0.450481	0.510204
SLC36A1_151461495	0.431882	0.469388
SLC36A1_151463398	0.431882	0.510204
SLC36A1_151465785	0.420404	0.489796
SLC36A1_151481473	0.439185	0.346939
SLC36A1_151484181	0.439185	0.551020
SLC36A1_151486385	0.439185	0.448980
SLC36A2_151343160	0.467681	0.469388
SLC36A2_151343991	0.484429	0.448980
SLC36A3_151281252	0.440559	0.510204
SLC36A3_151283655	0.440559	0.448980
SLC36A3_151301520	0.417786	0.469388
SLC37A1_42528345	0.494231	0.571429
SLC37A1_42539333	0.478162	0.489796
SLC37A1_42544317	0.523429	0.632653
SLC37A1_42545730	0.523429	0.489796
SLC37A1_42555805	0.484112	0.510204
SLC37A1_42564706	0.550602	0.632653
SLC37A1_42579708	0.454357	0.591837
SLC37A2_125081342	0.518750	0.612245
SLC37A2_125082739	0.566892	0.653061
SLC37A2_125083970	0.595506	0.551020
SLC37A3_140369892	0.439947	0.612245
SLC37A3_140381888	0.452858	0.632653
SLC38A10_81258947	0.582107	0.653061
SLC38A10_81259455	0.582107	0.612245
SLC38A10_81272757	0.550434	0.693878
SLC38A11_164909592	0.346369	0.448980
SLC38A1_46198532	0.407801	0.510204
SLC38A2_46369898	0.389467	0.244898
SLC38A3_50205622	0.585682	0.734694
SLC38A4_46775297	0.380347	0.571429
SLC38A4_46781724	0.358014	0.530612
SLC38A7_58670869	0.547320	0.408163
SLC38A8_84010019	0.507205	0.367347
SLC38A8_84012180	0.507205	0.428571
SLC38A8_84012894	0.507205	0.530612
SLC38A8_84014919	0.540681	0.469388
SLC38A8_84030695	0.539093	0.510204
SLC38A8_84035266	0.498144	0.469388
SLC38A9_55646956	0.355482	0.448980
SLC38A9_55647223	0.355482	0.224490
SLC39A10_195730615	0.383438	0.306122
SLC39A11_72648479	0.473684	0.489796
SLC39A11_72717797	0.475550	0.469388
SLC39A12_17961967	0.424586	0.387755
SLC39A12_17997927	0.370146	0.285714
SLC39A14_22413705	0.480489	0.346939
SLC39A4_144413124	0.717241	0.734694
SLC3A1_44307380	0.397357	0.387755
SLC40A1_189578218	0.364871	0.265306
SLC41A1_205804606	0.493840	0.591837
SLC41A2_104895562	0.378922	0.306122
SLC41A3_126007428	0.552457	0.591837
SLC41A3_126007495	0.552457	0.612245
SLC41A3_126019065	0.490525	0.346939
SLC41A3_126025908	0.544386	0.551020
SLC41A3_126026557	0.456012	0.673469
SLC43A1_57498830	0.554040	0.530612
SLC43A2_1580504	0.525615	0.612245
SLC43A2_1581533	0.525615	0.551020
SLC43A2_1582691	0.525615	0.591837
SLC43A2_1586245	0.553474	0.591837
SLC43A2_1587650	0.553474	0.530612
SLC43A3_57420876	0.481518	0.448980
SLC44A1_105348108	0.358982	0.346939
SLC44A1_105357254	0.333843	0.326531
SLC44A1_105363606	0.414350	0.612245
SLC44A2_10628740	0.503260	0.510204
SLC44A3_94828463	0.426384	0.428571
SLC44A5_75219109	0.388889	0.489796
SLC44A5_75233510	0.358518	0.408163
SLC44A5_75243740	0.382654	0.408163
SLC45A1_8329519	0.502160	0.530612
SLC45A1_8336195	0.493933	0.571429
SLC45A3_205660956	0.560530	0.530612
SLC45A3_205662214	0.583569	0.591837
SLC45A3_205664113	0.508083	0.408163
SLC45A4_141220537	0.580424	0.571429
SLC46A3_28711777	0.360022	0.428571
SLC46A3_28714301	0.430618	0.387755
SLC46A3_28716501	0.430618	0.326531
SLC47A1_19543068	0.483503	0.612245
SLC47A1_19568101	0.452106	0.428571
SLC47A2_19679235	0.485167	0.367347
SLC47A2_19703920	0.585366	0.591837
SLC47A2_19706978	0.609756	0.693878
SLC48A1_47776046	0.546089	0.510204
SLC48A1_47776305	0.546089	0.591837
SLC4A10_161900779	0.352342	0.469388
SLC4A11_3235904	0.580974	0.530612
SLC4A1_44256696	0.491683	0.530612
SLC4A3_219637544	0.528329	0.510204
SLC4A4_71451687	0.386685	0.653061
SLC4A4_71561654	0.325608	0.346939
SLC4A5_74228941	0.504617	0.530612
SLC4A5_74234932	0.491217	0.612245
SLC4A5_74235261	0.416019	0.571429
SLC4A5_74242365	0.481638	0.510204
SLC4A5_74246608	0.481638	0.591837
SLC4A5_74255244	0.501873	0.469388
SLC4A5_74331727	0.472260	0.469388
SLC4A5_74340719	0.422060	0.408163
SLC4A8_51485785	0.416635	0.489796
SLC4A8_51486899	0.392066	0.326531
SLC4A8_51500253	0.402231	0.285714
SLC4A8_51504339	0.428821	0.428571
SLC4A8_51505780	0.428821	0.367347
SLC4A9_140363971	0.609272	0.530612
SLC4A9_140365680	0.533333	0.408163
SLC4A9_140368049	0.476744	0.551020
SLC4A9_140371857	0.457050	0.408163
SLC51A_196228616	0.598131	0.530612
SLC51A_196231229	0.467968	0.469388
SLC51A_196232308	0.467968	0.612245
SLC51B_65046815	0.457348	0.653061
SLC52A3_764286	0.464286	0.530612
SLC5A10_18952557	0.556950	0.489796
SLC5A10_18953294	0.556950	0.408163
SLC5A10_18957375	0.494894	0.489796
SLC5A10_18962781	0.588880	0.673469
SLC5A11_24874130	0.470208	0.469388
SLC5A11_24875879	0.511796	0.551020
SLC5A11_24876876	0.511796	0.428571
SLC5A11_24878328	0.477643	0.571429
SLC5A11_24906498	0.448227	0.428571
SLC5A12_26686745	0.350437	0.428571
SLC5A1_32082083	0.519964	0.428571
SLC5A1_32083728	0.471963	0.408163
SLC5A1_32100202	0.420599	0.428571
SLC5A4_32237381	0.436747	0.489796
SLC5A4_32238491	0.436747	0.469388
SLC5A4_32247550	0.466178	0.489796
SLC5A4_32248331	0.466178	0.367347
SLC5A5_17873939	0.626968	0.673469
SLC5A5_17878563	0.520751	0.571429
SLC5A5_17881258	0.556660	0.285714
SLC5A5_17883596	0.536619	0.551020
SLC5A6_27202136	0.504065	0.510204
SLC5A7_107987211	0.418345	0.265306
SLC5A7_107992777	0.323138	0.265306
SLC5A7_107994200	0.350531	0.428571
SLC5A7_108005682	0.385479	0.530612
SLC5A8_101168347	0.403174	0.387755
SLC5A8_101184507	0.368005	0.265306
SLC5A9_48235285	0.524924	0.408163
SLC6A11_10822732	0.446216	0.408163
SLC6A11_10829330	0.464051	0.591837
SLC6A11_10928155	0.565316	0.428571
SLC6A11_10933637	0.536946	0.653061
SLC6A11_10937380	0.536393	0.510204
SLC6A12_200308	0.500291	0.469388
SLC6A12_202073	0.560674	0.551020
SLC6A12_206942	0.467087	0.571429
SLC6A13_222636	0.507014	0.510204
SLC6A13_224282	0.594096	0.551020
SLC6A13_227300	0.532381	0.632653
SLC6A13_241969	0.470128	0.408163
SLC6A13_243459	0.426407	0.489796
SLC6A14_116437160	0.398256	0.469388
SLC6A17_110171720	0.492362	0.632653
SLC6A17_110193724	0.507979	0.571429
SLC6A18_1228017	0.583042	0.489796
SLC6A18_1229827	0.583042	0.571429
SLC6A19_1202442	0.600609	0.693878
SLC6A19_1210147	0.608221	0.673469
SLC6A19_1218544	0.591722	0.530612
SLC6A19_1221610	0.622739	0.693878
SLC6A1_11016044	0.495849	0.510204
SLC6A20_45763128	0.530844	0.591837
SLC6A20_45776712	0.539303	0.489796
SLC6A20_45778077	0.539303	0.591837
SLC6A20_45780312	0.540868	0.530612
SLC6A20_45782345	0.446892	0.448980
SLC6A2_55694008	0.501788	0.489796
SLC6A2_55694707	0.508591	0.571429
SLC6A2_55696064	0.520681	0.530612
SLC6A2_55696071	0.520681	0.469388
SLC6A2_55698388	0.516930	0.530612
SLC6A2_55699716	0.510331	0.571429
SLC6A3_1401105	0.592765	0.673469
SLC6A3_1405158	0.549064	0.571429
SLC6A3_1405891	0.549064	0.612245
SLC6A3_1406389	0.546584	0.714286
SLC6A3_1406665	0.546584	0.265306
SLC6A3_1413407	0.577811	0.632653
SLC6A3_1413963	0.577811	0.714286
SLC6A3_1416631	0.541333	0.571429
SLC6A3_1422062	0.522347	0.612245
SLC6A3_1442209	0.614356	0.571429
SLC6A3_1443312	0.582898	0.693878
SLC6A4_30215766	0.471390	0.653061
SLC6A5_20627735	0.413369	0.346939
SLC6A5_20629999	0.443422	0.653061
SLC6A5_20634340	0.447824	0.510204
SLC6A5_20635316	0.447824	0.448980
SLC6A5_20649495	0.424356	0.387755
SLC6A5_20652989	0.431294	0.428571
SLC6A5_20653975	0.431294	0.306122
SLC6A6_14445715	0.537507	0.448980
SLC6A6_14474187	0.529568	0.571429
SLC6A6_14483572	0.527934	0.653061
SLC6A7_150194580	0.543623	0.489796
SLC6A7_150196536	0.547118	0.591837
SLC6A7_150199536	0.518002	0.632653
SLC6A7_150202892	0.501558	0.510204
SLC7A10_33220768	0.499014	0.510204
SLC7A14_170483522	0.512042	0.448980
SLC7A1_29520253	0.447055	0.489796
SLC7A1_29521326	0.447055	0.408163
SLC7A1_29522230	0.447055	0.448980
SLC7A1_29522564	0.462299	0.653061
SLC7A1_29527257	0.495703	0.489796
SLC7A1_29532023	0.442444	0.428571
SLC7A1_29534949	0.438646	0.408163
SLC7A2_17558504	0.409845	0.510204
SLC7A2_17559725	0.409845	0.489796
SLC7A2_17561687	0.433333	0.571429
SLC7A3_70926211	0.405172	0.367347
SLC7A3_70927087	0.420833	0.387755
SLC7A4_21029575	0.616541	0.571429
SLC7A5_87861339	0.557382	0.632653
SLC7A6OS_68308336	0.450016	0.489796
SLC7A6_68273738	0.467687	0.510204
SLC7A6_68274060	0.467687	0.571429
SLC7A8_23131632	0.476662	0.632653
SLC7A9_32831362	0.502432	0.632653
SLC7A9_32834239	0.413727	0.448980
SLC8A2_47438291	0.504851	0.448980
SLC8A2_47438934	0.504851	0.530612
SLC8A2_47439675	0.504851	0.469388
SLC8A2_47441500	0.542871	0.693878
SLC8A2_47443675	0.542871	0.510204
SLC9A1_27110197	0.522480	0.530612
SLC9A1_27113629	0.522480	0.408163
SLC9A1_27129133	0.510278	0.571429
SLC9A1_27143395	0.510278	0.510204
SLC9A2_102659879	0.416007	0.428571
SLC9A2_102664681	0.416007	0.448980
SLC9A2_102704822	0.381197	0.612245
SLC9A2_102706135	0.424840	0.489796
SLC9A3R2_2027527	0.635210	0.653061
SLC9A3R2_2027831	0.635210	0.489796
SLC9A3R2_2035303	0.636600	0.632653
SLC9A3R2_2037233	0.654917	0.591837
SLC9A3_487579	0.604410	0.632653
SLC9A4_102521323	0.425217	0.346939
SLC9A5_67254813	0.467371	0.530612
SLC9A5_67258709	0.513778	0.489796
SLC9A5_67264694	0.557060	0.551020
SLC9A5_67264699	0.557060	0.591837
SLC9A6_136013230	0.367347	0.367347
SLC9A6_136043125	0.414988	0.448980
SLC9A7_46608236	0.468529	0.510204
SLC9A7_46611968	0.468529	0.489796
SLC9A7_46664226	0.420796	0.510204
SLC9A7_46669854	0.415754	0.510204
SLC9A7_46687335	0.395975	0.510204
SLC9A7_46757212	0.395975	0.571429
SLC9A8_49880693	0.433916	0.367347
SLC9A8_49883650	0.529893	0.510204
SLC9B2_103030454	0.334517	0.448980
SLC9B2_103074284	0.388081	0.448980
SLC9C1_112180869	0.347619	0.489796
SLC9C1_112220739	0.371565	0.428571
SLC9C1_112284422	0.372466	0.326531
SLC9C1_112288611	0.398946	0.408163
SLC9C2_173505889	0.421916	0.428571
SLC9C2_173506570	0.421916	0.448980
SLC9C2_173601888	0.425698	0.367347
SLC9C2_173602599	0.425698	0.530612
SLCO1A2_21295832	0.390441	0.224490
SLCO1B1_21177139	0.301549	0.367347
SLCO1C1_20712404	0.382856	0.530612
SLCO1C1_20737073	0.355572	0.285714
SLCO2A1_133947922	0.509174	0.530612
SLCO2A1_133950493	0.495528	0.551020
SLCO2A1_133951393	0.500000	0.408163
SLCO2B1_75168514	0.511635	0.367347
SLCO2B1_75193754	0.556501	0.632653
SLCO2B1_75194982	0.556501	0.469388
SLCO3A1_92121851	0.467133	0.510204
SLCO3A1_92147261	0.445910	0.551020
SLCO4C1_102242116	0.382130	0.510204
SLCO4C1_102243733	0.382130	0.469388
SLCO4C1_102294716	0.383167	0.408163
SLCO5A1_69678411	0.397559	0.387755
SLCO5A1_69756916	0.400262	0.448980
SLF1_94665693	0.388320	0.571429
SLF1_94669358	0.374697	0.428571
SLF1_94687212	0.378847	0.653061
SLF1_94687226	0.378847	0.571429
SLF2_100933431	0.392693	0.346939
SLF2_100941983	0.408017	0.306122
SLF2_100951588	0.439003	0.510204
SLFN11_35355587	0.336406	0.285714
SLFN12_35418884	0.346154	0.408163
SLFN12_35421335	0.419776	0.326531
SLFN14_35554836	0.450392	0.530612
SLFN5_35260658	0.416404	0.571429
SLFN5_35260848	0.416404	0.530612
SLIT1_97002369	0.529940	0.591837
SLIT1_97011888	0.520307	0.632653
SLIT1_97158032	0.468852	0.510204
SLIT1_97163684	0.603511	0.530612
SLIT1_97163689	0.603511	0.551020
SLIT1_97164505	0.603511	0.612245
SLIT2_20523707	0.379470	0.346939
SLIT2_20527865	0.343485	0.367347
SLIT2_20531489	0.345700	0.510204
SLIT2_20590380	0.359121	0.367347
SLIT3_168673043	0.514471	0.469388
SLIT3_168724344	0.454996	0.530612
SLK_104004747	0.357108	0.428571
SLMAP_57847007	0.371674	0.265306
SLMAP_57863582	0.412434	0.530612
SLMAP_57914296	0.391185	0.571429
SLPI_45253833	0.504828	0.530612
SLTM_58882680	0.452530	0.448980
SLU7_160405293	0.316066	0.510204
SLX4IP_10599076	0.407320	0.489796
SLX4IP_10631437	0.425339	0.489796
SLX4_3587615	0.497094	0.653061
SLX4_3588269	0.497094	0.489796
SLX4_3594883	0.622886	0.571429
SLX4_3597745	0.554455	0.673469
SLX4_3602359	0.485838	0.489796
SLX4_3602367	0.485838	0.571429
SLX4_3602534	0.485838	0.408163
SLX4_3603483	0.485838	0.612245
SLX4_3606272	0.485838	0.367347
SMAD1_145540232	0.373413	0.326531
SMAD1_145542853	0.377373	0.306122
SMAD1_145555924	0.348533	0.346939
SMAD2_47868051	0.326435	0.326531
SMAD3_67170063	0.516757	0.632653
SMAD3_67185403	0.544000	0.571429
SMAD3_67186158	0.544000	0.653061
SMAD5_136148045	0.351803	0.326531
SMAD5_136160479	0.374328	0.306122
SMAD5_136164289	0.361424	0.326531
SMAD5_136165963	0.361424	0.224490
SMAD5_136173317	0.344186	0.448980
SMAD6_66709465	0.506981	0.571429
SMAD6_66711420	0.506981	0.510204
SMAD6_66715504	0.476150	0.591837
SMAD7_48944778	0.483699	0.571429
SMAD7_48946765	0.483699	0.489796
SMAD7_48948832	0.595342	0.775510
SMAD9_36875693	0.387300	0.306122
SMAD9_36878663	0.387300	0.387755
SMARCA1_129482583	0.358539	0.244898
SMARCA1_129491367	0.326659	0.408163
SMARCA1_129497552	0.395683	0.469388
SMARCA1_129512180	0.397786	0.346939
SMARCA1_129516569	0.284487	0.265306
SMARCA4_10988954	0.525862	0.530612
SMARCA4_11001643	0.476558	0.571429
SMARCA4_11023481	0.570323	0.551020
SMARCA5_143534276	0.372458	0.346939
SMARCAD1_94273416	0.356683	0.367347
SMARCAD1_94285202	0.351124	0.387755
SMARCAL1_216423807	0.438111	0.530612
SMARCAL1_216433877	0.459700	0.612245
SMARCAL1_216447552	0.428804	0.591837
SMARCAL1_216481105	0.440964	0.408163
SMARCB1_23800849	0.501447	0.612245
SMARCB1_23831789	0.542423	0.591837
SMARCC1_47637947	0.430835	0.326531
SMARCC1_47735628	0.418792	0.448980
SMARCC1_47737568	0.399054	0.265306
SMARCC2_56164790	0.455631	0.244898
SMARCC2_56170539	0.495292	0.591837
SMARCD1_50092804	0.466459	0.571429
SMARCD1_50096569	0.475626	0.408163
SMARCD1_50097336	0.493969	0.653061
SMARCE1_40638104	0.356821	0.387755
SMC1A_53380288	0.568129	0.551020
SMC1A_53404715	0.478533	0.591837
SMC1A_53415169	0.468724	0.489796
SMC1A_53420970	0.468724	0.489796
SMC1B_45345235	0.343321	0.326531
SMC1B_45350844	0.414625	0.571429
SMC1B_45359046	0.397423	0.387755
SMC1B_45359053	0.397423	0.346939
SMC1B_45361073	0.386702	0.306122
SMC1B_45367479	0.413599	0.571429
SMC1B_45393228	0.386777	0.346939
SMC1B_45412895	0.462500	0.551020
SMC2_104098206	0.364525	0.510204
SMC2_104099934	0.287805	0.306122
SMC2_104104939	0.404019	0.428571
SMC2_104118060	0.333333	0.224490
SMC3_110580719	0.319071	0.326531
SMC4_160406462	0.335131	0.244898
SMC4_160423759	0.390909	0.510204
SMC4_160424809	0.366472	0.367347
SMC5_70261805	0.416468	0.428571
SMC5_70263171	0.416468	0.387755
SMC5_70349371	0.373012	0.387755
SMC6_17675431	0.340819	0.346939
SMC6_17695962	0.363269	0.632653
SMC6_17701688	0.334483	0.428571
SMC6_17719627	0.354566	0.428571
SMC6_17726778	0.380859	0.306122
SMC6_17731405	0.324459	0.306122
SMC6_17733992	0.381050	0.428571
SMC6_17739248	0.406393	0.551020
SMC6_17747175	0.390409	0.408163
SMCHD1_2696664	0.363131	0.408163
SMCHD1_2704827	0.326508	0.326531
SMCHD1_2726316	0.283654	0.244898
SMCHD1_2731028	0.371629	0.408163
SMCHD1_2772688	0.369533	0.612245
SMCO3_14810440	0.363306	0.408163
SMCR8_18318769	0.532348	0.448980
SMCR8_18320240	0.532348	0.612245
SMG1_18860072	0.373832	0.408163
SMG1_18871717	0.348074	0.591837
SMG1_18890419	0.360219	0.551020
SMG5_156251477	0.568376	0.551020
SMG5_156252587	0.449275	0.489796
SMG5_156252718	0.449275	0.326531
SMG5_156268628	0.457736	0.387755
SMG5_156272871	0.492723	0.551020
SMG5_156272920	0.492723	0.530612
SMG5_156281808	0.473124	0.489796
SMG6_2188678	0.440533	0.408163
SMG6_2188765	0.440533	0.551020
SMG6_2193678	0.440533	0.367347
SMG6_2294450	0.440797	0.530612
SMG6_2298191	0.432941	0.469388
SMG6_2303013	0.496968	0.428571
SMG7_183516917	0.336675	0.367347
SMG7_183517473	0.336675	0.346939
SMG7_183517489	0.336675	0.387755
SMG7_183538165	0.334192	0.448980
SMG7_183540746	0.372002	0.326531
SMG7_183541288	0.374486	0.265306
SMG9_43734099	0.532824	0.469388
SMG9_43740963	0.479464	0.387755
SMG9_43746935	0.487290	0.571429
SMG9_43748679	0.481686	0.551020
SMG9_43751073	0.496672	0.571429
SMIM17_56646696	0.496804	0.489796
SMIM17_56647224	0.496804	0.448980
SMIM21_75427199	0.409721	0.551020
SMIM23_171786188	0.397837	0.510204
SMIM24_3479119	0.599182	0.612245
SMIM24_3479124	0.599182	0.653061
SMIM9_154829664	0.422857	0.448980
SMIM9_154831508	0.373918	0.387755
SMIM9_154831929	0.373918	0.387755
SMIM9_154832521	0.373918	0.367347
SMLR1_130831533	0.416043	0.428571
SMOC1_69975492	0.439230	0.469388
SMOC1_69977565	0.417499	0.510204
SMOC1_69995742	0.443250	0.265306
SMOC1_70012919	0.452695	0.469388
SMOC1_70029377	0.496762	0.551020
SMOC2_168527381	0.513191	0.571429
SMOC2_168652406	0.447005	0.571429
SMOX_4175796	0.502635	0.591837
SMOX_4179097	0.484970	0.489796
SMPD3_68365262	0.580125	0.612245
SMPD3_68365786	0.580125	0.612245
SMPD4_130171528	0.490332	0.551020
SMPDL3A_122799256	0.389311	0.489796
SMPDL3B_27955489	0.523768	0.571429
SMPDL3B_27955497	0.523768	0.571429
SMS_21968262	0.461079	0.428571
SMTNL1_57545878	0.518367	0.510204
SMTNL2_4594620	0.566159	0.714286
SMU1_33052596	0.407689	0.448980
SMU1_33060728	0.370219	0.551020
SMU1_33071420	0.390374	0.510204
SMU1_33074887	0.463256	0.612245
SMURF1_99034942	0.562053	0.530612
SMURF1_99039762	0.499460	0.632653
SMURF2_64553380	0.395430	0.612245
SMURF2_64558005	0.392640	0.469388
SMURF2_64564797	0.398709	0.469388
SMURF2_64570982	0.398709	0.408163
SMURF2_64571986	0.397246	0.326531
SMURF2_64589356	0.379605	0.326531
SMURF2_64595966	0.364185	0.469388
SMYD1_88089086	0.450613	0.510204
SMYD1_88096940	0.434401	0.632653
SMYD1_88109957	0.481257	0.489796
SMYD1_88109962	0.481257	0.489796
SMYD2_214321885	0.418066	0.428571
SMYD2_214329534	0.502251	0.571429
SMYD2_214335708	0.457202	0.367347
SMYD3_245859708	0.424727	0.530612
SMYD3_245929511	0.438998	0.469388
SMYD3_246017120	0.401004	0.448980
SMYD3_246155872	0.401004	0.632653
SMYD3_246243529	0.401004	0.428571
SMYD3_246331460	0.400911	0.428571
SMYD3_246388187	0.404221	0.448980
SMYD3_246472909	0.404221	0.530612
SMYD4_1784554	0.497445	0.489796
SMYD4_1786717	0.497445	0.448980
SMYD5_73221784	0.465313	0.551020
SMYD5_73222367	0.537621	0.591837
SMYD5_73223808	0.519324	0.489796
SNAI1_49987349	0.525852	0.530612
SNAP29_20883965	0.511803	0.530612
SNAP47_227761624	0.543155	0.510204
SNAP47_227762254	0.543155	0.632653
SNAPC1_61770508	0.424939	0.530612
SNAPC1_61770883	0.424939	0.591837
SNAPC3_15444400	0.432285	0.387755
SNAPC3_15451070	0.385276	0.285714
SNAPC4_136390058	0.517015	0.428571
SNAPC4_136397109	0.596078	0.591837
SNCAIP_122443105	0.413078	0.530612
SND1_127694729	0.411779	0.530612
SND1_127699077	0.400634	0.489796
SND1_127906294	0.397119	0.387755
SND1_128081762	0.559901	0.571429
SNED1_241034374	0.632948	0.714286
SNED1_241039528	0.587652	0.673469
SNED1_241044529	0.411214	0.387755
SNED1_241067512	0.632380	0.632653
SNED1_241068090	0.615784	0.612245
SNED1_241080871	0.475096	0.612245
SNED1_241082248	0.664596	0.632653
SNF8_48934258	0.462983	0.387755
SNRK_43338473	0.400075	0.448980
SNRNP200_96277460	0.511784	0.530612
SNRNP200_96291942	0.388422	0.571429
SNRNP200_96298996	0.421053	0.510204
SNRNP27_69895053	0.471628	0.408163
SNRNP40_31289803	0.425993	0.510204
SNRNP48_7598169	0.343439	0.551020
SNRNP70_49101696	0.614484	0.510204
SNRNP70_49105385	0.543095	0.551020
SNRNP70_49106977	0.543095	0.510204
SNRNP70_49107114	0.543095	0.571429
SNRPA_40754555	0.499316	0.428571
SNRPA_40764173	0.502252	0.489796
SNRPC_34758188	0.432759	0.510204
SNRPD2_45687964	0.559939	0.408163
SNTA1_33441117	0.495565	0.428571
SNTB1_120539622	0.394014	0.510204
SNTB1_120548538	0.418873	0.367347
SNTB1_120605080	0.412388	0.428571
SNTG1_50397553	0.353097	0.489796
SNTG1_50657687	0.284163	0.346939
SNTG2_1239679	0.452907	0.571429
SNTG2_1309044	0.449466	0.387755
SNTG2_1310626	0.449466	0.489796
SNTN_63654470	0.405804	0.448980
SNUPN_75605531	0.461771	0.571429
SNUPN_75606822	0.461771	0.448980
SNUPN_75607596	0.490196	0.387755
SNUPN_75616864	0.460812	0.632653
SNURF_24956555	0.430577	0.632653
SNW1_77719279	0.427523	0.306122
SNW1_77732778	0.409808	0.632653
SNX11_48113123	0.487500	0.469388
SNX11_48116358	0.478499	0.551020
SNX13_17822564	0.351932	0.346939
SNX13_17848646	0.381771	0.693878
SNX13_17868681	0.357753	0.346939
SNX13_17912248	0.372108	0.510204
SNX14_85521443	0.374025	0.448980
SNX15_65034027	0.489760	0.469388
SNX16_81822068	0.335477	0.346939
SNX16_81824925	0.326653	0.448980
SNX1_64131443	0.465934	0.510204
SNX1_64133989	0.508120	0.551020
SNX1_64136039	0.517740	0.551020
SNX20_50677140	0.534237	0.551020
SNX21_45838471	0.480210	0.489796
SNX24_122999807	0.381958	0.408163
SNX24_123007577	0.412013	0.469388
SNX25_185329844	0.393450	0.530612
SNX25_185341944	0.413387	0.346939
SNX25_185351809	0.468800	0.448980
SNX25_185352744	0.468800	0.510204
SNX25_185352748	0.468800	0.530612
SNX27_151661693	0.344589	0.306122
SNX27_151692302	0.414395	0.510204
SNX27_151692310	0.414395	0.428571
SNX2_122801099	0.334327	0.346939
SNX2_122821094	0.360945	0.285714
SNX30_112757902	0.440356	0.489796
SNX30_112791531	0.440356	0.510204
SNX30_112838372	0.468870	0.428571
SNX31_100607058	0.419026	0.408163
SNX31_100607229	0.419026	0.448980
SNX31_100611337	0.474971	0.551020
SNX33_75653086	0.546024	0.510204
SNX4_125469233	0.402188	0.326531
SNX4_125479629	0.375645	0.387755
SNX4_125498395	0.385657	0.591837
SNX5_17945991	0.405594	0.448980
SNX5_17949164	0.393969	0.387755
SNX6_34586362	0.445763	0.265306
SNX7_98690132	0.332612	0.367347
SNX8_2263412	0.572192	0.632653
SNX8_2271335	0.560633	0.530612
SNX8_2271773	0.560633	0.571429
SNX9_157873968	0.366596	0.489796
SNX9_157906047	0.410093	0.387755
SNX9_157922124	0.398972	0.530612
SOAT1_179343090	0.386997	0.428571
SOCS7_38355461	0.439733	0.571429
SOCS7_38360884	0.439733	0.387755
SOCS7_38397549	0.470689	0.346939
SOD2_159685254	0.423997	0.265306
SOGA1_36790774	0.474512	0.428571
SOGA1_36794718	0.510955	0.489796
SOGA1_36804977	0.511579	0.551020
SOHLH1_135695356	0.632047	0.653061
SOHLH1_135695369	0.632047	0.653061
SON_33544090	0.368058	0.387755
SORBS1_95315641	0.425932	0.489796
SORBS1_95348336	0.436501	0.469388
SORBS1_95350319	0.436501	0.428571
SORBS1_95352060	0.436234	0.367347
SORBS1_95408324	0.436789	0.530612
SORBS1_95435806	0.512987	0.591837
SORBS1_95437744	0.471989	0.551020
SORBS1_95439202	0.471989	0.408163
SORBS1_95560794	0.458155	0.571429
SORBS2_185589030	0.461059	0.571429
SORBS2_185614201	0.440351	0.530612
SORBS2_185630940	0.384467	0.387755
SORBS2_185650706	0.401975	0.387755
SORBS2_185689753	0.405170	0.489796
SORBS3_22552571	0.638946	0.612245
SORBS3_22572193	0.577220	0.612245
SORCS1_106611531	0.441578	0.510204
SORCS1_106612130	0.426776	0.510204
SORCS1_106674388	0.400873	0.408163
SORCS1_106687726	0.401916	0.367347
SORCS2_7606570	0.512999	0.551020
SORCS2_7660963	0.545529	0.571429
SORCS2_7662919	0.551650	0.510204
SORCS2_7675864	0.477365	0.591837
SORCS2_7684803	0.529563	0.653061
SORCS2_7697068	0.542647	0.693878
SORCS2_7698273	0.579351	0.469388
SORCS2_7701362	0.579351	0.408163
SORCS2_7702791	0.579351	0.510204
SORCS2_7703715	0.590062	0.591837
SORCS2_7704950	0.596473	0.693878
SORCS2_7707462	0.596473	0.612245
SORCS2_7709417	0.596473	0.571429
SORCS2_7712631	0.596473	0.510204
SORCS2_7713482	0.575036	0.510204
SORCS2_7718010	0.531111	0.551020
SORCS2_7725580	0.593164	0.612245
SORCS2_7729240	0.607651	0.571429
SORCS2_7732179	0.497368	0.469388
SORCS3_105158717	0.425638	0.469388
SORCS3_105214718	0.422481	0.448980
SORD_45067264	0.458259	0.510204
SORL1_121476436	0.468727	0.387755
SORL1_121513681	0.459408	0.428571
SORL1_121545058	0.455805	0.510204
SORL1_121545598	0.422075	0.326531
SORL1_121553016	0.404776	0.428571
SORL1_121555485	0.450125	0.489796
SORL1_121563862	0.436968	0.367347
SORL1_121574435	0.462461	0.510204
SORL1_121574824	0.462461	0.346939
SORL1_121599002	0.434204	0.326531
SORL1_121619227	0.364377	0.306122
SORL1_121620647	0.443281	0.489796
SORT1_109316962	0.500000	0.469388
SORT1_109319647	0.467553	0.571429
SORT1_109327847	0.396157	0.448980
SORT1_109327851	0.396157	0.469388
SORT1_109329784	0.396157	0.346939
SORT1_109335215	0.396157	0.530612
SORT1_109336927	0.439342	0.346939
SORT1_109345405	0.442094	0.510204
SORT1_109345919	0.426608	0.306122
SORT1_109347785	0.427856	0.489796
SORT1_109354173	0.434007	0.428571
SORT1_109355075	0.407186	0.387755
SORT1_109355670	0.404423	0.653061
SORT1_109368808	0.445312	0.530612
SOS1_39002642	0.382929	0.428571
SOS1_39067086	0.365409	0.530612
SOS1_39080406	0.396790	0.632653
SOS2_50140208	0.372016	0.367347
SOS2_50154451	0.337255	0.428571
SOS2_50187865	0.391681	0.387755
SOS2_50201907	0.385120	0.326531
SOST_43757099	0.562727	0.571429
SOST_43758148	0.562727	0.571429
SOST_43758307	0.562727	0.653061
SOX13_204083824	0.508686	0.428571
SOX7_10727251	0.521678	0.428571
SP100_230444880	0.440129	0.428571
SP100_230448242	0.448970	0.448980
SP100_230468087	0.401752	0.387755
SP100_230499777	0.430464	0.469388
SP100_230511672	0.409623	0.469388
SP100_230513436	0.409623	0.448980
SP110_230207600	0.405359	0.408163
SP110_230218684	0.422411	0.469388
SP140_230245807	0.429668	0.489796
SP140_230248454	0.462759	0.448980
SP140_230249149	0.451789	0.551020
SP4_21481681	0.373700	0.469388
SP8_20786386	0.512220	0.530612
SPACA6_51701487	0.506618	0.510204
SPAG16_213300519	0.345327	0.448980
SPAG17_117966849	0.387644	0.285714
SPAG17_118029277	0.366090	0.306122
SPAG17_118041597	0.371488	0.408163
SPAG1_100215486	0.410220	0.265306
SPAG1_100220251	0.410220	0.244898
SPAG4_35618390	0.564263	0.632653
SPAG5_28583762	0.418719	0.428571
SPAG9_50978206	0.417591	0.408163
SPAG9_51010977	0.347719	0.571429
SPAG9_51047650	0.383471	0.367347
SPARCL1_87481387	0.407252	0.551020
SPARC_151670431	0.468680	0.510204
SPAST_32071042	0.421854	0.408163
SPAST_32144791	0.362262	0.571429
SPATA13_23980234	0.427407	0.795918
SPATA13_24219672	0.427573	0.428571
SPATA13_24251185	0.404267	0.551020
SPATA13_24251619	0.404267	0.530612
SPATA13_24251634	0.404267	0.551020
SPATA13_24286453	0.549865	0.530612
SPATA13_24290109	0.459606	0.591837
SPATA13_24290205	0.459606	0.428571
SPATA13_24301586	0.454760	0.632653
SPATA17_217775035	0.353981	0.224490
SPATA18_52055826	0.427611	0.285714
SPATA18_52059667	0.427611	0.469388
SPATA18_52059853	0.427611	0.387755
SPATA18_52061633	0.376702	0.428571
SPATA1_84547354	0.347323	0.265306
SPATA21_16399688	0.499165	0.469388
SPATA22_3441983	0.353439	0.387755
SPATA22_3455889	0.363384	0.346939
SPATA2L_89700422	0.562500	0.755102
SPATA4_176190684	0.373264	0.530612
SPATA5L1_45403923	0.399778	0.326531
SPATA5_122927514	0.376155	0.408163
SPATA5_122927519	0.376155	0.387755
SPATA5_122930841	0.364772	0.448980
SPATA5_123022115	0.384475	0.448980
SPATA7_88391934	0.312979	0.224490
SPATA9_95653247	0.400810	0.387755
SPATC1_144044986	0.562892	0.530612
SPATS1_44375445	0.419763	0.448980
SPATS1_44376139	0.419763	0.551020
SPATS2L_200460045	0.392254	0.510204
SPATS2_49452927	0.419319	0.653061
SPATS2_49508420	0.404906	0.551020
SPC24_11147894	0.440678	0.387755
SPC24_11155258	0.516463	0.489796
SPCS2_74960116	0.390239	0.591837
SPCS2_74967362	0.386432	0.367347
SPDEF_34541602	0.547569	0.469388
SPDL1_169598075	0.330891	0.428571
SPDL1_169598692	0.295918	0.306122
SPDYE4_8753674	0.486207	0.510204
SPDYE4_8757666	0.521907	0.612245
SPECC1L_24344517	0.410432	0.530612
SPECC1L_24362990	0.423837	0.448980
SPECC1L_24364059	0.428907	0.510204
SPECC1_20276623	0.447931	0.530612
SPEF1_3779977	0.468282	0.571429
SPEF2_35693070	0.394114	0.551020
SPEF2_35755912	0.376163	0.448980
SPEG_219444419	0.592118	0.612245
SPEG_219444425	0.592118	0.571429
SPEG_219446758	0.577881	0.367347
SPEG_219464239	0.500000	0.612245
SPG11_44563944	0.454618	0.285714
SPG11_44569505	0.529931	0.591837
SPG11_44589543	0.420096	0.489796
SPG11_44598983	0.381595	0.469388
SPG11_44616920	0.403634	0.265306
SPG11_44650460	0.423155	0.591837
SPG11_44659570	0.377660	0.408163
SPG21_64971920	0.440512	0.530612
SPG21_64982931	0.430875	0.346939
SPIB_50423900	0.527557	0.591837
SPICE1_113462928	0.378887	0.489796
SPICE1_113498537	0.381420	0.367347
SPIDR_47289657	0.384261	0.448980
SPIDR_47431123	0.403510	0.551020
SPIDR_47727902	0.522880	0.571429
SPIDR_47731428	0.499401	0.530612
SPIN1_88428223	0.411562	0.408163
SPINK13_148269918	0.388358	0.530612
SPINK13_148281281	0.417152	0.571429
SPINK1_147829922	0.331395	0.387755
SPINK5_148068093	0.351919	0.326531
SPINK5_148106706	0.361002	0.408163
SPINK5_148122424	0.363266	0.346939
SPINK5_148127896	0.365159	0.387755
SPINK8_48320422	0.491465	0.591837
SPINK8_48320744	0.491465	0.489796
SPINT4_45723152	0.418039	0.408163
SPIRE1_12509799	0.409670	0.510204
SPIRE1_12509822	0.409670	0.612245
SPIRE2_89860681	0.561747	0.632653
SPIRE2_89861285	0.568657	0.571429
SPIRE2_89861770	0.568657	0.591837
SPIRE2_89863996	0.464756	0.387755
SPIRE2_89864694	0.464756	0.469388
SPIRE2_89868972	0.485185	0.530612
SPNS2_4529881	0.522619	0.632653
SPNS3_4436156	0.529594	0.693878
SPNS3_4442126	0.497362	0.571429
SPNS3_4447692	0.584732	0.571429
SPO11_57338679	0.381729	0.612245
SPOCD1_31791783	0.533264	0.571429
SPOCD1_31792085	0.533264	0.469388
SPOCD1_31798888	0.579474	0.571429
SPOCK1_136984925	0.371252	0.612245
SPOCK1_137498687	0.716129	0.775510
SPOCK3_166737710	0.346767	0.367347
SPON1_14254955	0.440567	0.530612
SPOPL_138560175	0.345603	0.387755
SPOPL_138568350	0.373668	0.489796
SPOP_49603510	0.413964	0.469388
SPOP_49608531	0.420597	0.367347
SPOP_49611457	0.390403	0.448980
SPOP_49613644	0.390403	0.408163
SPOP_49615107	0.390403	0.530612
SPP2_234069795	0.404071	0.469388
SPPL2A_50730208	0.398736	0.408163
SPPL2B_2331509	0.612084	0.530612
SPPL2B_2334396	0.612084	0.632653
SPPL2B_2339289	0.686179	0.632653
SPPL3_120767172	0.490695	0.489796
SPRED2_65379828	0.432292	0.428571
SPRED3_38393749	0.483857	0.408163
SPRR2G_153150295	0.388889	0.469388
SPRR4_152971075	0.454932	0.306122
SPRTN_231340977	0.410444	0.326531
SPRY4_142317025	0.453575	0.448980
SPTA1_158644506	0.384324	0.408163
SPTA1_158649993	0.373502	0.489796
SPTA1_158650556	0.373502	0.489796
SPTA1_158651550	0.395792	0.448980
SPTA1_158668098	0.353903	0.265306
SPTA1_158671739	0.424793	0.551020
SPTA1_158678245	0.397527	0.448980
SPTBN1_54621277	0.429819	0.469388
SPTBN1_54623317	0.345106	0.346939
SPTBN1_54627917	0.453813	0.428571
SPTBN1_54641872	0.426723	0.387755
SPTBN1_54647060	0.487023	0.571429
SPTBN1_54648083	0.444316	0.489796
SPTBN1_54650054	0.383255	0.469388
SPTBN1_54657783	0.414911	0.612245
SPTBN2_66698010	0.501430	0.510204
SPTBN2_66711167	0.492118	0.346939
SPTBN2_66715495	0.550691	0.571429
SPTBN2_66717907	0.552920	0.551020
SPTBN4_40487983	0.557053	0.632653
SPTBN4_40506081	0.502615	0.591837
SPTBN4_40512525	0.494452	0.571429
SPTBN4_40514464	0.494875	0.510204
SPTBN4_40524735	0.517126	0.510204
SPTBN4_40560157	0.484574	0.734694
SPTBN4_40565298	0.492329	0.346939
SPTBN5_41862928	0.582500	0.653061
SPTBN5_41864952	0.521032	0.653061
SPTBN5_41868601	0.556901	0.653061
SPTBN5_41868883	0.556901	0.571429
SPTBN5_41870723	0.600737	0.632653
SPTBN5_41871680	0.659004	0.693878
SPTBN5_41873632	0.635593	0.612245
SPTBN5_41877424	0.600000	0.571429
SPTBN5_41891543	0.556176	0.530612
SPTB_64778721	0.500666	0.551020
SPTB_64798006	0.463684	0.367347
SPTB_64805182	0.464718	0.551020
SPTB_64877321	0.445398	0.387755
SPTLC1_92046596	0.394454	0.510204
SPTLC1_92075123	0.452882	0.469388
SPTLC2_77564743	0.394730	0.489796
SPTLC2_77565731	0.394730	0.489796
SPTY2D1-AS1_18601310	0.432473	0.489796
SPTY2D1-AS1_18603650	0.442708	0.489796
SPTY2D1_18633598	0.425848	0.448980
SQLE_125010847	0.336525	0.265306
SQLE_125015401	0.383287	0.326531
SQRDL_45669325	0.449756	0.428571
SQRDL_45675354	0.433667	0.428571
SQRDL_45687794	0.435771	0.346939
SQRDL_45688075	0.435771	0.571429
SQSTM1_179826290	0.503523	0.551020
SQSTM1_179833569	0.597059	0.510204
SRBD1_45419196	0.327448	0.428571
SRBD1_45562200	0.386573	0.326531
SRBD1_45581363	0.410363	0.448980
SRBD1_45603935	0.399329	0.408163
SRCIN1_38546226	0.608241	0.571429
SRCIN1_38565977	0.527072	0.653061
SRC_37348894	0.569137	0.591837
SRC_37399257	0.577434	0.693878
SRD5A1_6659603	0.463532	0.571429
SRD5A2_31531065	0.415578	0.510204
SREBF1_17816148	0.657303	0.612245
SREBF2_41875164	0.441154	0.469388
SREBF2_41886650	0.467119	0.530612
SREBF2_41899730	0.536822	0.551020
SREBF2_41901718	0.568191	0.530612
SRFBP1_122023660	0.370975	0.408163
SRGAP1_63932985	0.396381	0.489796
SRGAP1_64064732	0.361294	0.530612
SRGAP1_64096103	0.359528	0.408163
SRGAP1_64108729	0.378418	0.489796
SRGAP2_206417265	0.456899	0.489796
SRGAP2_206434900	0.400030	0.469388
SRGAP2_206442463	0.460537	0.591837
SRGAP2_206448388	0.475771	0.551020
SRGAP3_8993283	0.535354	0.489796
SRGAP3_9048219	0.479553	0.571429
SRGAP3_9058559	0.527873	0.510204
SRGN_69089490	0.411439	0.387755
SRGN_69098115	0.450821	0.326531
SRGN_69100810	0.450821	0.510204
SRL_4195963	0.452286	0.224490
SRL_4203726	0.568057	0.469388
SRMS_63546671	0.644436	0.734694
SRP14_40037047	0.374505	0.326531
SRP68_76045616	0.490015	0.489796
SRP68_76057275	0.448080	0.346939
SRP72_56482459	0.400535	0.285714
SRPK1_35837317	0.429775	0.408163
SRPK2_105128019	0.462116	0.408163
SRPK2_105128078	0.462116	0.632653
SRPK3_153782354	0.611012	0.653061
SRPRB_133807914	0.377771	0.326531
SRPRB_133816558	0.340573	0.408163
SRPX2_100645473	0.443649	0.530612
SRPX2_100667175	0.488235	0.510204
SRPX_38159782	0.423167	0.510204
SRRD_26484437	0.430057	0.489796
SRRD_26489720	0.459164	0.448980
SRRM1_24657302	0.385400	0.367347
SRRM4_119120862	0.441160	0.469388
SRRM4_119128713	0.453444	0.571429
SRRM4_119148929	0.451135	0.530612
SRRM4_119155184	0.480341	0.489796
SRRT_100877663	0.469131	0.612245
SRRT_100886207	0.560656	0.551020
SRSF10_23974468	0.451874	0.428571
SRSF10_23974480	0.451874	0.326531
SRSF11_70223019	0.357946	0.367347
SRSF11_70230049	0.327047	0.346939
SRSF11_70233547	0.378343	0.469388
SRSF11_70235704	0.383138	0.326531
SS18L1_62164409	0.594894	0.673469
SS18L1_62172917	0.527697	0.673469
SS18L1_62174304	0.527697	0.632653
SS18L2_42589891	0.488362	0.510204
SS18L2_42590633	0.488362	0.612245
SSBP2_81421441	0.375730	0.571429
SSBP2_81472563	0.334184	0.224490
SSBP2_81473896	0.361379	0.489796
SSBP3_54241855	0.602446	0.632653
SSBP4_18423293	0.616119	0.571429
SSBP4_18425416	0.616119	0.653061
SSBP4_18425907	0.616119	0.551020
SSB_169800637	0.453165	0.346939
SSC4D_76391784	0.522040	0.408163
SSH1_108790124	0.498520	0.632653
SSH1_108822039	0.450445	0.408163
SSH1_108854908	0.506633	0.530612
SSH2_29677970	0.408005	0.306122
SSH2_29683322	0.408005	0.387755
SSH2_29684776	0.409876	0.448980
SSH2_29684780	0.409876	0.469388
SSH3_67309023	0.587420	0.632653
SSH3_67311362	0.645084	0.632653
SSPN_26225222	0.411309	0.265306
SSTR3_37209807	0.569887	0.673469
SSTR3_37210966	0.569887	0.530612
SSUH2_8623865	0.559151	0.632653
SSUH2_8631179	0.475424	0.387755
SSUH2_8632951	0.505141	0.428571
SSUH2_8649730	0.474461	0.632653
SSX1_48257092	0.490777	0.510204
SSX1_48263693	0.432350	0.408163
SSX2IP_84663554	0.344115	0.346939
SSX2IP_84669560	0.367169	0.265306
ST13_40841542	0.381331	0.530612
ST13_40849522	0.390542	0.285714
ST14_130195481	0.523423	0.510204
ST14_130208408	0.516199	0.612245
ST18_52117171	0.417926	0.612245
ST18_52126292	0.372529	0.408163
ST18_52129710	0.372529	0.346939
ST18_52132203	0.366021	0.469388
ST3GAL2_70393795	0.525408	0.489796
ST3GAL3_43832828	0.416835	0.448980
ST3GAL3_43898446	0.584580	0.571429
ST3GAL5_85863160	0.382794	0.530612
ST3GAL6_98788906	0.361860	0.428571
ST5_8705398	0.527498	0.571429
ST5_8710665	0.520736	0.591837
ST5_8714875	0.502232	0.530612
ST5_8717079	0.524454	0.469388
ST5_8726353	0.469519	0.469388
ST5_8728373	0.469519	0.387755
ST6GAL1_187044324	0.427690	0.510204
ST6GAL1_187049682	0.427690	0.346939
ST6GAL1_187050938	0.427690	0.448980
ST6GAL1_187073158	0.478117	0.489796
ST6GAL2-IT1_106823805	0.402092	0.469388
ST6GAL2_106833391	0.346599	0.489796
ST6GAL2_106837449	0.428779	0.367347
ST6GAL2_106838497	0.428779	0.571429
ST6GALNAC1_76625527	0.567010	0.469388
ST6GALNAC1_76626135	0.564767	0.591837
ST6GALNAC1_76626592	0.596899	0.571429
ST6GALNAC2_76581082	0.521916	0.469388
ST6GALNAC2_76583550	0.521916	0.387755
ST6GALNAC4_127908650	0.523740	0.714286
ST6GALNAC4_127910780	0.568130	0.591837
ST6GALNAC4_127914998	0.577905	0.612245
ST6GALNAC5_77048930	0.394224	0.428571
ST7L_112545626	0.384841	0.306122
ST7L_112578034	0.380573	0.428571
ST7L_112582200	0.287313	0.367347
ST7_117189570	0.467361	0.428571
ST7_117210737	0.387929	0.489796
ST8SIA2_92435080	0.493588	0.346939
ST8SIA2_92437750	0.493588	0.571429
ST8SIA2_92442259	0.512531	0.530612
ST8SIA2_92443134	0.512531	0.408163
ST8SIA3_57356783	0.333752	0.346939
ST8SIA5_46680649	0.519507	0.571429
ST8SIA5_46686369	0.488344	0.530612
ST8SIA5_46687682	0.488344	0.448980
STAB1_52506498	0.648526	0.653061
STAB1_52521121	0.605634	0.591837
STAB1_52521294	0.605634	0.591837
STAB2_103649170	0.462321	0.448980
STAB2_103670366	0.464419	0.510204
STAB2_103683497	0.409953	0.367347
STAB2_103709497	0.420927	0.530612
STAB2_103713869	0.388563	0.448980
STAB2_103724339	0.453946	0.428571
STAB2_103748928	0.451727	0.530612
STAB2_103753964	0.447125	0.448980
STAB2_103754075	0.447125	0.448980
STAB2_103763302	0.516070	0.469388
STAC2_39215332	0.514250	0.632653
STAC2_39221613	0.574665	0.448980
STAC3_57250599	0.487823	0.489796
STAG1_136344606	0.390021	0.408163
STAG1_136349421	0.385232	0.346939
STAG1_136367559	0.330370	0.265306
STAG2_124022273	0.394881	0.551020
STAG2_124045054	0.364575	0.326531
STAG2_124066611	0.357311	0.244898
STAG2_124072344	0.369209	0.326531
STAG2_124099347	0.352654	0.346939
STAM2_152142911	0.368235	0.448980
STAM2_152150319	0.417452	0.387755
STAMBPL1_88918894	0.362374	0.306122
STAM_17709449	0.415489	0.367347
STAP1_67576942	0.370305	0.244898
STAP1_67592270	0.391154	0.653061
STAP2_4329195	0.614248	0.632653
STARD13-IT1_33163010	0.380935	0.469388
STARD13_33109183	0.455752	0.326531
STARD13_33113240	0.430547	0.489796
STARD13_33166256	0.422608	0.387755
STARD3NL_38214954	0.344013	0.367347
STARD9_42582257	0.459581	0.346939
STARD9_42667049	0.438803	0.632653
STARD9_42678787	0.463092	0.489796
STARD9_42695644	0.568019	0.612245
STAT1_191011600	0.423580	0.408163
STAT1_191012907	0.423580	0.367347
STAT1_191013333	0.423580	0.530612
STAT3_42323812	0.475576	0.510204
STAT3_42331802	0.479215	0.571429
STAT3_42337944	0.517755	0.551020
STAT3_42338024	0.517755	0.551020
STAT3_42341436	0.448203	0.387755
STAT4_191038800	0.409452	0.306122
STAT4_191063505	0.318664	0.489796
STAT5A_42307211	0.557652	0.469388
STAT5B_42207898	0.448403	0.224490
STAT5B_42207902	0.448403	0.265306
STAT5B_42207906	0.448403	0.285714
STAT5B_42216430	0.404558	0.285714
STAT5B_42227195	0.452256	0.448980
STAT5B_42228476	0.418869	0.408163
STAT5B_42228713	0.418869	0.632653
STAT6_57097399	0.437637	0.591837
STAT6_57107040	0.496241	0.530612
STATH_70000663	0.316239	0.326531
STAU1_49118652	0.455817	0.489796
STAU1_49124213	0.436348	0.469388
STAU2_73522959	0.390978	0.551020
STAU2_73742405	0.437084	0.591837
STC1_23853736	0.458189	0.469388
STIL_47261262	0.393144	0.632653
STIL_47290862	0.395661	0.510204
STIL_47307878	0.422239	0.612245
STIM1_4056511	0.440571	0.387755
STIM1_4081210	0.393923	0.428571
STIM2_27008733	0.255319	0.306122
STIM2_27017031	0.327285	0.367347
STIP1_64187039	0.510798	0.530612
STIP1_64197782	0.500000	0.551020
STIP1_64200700	0.461270	0.530612
STK10_172060978	0.494407	0.510204
STK10_172086125	0.468308	0.367347
STK10_172090997	0.530338	0.551020
STK10_172096279	0.507099	0.591837
STK11IP_219604381	0.473331	0.510204
STK11IP_219605039	0.473331	0.571429
STK11IP_219612986	0.561272	0.551020
STK17A_43621881	0.399948	0.469388
STK19_31979292	0.559036	0.489796
STK24_98458986	0.529182	0.469388
STK24_98462705	0.561071	0.591837
STK24_98463983	0.463174	0.551020
STK24_98473688	0.476208	0.591837
STK24_98474710	0.476208	0.428571
STK24_98478039	0.466696	0.408163
STK25_241496753	0.616096	0.612245
STK25_241503861	0.556138	0.632653
STK25_241506330	0.556138	0.448980
STK25_241507739	0.556138	0.714286
STK25_241507857	0.556138	0.816327
STK26_132061919	0.381986	0.530612
STK26_132072008	0.359048	0.510204
STK31_23787498	0.403791	0.612245
STK31_23787730	0.403791	0.510204
STK32A_147236202	0.378889	0.408163
STK32A_147236830	0.378889	0.387755
STK33_8468098	0.381415	0.489796
STK33_8474537	0.358974	0.306122
STK36_218682802	0.434961	0.510204
STK36_218683204	0.434961	0.489796
STK36_218691151	0.417139	0.489796
STK38L_27313064	0.413981	0.448980
STK38_36496588	0.429648	0.285714
STK38_36520716	0.363987	0.428571
STK39_167957836	0.403916	0.367347
STK39_168016474	0.389170	0.489796
STK39_168060481	0.394255	0.551020
STK39_168075335	0.405366	0.448980
STK3_98643459	0.371987	0.489796
STK3_98643463	0.371987	0.469388
STKLD1_133378837	0.508283	0.510204
STKLD1_133387383	0.591453	0.714286
STMN3_63642400	0.655907	0.795918
STMN3_63644782	0.575136	0.551020
STMN4_27240261	0.455668	0.612245
STMN4_27242047	0.585290	0.469388
STMND1_17114798	0.402107	0.632653
STN1_103883317	0.429053	0.510204
STN1_103892296	0.424551	0.387755
STN1_103913225	0.429741	0.448980
STOML1_73990543	0.542560	0.591837
STOML3_38976104	0.399240	0.387755
STON2_81358560	0.403846	0.224490
STOX1_68882277	0.409493	0.285714
STOX1_68883036	0.409493	0.530612
STOX2_184008891	0.404687	0.448980
STPG1_24363218	0.488299	0.489796
STPG1_24369907	0.480321	0.428571
STPG1_24369921	0.480321	0.510204
STPG1_24373214	0.480321	0.571429
STPG1_24373845	0.457378	0.387755
STPG1_24379967	0.431094	0.448980
STPG1_24380121	0.431094	0.510204
STRA6_74192663	0.536395	0.693878
STRA6_74198430	0.562500	0.530612
STRA8_135246821	0.497153	0.448980
STRA8_135247491	0.497153	0.367347
STRA8_135254948	0.501541	0.448980
STRADA_63723007	0.437915	0.448980
STRADB_201472610	0.383529	0.408163
STRAP_15894399	0.364609	0.571429
STRAP_15894728	0.364609	0.326531
STRAP_15894746	0.364609	0.346939
STRAP_15895762	0.355136	0.530612
STRBP_123133141	0.361654	0.306122
STRBP_123139859	0.363332	0.428571
STRBP_123166951	0.375524	0.346939
STRBP_123167711	0.375524	0.428571
STRBP_123173094	0.349862	0.551020
STRBP_123218588	0.380880	0.510204
STRC_43608922	0.446828	0.306122
STRIP1_110036809	0.477709	0.346939
STRIP1_110037621	0.477709	0.367347
STRIP1_110042421	0.477161	0.632653
STRIP1_110042493	0.477161	0.448980
STRIP1_110043436	0.554348	0.591837
STRIP2_129434665	0.436347	0.795918
STRIP2_129436258	0.436347	0.326531
STRIP2_129437494	0.436347	0.285714
STRIP2_129451410	0.456082	0.551020
STRIP2_129451965	0.454361	0.387755
STRIP2_129452215	0.454361	0.448980
STRIP2_129455127	0.455307	0.530612
STRIP2_129457011	0.430025	0.367347
STRIP2_129459276	0.450609	0.408163
STRIP2_129469627	0.418074	0.428571
STRIP2_129485063	0.361769	0.428571
STRN3_31000128	0.411306	0.306122
STRN4_46739732	0.545592	0.510204
STRN_36855551	0.358370	0.408163
STT3A-AS1_125587072	0.430664	0.408163
STT3B_31619241	0.307647	0.285714
STT3B_31620776	0.339365	0.428571
STT3B_31627186	0.384543	0.551020
STUM_226598449	0.513029	0.428571
STUM_226601109	0.497370	0.326531
STX12_27793843	0.426103	0.469388
STX12_27799913	0.426103	0.367347
STX12_27801184	0.426103	0.632653
STX12_27804847	0.375801	0.326531
STX12_27805147	0.375801	0.469388
STX17_99963554	0.373749	0.346939
STX18-IT1_4477527	0.395630	0.551020
STX18_4424060	0.530457	0.367347
STX1A_73701721	0.578343	0.612245
STX1A_73702398	0.578343	0.530612
STX1A_73705612	0.604637	0.693878
STX1A_73706322	0.604637	0.510204
STX1A_73708309	0.604637	0.551020
STX1B_30993069	0.631579	0.714286
STX2_130799552	0.402463	0.530612
STX2_130803172	0.457309	0.265306
STX2_130808065	0.484416	0.428571
STX2_130812712	0.415804	0.489796
STX2_130813762	0.485388	0.571429
STX3_59787747	0.455645	0.387755
STX3_59794610	0.441572	0.448980
STX6_180977906	0.411706	0.387755
STXBP1_127667989	0.461021	0.551020
STXBP1_127671368	0.458891	0.653061
STXBP1_127675787	0.463415	0.530612
STXBP1_127678635	0.503695	0.571429
STXBP1_127689906	0.488298	0.469388
STXBP2_7637962	0.588044	0.551020
STXBP2_7638223	0.588044	0.448980
STXBP4_54996375	0.350781	0.346939
STXBP4_55004952	0.349743	0.367347
STXBP4_55046426	0.306936	0.346939
STXBP4_55149417	0.369201	0.387755
STXBP5L_121044606	0.334793	0.448980
STXBP5L_121121247	0.310895	0.306122
STXBP5_147266105	0.325793	0.367347
STXBP5_147346894	0.327435	0.469388
STXBP5_147383238	0.363265	0.489796
STYK1_10634363	0.447964	0.448980
STYXL1_75997670	0.463403	0.367347
STYXL1_76006427	0.492383	0.469388
STYXL1_76023041	0.495262	0.510204
STYX_52749298	0.349512	0.408163
STYX_52759456	0.375071	0.387755
SUB1_32599566	0.380879	0.346939
SUCLA2_47951031	0.380511	0.448980
SUCLA2_47972475	0.405298	0.469388
SUCLA2_47998661	0.414581	0.244898
SUCLA2_48000607	0.414581	0.326531
SUCLG1_84425137	0.365408	0.326531
SUCLG1_84439338	0.386940	0.367347
SUCLG1_84442901	0.346491	0.510204
SUCLG2_67622684	0.407830	0.204082
SUCO_172553006	0.303735	0.387755
SUCO_172557098	0.298567	0.306122
SUDS3_118379807	0.478666	0.408163
SUDS3_118387495	0.470997	0.326531
SUDS3_118389605	0.470997	0.571429
SUDS3_118401415	0.378486	0.489796
SUDS3_118407176	0.423825	0.469388
SUDS3_118407505	0.423825	0.469388
SUDS3_118410199	0.423825	0.428571
SUDS3_118411819	0.438464	0.448980
SUFU_102596973	0.502602	0.530612
SUGCT_40191158	0.423948	0.612245
SUGCT_40221725	0.409170	0.591837
SUGCT_40681597	0.382478	0.428571
SUGCT_40741530	0.382478	0.367347
SUGP1_19306689	0.530846	0.551020
SUGP1_19310332	0.486899	0.632653
SUGP2_19031147	0.571590	0.612245
SUGT1_52654054	0.397922	0.489796
SUGT1_52662571	0.375405	0.408163
SUGT1_52662582	0.375405	0.367347
SULF1_69623872	0.401115	0.510204
SULF1_69625682	0.508632	0.469388
SULF2_47674445	0.556585	0.530612
SULF2_47679406	0.548341	0.632653
SULF2_47689144	0.527056	0.469388
SULT1C2_108294681	0.461206	0.326531
SULT1C4_108378991	0.388326	0.408163
SULT1E1_69842811	0.363681	0.326531
SULT1E1_69844797	0.273838	0.367347
SULT2A1_47880495	0.459871	0.387755
SULT2A1_47885487	0.468750	0.408163
SULT2B1_48589194	0.520259	0.510204
SULT2B1_48592477	0.564909	0.591837
SULT6B1_37181365	0.401563	0.448980
SULT6B1_37182207	0.401563	0.428571
SUMF1_4416575	0.411124	0.510204
SUMF1_4416686	0.411124	0.367347
SUMF1_4447541	0.397335	0.448980
SUMF2_56077350	0.521452	0.489796
SUMO3_44809330	0.525633	0.448980
SUMO3_44817380	0.576893	0.653061
SUN1_837198	0.507747	0.632653
SUN1_841518	0.495438	0.632653
SUN1_842691	0.483721	0.653061
SUN1_844816	0.529834	0.653061
SUN1_851153	0.434074	0.346939
SUN1_861287	0.512538	0.448980
SUPT3H_44911463	0.386429	0.306122
SUPT3H_45187067	0.357003	0.510204
SUPT4H1_58349223	0.441184	0.306122
SUPT5H_39475407	0.571953	0.387755
SUPT6H_28677648	0.480530	0.367347
SUPT6H_28685343	0.427015	0.285714
SUPV3L1_69181252	0.427544	0.448980
SUPV3L1_69195076	0.401929	0.469388
SURF1_133354405	0.493036	0.448980
SURF2_133356912	0.740741	0.693878
SURF2_133358856	0.599532	0.571429
SURF2_133360592	0.539452	0.673469
SURF4_133370875	0.526781	0.469388
SURF6_133334670	0.487126	0.489796
SUSD3_93078400	0.524035	0.489796
SUSD4_223225578	0.508834	0.448980
SUSD6_69673186	0.445984	0.469388
SUSD6_69708517	0.424250	0.489796
SUSD6_69709647	0.442942	0.489796
SUV39H1_48705848	0.528579	0.591837
SV2A_149908362	0.540102	0.612245
SV2A_149908865	0.540102	0.612245
SV2B_91290282	0.379092	0.387755
SV2B_91290291	0.379092	0.367347
SV2C_76291185	0.407290	0.448980
SV2C_76291469	0.442661	0.571429
SV2C_76297665	0.351105	0.326531
SVBP_42810616	0.396890	0.530612
SVBP_42816202	0.396890	0.551020
SVEP1_110489363	0.409839	0.489796
SVIL_29462718	0.411927	0.448980
SVIL_29470483	0.507645	0.755102
SVIL_29490715	0.409569	0.408163
SVOPL_138626873	0.484988	0.367347
SVOP_108921985	0.452635	0.346939
SVOP_108939401	0.428337	0.387755
SVOP_108981664	0.430423	0.469388
SWAP70_9733042	0.395493	0.469388
SWI5_128278336	0.499613	0.551020
SWI5_128285362	0.520275	0.591837
SWI5_128286913	0.535141	0.612245
SWT1_185171837	0.375691	0.571429
SYAP1_16735933	0.371951	0.428571
SYAP1_16735936	0.371951	0.387755
SYAP1_16750092	0.466679	0.469388
SYCE1L_77205214	0.395641	0.285714
SYCE1L_77206964	0.488005	0.612245
SYCE1L_77211816	0.548652	0.591837
SYCE1_133554469	0.508806	0.408163
SYCE3_50551718	0.486514	0.510204
SYCP2L_10924253	0.414592	0.346939
SYCP2L_10927181	0.470880	0.571429
SYCP2L_10927902	0.436715	0.469388
SYCP2_59882272	0.331473	0.346939
SYCP2_59886936	0.345490	0.346939
SYCP2_59894727	0.346717	0.387755
SYCP2_59903687	0.338736	0.285714
SYCP3_101733779	0.340256	0.346939
SYF2_25228367	0.401575	0.469388
SYF2_25228847	0.401575	0.408163
SYK_90863702	0.457665	0.551020
SYK_90867370	0.373073	0.591837
SYK_90885973	0.424218	0.367347
SYK_90892425	0.481014	0.489796
SYMPK_45824208	0.569112	0.551020
SYMPK_45831632	0.470335	0.632653
SYMPK_45859516	0.477661	0.591837
SYN1_47574817	0.579545	0.489796
SYN1_47605497	0.468371	0.448980
SYN1_47605586	0.468371	0.530612
SYN2_12141090	0.411371	0.591837
SYN2_12168767	0.474961	0.489796
SYN2_12188339	0.494960	0.591837
SYN3_32514326	0.449502	0.510204
SYN3_32528698	0.513825	0.530612
SYN3_32529143	0.554348	0.653061
SYN3_32531228	0.554348	0.653061
SYN3_32536834	0.539614	0.510204
SYN3_32666507	0.464684	0.653061
SYN3_32865347	0.448877	0.591837
SYN3_32985644	0.474755	0.469388
SYNCRIP_85618401	0.374640	0.387755
SYNCRIP_85640684	0.352132	0.346939
SYNCRIP_85641674	0.608178	0.551020
SYNC_32696285	0.513789	0.530612
SYNE1_152131777	0.398362	0.591837
SYNE1_152139010	0.418397	0.285714
SYNE1_152219639	0.351449	0.346939
SYNE1_152234858	0.443338	0.428571
SYNE1_152234871	0.443338	0.408163
SYNE1_152266210	0.385035	0.265306
SYNE1_152271192	0.407067	0.326531
SYNE1_152279455	0.367839	0.612245
SYNE1_152306200	0.398132	0.469388
SYNE1_152313811	0.411715	0.489796
SYNE1_152329241	0.393734	0.530612
SYNE1_152334446	0.377483	0.346939
SYNE1_152345331	0.362769	0.408163
SYNE1_152357411	0.357185	0.428571
SYNE1_152372076	0.413209	0.448980
SYNE1_152376950	0.356707	0.428571
SYNE1_152385861	0.305758	0.367347
SYNE1_152390558	0.360437	0.285714
SYNE1_152395906	0.339982	0.428571
SYNE1_152415282	0.370578	0.428571
SYNE1_152452659	0.387395	0.489796
SYNE1_152461855	0.301906	0.326531
SYNE2_63977662	0.406967	0.551020
SYNE2_63978271	0.303357	0.387755
SYNE2_64011864	0.364852	0.530612
SYNE2_64017403	0.332295	0.224490
SYNE2_64022250	0.405817	0.367347
SYNE2_64116831	0.427498	0.408163
SYNE2_64117153	0.427498	0.448980
SYNE2_64123317	0.445492	0.612245
SYNE2_64124905	0.445492	0.530612
SYNE2_64137056	0.414947	0.346939
SYNE2_64137611	0.414947	0.346939
SYNE2_64145203	0.354884	0.612245
SYNE2_64167158	0.407245	0.408163
SYNE2_64184740	0.432998	0.326531
SYNE2_64188332	0.375635	0.285714
SYNE2_64218063	0.440298	0.408163
SYNE3_95441791	0.495615	0.489796
SYNE3_95446195	0.505079	0.530612
SYNE3_95453320	0.523555	0.530612
SYNGAP1_33449299	0.507580	0.551020
SYNGR4_48368941	0.526580	0.571429
SYNGR4_48375985	0.635542	0.551020
SYNJ1_32639818	0.371928	0.326531
SYNJ1_32665416	0.384615	0.489796
SYNJ1_32679815	0.320341	0.326531
SYNJ1_32681038	0.320341	0.448980
SYNJ1_32697971	0.410757	0.408163
SYNPO2L_73649810	0.471400	0.571429
SYNPO2_119027987	0.296758	0.428571
SYNRG_37539036	0.435798	0.428571
SYNRG_37539285	0.447972	0.387755
SYNRG_37540586	0.443978	0.489796
SYNRG_37582755	0.412994	0.510204
SYNRG_37599007	0.383773	0.448980
SYNRG_37607831	0.412732	0.653061
SYPL1_106104157	0.396438	0.448980
SYPL2_109473153	0.462176	0.367347
SYPL2_109474227	0.462176	0.387755
SYT10_33377053	0.389761	0.489796
SYT13_45246292	0.493583	0.551020
SYT13_45253128	0.474467	0.448980
SYT17_19182915	0.453815	0.408163
SYT2_202598682	0.494676	0.510204
SYT2_202601635	0.512367	0.428571
SYT2_202603521	0.529940	0.591837
SYT3_50633848	0.479784	0.469388
SYT6_114092938	0.470944	0.551020
SYT7_61519238	0.515542	0.448980
SYT7_61523444	0.572464	0.591837
SYT7_61525202	0.552927	0.612245
SYT7_61525325	0.552927	0.469388
SYT7_61528431	0.574433	0.612245
SYT7_61529361	0.574433	0.530612
SYT7_61530837	0.574433	0.571429
SYT7_61552920	0.607112	0.448980
SYTL1_27347382	0.523483	0.571429
SYTL1_27348841	0.523119	0.612245
SYTL2_85736057	0.377133	0.469388
SYTL2_85737694	0.409774	0.306122
SYTL2_85739086	0.409774	0.448980
SYTL2_85740105	0.409774	0.469388
SYTL2_85746001	0.413766	0.387755
SYTL4_100676324	0.444444	0.530612
SYTL4_100679412	0.425028	0.551020
SYTL4_100690782	0.456290	0.428571
SYVN1_65133386	0.566820	0.653061
SZT2_43403079	0.437448	0.408163
TAB1_39417404	0.560624	0.632653
TAB1_39419321	0.564636	0.673469
TAB1_39429213	0.572911	0.632653
TAB2_149372434	0.359434	0.285714
TAB3_30832252	0.387071	0.428571
TAB3_30832303	0.387071	0.367347
TAB3_30861923	0.374126	0.346939
TAC3_57015886	0.527397	0.489796
TACC1_38832699	0.437199	0.326531
TACC1_38838207	0.421632	0.489796
TACC2_122158991	0.490328	0.489796
TACC2_122211862	0.484248	0.530612
TACC2_122223195	0.472205	0.489796
TACC2_122227267	0.483395	0.448980
TACC2_122237323	0.477998	0.428571
TACC2_122241010	0.466582	0.408163
TACC2_122241215	0.466582	0.530612
TACC3_1726195	0.543654	0.632653
TACC3_1743986	0.568961	0.612245
TACO1_63605509	0.478469	0.448980
TACR1_75050715	0.472168	0.489796
TADA1_166858509	0.423845	0.367347
TADA1_166866162	0.396886	0.612245
TADA2A_37442286	0.406628	0.408163
TADA2A_37473800	0.437390	0.448980
TADA2B_7048500	0.563651	0.591837
TADA3_9791557	0.461219	0.571429
TAF11_34880579	0.382779	0.285714
TAF13_109066512	0.456820	0.530612
TAF1A_222566473	0.346025	0.326531
TAF1B_9916129	0.390606	0.408163
TAF1_71384683	0.393078	0.571429
TAF1_71384788	0.393078	0.387755
TAF2_119796666	0.311487	0.306122
TAF3_7819554	0.408306	0.469388
TAF3_7823042	0.408306	0.530612
TAF3_8012600	0.432955	0.591837
TAF4B_26286999	0.384575	0.510204
TAF4B_26324412	0.331097	0.448980
TAF4_62000485	0.457912	0.632653
TAF4_62001981	0.546760	0.489796
TAF4_62011304	0.529634	0.551020
TAF5_103368599	0.473487	0.755102
TAF5_103368912	0.473487	0.285714
TAF6L_62782518	0.540390	0.428571
TAF8_42073946	0.480732	0.489796
TAF9B_78133674	0.374207	0.448980
TALDO1_748310	0.506145	0.673469
TALDO1_763613	0.651982	0.673469
TAMM41_11843040	0.460967	0.530612
TANC1_159174917	0.461567	0.551020
TANC1_159176717	0.407953	0.387755
TANC1_159180929	0.472612	0.591837
TANC1_159186786	0.468064	0.632653
TANC1_159194255	0.443584	0.571429
TANC1_159195084	0.482025	0.306122
TANC1_159197466	0.420449	0.326531
TANC1_159223911	0.432631	0.510204
TANC2_63315347	0.376487	0.448980
TANC2_63318119	0.376487	0.367347
TANC2_63353309	0.366904	0.428571
TANC2_63393588	0.413359	0.489796
TANC2_63401726	0.384566	0.448980
TANC2_63415337	0.434760	0.469388
TANC2_63416231	0.462386	0.591837
TANGO6_68862691	0.455785	0.469388
TANGO6_68862695	0.455785	0.510204
TANGO6_68873879	0.427455	0.346939
TANGO6_68918945	0.427391	0.428571
TANGO6_69047088	0.454474	0.530612
TANK_161203650	0.296571	0.306122
TAOK1_29502332	0.420211	0.530612
TAOK2_29980058	0.446097	0.571429
TAOK2_29983951	0.507106	0.551020
TAOK3_118235235	0.382254	0.489796
TAPBPL_6455042	0.465438	0.408163
TAPBPL_6459540	0.468275	0.428571
TAPBP_33306674	0.469920	0.408163
TAPT1_16166927	0.428608	0.387755
TAPT1_16189354	0.424293	0.367347
TARBP1_234401923	0.422845	0.530612
TARBP1_234412312	0.441208	0.551020
TARBP1_234418533	0.374797	0.408163
TARBP1_234429350	0.307692	0.285714
TARBP1_234458685	0.403259	0.326531
TARBP1_234477395	0.429771	0.367347
TARDBP_11020300	0.412862	0.326531
TARM1_54072229	0.487098	0.387755
TARM1_54074273	0.558484	0.612245
TARS2_150504103	0.463995	0.408163
TARS2_150505458	0.488562	0.551020
TARSL2_101678747	0.386110	0.204082
TARSL2_101703082	0.410726	0.408163
TARSL2_101722324	0.414124	0.408163
TAS1R2_18845644	0.456330	0.510204
TAS1R2_18847846	0.456330	0.489796
TAS1R2_18852276	0.510511	0.489796
TAS1R2_18857004	0.496160	0.448980
TASP1_13626573	0.421064	0.530612
TATDN1_124492395	0.403037	0.285714
TATDN1_124496879	0.399862	0.448980
TATDN1_124508983	0.395919	0.571429
TATDN1_124514732	0.395919	0.428571
TATDN1_124514736	0.395919	0.408163
TATDN1_124519144	0.367391	0.306122
TATDN2_10275958	0.450514	0.551020
TATDN3_212811405	0.433508	0.591837
TATDN3_212813028	0.369970	0.244898
TAX1BP1_27828510	0.350682	0.306122
TAX1BP3_3663913	0.608414	0.653061
TAX1BP3_3667503	0.562754	0.591837
TBATA_70772893	0.548603	0.632653
TBATA_70773786	0.548603	0.612245
TBATA_70781046	0.538387	0.571429
TBC1D10B_30361358	0.495650	0.367347
TBC1D10B_30368257	0.495183	0.428571
TBC1D12_94405517	0.389705	0.367347
TBC1D12_94498911	0.398294	0.530612
TBC1D12_94507506	0.383886	0.326531
TBC1D13_128802876	0.499769	0.632653
TBC1D13_128806172	0.611111	0.632653
TBC1D14_6917537	0.506371	0.632653
TBC1D14_6962191	0.500718	0.571429
TBC1D14_7010968	0.449264	0.448980
TBC1D14_7011440	0.449264	0.510204
TBC1D15_71878111	0.382585	0.469388
TBC1D15_71920564	0.350596	0.408163
TBC1D16_79941984	0.662815	0.632653
TBC1D19_26683502	0.373288	0.306122
TBC1D19_26749608	0.382203	0.428571
TBC1D1_38045624	0.357466	0.326531
TBC1D1_38091359	0.403545	0.571429
TBC1D1_38100758	0.422264	0.408163
TBC1D1_38125708	0.432721	0.448980
TBC1D1_38134238	0.443900	0.530612
TBC1D21_73887013	0.570010	0.551020
TBC1D21_73887434	0.570010	0.530612
TBC1D22A_46794587	0.571072	0.612245
TBC1D22A_46823808	0.463360	0.673469
TBC1D22A_46829410	0.463360	0.530612
TBC1D22A_46890997	0.486206	0.693878
TBC1D22A_46991179	0.480632	0.448980
TBC1D22B_37286235	0.480724	0.387755
TBC1D22B_37288220	0.423741	0.244898
TBC1D22B_37315540	0.489861	0.448980
TBC1D23_100290469	0.397281	0.551020
TBC1D23_100304677	0.342408	0.367347
TBC1D24_2499197	0.653125	0.632653
TBC1D25_48540915	0.530453	0.448980
TBC1D25_48544661	0.459136	0.448980
TBC1D2B_78000324	0.566214	0.714286
TBC1D2B_78003690	0.519433	0.571429
TBC1D2B_78015720	0.421313	0.346939
TBC1D2B_78016318	0.421313	0.428571
TBC1D2B_78071025	0.453322	0.551020
TBC1D2_98201756	0.524338	0.551020
TBC1D2_98208073	0.486594	0.530612
TBC1D2_98226752	0.492037	0.408163
TBC1D2_98228767	0.492037	0.448980
TBC1D2_98230643	0.440825	0.591837
TBC1D2_98246198	0.473939	0.551020
TBC1D31_123145283	0.434363	0.306122
TBC1D32_121106243	0.299164	0.265306
TBC1D4_75291193	0.347041	0.489796
TBC1D4_75307574	0.331412	0.530612
TBC1D4_75310466	0.377804	0.428571
TBC1D5_17163628	0.450272	0.469388
TBC1D5_17166259	0.450272	0.530612
TBC1D5_17167879	0.415856	0.469388
TBC1D5_17376279	0.327913	0.326531
TBC1D5_17383756	0.308398	0.469388
TBC1D7_13323830	0.428464	0.367347
TBC1D8B_106840343	0.324841	0.367347
TBC1D8_101033865	0.520142	0.551020
TBC1D8_101054470	0.448072	0.591837
TBC1D8_101058607	0.448072	0.428571
TBC1D9B_179897770	0.485789	0.448980
TBC1D9_140633236	0.386779	0.306122
TBC1D9_140669296	0.372792	0.387755
TBC1D9_140677147	0.426087	0.367347
TBC1D9_140677571	0.426087	0.489796
TBCD_82762829	0.454768	0.469388
TBCD_82768219	0.499756	0.612245
TBCD_82773379	0.528796	0.714286
TBCD_82775352	0.528796	0.612245
TBCD_82775445	0.528796	0.591837
TBCD_82777515	0.528796	0.530612
TBCD_82803410	0.584461	0.632653
TBCD_82808289	0.647867	0.714286
TBCD_82814454	0.527783	0.571429
TBCD_82851925	0.509143	0.469388
TBCD_82883839	0.546353	0.755102
TBCD_82899413	0.507694	0.551020
TBCD_82901340	0.546203	0.673469
TBCD_82903651	0.606431	0.632653
TBCD_82910131	0.551020	0.469388
TBCD_82910295	0.551020	0.653061
TBCD_82938843	0.564228	0.530612
TBCK_106250760	0.294881	0.408163
TBCK_106251435	0.294881	0.326531
TBKBP1_47702835	0.552323	0.632653
TBKBP1_47707878	0.552323	0.530612
TBKBP1_47708239	0.552323	0.489796
TBL1XR1_177028021	0.354680	0.346939
TBL1XR1_177053375	0.365591	0.448980
TBL1XR1_177072960	0.369644	0.530612
TBL1Y_7067896	0.455012	0.285714
TBL1Y_7069427	0.455012	0.571429
TBL1Y_7069969	0.455012	0.387755
TBL3_1973146	0.638919	0.673469
TBP_170567824	0.397387	0.530612
TBP_170571724	0.400881	0.428571
TBP_170572108	0.400881	0.306122
TBRG1_124626356	0.465729	0.448980
TBRG4_45103605	0.565849	0.571429
TBX10_67633415	0.634101	0.632653
TBX18_84752664	0.369570	0.408163
TBX19_168291104	0.394385	0.551020
TBX1_19757130	0.667141	0.632653
TBX1_19760542	0.597392	0.877551
TBX20_35241596	0.372028	0.469388
TBX20_35249224	0.523895	0.571429
TBX20_35250662	0.406383	0.510204
TBX21_47743316	0.523952	0.408163
TBX22_80023630	0.451338	0.510204
TBX22_80024639	0.485396	0.448980
TBX22_80025601	0.485396	0.448980
TBX22_80025911	0.506480	0.469388
TBX22_80027057	0.338501	0.306122
TBX3_114676561	0.435528	0.612245
TBX4_61452684	0.531458	0.632653
TBXA2R_3597015	0.493997	0.551020
TBXAS1_139778561	0.467813	0.653061
TBXAS1_139780193	0.467813	0.408163
TBXAS1_139780483	0.467813	0.408163
TBXAS1_139953650	0.419081	0.571429
TBXAS1_139958097	0.473520	0.408163
TBXAS1_140012981	0.503279	0.428571
TCAF1_143857448	0.437882	0.428571
TCAF1_143857474	0.437882	0.530612
TCAIM_44404324	0.437531	0.530612
TCEA3_23381637	0.466736	0.367347
TCEA3_23392990	0.482737	0.346939
TCEA3_23393461	0.482737	0.489796
TCEA3_23419490	0.523502	0.591837
TCEA3_23420890	0.523502	0.571429
TCEA3_23423949	0.523502	0.897959
TCEA3_23424029	0.523502	0.632653
TCERG1_146448157	0.408526	0.510204
TCERG1_146454563	0.408526	0.224490
TCERG1_146471215	0.361299	0.326531
TCF15_608140	0.542302	0.591837
TCF20_42161748	0.526483	0.428571
TCF20_42162996	0.526483	0.510204
TCF25_89884440	0.565949	0.510204
TCF25_89885583	0.529807	0.571429
TCF25_89892352	0.584711	0.653061
TCF25_89893654	0.584711	0.632653
TCF25_89907035	0.583507	0.612245
TCF3_1611990	0.635226	0.612245
TCF3_1622658	0.583713	0.530612
TCF3_1632705	0.550004	0.591837
TCF3_1644571	0.550004	0.673469
TCF3_1647527	0.602561	0.632653
TCF4_55256107	0.372609	0.326531
TCF4_55428518	0.386730	0.387755
TCF7L1_85306025	0.544888	0.510204
TCF7L2_113143246	0.480046	0.632653
TCF7L2_113152186	0.495536	0.489796
TCFL5_62857281	0.485635	0.489796
TCHP_109901942	0.496538	0.387755
TCHP_109907031	0.512994	0.632653
TCIRG1_68040995	0.636872	0.734694
TCIRG1_68044008	0.758929	0.734694
TCIRG1_68044049	0.758929	0.755102
TCL1A_95713595	0.435484	0.448980
TCN1_59855028	0.382381	0.489796
TCN1_59861449	0.411244	0.326531
TCN1_59865022	0.374403	0.346939
TCOF1_150358435	0.517419	0.591837
TCOF1_150360162	0.517419	0.510204
TCOF1_150361679	0.478800	0.510204
TCOF1_150365799	0.472849	0.387755
TCOF1_150374172	0.538175	0.428571
TCP11L1_33061500	0.448644	0.428571
TCP11L1_33068519	0.482243	0.530612
TCP11L2_106309366	0.441536	0.510204
TCP11L2_106314066	0.387520	0.448980
TCTE3_169743392	0.306393	0.204082
TCTE3_169745572	0.367356	0.326531
TCTEX1D2_196294661	0.435759	0.326531
TCTEX1D2_196316285	0.494469	0.530612
TCTN1_110616123	0.439904	0.346939
TCTN2_123674639	0.457977	0.632653
TCTN2_123702773	0.465579	0.510204
TCTN3_95687524	0.427966	0.510204
TCTN3_95689083	0.400577	0.326531
TDP1_89965648	0.392641	0.448980
TDP1_89969358	0.420309	0.367347
TDRD12_32802602	0.319693	0.591837
TDRD12_32815275	0.474566	0.510204
TDRD12_32817543	0.478930	0.571429
TDRD15_21135435	0.336263	0.428571
TDRD1_114184734	0.413390	0.326531
TDRD1_114212370	0.361345	0.469388
TDRD1_114226980	0.382753	0.387755
TDRD3_60440689	0.306878	0.285714
TDRD3_60443323	0.306878	0.346939
TDRD3_60486163	0.362951	0.408163
TDRD5_179594085	0.377273	0.448980
TDRD5_179634303	0.397342	0.408163
TDRD5_179636950	0.367249	0.367347
TDRD5_179669064	0.370922	0.285714
TDRD7_97429974	0.381416	0.346939
TDRD7_97435447	0.348416	0.448980
TDRD7_97468615	0.424308	0.428571
TDRD7_97470405	0.424308	0.591837
TDRD7_97476796	0.336814	0.367347
TDRD9_103956800	0.410783	0.387755
TDRD9_103970211	0.461310	0.551020
TDRD9_104006131	0.438454	0.408163
TDRD9_104020247	0.424319	0.551020
TDRD9_104020484	0.424319	0.448980
TDRD9_104025991	0.366667	0.489796
TDRD9_104045289	0.438544	0.428571
TDRD9_104050839	0.468696	0.244898
TDRKH_151778551	0.402398	0.469388
TDRKH_151779040	0.385417	0.387755
TEAD1_12675014	0.782230	0.897959
TEAD1_12881795	0.526066	0.673469
TEAD1_12929867	0.380785	0.448980
TEAD2_49341890	0.562000	0.612245
TEAD2_49343038	0.531250	0.469388
TEAD4_3010695	0.525764	0.693878
TEAD4_3021232	0.557944	0.653061
TECPR1_98217846	0.661290	0.673469
TECPR1_98236506	0.531075	0.673469
TECPR2_102433108	0.439696	0.367347
TECPR2_102437086	0.482918	0.469388
TECPR2_102437101	0.482918	0.530612
TECPR2_102437841	0.482918	0.551020
TECPR2_102439140	0.482511	0.571429
TECPR2_102449627	0.447433	0.530612
TECPR2_102452265	0.521789	0.653061
TECRL_64306229	0.400262	0.387755
TECTA_121113462	0.507289	0.346939
TECTA_121134210	0.447357	0.448980
TECTA_121135928	0.447357	0.428571
TECTA_121138317	0.476102	0.591837
TECTB_112290639	0.442282	0.469388
TECTB_112296676	0.441228	0.510204
TECTB_112298640	0.461905	0.428571
TEC_48139176	0.386364	0.489796
TEC_48146015	0.335570	0.408163
TEC_48150288	0.382253	0.469388
TEC_48151083	0.384696	0.489796
TEC_48158009	0.405914	0.346939
TEF_41391004	0.475183	0.428571
TEKT1_6815578	0.538899	0.591837
TEKT2_36087395	0.637795	0.612245
TEKT3_15306504	0.424518	0.448980
TEKT3_15313991	0.406231	0.367347
TEKT4_94876033	0.598765	0.632653
TEKT5_10628399	0.497363	0.489796
TEKT5_10635704	0.497363	0.591837
TEK_27169428	0.397245	0.489796
TEK_27193343	0.420379	0.510204
TEK_27202549	0.372414	0.387755
TEK_27219235	0.393989	0.346939
TELO2_1497314	0.660156	0.693878
TENM2_168095076	0.416069	0.387755
TENM2_168119604	0.407355	0.530612
TENM2_168126326	0.478567	0.489796
TENM2_168192723	0.426750	0.306122
TENM2_168194071	0.426750	0.448980
TENM2_168198810	0.454315	0.530612
TENM2_168227067	0.437155	0.591837
TENM2_168261733	0.478287	0.612245
TENM3_182593821	0.380068	0.367347
TENM3_182739412	0.373189	0.387755
TENM3_182789925	0.421637	0.367347
TENM3_182796565	0.403490	0.224490
TENM4_78660411	0.483663	0.428571
TENM4_78672516	0.475667	0.448980
TENM4_78729689	0.461452	0.653061
TENM4_78734701	0.457347	0.571429
TENM4_78737767	0.457347	0.326531
TENM4_78773448	0.410827	0.367347
TENM4_78777992	0.410827	0.408163
TENM4_78812968	0.482549	0.408163
TEP1_20371881	0.420909	0.530612
TEP1_20404086	0.495868	0.591837
TEP1_20407311	0.460598	0.448980
TEPP_57983565	0.460802	0.285714
TEPSIN_81233772	0.643939	0.612245
TERB1_66771742	0.337429	0.265306
TERB1_66800240	0.404486	0.551020
TERB2_44976457	0.349658	0.510204
TERF2IP_75649329	0.407343	0.653061
TERF2_69357109	0.362256	0.387755
TERT_1266214	0.617317	0.632653
TERT_1276787	0.568868	0.469388
TERT_1281330	0.579904	0.632653
TESC_117039299	0.559942	0.632653
TESC_117083340	0.490286	0.591837
TESK2_45348617	0.453985	0.469388
TESK2_45352666	0.453985	0.387755
TESK2_45411529	0.415753	0.591837
TESMIN_68744436	0.420262	0.326531
TESMIN_68745776	0.442271	0.530612
TET1_68648336	0.384298	0.408163
TET3_74082900	0.495303	0.673469
TET3_74083582	0.495303	0.510204
TET3_74093417	0.530726	0.530612
TEX101_43404121	0.385668	0.367347
TEX11_70529284	0.445131	0.448980
TEX11_70554559	0.365696	0.326531
TEX11_70624086	0.344952	0.387755
TEX11_70624518	0.344952	0.326531
TEX14_58570975	0.453343	0.530612
TEX14_58593775	0.444956	0.367347
TEX14_58617800	0.471464	0.489796
TEX14_58622536	0.480189	0.346939
TEX15_30866412	0.340225	0.428571
TEX15_30867580	0.350013	0.346939
TEX15_30869394	0.350013	0.408163
TEX29_111341845	0.464400	0.510204
TEX2_64153154	0.436870	0.489796
TEX2_64159697	0.464941	0.346939
TEX2_64236958	0.433091	0.387755
TEX33_36991360	0.583333	0.632653
TEX33_37002856	0.574007	0.591837
TEX35_178514566	0.541801	0.571429
TEX43_126633228	0.416642	0.265306
TEX9_56389977	0.304017	0.326531
TFAP2B_50821476	0.487596	0.510204
TFAP2C_56632430	0.407086	0.346939
TFAP2E_35592761	0.497236	0.551020
TFAP4_4260769	0.573119	0.734694
TFB1M_155259231	0.448402	0.530612
TFB2M_246541720	0.388186	0.326531
TFB2M_246564526	0.461538	0.346939
TFCP2L1_121238444	0.537200	0.673469
TFCP2L1_121240638	0.500185	0.632653
TFCP2L1_121241058	0.500185	0.653061
TFCP2L1_121244673	0.550598	0.571429
TFCP2L1_121248427	0.503516	0.510204
TFCP2_51107386	0.425028	0.306122
TFCP2_51118880	0.422751	0.408163
TFDP1_113633336	0.556291	0.571429
TFDP1_113637977	0.456590	0.673469
TFDP1_113639059	0.456590	0.510204
TFDP1_113639939	0.456590	0.551020
TFDP2_141962965	0.428356	0.285714
TFDP2_142098539	0.380853	0.530612
TFE3_49034462	0.485098	0.591837
TFEB_41689002	0.562280	0.591837
TFEB_41690022	0.547591	0.571429
TFEB_41710646	0.528071	0.510204
TFEB_41710916	0.528071	0.469388
TFEB_41729066	0.529821	0.653061
TFEC_115954958	0.310413	0.244898
TFPT_54110280	0.520139	0.673469
TFRC_196055659	0.467472	0.428571
TF_133765489	0.405839	0.551020
TF_133771075	0.413580	0.367347
TGFA_70460478	0.485811	0.489796
TGFA_70465855	0.426652	0.612245
TGFB1_41351718	0.552433	0.571429
TGFB3_75962539	0.444395	0.551020
TGFBI_136038642	0.465869	0.591837
TGFBI_136050845	0.498797	0.510204
TGFBR1_99148202	0.366308	0.408163
TGFBR3_91698456	0.417964	0.285714
TGFBR3_91713529	0.396426	0.469388
TGFBR3_91718234	0.385325	0.408163
TGFBR3_91734467	0.466889	0.469388
TGFBR3_91734477	0.466889	0.469388
TGFBR3_91905037	0.417591	0.346939
TGFBRAP1_105273371	0.459357	0.448980
TGFBRAP1_105296596	0.410000	0.408163
TGIF1_3452852	0.518817	0.469388
TGM1_24249665	0.503905	0.469388
TGM1_24250552	0.503905	0.510204
TGM2_38147850	0.575047	0.612245
TGM3_2324964	0.416119	0.387755
TGM3_2332395	0.495900	0.591837
TGM3_2340387	0.587444	0.591837
TGM4_44898629	0.495007	0.530612
TGM4_44906545	0.475853	0.367347
TGM5_43233737	0.505088	0.428571
TGM5_43234982	0.517625	0.530612
TGM5_43236053	0.521316	0.367347
TGM5_43253200	0.497364	0.448980
TGM5_43256348	0.500511	0.469388
TGM6_2399513	0.473580	0.551020
TGM7_43278460	0.521452	0.346939
TGM7_43281079	0.479387	0.530612
TGM7_43281085	0.479387	0.530612
TGM7_43283920	0.453260	0.551020
TGM7_43288015	0.418659	0.489796
TGS1_55783960	0.397109	0.387755
TG_132872679	0.428477	0.530612
TG_132898117	0.515707	0.448980
TG_132907373	0.497276	0.612245
TG_132907405	0.497276	0.489796
TG_133013051	0.439258	0.510204
TG_133014835	0.448542	0.469388
TG_133018743	0.463840	0.551020
THADA_43231825	0.509861	0.367347
THADA_43552832	0.339825	0.387755
THADA_43579807	0.424832	0.469388
THAP10_70887706	0.352098	0.489796
THAP12_76364995	0.379282	0.408163
THAP12_76378220	0.415025	0.571429
THAP1_42842110	0.447282	0.448980
THAP3_6626929	0.567998	0.469388
THAP4_241593317	0.478276	0.489796
THAP4_241603248	0.465059	0.510204
THAP4_241615697	0.497031	0.653061
THAP4_241634696	0.527438	0.591837
THAP4_241636486	0.527438	0.755102
THAP8_36040206	0.468710	0.612245
THAP9_82911834	0.363899	0.387755
THAP9_82916623	0.363899	0.265306
THBS1_39583940	0.427119	0.408163
THBS1_39583944	0.427119	0.367347
THBS2_169227369	0.472847	0.571429
THBS2_169237495	0.593525	0.551020
THBS4_80059099	0.525424	0.591837
THBS4_80059115	0.525424	0.632653
THBS4_80074755	0.454777	0.551020
THBS4_80080414	0.447307	0.551020
THEGL_56597326	0.431195	0.489796
THG1L_157732614	0.453074	0.326531
THNSL2_88178714	0.455782	0.673469
THOC1_252781	0.350602	0.408163
THOC1_254539	0.362148	0.387755
THOC1_267063	0.440246	0.326531
THOC1_267207	0.440246	0.346939
THOC2_123638289	0.409877	0.265306
THOC2_123666392	0.387224	0.612245
THOC3_175964302	0.391069	0.489796
THOC5_29527755	0.421398	0.285714
THOC5_29541582	0.455352	0.489796
THOC5_29547887	0.477743	0.387755
THOC5_29548954	0.477743	0.551020
THOC5_29549380	0.525709	0.530612
THOP1_2786126	0.537959	0.551020
THOP1_2787903	0.537959	0.551020
THOP1_2794383	0.554479	0.326531
THOP1_2798471	0.584571	0.653061
THOP1_2802681	0.590161	0.551020
THOP1_2804194	0.590161	0.632653
THOP1_2805559	0.637356	0.653061
THPO_184376767	0.521557	0.591837
THRAP3_36284923	0.358331	0.244898
THRAP3_36288752	0.388485	0.306122
THRAP3_36293345	0.417178	0.346939
THRAP3_36293558	0.417178	0.469388
THRA_40082927	0.485866	0.469388
THRA_40087675	0.525216	0.571429
THRB_24123378	0.441116	0.428571
THSD4_71744927	0.440688	0.448980
THSD7A_11461563	0.351004	0.387755
THSD7B_137231954	0.392063	0.408163
THSD7B_137405960	0.352870	0.367347
THSD7B_137619614	0.345550	0.306122
THYN1_134252341	0.411496	0.469388
TIA1_70236201	0.426364	0.265306
TIAM1_31121848	0.431596	0.551020
TIAM1_31133809	0.436396	0.632653
TIAM1_31187429	0.427852	0.387755
TIAM1_31195405	0.398053	0.265306
TIAM1_31205217	0.379408	0.428571
TIAM1_31211867	0.406034	0.387755
TIAM1_31431294	0.438367	0.469388
TIAM2_155132929	0.428318	0.469388
TIAM2_155177327	0.372635	0.285714
TIAM2_155245032	0.476758	0.571429
TICRR_89577962	0.434445	0.448980
TICRR_89588286	0.449377	0.530612
TICRR_89589303	0.449377	0.530612
TIE1_43302820	0.508465	0.551020
TIE1_43307340	0.620253	0.571429
TIE1_43319054	0.562823	0.571429
TIE1_43321614	0.569106	0.591837
TIFA_112281374	0.408605	0.367347
TIGD4_152774419	0.382668	0.367347
TIGIT_114306244	0.419973	0.551020
TIMD4_156948881	0.439618	0.408163
TIMD4_156951889	0.424543	0.551020
TIMELESS_56423102	0.508897	0.612245
TIMELESS_56424019	0.351788	0.408163
TIMELESS_56434452	0.458682	0.612245
TIMM17A_201958907	0.442642	0.367347
TIMM21_74151043	0.445070	0.469388
TIMM21_74154423	0.445070	0.489796
TIMM21_74155679	0.383142	0.285714
TIMM21_74155909	0.383142	0.530612
TIMM21_74156202	0.383142	0.408163
TIMM44_7933115	0.621377	0.755102
TIMM44_7934844	0.656174	0.632653
TIMM9_58411229	0.434917	0.653061
TIMMDC1_119515938	0.365280	0.326531
TIMP2_78895617	0.535442	0.448980
TIMP2_78906784	0.535414	0.530612
TIMP3_32849339	0.470261	0.469388
TIMP4_12157148	0.462222	0.489796
TIPARP_156696423	0.372668	0.428571
TIPRL_168195061	0.384265	0.489796
TIRAP_126290759	0.474654	0.510204
TJAP1_43498666	0.511535	0.571429
TJP1_29705126	0.409165	0.448980
TJP1_29709808	0.401338	0.408163
TJP1_29716341	0.404991	0.448980
TJP1_29763835	0.407107	0.387755
TJP1_29772325	0.388368	0.285714
TJP3_3729851	0.522831	0.469388
TJP3_3735769	0.558952	0.551020
TJP3_3738729	0.648069	0.591837
TJP3_3745822	0.512652	0.632653
TK2_66543626	0.467113	0.530612
TKTL1_154309641	0.518306	0.551020
TKTL1_154311523	0.495899	0.469388
TKTL1_154315039	0.413922	0.285714
TKTL1_154324001	0.461269	0.653061
TKT_53238966	0.536249	0.510204
TLDC1_84481142	0.582050	0.653061
TLDC1_84482824	0.533673	0.591837
TLDC1_84491692	0.401757	0.448980
TLDC1_84493823	0.401757	0.428571
TLDC1_84494572	0.401757	0.387755
TLDC1_84496299	0.486549	0.510204
TLDC1_84496365	0.486549	0.571429
TLE2_3014949	0.526975	0.489796
TLE3_70056462	0.576568	0.632653
TLE3_70059158	0.569024	0.571429
TLK1_171112055	0.370722	0.591837
TLK2_62578429	0.410347	0.367347
TLK2_62601065	0.377559	0.428571
TLL1_166002135	0.355090	0.591837
TLL1_166008717	0.309222	0.367347
TLL1_166071266	0.310850	0.428571
TLL2_96386533	0.438263	0.448980
TLL2_96414325	0.464066	0.489796
TLL2_96416343	0.464066	0.428571
TLL2_96423795	0.361850	0.346939
TLL2_96431213	0.458107	0.387755
TLN1_35698679	0.476562	0.530612
TLN1_35699663	0.535156	0.571429
TLN1_35720289	0.530516	0.571429
TLN1_35721565	0.403270	0.469388
TLN1_35725829	0.494879	0.367347
TLN2_62613644	0.420260	0.469388
TLN2_62650387	0.336259	0.346939
TLN2_62701897	0.469755	0.571429
TLN2_62708358	0.441506	0.408163
TLN2_62738080	0.484472	0.551020
TLN2_62742711	0.419206	0.428571
TLN2_62751927	0.391616	0.346939
TLN2_62766799	0.450562	0.510204
TLN2_62780872	0.440057	0.489796
TLN2_62781793	0.479241	0.367347
TLN2_62798217	0.514671	0.510204
TLN2_62805163	0.414079	0.571429
TLR8_12907070	0.410456	0.448980
TLR9_52224421	0.578254	0.591837
TM2D1_61682986	0.369797	0.408163
TM2D1_61700274	0.370599	0.408163
TM2D1_61704804	0.411538	0.591837
TM2D1_61709059	0.411538	0.510204
TM4SF18_149328818	0.368193	0.448980
TM4SF20_227370320	0.432334	0.428571
TM4SF5_4772856	0.493728	0.612245
TM4SF5_4778709	0.493728	0.530612
TM4SF5_4780600	0.493728	0.428571
TM4SF5_4782458	0.511941	0.653061
TM6SF1_83109095	0.534435	0.469388
TM6SF1_83110071	0.534435	0.489796
TM6SF2_19266811	0.543027	0.448980
TM7SF3_26991352	0.407464	0.469388
TM7SF3_26998847	0.440105	0.428571
TM9SF3_96528318	0.352667	0.367347
TM9SF3_96553090	0.385968	0.306122
TM9SF3_96559872	0.366354	0.367347
TM9SF4_32135570	0.430607	0.530612
TM9SF4_32143232	0.514861	0.551020
TM9SF4_32146783	0.507715	0.428571
TM9SF4_32151342	0.517388	0.591837
TM9SF4_32151594	0.517388	0.510204
TM9SF4_32154290	0.517388	0.612245
TM9SF4_32154387	0.517388	0.448980
TMC1_72689306	0.348600	0.387755
TMC1_72695530	0.352232	0.551020
TMC1_72754099	0.419229	0.469388
TMC2_2592682	0.459851	0.469388
TMC2_2616605	0.485582	0.428571
TMC3_81345306	0.468588	0.346939
TMC3_81346212	0.468588	0.428571
TMC4_54171684	0.473970	0.530612
TMC5_19443754	0.412723	0.428571
TMC5_19461775	0.445161	0.367347
TMC5_19464326	0.421974	0.510204
TMC5_19473963	0.516215	0.489796
TMC5_19476165	0.479608	0.408163
TMC5_19477408	0.479608	0.346939
TMC5_19486238	0.449900	0.571429
TMC7_19027210	0.453756	0.510204
TMC7_19045581	0.474138	0.306122
TMC7_19056387	0.438307	0.551020
TMC7_19061712	0.486640	0.428571
TMC8_78137973	0.657895	0.612245
TMCC1_129832881	0.392486	0.367347
TMCC1_129858503	0.392486	0.612245
TMCO4_19696073	0.517696	0.591837
TMCO4_19741034	0.505229	0.571429
TMCO4_19743702	0.505229	0.510204
TMCO4_19744515	0.505229	0.428571
TMCO4_19745392	0.505229	0.489796
TMCO4_19747477	0.469008	0.448980
TMCO4_19771062	0.429539	0.428571
TMCO4_19780376	0.493240	0.551020
TMED2_123595233	0.434444	0.265306
TMED3_79313705	0.487815	0.469388
TMED3_79316176	0.477923	0.428571
TMED3_79317452	0.477923	0.469388
TMED5_93157590	0.368450	0.469388
TMED6_69351278	0.466914	0.489796
TMED8_77344051	0.446337	0.387755
TMED8_77348822	0.432229	0.448980
TMED8_77351007	0.432229	0.489796
TMEFF1_100512723	0.389262	0.408163
TMEFF2_192186284	0.341536	0.469388
TMEM104_74777549	0.490994	0.408163
TMEM104_74780421	0.490994	0.489796
TMEM104_74790514	0.528073	0.510204
TMEM106B_12217206	0.372012	0.346939
TMEM106B_12219975	0.350456	0.306122
TMEM108_133039452	0.430753	0.530612
TMEM108_133040962	0.430753	0.408163
TMEM110_52851197	0.525102	0.530612
TMEM116_111937396	0.383860	0.326531
TMEM120A_75993169	0.631988	0.530612
TMEM120B_121763936	0.539703	0.612245
TMEM120B_121770638	0.539703	0.612245
TMEM120B_121774517	0.518357	0.632653
TMEM128_4239914	0.356394	0.510204
TMEM128_4242717	0.446347	0.469388
TMEM130_98849445	0.506055	0.387755
TMEM131_97770933	0.420091	0.367347
TMEM131_97771956	0.420091	0.428571
TMEM131_97815606	0.389107	0.469388
TMEM131_97841012	0.386300	0.346939
TMEM132A_60935250	0.632444	0.612245
TMEM132C_128695752	0.448468	0.530612
TMEM132C_128702553	0.462862	0.469388
TMEM132C_128702802	0.462862	0.571429
TMEM132D_129076644	0.451929	0.469388
TMEM132E_34636585	0.554192	0.632653
TMEM135_87309333	0.354101	0.204082
TMEM136_120329925	0.393836	0.448980
TMEM144_158217755	0.381154	0.367347
TMEM144_158244699	0.384759	0.285714
TMEM144_158245403	0.384759	0.469388
TMEM145_42316347	0.613462	0.571429
TMEM14C_10726475	0.486507	0.551020
TMEM150B_55319361	0.494141	0.551020
TMEM150B_55321353	0.595238	0.612245
TMEM150B_55321370	0.595238	0.612245
TMEM151A_66293822	0.611733	0.551020
TMEM151B_44271625	0.589580	0.571429
TMEM151B_44271854	0.589580	0.591837
TMEM156_38969245	0.402655	0.469388
TMEM161A_19123353	0.450096	0.306122
TMEM163_134717121	0.470816	0.408163
TMEM165_55420235	0.433150	0.408163
TMEM176B_150794071	0.493461	0.489796
TMEM179_104598334	0.603229	0.653061
TMEM179_104601125	0.603229	0.489796
TMEM17_62504293	0.392581	0.408163
TMEM181_158608206	0.546006	0.632653
TMEM181_158626054	0.544666	0.632653
TMEM183A_203019287	0.381443	0.387755
TMEM184A_1552836	0.568293	0.653061
TMEM184B_38247666	0.572798	0.571429
TMEM185A_149603059	0.437411	0.448980
TMEM185A_149606837	0.469930	0.367347
TMEM198_219545734	0.491577	0.530612
TMEM198_219548993	0.523364	0.530612
TMEM19_71689589	0.397122	0.387755
TMEM201_9600970	0.515127	0.591837
TMEM202_72405639	0.408348	0.408163
TMEM204_1529120	0.608721	0.571429
TMEM206_212377300	0.449801	0.530612
TMEM206_212377455	0.449801	0.571429
TMEM206_212385512	0.571331	0.530612
TMEM206_212385771	0.571331	0.612245
TMEM206_212411719	0.517143	0.326531
TMEM206_212414440	0.517143	0.612245
TMEM209_130171103	0.390754	0.510204
TMEM209_130197414	0.359979	0.346939
TMEM216_61393229	0.573451	0.551020
TMEM221_17440425	0.485915	0.448980
TMEM222_27326082	0.475865	0.510204
TMEM222_27326117	0.475865	0.551020
TMEM225_123883781	0.470914	0.489796
TMEM230_5109722	0.425473	0.346939
TMEM231_75540775	0.420426	0.306122
TMEM232_110626703	0.332339	0.448980
TMEM234_32219699	0.473406	0.428571
TMEM236_17772694	0.389499	0.530612
TMEM237_201629610	0.273616	0.265306
TMEM237_201629614	0.273616	0.224490
TMEM237_201632378	0.326679	0.367347
TMEM240_1538492	0.637931	0.653061
TMEM241_23352691	0.471654	0.448980
TMEM241_23358550	0.446377	0.346939
TMEM241_23430065	0.412693	0.367347
TMEM241_23434189	0.446572	0.530612
TMEM242_157323254	0.529703	0.693878
TMEM245_109108716	0.400037	0.469388
TMEM247_46480250	0.525641	0.489796
TMEM248_66950523	0.398316	0.489796
TMEM252_68539685	0.413736	0.367347
TMEM255A_120308480	0.482988	0.469388
TMEM255B_113761346	0.499485	0.673469
TMEM255B_113764744	0.499485	0.551020
TMEM259_1015102	0.640203	0.612245
TMEM259_1017614	0.640203	0.714286
TMEM260_56620641	0.373690	0.367347
TMEM260_56630066	0.368435	0.204082
TMEM260_56635275	0.376206	0.387755
TMEM261_7798663	0.499644	0.265306
TMEM268_114621995	0.466657	0.428571
TMEM268_114627647	0.443327	0.489796
TMEM268_114634670	0.522019	0.714286
TMEM268_114636378	0.522019	0.612245
TMEM269_42786357	0.539147	0.448980
TMEM269_42789794	0.539147	0.571429
TMEM269_42806524	0.404428	0.346939
TMEM2_71711884	0.410276	0.448980
TMEM2_71732579	0.388621	0.326531
TMEM2_71746513	0.365307	0.428571
TMEM33_41937357	0.380208	0.326531
TMEM35B_34983608	0.507590	0.244898
TMEM37_119435038	0.544521	0.448980
TMEM38A_16681030	0.476346	0.530612
TMEM38A_16682177	0.476346	0.530612
TMEM39A_119452687	0.382905	0.346939
TMEM39A_119461667	0.377587	0.346939
TMEM39B_32094476	0.496032	0.428571
TMEM40_12735825	0.460417	0.428571
TMEM40_12743205	0.435345	0.632653
TMEM41B_9294234	0.402945	0.591837
TMEM43_14140630	0.532026	0.469388
TMEM44_194605451	0.493045	0.510204
TMEM44_194610798	0.493045	0.448980
TMEM44_194619890	0.523346	0.551020
TMEM44_194632149	0.543226	0.530612
TMEM50A_25352639	0.372896	0.408163
TMEM50A_25352719	0.372896	0.387755
TMEM50B_33452171	0.419289	0.387755
TMEM53_44659573	0.518131	0.551020
TMEM53_44660564	0.477734	0.489796
TMEM54_32895143	0.618824	0.632653
TMEM54_32895825	0.686747	0.673469
TMEM54_32897775	0.532931	0.612245
TMEM54_32900092	0.558732	0.632653
TMEM55A_91019432	0.374924	0.306122
TMEM57_25450301	0.394252	0.469388
TMEM57_25491704	0.463393	0.346939
TMEM57_25498066	0.463393	0.408163
TMEM59L_18607774	0.608907	0.795918
TMEM61_54983934	0.502791	0.367347
TMEM61_54989132	0.532381	0.428571
TMEM61_54990587	0.532381	0.551020
TMEM61_54991290	0.532381	0.448980
TMEM62_43139755	0.413565	0.408163
TMEM62_43174021	0.393101	0.346939
TMEM62_43183879	0.402703	0.346939
TMEM63A_225850359	0.497678	0.408163
TMEM63A_225870131	0.480131	0.673469
TMEM63C_77233426	0.479954	0.530612
TMEM63C_77245350	0.489892	0.428571
TMEM63C_77249140	0.581340	0.632653
TMEM63C_77249264	0.581340	0.551020
TMEM63C_77253984	0.499206	0.612245
TMEM65_124328556	0.301864	0.367347
TMEM67_93755494	0.412500	0.367347
TMEM67_93802275	0.383355	0.387755
TMEM69_45691242	0.423316	0.244898
TMEM70_73978633	0.455830	0.591837
TMEM74_108785968	0.464500	0.612245
TMEM74_108786721	0.464500	0.387755
TMEM80_698211	0.535456	0.612245
TMEM80_698522	0.535456	0.551020
TMEM87A_42225887	0.406123	0.285714
TMEM87A_42267349	0.357467	0.346939
TMEM87A_42272267	0.403183	0.387755
TMEM87B_112078103	0.407790	0.571429
TMEM87B_112082876	0.432457	0.489796
TMEM87B_112097510	0.388335	0.653061
TMEM87B_112110682	0.372084	0.367347
TMEM8B_35838231	0.504649	0.346939
TMEM8C_133515966	0.579914	0.469388
TMEM8C_133516169	0.579914	0.571429
TMEM8C_133517520	0.579914	0.408163
TMEM91_41380474	0.500000	0.489796
TMEM94_75495127	0.590361	0.530612
TMEM97_28326365	0.448081	0.571429
TMEM98_32934710	0.454410	0.408163
TMEM9_201135915	0.540855	0.591837
TMEM9_201139287	0.540855	0.530612
TMIGD1_30322842	0.442731	0.408163
TMIGD2_4301473	0.524286	0.632653
TMLHE_155507938	0.359850	0.448980
TMOD1_97562577	0.503590	0.306122
TMOD3_51863678	0.410732	0.469388
TMOD3_51867990	0.410732	0.530612
TMOD3_51892670	0.392589	0.530612
TMOD3_51897370	0.399118	0.408163
TMPRSS11A_67917635	0.355257	0.530612
TMPRSS11A_67927124	0.414843	0.489796
TMPRSS11D_67872182	0.354312	0.367347
TMPRSS11E_68456205	0.350143	0.387755
TMPRSS11F_68064033	0.365798	0.387755
TMPRSS11F_68067724	0.385788	0.408163
TMPRSS11F_68069134	0.315927	0.244898
TMPRSS11F_68072719	0.360137	0.367347
TMPRSS13_117909204	0.549461	0.551020
TMPRSS13_117926245	0.523258	0.653061
TMPRSS15_18275914	0.373587	0.306122
TMPRSS2_41466484	0.552532	0.571429
TMPRSS2_41491079	0.479840	0.448980
TMPRSS2_41492994	0.479840	0.510204
TMPRSS2_41494013	0.479840	0.408163
TMPRSS3_42374774	0.562330	0.326531
TMPRSS4_118099597	0.504248	0.530612
TMPRSS4_118100116	0.504248	0.551020
TMPRSS5_113698491	0.491252	0.551020
TMPRSS5_113699521	0.507937	0.489796
TMPRSS6_37067102	0.558768	0.653061
TMPRSS6_37083389	0.537275	0.530612
TMPRSS6_37085295	0.591130	0.632653
TMPRSS6_37095774	0.504792	0.653061
TMPRSS6_37099228	0.552079	0.571429
TMPRSS6_37101683	0.552079	0.653061
TMPRSS6_37106672	0.549831	0.591837
TMPRSS6_37108385	0.549831	0.612245
TMPRSS6_37108772	0.549831	0.571429
TMPRSS7_112075863	0.388286	0.428571
TMPRSS7_112079852	0.380344	0.448980
TMPRSS9_2423564	0.573601	0.612245
TMTC1_29511529	0.381131	0.387755
TMTC3_88170898	0.346691	0.285714
TMTC4_100612340	0.458459	0.448980
TMTC4_100669944	0.465176	0.448980
TMX1_51241617	0.395778	0.571429
TMX1_51248973	0.375772	0.428571
TMX1_51252043	0.371803	0.408163
TMX3_68678530	0.344204	0.510204
TMX3_68691605	0.431276	0.326531
TMX3_68691693	0.431276	0.489796
TMX4_7990011	0.364057	0.510204
TMX4_7991455	0.364057	0.326531
TNC_115029633	0.435383	0.387755
TNC_115036416	0.450223	0.387755
TNC_115046732	0.388079	0.448980
TNC_115070590	0.427387	0.367347
TNC_115072192	0.427387	0.551020
TNFAIP2_103129264	0.610427	0.551020
TNFAIP2_103129371	0.610427	0.571429
TNFAIP3_137876975	0.375138	0.244898
TNFRSF10A_23192923	0.437085	0.408163
TNFRSF10B_23024763	0.422006	0.571429
TNFRSF10B_23025675	0.422006	0.387755
TNFRSF10C_23105865	0.446240	0.428571
TNFRSF10D_23156338	0.460141	0.428571
TNFRSF11A_62347849	0.460378	0.551020
TNFRSF11A_62360213	0.444172	0.265306
TNFRSF11A_62361515	0.444172	0.530612
TNFRSF19_23610768	0.389452	0.346939
TNFRSF1B_12189940	0.519651	0.591837
TNFRSF25_6462229	0.594714	0.632653
TNFRSF25_6465369	0.677419	0.734694
TNFRSF8_12121224	0.478819	0.530612
TNFRSF8_12121849	0.478819	0.428571
TNFSF11_42575219	0.411783	0.571429
TNFSF12_7554010	0.497327	0.571429
TNFSF12_7555505	0.497327	0.571429
TNFSF8_114905323	0.406125	0.428571
TNIK_171110647	0.397491	0.448980
TNIK_171128442	0.369243	0.469388
TNIK_171139760	0.454869	0.510204
TNIK_171158434	0.459362	0.510204
TNIK_171173031	0.422754	0.551020
TNIP1_151031701	0.503574	0.591837
TNIP1_151039547	0.497888	0.510204
TNIP1_151048448	0.459592	0.489796
TNIP1_151051253	0.482183	0.346939
TNIP1_151053682	0.520861	0.551020
TNIP1_151057149	0.517857	0.653061
TNIP2_2747217	0.564417	0.612245
TNIP3_121147678	0.379098	0.408163
TNIP3_121148461	0.379098	0.448980
TNK1_7381585	0.562464	0.591837
TNK1_7382518	0.562464	0.510204
TNK1_7383968	0.723810	0.734694
TNK1_7385871	0.534884	0.510204
TNK1_7386163	0.534884	0.571429
TNK2_195873081	0.653926	0.632653
TNK2_195887203	0.494920	0.571429
TNKS1BP1_57300380	0.594170	0.551020
TNKS1BP1_57313925	0.525967	0.653061
TNKS2_91812817	0.406585	0.326531
TNKS2_91813601	0.359908	0.408163
TNKS2_91823222	0.388053	0.489796
TNKS2_91823469	0.388053	0.551020
TNKS2_91845666	0.326418	0.326531
TNKS2_91850798	0.407773	0.367347
TNKS_9734780	0.288028	0.367347
TNKS_9747859	0.376884	0.387755
TNKS_9750673	0.406949	0.510204
TNKS_9770983	0.384531	0.408163
TNNI1_201410469	0.515744	0.632653
TNNI3K_74542540	0.395601	0.530612
TNNI3_55157485	0.625926	0.632653
TNNT1_55135039	0.526477	0.510204
TNNT2_201370078	0.522769	0.428571
TNNT2_201372422	0.551040	0.489796
TNNT2_201375704	0.523886	0.571429
TNNT3_1930343	0.507197	0.469388
TNNT3_1936691	0.663240	0.653061
TNN_175098271	0.418210	0.408163
TNPO1_72849485	0.433515	0.346939
TNPO1_72903549	0.320304	0.387755
TNPO3_128975993	0.411224	0.408163
TNPO3_128989444	0.385197	0.265306
TNRC18_5322594	0.576580	0.489796
TNRC18_5338864	0.495684	0.632653
TNRC18_5349597	0.576232	0.551020
TNRC18_5371710	0.542751	0.591837
TNRC18_5390677	0.544214	0.612245
TNRC6A_24802797	0.440580	0.551020
TNRC6A_24822493	0.577135	0.551020
TNRC6B_40066482	0.411203	0.408163
TNRC6B_40274376	0.431243	0.448980
TNRC6B_40276131	0.431243	0.612245
TNRC6B_40285036	0.383203	0.326531
TNRC6B_40313471	0.377681	0.306122
TNRC6B_40313709	0.377681	0.469388
TNRC6C_78085947	0.423561	0.326531
TNRC6C_78087249	0.420156	0.408163
TNRC6C_78090387	0.420156	0.408163
TNRC6C_78090466	0.420156	0.510204
TNRC6C_78103985	0.508056	0.510204
TNR_175336431	0.470349	0.448980
TNR_175356079	0.483212	0.530612
TNR_175383612	0.459326	0.448980
TNR_175392866	0.395557	0.387755
TNR_175404535	0.469411	0.387755
TNS1_217815774	0.492754	0.469388
TNS1_217817024	0.492754	0.428571
TNS1_217833269	0.513689	0.530612
TNS1_217886646	0.516107	0.530612
TNS1_217900200	0.581629	0.448980
TNS2_53047372	0.631183	0.897959
TNS2_53058314	0.582160	0.571429
TNS3_47284414	0.427123	0.653061
TNS3_47290804	0.427123	0.387755
TNS3_47293455	0.415961	0.489796
TNS3_47298945	0.505833	0.612245
TNS3_47345649	0.487805	0.469388
TNS3_47398670	0.369266	0.346939
TNS3_47415206	0.469530	0.510204
TNS3_47434546	0.445329	0.489796
TNS3_47472989	0.490844	0.673469
TNS3_47517316	0.494183	0.591837
TNS3_47536682	0.499783	0.612245
TNS3_47563592	0.499783	0.489796
TNS4_40482416	0.520561	0.489796
TNS4_40489832	0.509619	0.428571
TNXB_32057638	0.581456	0.489796
TNXB_32085067	0.558654	0.551020
TNXB_32095357	0.570406	0.571429
TOGARAM2_29034140	0.535789	0.530612
TOGARAM2_29037054	0.479921	0.632653
TOGARAM2_29037842	0.479921	0.489796
TOLLIP_1287541	0.608850	0.816327
TOLLIP_1291751	0.593123	0.795918
TOLLIP_1291788	0.593123	0.795918
TOM1L1_54902066	0.457974	0.571429
TOM1L1_54929990	0.390218	0.489796
TOM1L2_17867245	0.499793	0.551020
TOM1L2_17868407	0.499793	0.530612
TOM1L2_17883077	0.496610	0.530612
TOM1L2_17898708	0.490082	0.387755
TOM1L2_17904875	0.490082	0.551020
TOM1_35324036	0.480334	0.510204
TOM1_35325204	0.480334	0.510204
TOM1_35327032	0.480334	0.571429
TOM1_35328509	0.516729	0.469388
TOM1_35338671	0.568715	0.571429
TOM1_35346012	0.608734	0.653061
TOMM34_44952230	0.460033	0.387755
TOMM34_44952975	0.460033	0.510204
TOMM34_44957136	0.450954	0.489796
TOMM34_44959255	0.450954	0.469388
TOMM40_44894244	0.543149	0.489796
TOMM40_44898180	0.543149	0.591837
TOMM40_44900526	0.543149	0.551020
TOMM5_37590312	0.432308	0.551020
TONSL_144434934	0.708661	0.653061
TOP1MT_143309588	0.648855	0.632653
TOP1MT_143316938	0.666040	0.653061
TOP1MT_143324419	0.602339	0.714286
TOP1MT_143333744	0.591471	0.632653
TOP1_41078881	0.382509	0.367347
TOP1_41085681	0.396305	0.387755
TOP1_41089341	0.396305	0.510204
TOP1_41115042	0.388477	0.224490
TOP2A_40390164	0.437733	0.489796
TOP2B_25604252	0.400396	0.387755
TOP2B_25614452	0.308617	0.387755
TOP3A_18277393	0.517075	0.387755
TOP3A_18279589	0.488062	0.448980
TOP3A_18285520	0.473987	0.571429
TOP3A_18286074	0.473987	0.653061
TOP3A_18289996	0.473987	0.489796
TOP3A_18294400	0.472973	0.632653
TOP3A_18314020	0.458724	0.428571
TOP3A_18314086	0.458724	0.448980
TOPAZ1_44288320	0.368816	0.387755
TOPAZ1_44326823	0.347194	0.326531
TOPBP1_133659179	0.382990	0.265306
TOPORS_32549011	0.409803	0.408163
TOR1A_129816588	0.538050	0.469388
TOR1B_129804034	0.608169	0.448980
TOR1B_129804954	0.491751	0.510204
TOR1B_129805563	0.491751	0.530612
TOR4A_137278563	0.689933	0.693878
TOX4_21493423	0.485033	0.367347
TOX_58808462	0.380164	0.428571
TP53AIP1_128941501	0.557665	0.530612
TP53AIP1_128942653	0.557665	0.571429
TP53BP1_43430069	0.357019	0.326531
TP53BP1_43452305	0.402332	0.612245
TP53BP1_43470716	0.435736	0.469388
TP53BP1_43473783	0.435736	0.571429
TP53BP1_43481146	0.424385	0.285714
TP53BP2_223785805	0.403580	0.387755
TP53BP2_223807120	0.361470	0.224490
TP53BP2_223820531	0.416108	0.469388
TP53I11_44937885	0.543002	0.591837
TP53I3_24083508	0.506757	0.591837
TP53INP2_34707348	0.488806	0.489796
TP53TG5_45374176	0.519961	0.571429
TP63_189872658	0.388760	0.448980
TP63_189893464	0.404454	0.367347
TP73_3683532	0.624384	0.530612
TP73_3700940	0.624384	0.653061
TPCN1_113266015	0.464920	0.530612
TPCN1_113268680	0.580892	0.673469
TPCN1_113278028	0.520631	0.551020
TPCN1_113284094	0.457925	0.408163
TPCN1_113289885	0.561719	0.632653
TPCN1_113289894	0.561719	0.612245
TPCN2_69052155	0.605765	0.632653
TPCN2_69076265	0.551277	0.632653
TPCN2_69081208	0.645119	0.734694
TPCN2_69082617	0.559509	0.530612
TPCN2_69083266	0.559509	0.510204
TPCN2_69083657	0.559509	0.673469
TPCN2_69086500	0.604730	0.591837
TPD52L1_125254112	0.372831	0.408163
TPD52L2_63868489	0.521094	0.448980
TPD52_80039350	0.381615	0.530612
TPD52_80042149	0.381615	0.244898
TPH2_72026161	0.395298	0.285714
TPI1_6867911	0.650592	0.571429
TPM1_63057871	0.412029	0.510204
TPM4_16068949	0.523592	0.571429
TPM4_16091677	0.495810	0.551020
TPMT_18132330	0.391759	0.346939
TPMT_18136045	0.440765	0.612245
TPMT_18139427	0.454545	0.469388
TPO_1422808	0.496020	0.489796
TPO_1434245	0.417549	0.367347
TPO_1434858	0.417549	0.469388
TPO_1477696	0.525390	0.591837
TPO_1482498	0.525390	0.632653
TPP2_102598498	0.404533	0.448980
TPP2_102600454	0.404533	0.551020
TPP2_102619642	0.360298	0.489796
TPP2_102621569	0.360298	0.510204
TPP2_102621707	0.360298	0.510204
TPP2_102646758	0.329657	0.551020
TPP2_102656608	0.349452	0.551020
TPRA1_127574499	0.534384	0.530612
TPRA1_127576184	0.583039	0.632653
TPRA1_127577733	0.553511	0.612245
TPR_186319572	0.329737	0.265306
TPR_186339136	0.336195	0.428571
TPSD1_1257232	0.651606	0.673469
TPST2_26530419	0.477211	0.408163
TPST2_26541920	0.517851	0.448980
TPST2_26542621	0.517851	0.551020
TPTE_10522043	0.489081	0.755102
TPTE_10569314	0.375228	0.530612
TPTE_10604289	0.343049	0.367347
TPTE_10605311	0.343049	0.367347
TPX2_31758491	0.410267	0.367347
TPX2_31799130	0.405875	0.408163
TRABD2B_47768508	0.538343	0.510204
TRABD2B_47770589	0.538343	0.571429
TRABD2B_47772923	0.538343	0.489796
TRABD2B_47777508	0.536828	0.591837
TRABD2B_47799020	0.513856	0.551020
TRABD_50193410	0.649378	0.714286
TRAF1_120911167	0.522228	0.591837
TRAF2_136900253	0.508678	0.367347
TRAF2_136901609	0.540999	0.489796
TRAF3IP1_238344180	0.447591	0.612245
TRAF3IP1_238353713	0.435934	0.489796
TRAF3IP1_238354967	0.435934	0.408163
TRAF3IP3_209756814	0.496329	0.551020
TRAF3_102871581	0.551701	0.510204
TRAF3_102874537	0.466484	0.530612
TRAF3_102890924	0.394675	0.387755
TRAF5_211372043	0.385084	0.346939
TRAF7_2156513	0.643195	0.530612
TRAIP_49829916	0.545455	0.571429
TRAIP_49831319	0.549540	0.448980
TRAIP_49833073	0.494872	0.489796
TRAIP_49842570	0.516361	0.530612
TRAIP_49844182	0.547386	0.448980
TRAIP_49844340	0.547386	0.530612
TRAK1_42181950	0.443803	0.265306
TRAK1_42190564	0.518290	0.673469
TRAM2_52506162	0.487994	0.571429
TRANK1_36837701	0.433314	0.285714
TRANK1_36854629	0.404316	0.387755
TRANK1_36859710	0.459970	0.612245
TRANK1_36864573	0.395127	0.489796
TRANK1_36864577	0.395127	0.510204
TRANK1_36890130	0.464971	0.489796
TRANK1_36894987	0.430885	0.387755
TRANK1_36899532	0.423759	0.510204
TRAPPC10_44055696	0.439305	0.489796
TRAPPC10_44056555	0.483328	0.387755
TRAPPC10_44094733	0.448702	0.489796
TRAPPC11_183666785	0.317536	0.346939
TRAPPC11_183692753	0.305780	0.448980
TRAPPC11_183696119	0.402663	0.326531
TRAPPC11_183702514	0.391483	0.387755
TRAPPC11_183703664	0.391483	0.448980
TRAPPC11_183709350	0.406211	0.265306
TRAPPC12_3422255	0.469960	0.632653
TRAPPC12_3457402	0.493190	0.530612
TRAPPC12_3462244	0.523764	0.510204
TRAPPC12_3463658	0.523764	0.714286
TRAPPC12_3463943	0.523764	0.571429
TRAPPC12_3464527	0.523764	0.346939
TRAPPC6A_45165399	0.555255	0.632653
TRAPPC8_31891698	0.336031	0.489796
TRAPPC9_140280909	0.476509	0.571429
TRAPPC9_140437694	0.450538	0.346939
TRAPPC9_140437791	0.450538	0.469388
TRAPPC9_140453474	0.515152	0.510204
TRAPPC9_140455208	0.515152	0.530612
TRAT1_108830624	0.345701	0.387755
TRAT1_108848996	0.361984	0.510204
TRDMT1_17155103	0.363636	0.632653
TRDMT1_17158538	0.294636	0.408163
TRDMT1_17168177	0.391186	0.510204
TRDMT1_17174909	0.369974	0.306122
TREH_118662182	0.620225	0.673469
TREM2_41160838	0.537681	0.530612
TREML1_41152252	0.467341	0.510204
TREML2_41195652	0.453435	0.530612
TRERF1_42232450	0.447021	0.346939
TRERF1_42243190	0.442949	0.591837
TRERF1_42243489	0.470265	0.448980
TREX2_153455958	0.636546	0.714286
TREX2_153456398	0.625000	0.551020
TRHDE_72653681	0.345623	0.387755
TRH_129975620	0.627411	0.714286
TRIB3_389671	0.518593	0.510204
TRIM10_30154787	0.454032	0.551020
TRIM10_30156745	0.422392	0.306122
TRIM10_30157813	0.438928	0.510204
TRIM10_30158774	0.467308	0.510204
TRIM11_228399545	0.564771	0.510204
TRIM14_98090381	0.413784	0.367347
TRIM15_30168131	0.433852	0.469388
TRIM15_30170019	0.415521	0.489796
TRIM16_15680507	0.435268	0.408163
TRIM16_15682689	0.422105	0.387755
TRIM17_228409462	0.600206	0.571429
TRIM17_228414182	0.557923	0.551020
TRIM23_65616920	0.371288	0.469388
TRIM24_138573936	0.363370	0.530612
TRIM25_56899489	0.508937	0.489796
TRIM25_56904587	0.429505	0.448980
TRIM27_28922076	0.470204	0.530612
TRIM29_120129252	0.534127	0.448980
TRIM2_153322549	0.403279	0.428571
TRIM2_153334286	0.356666	0.448980
TRIM35_27289575	0.557714	0.510204
TRIM35_27296048	0.424753	0.285714
TRIM35_27296408	0.424753	0.591837
TRIM36_115135626	0.342567	0.489796
TRIM37_59017511	0.369518	0.367347
TRIM37_59028895	0.352774	0.306122
TRIM37_59076653	0.378807	0.326531
TRIM38_25969812	0.387663	0.448980
TRIM39_30337549	0.405646	0.285714
TRIM42_140680711	0.429196	0.530612
TRIM45_117114110	0.408329	0.489796
TRIM45_117114161	0.408329	0.408163
TRIM45_117116773	0.458851	0.428571
TRIM46_155177871	0.555556	0.571429
TRIM46_155177962	0.555556	0.448980
TRIM4_99903634	0.395946	0.428571
TRIM58_247858908	0.415593	0.612245
TRIM59_160449295	0.485342	0.489796
TRIM5_5666116	0.401991	0.346939
TRIM61_164973872	0.420132	0.346939
TRIM66_8620901	0.514161	0.510204
TRIM66_8623160	0.456815	0.489796
TRIM66_8644992	0.454093	0.510204
TRIM67_231201989	0.534696	0.571429
TRIM67_231209441	0.521472	0.551020
TRIM6_5609273	0.444000	0.448980
TRIM6_5610073	0.444000	0.530612
TRIM72_31217776	0.581190	0.408163
TRIM72_31218053	0.581190	0.469388
TRIM77_89712519	0.367089	0.408163
TRIM77_89715659	0.373766	0.428571
TRIM7_181204482	0.642405	0.632653
TRIM9_50999932	0.438252	0.571429
TRIML1_188141400	0.423219	0.591837
TRIOBP_37697901	0.513716	0.612245
TRIOBP_37700515	0.513716	0.612245
TRIOBP_37709325	0.529563	0.673469
TRIOBP_37709585	0.529563	0.714286
TRIOBP_37711258	0.502459	0.408163
TRIOBP_37714942	0.532539	0.571429
TRIOBP_37717160	0.527310	0.510204
TRIOBP_37738470	0.523601	0.469388
TRIOBP_37739289	0.572414	0.612245
TRIOBP_37740026	0.572414	0.571429
TRIOBP_37740412	0.572414	0.591837
TRIOBP_37755891	0.560676	0.551020
TRIOBP_37756638	0.560676	0.632653
TRIOBP_37763026	0.515847	0.612245
TRIOBP_37765485	0.515847	0.591837
TRIOBP_37765490	0.515847	0.591837
TRIOBP_37770222	0.529464	0.632653
TRIOBP_37771375	0.529464	0.551020
TRIO_14197835	0.420491	0.469388
TRIO_14290333	0.422782	0.326531
TRIO_14291318	0.408861	0.448980
TRIO_14296006	0.420371	0.326531
TRIO_14298765	0.437682	0.326531
TRIO_14304305	0.437682	0.489796
TRIO_14365067	0.435144	0.551020
TRIO_14367174	0.438079	0.612245
TRIO_14377809	0.368866	0.387755
TRIO_14390559	0.445000	0.571429
TRIO_14404536	0.469998	0.428571
TRIO_14467421	0.403558	0.489796
TRIO_14480121	0.406710	0.326531
TRIO_14492896	0.439715	0.591837
TRIO_14501697	0.482732	0.551020
TRIO_14501761	0.482732	0.693878
TRIO_14506605	0.545886	0.469388
TRIP10_6741395	0.486647	0.551020
TRIP11_91970996	0.356358	0.306122
TRIP11_91971001	0.356358	0.306122
TRIP11_91998806	0.360634	0.428571
TRIP11_92008217	0.389403	0.448980
TRIP11_92025599	0.407026	0.489796
TRIP12_229779238	0.391073	0.428571
TRIP12_229782779	0.391073	0.367347
TRIP12_229791506	0.384365	0.469388
TRIP12_229830902	0.361600	0.346939
TRIP13_903978	0.460236	0.346939
TRIP4_64397400	0.398264	0.346939
TRIP4_64406171	0.426289	0.489796
TRIP4_64417714	0.409101	0.387755
TRIP6_100869303	0.510313	0.632653
TRIQK_92899924	0.337773	0.387755
TRIT1_39846649	0.433889	0.224490
TRIT1_39848157	0.400792	0.408163
TRIT1_39851641	0.383961	0.489796
TRIT1_39855518	0.415835	0.326531
TRMO_97914507	0.358925	0.346939
TRMT11_125987198	0.405243	0.469388
TRMT11_125998025	0.344433	0.326531
TRMT11_126009333	0.333094	0.265306
TRMT11_126012499	0.339985	0.387755
TRMT1L_185137441	0.366787	0.306122
TRMT1_13110381	0.528774	0.612245
TRMT1_13117112	0.428191	0.428571
TRMT2B_101013069	0.413409	0.591837
TRMT2B_101021020	0.484375	0.571429
TRMT44_8448438	0.504224	0.551020
TRMT44_8468841	0.546219	0.408163
TRMT61A_103531231	0.617958	0.632653
TRMT6_5943129	0.448187	0.387755
TRMT6_5944327	0.306715	0.387755
TRMT6_5947466	0.449519	0.591837
TRMU_46341716	0.473575	0.387755
TRMU_46350764	0.622209	0.632653
TRMU_46352239	0.539326	0.510204
TRNP1_26995400	0.539740	0.530612
TRNT1_3128814	0.520020	0.551020
TRO_54926306	0.500000	0.530612
TRPA1_72028050	0.398484	0.408163
TRPA1_72034409	0.389005	0.204082
TRPA1_72050999	0.378691	0.408163
TRPA1_72068250	0.388568	0.326531
TRPA1_72074714	0.370446	0.551020
TRPC1_142782709	0.332880	0.612245
TRPC1_142803335	0.346201	0.510204
TRPC3_121909505	0.368136	0.489796
TRPC3_121927023	0.369337	0.428571
TRPC3_121930523	0.369337	0.408163
TRPC4AP_35010105	0.537179	0.632653
TRPC4AP_35014081	0.501870	0.591837
TRPC4AP_35036403	0.402240	0.306122
TRPC4AP_35054091	0.401124	0.387755
TRPC5_111852983	0.430931	0.306122
TRPC6_101474917	0.336763	0.469388
TRPC7_136225485	0.480118	0.469388
TRPC7_136226855	0.448803	0.285714
TRPC7_136250363	0.413749	0.428571
TRPM2_44364543	0.617564	0.551020
TRPM2_44379600	0.546591	0.469388
TRPM2_44393824	0.468585	0.448980
TRPM2_44408611	0.445474	0.448980
TRPM2_44423834	0.656836	0.612245
TRPM2_44426838	0.666667	0.775510
TRPM2_44427542	0.514902	0.530612
TRPM4_49171324	0.466412	0.489796
TRPM5_2412316	0.602000	0.612245
TRPM5_2419845	0.563804	0.714286
TRPM6_74738668	0.397878	0.469388
TRPM6_74752987	0.368298	0.530612
TRPM6_74754803	0.368298	0.489796
TRPM6_74811213	0.340559	0.224490
TRPM7_50578147	0.406767	0.346939
TRPM7_50592782	0.351515	0.346939
TRPM8_233926984	0.443808	0.612245
TRPM8_233928643	0.443808	0.387755
TRPM8_233945243	0.378178	0.387755
TRPM8_233947031	0.369915	0.428571
TRPM8_233947035	0.369915	0.387755
TRPM8_233962104	0.426185	0.408163
TRPM8_233965488	0.490821	0.489796
TRPM8_233981551	0.431727	0.469388
TRPM8_234007920	0.411817	0.367347
TRPM8_234014895	0.366112	0.489796
TRPV1_3577032	0.488328	0.571429
TRPV1_3577434	0.627160	0.571429
TRPV1_3586997	0.532950	0.448980
TRPV2_16431533	0.484827	0.612245
TRPV2_16434688	0.575147	0.551020
TRPV3_3520614	0.442978	0.489796
TRPV3_3521303	0.424003	0.530612
TRPV3_3524400	0.475100	0.489796
TRPV3_3532490	0.588259	0.714286
TRPV3_3532937	0.546110	0.673469
TRPV3_3534023	0.546110	0.469388
TRPV3_3545451	0.537632	0.489796
TRPV3_3545455	0.537632	0.489796
TRPV3_3556489	0.594757	0.591837
TRPV4_109797816	0.519120	0.469388
TRPV4_109802802	0.500448	0.448980
TRPV5_142931098	0.517851	0.551020
TRRAP_98892810	0.453113	0.673469
TRRAP_98898358	0.412862	0.530612
TRRAP_98940815	0.433892	0.551020
TRRAP_98952780	0.430157	0.428571
TRRAP_98953781	0.503606	0.448980
TRRAP_98962839	0.469332	0.632653
TRRAP_98972935	0.482037	0.489796
TRRAP_98982670	0.475825	0.530612
TRRAP_99004554	0.493706	0.408163
TRRAP_99008859	0.507229	0.408163
TRUB1_114971386	0.368949	0.306122
TRUB2_128320795	0.491766	0.285714
TSC1_132901168	0.446072	0.387755
TSC1_132920809	0.424256	0.530612
TSC1_132920886	0.424256	0.591837
TSC1_132922586	0.401747	0.469388
TSC1_132934779	0.403618	0.428571
TSC22D1_44435293	0.512069	0.571429
TSC2_2049025	0.485419	0.448980
TSC2_2069052	0.516805	0.551020
TSC2_2073044	0.627467	0.571429
TSC2_2074128	0.627467	0.673469
TSC2_2080125	0.658586	0.530612
TSEN2_12494304	0.410233	0.448980
TSEN2_12494522	0.410233	0.571429
TSEN2_12499189	0.439243	0.469388
TSEN2_12499570	0.439243	0.408163
TSEN54_75518786	0.486931	0.448980
TSFM_57784782	0.427232	0.489796
TSFM_57786768	0.397059	0.469388
TSG101_18481348	0.427565	0.510204
TSGA10IP_65949272	0.451827	0.571429
TSGA10IP_65955373	0.512925	0.530612
TSGA10_99019388	0.355095	0.428571
TSGA10_99067952	0.385331	0.367347
TSGA13_130681089	0.419255	0.448980
TSGA13_130684053	0.386799	0.387755
TSKS_49741703	0.524397	0.530612
TSKS_49742091	0.521267	0.653061
TSKS_49745483	0.611370	0.591837
TSKS_49747594	0.558824	0.551020
TSKU_76788802	0.539659	0.591837
TSNARE1_142244746	0.540895	0.571429
TSNARE1_142314731	0.610320	0.571429
TSNARE1_142332026	0.542360	0.571429
TSNARE1_142347917	0.546889	0.612245
TSNARE1_142350561	0.546889	0.408163
TSNARE1_142352148	0.546889	0.530612
TSNAX_231562071	0.331296	0.326531
TSPAN12_120847495	0.379612	0.428571
TSPAN16_11300275	0.494232	0.551020
TSPAN17_176648086	0.592384	0.612245
TSPAN17_176650747	0.592384	0.632653
TSPAN17_176652059	0.522565	0.530612
TSPAN17_176652555	0.522565	0.408163
TSPAN17_176656015	0.569536	0.612245
TSPAN17_176656421	0.607080	0.489796
TSPAN18_44911132	0.535803	0.530612
TSPAN18_44911751	0.535803	0.612245
TSPAN18_44920262	0.547198	0.551020
TSPAN18_44927235	0.560893	0.591837
TSPAN18_44928962	0.560893	0.591837
TSPAN19_85027479	0.390396	0.428571
TSPAN1_46181357	0.514541	0.591837
TSPAN1_46181672	0.514541	0.571429
TSPAN2_115054861	0.420962	0.612245
TSPAN2_115068953	0.444903	0.653061
TSPAN32_2311036	0.633905	0.693878
TSPAN32_2317805	0.593472	0.469388
TSPAN5_98478235	0.456835	0.448980
TSPAN5_98486452	0.432267	0.265306
TSPAN9_3078769	0.489595	0.428571
TSPAN9_3183818	0.510374	0.591837
TSPAN9_3245772	0.533863	0.448980
TSPAN9_3281629	0.658416	0.673469
TSPEAR_44522260	0.509040	0.632653
TSPEAR_44527203	0.502755	0.551020
TSPEAR_44527904	0.588424	0.653061
TSPEAR_44528769	0.604613	0.571429
TSPEAR_44533251	0.578597	0.591837
TSPOAP1_58313895	0.465758	0.428571
TSPOAP1_58320878	0.541715	0.591837
TSPOAP1_58324381	0.654545	0.795918
TSPOAP1_58327505	0.585947	0.653061
TSPO_43161050	0.580012	0.571429
TSSC1_3196801	0.490420	0.612245
TSSC1_3343315	0.466341	0.367347
TSTA3_143614971	0.652101	0.632653
TSTD1_161038744	0.694175	0.734694
TSTD2_97604926	0.528363	0.571429
TSTD2_97605330	0.528363	0.469388
TSTD2_97606328	0.422625	0.469388
TSTD2_97606342	0.422625	0.489796
TSTD2_97610624	0.427807	0.367347
TSTD2_97610631	0.427807	0.387755
TST_37011681	0.532590	0.428571
TST_37013072	0.532590	0.428571
TTBK1_43244621	0.539337	0.530612
TTBK1_43245191	0.539337	0.428571
TTBK1_43254156	0.553699	0.469388
TTBK1_43259932	0.539585	0.591837
TTBK1_43262535	0.539585	0.387755
TTBK2_42750211	0.405353	0.285714
TTBK2_42777563	0.386334	0.448980
TTBK2_42778360	0.386334	0.367347
TTBK2_42830153	0.389262	0.367347
TTBK2_42830157	0.389262	0.326531
TTBK2_42873491	0.384283	0.551020
TTC12_113328038	0.396116	0.448980
TTC12_113342901	0.414749	0.510204
TTC12_113344085	0.414749	0.571429
TTC12_113356446	0.406289	0.326531
TTC12_113360986	0.406773	0.530612
TTC13_230924067	0.438809	0.387755
TTC13_230932052	0.387165	0.387755
TTC13_230948898	0.370016	0.510204
TTC17_43391301	0.392575	0.551020
TTC17_43402683	0.352194	0.265306
TTC17_43403428	0.352194	0.326531
TTC17_43411926	0.355533	0.367347
TTC17_43444823	0.358122	0.367347
TTC21A_39121291	0.424477	0.428571
TTC21A_39123531	0.424477	0.285714
TTC21A_39129914	0.490885	0.530612
TTC21A_39136704	0.598466	0.693878
TTC21B_165904718	0.342119	0.387755
TTC21B_165941281	0.331858	0.367347
TTC23L_34866553	0.349936	0.306122
TTC23L_34899285	0.410103	0.510204
TTC23_99241189	0.412476	0.612245
TTC25_41949515	0.499876	0.408163
TTC26_139135653	0.423379	0.428571
TTC26_139138240	0.359487	0.285714
TTC26_139164937	0.376491	0.428571
TTC26_139168012	0.362569	0.306122
TTC27_32634637	0.419700	0.183673
TTC27_32634960	0.419700	0.469388
TTC27_32666598	0.381634	0.326531
TTC27_32672109	0.401599	0.326531
TTC27_32672169	0.401599	0.346939
TTC27_32673780	0.390975	0.591837
TTC27_32820414	0.374463	0.326531
TTC28_27995538	0.571101	0.612245
TTC28_27995649	0.571101	0.448980
TTC28_28102417	0.447974	0.551020
TTC28_28559745	0.380994	0.469388
TTC28_28562621	0.380994	0.346939
TTC29_146874446	0.339176	0.346939
TTC29_146906060	0.340634	0.306122
TTC34_2644664	0.599509	0.591837
TTC34_2783884	0.568282	0.653061
TTC34_2785236	0.568282	0.591837
TTC34_2787801	0.539532	0.653061
TTC34_2788831	0.539532	0.653061
TTC37_95504859	0.383639	0.387755
TTC37_95521089	0.276113	0.367347
TTC38_46272945	0.580014	0.653061
TTC38_46274640	0.484720	0.653061
TTC38_46282442	0.543035	0.612245
TTC39A_51289504	0.519542	0.510204
TTC39A_51310874	0.476141	0.367347
TTC39B_15193949	0.370830	0.530612
TTC39B_15200189	0.413138	0.448980
TTC39B_15210786	0.389646	0.244898
TTC39C_24064908	0.372463	0.326531
TTC39C_24114258	0.433382	0.551020
TTC3_37087664	0.364269	0.448980
TTC3_37091085	0.364811	0.448980
TTC3_37154611	0.416050	0.530612
TTC4_54730022	0.399279	0.489796
TTC4_54731120	0.399279	0.428571
TTC6_37681582	0.375000	0.428571
TTC6_37735773	0.340447	0.346939
TTC6_37790445	0.380318	0.448980
TTC6_37807031	0.279357	0.428571
TTC7A_46947044	0.474818	0.428571
TTC7A_46953591	0.475444	0.632653
TTC7A_46953777	0.475444	0.469388
TTC7A_47027081	0.567229	0.632653
TTC7A_47040787	0.529474	0.530612
TTC7A_47052946	0.539716	0.448980
TTC7B_90616427	0.465651	0.571429
TTC7B_90677819	0.428496	0.367347
TTC7B_90678322	0.428496	0.428571
TTC7B_90695848	0.437471	0.346939
TTC7B_90704157	0.437471	0.510204
TTC8_88839215	0.382843	0.367347
TTC8_88854124	0.363174	0.285714
TTF1_132403390	0.469326	0.612245
TTF2_117076946	0.419414	0.346939
TTF2_117085537	0.406584	0.448980
TTF2_117086202	0.406584	0.469388
TTK_80039051	0.305825	0.204082
TTLL11_122035899	0.431423	0.653061
TTLL11_122039467	0.428748	0.428571
TTLL12_43171228	0.584444	0.612245
TTLL12_43171477	0.584444	0.653061
TTLL12_43179127	0.548417	0.612245
TTLL12_43186789	0.565055	0.816327
TTLL13P_90255189	0.501885	0.408163
TTLL13P_90257419	0.540845	0.530612
TTLL1_43042359	0.542589	0.632653
TTLL1_43046602	0.501626	0.469388
TTLL1_43071925	0.494226	0.612245
TTLL2_167339168	0.413528	0.285714
TTLL3_9824380	0.482997	0.448980
TTLL3_9826169	0.481870	0.448980
TTLL4_218740462	0.509915	0.489796
TTLL4_218754075	0.493534	0.428571
TTLL5_75683436	0.447451	0.489796
TTLL5_75706701	0.403382	0.285714
TTLL5_75734512	0.387238	0.510204
TTLL6_48767777	0.467165	0.551020
TTLL7_83917478	0.375962	0.489796
TTLL7_83938471	0.332659	0.346939
TTLL7_83939932	0.332659	0.346939
TTLL9_31920697	0.479538	0.714286
TTLL9_31925788	0.525526	0.612245
TTLL9_31942682	0.456498	0.551020
TTL_112496027	0.419180	0.510204
TTL_112521340	0.444942	0.469388
TTL_112521833	0.444942	0.469388
TTN_178804950	0.348592	0.428571
TTPAL_44485784	0.469249	0.346939
TTYH1_54420080	0.621320	0.591837
TTYH1_54425020	0.550211	0.469388
TTYH1_54429011	0.548857	0.673469
TTYH1_54433988	0.546928	0.632653
TTYH2_74229632	0.512394	0.428571
TTYH2_74257363	0.526886	0.551020
TTYH2_74259762	0.526886	0.530612
TTYH3_2651590	0.566424	0.571429
TTYH3_2652009	0.566424	0.469388
TTYH3_2653470	0.512821	0.530612
TTYH3_2656710	0.582524	0.551020
TTYH3_2660468	0.674962	0.734694
TUB-AS1_8067002	0.521865	0.510204
TUBA3C_19180210	0.519028	0.571429
TUBA3FP_21011705	0.585114	0.510204
TUBA3FP_21011827	0.585114	0.489796
TUBA3FP_21012526	0.585114	0.612245
TUBA4A_219252284	0.601231	0.551020
TUBAL3_5395509	0.436475	0.551020
TUBAL3_5397104	0.436475	0.428571
TUBB3_89926502	0.563762	0.734694
TUBB4A_6499423	0.509181	0.469388
TUBD1_59878933	0.468933	0.387755
TUBD1_59890474	0.473478	0.591837
TUBGCP2_133289556	0.579078	0.530612
TUBGCP2_133298544	0.527757	0.612245
TUBGCP3_112504761	0.429765	0.530612
TUBGCP3_112518149	0.375990	0.510204
TUBGCP3_112552080	0.467857	0.673469
TUBGCP3_112555367	0.465583	0.530612
TUBGCP3_112562528	0.460690	0.612245
TUBGCP4_43375811	0.415005	0.510204
TUBGCP4_43382728	0.370500	0.367347
TUBGCP4_43395918	0.431475	0.387755
TUBGCP5_23019510	0.451219	0.448980
TUBGCP5_23019832	0.451219	0.244898
TUBGCP5_23030069	0.401901	0.530612
TUBGCP5_23037276	0.441871	0.489796
TUBGCP5_23037291	0.441871	0.510204
TUBGCP6_50228982	0.614545	0.551020
TUB_8096334	0.533857	0.489796
TUB_8099451	0.490473	0.469388
TUFT1_151564462	0.468165	0.591837
TUFT1_151569507	0.427946	0.489796
TUFT1_151573403	0.462325	0.387755
TUFT1_151574185	0.462325	0.571429
TULP3_2925920	0.448184	0.469388
TULP3_2934253	0.450873	0.346939
TULP4_158505986	0.495206	0.469388
TUT1_62587188	0.465548	0.408163
TWF1_43801235	0.363533	0.428571
TWISTNB_19700422	0.345265	0.244898
TWISTNB_19700438	0.345265	0.326531
TXK_48083220	0.405239	0.591837
TXLNB_139255220	0.426313	0.448980
TXLNB_139259364	0.426801	0.448980
TXLNG_16819346	0.381026	0.204082
TXLNG_16823061	0.425746	0.367347
TXLNG_16829018	0.424104	0.346939
TXLNG_16830413	0.404628	0.408163
TXLNG_16832072	0.404628	0.510204
TXLNG_16834132	0.379870	0.428571
TXLNG_16840824	0.483786	0.387755
TXN2_36477440	0.487628	0.632653
TXNDC11_11679964	0.473538	0.408163
TXNDC11_11689202	0.407876	0.612245
TXNDC11_11693317	0.469546	0.408163
TXNDC11_11698811	0.428034	0.591837
TXNDC11_11725796	0.413862	0.306122
TXNDC11_11728400	0.413862	0.448980
TXNDC11_11732463	0.397256	0.326531
TXNDC11_11734260	0.394424	0.346939
TXNDC11_11737740	0.449303	0.612245
TXNDC16_52537343	0.375155	0.367347
TXNDC16_52545771	0.405211	0.510204
TXNDC16_52551875	0.405211	0.408163
TXNDC5_7895847	0.456895	0.387755
TXNDC5_7901294	0.451349	0.551020
TXNDC5_7907771	0.498791	0.448980
TXNDC5_7908157	0.498791	0.632653
TXNDC5_7909722	0.498791	0.591837
TXNDC9_99328843	0.427906	0.367347
TXNDC9_99331978	0.427906	0.571429
TXNL4B_72087607	0.389194	0.285714
TXNRD1_104244200	0.422810	0.530612
TXNRD1_104313558	0.389183	0.306122
TXNRD1_104319221	0.347826	0.469388
TXNRD1_104319233	0.347826	0.530612
TXNRD1_104324652	0.459204	0.571429
TXNRD1_104347886	0.419870	0.326531
TXNRD3_126613706	0.382520	0.408163
TXNRD3_126617497	0.412008	0.551020
TXNRD3_126622713	0.353320	0.346939
TYMS_670143	0.473650	0.571429
TYRO3_41567184	0.483769	0.428571
TYRO3_41576634	0.491646	0.387755
TYRO3_41576967	0.491646	0.530612
TYRO3_41576982	0.491646	0.571429
TYRP1_12708380	0.342137	0.346939
TYRP1_12708726	0.342137	0.448980
TYSND1_70144994	0.517956	0.510204
TYW3_74734445	0.374640	0.387755
TYW5_199950721	0.395809	0.551020
TYW5_199951686	0.395809	0.265306
T_166167036	0.678639	0.714286
U2AF2_55667014	0.564889	0.612245
U2SURP_143056128	0.313758	0.346939
U82695.5_153400304	0.547998	0.734694
U82695.5_153401073	0.547998	0.755102
UACA_70691546	0.359704	0.285714
UACA_70693767	0.359704	0.346939
UACA_70723470	0.383782	0.428571
UAP1_162563668	0.427256	0.530612
UAP1_162596317	0.415934	0.632653
UBA1_47207958	0.452801	0.428571
UBA1_47212246	0.488314	0.428571
UBA2_34463459	0.438277	0.387755
UBA3_69059309	0.389432	0.387755
UBA5_132664146	0.368852	0.346939
UBA6_67627348	0.327420	0.469388
UBA6_67638448	0.481974	0.551020
UBA6_67639884	0.298618	0.408163
UBA6_67645453	0.327869	0.469388
UBA6_67674327	0.390817	0.469388
UBA6_67677843	0.237430	0.285714
UBA7_49813647	0.583333	0.571429
UBAC1_135937595	0.487888	0.367347
UBAC1_135938636	0.549543	0.673469
UBAC1_135959846	0.522018	0.551020
UBALD1_4613085	0.637312	0.734694
UBALD2_76270125	0.549953	0.673469
UBAP1L_65093394	0.593725	0.551020
UBAP1_34233974	0.428808	0.489796
UBAP1_34247137	0.452412	0.367347
UBAP1_34249560	0.452412	0.551020
UBAP2L_154251387	0.339506	0.346939
UBAP2L_154260830	0.444316	0.387755
UBAP2_33925120	0.538593	0.632653
UBAP2_33934962	0.447964	0.428571
UBAP2_33988035	0.399532	0.489796
UBAP2_33999124	0.427605	0.408163
UBASH3A_42410049	0.509224	0.428571
UBASH3A_42416007	0.537697	0.448980
UBASH3A_42424284	0.432670	0.571429
UBASH3A_42436436	0.431109	0.551020
UBASH3A_42445818	0.538748	0.571429
UBASH3B_122799820	0.429169	0.428571
UBE2A_119576635	0.371602	0.387755
UBE2D3_102800859	0.332309	0.408163
UBE2D3_102801256	0.332309	0.306122
UBE2D4_43945634	0.463929	0.244898
UBE2D4_43951102	0.471129	0.571429
UBE2E1_23887483	0.408212	0.326531
UBE2E3_180996639	0.350032	0.571429
UBE2F_238021870	0.451079	0.489796
UBE2F_238025172	0.451079	0.551020
UBE2F_238027264	0.455765	0.326531
UBE2F_238038784	0.512063	0.571429
UBE2G1_4332834	0.422033	0.469388
UBE2H_129835160	0.437153	0.510204
UBE2H_129835647	0.437153	0.387755
UBE2H_129836340	0.437153	0.346939
UBE2J2_1260373	0.570174	0.530612
UBE2J2_1262700	0.570174	0.612245
UBE2L3_21586831	0.492527	0.571429
UBE2L5P_30425404	0.477235	0.530612
UBE2L6_57557234	0.463329	0.326531
UBE2L6_57558867	0.463329	0.530612
UBE2L6_57562685	0.472176	0.428571
UBE2O_76397697	0.586489	0.551020
UBE2O_76413300	0.480192	0.408163
UBE2O_76417862	0.480192	0.489796
UBE2Q2_75874907	0.409091	0.367347
UBE2Q2_75877726	0.342214	0.306122
UBE2Q2_75890630	0.319540	0.306122
UBE2T_202333791	0.374040	0.428571
UBE2V2_48049212	0.401289	0.367347
UBE2Z_48911006	0.416795	0.469388
UBE2Z_48921738	0.480940	0.448980
UBE3A_25431165	0.358072	0.387755
UBE3B_109478988	0.424157	0.408163
UBE3B_109489747	0.471200	0.530612
UBE3B_109500627	0.455128	0.591837
UBE3B_109508379	0.399462	0.346939
UBE3B_109511525	0.479582	0.653061
UBE3B_109512079	0.479582	0.571429
UBE3B_109522171	0.551113	0.551020
UBE3C_157172963	0.417637	0.387755
UBE3C_157177762	0.409850	0.551020
UBE3C_157178655	0.409850	0.367347
UBE3C_157220536	0.442023	0.469388
UBE3C_157252786	0.421738	0.367347
UBE3C_157260523	0.433397	0.612245
UBE4A_118364863	0.406897	0.448980
UBE4A_118393737	0.454359	0.551020
UBE4B_10096047	0.412448	0.591837
UBE4B_10144885	0.423196	0.428571
UBE4B_10158088	0.457315	0.326531
UBE4B_10160130	0.449041	0.489796
UBE4B_10160220	0.449041	0.326531
UBE4B_10170785	0.416812	0.265306
UBE4B_10173030	0.455018	0.387755
UBL7_74450880	0.477431	0.469388
UBL7_74452644	0.447160	0.469388
UBL7_74458056	0.448807	0.469388
UBLCP1_159266557	0.432383	0.428571
UBN1_4855082	0.453452	0.591837
UBN1_4867757	0.441656	0.591837
UBN1_4868769	0.441656	0.612245
UBN1_4869193	0.483180	0.448980
UBN1_4876355	0.475627	0.469388
UBN1_4878358	0.481979	0.653061
UBN1_4879720	0.481979	0.408163
UBN2_139259108	0.315133	0.489796
UBN2_139273013	0.413551	0.510204
UBN2_139292909	0.396211	0.367347
UBOX5_3111533	0.548596	0.591837
UBOX5_3119969	0.498732	0.632653
UBP1_33398728	0.388798	0.408163
UBQLN4_156043896	0.495387	0.530612
UBQLN4_156044778	0.468787	0.612245
UBR1_42956145	0.413372	0.469388
UBR1_42964087	0.422475	0.306122
UBR1_42973121	0.398756	0.367347
UBR1_42991166	0.398658	0.551020
UBR1_43017926	0.423162	0.306122
UBR1_43019516	0.423162	0.244898
UBR1_43020747	0.423162	0.489796
UBR1_43032936	0.393965	0.408163
UBR1_43043564	0.383798	0.571429
UBR1_43070491	0.395939	0.489796
UBR2_42632386	0.402485	0.285714
UBR2_42647939	0.367630	0.306122
UBR2_42690293	0.446730	0.510204
UBR2_42690793	0.446730	0.489796
UBR3_169892558	0.354520	0.326531
UBR3_169919172	0.395829	0.448980
UBR3_169927253	0.318966	0.224490
UBR3_169929728	0.387583	0.408163
UBR4_19075948	0.519805	0.551020
UBR4_19083768	0.500000	0.571429
UBR4_19088572	0.483715	0.387755
UBR4_19093651	0.454545	0.591837
UBR4_19093692	0.454545	0.551020
UBR4_19106085	0.465565	0.367347
UBR4_19106089	0.465565	0.367347
UBR4_19122587	0.479268	0.591837
UBR4_19138812	0.391787	0.346939
UBR4_19141953	0.402361	0.469388
UBR4_19147380	0.429435	0.489796
UBR4_19186065	0.402235	0.306122
UBR4_19199978	0.401936	0.346939
UBR5_102261575	0.432061	0.632653
UBR5_102285857	0.408305	0.306122
UBR5_102290857	0.362463	0.428571
UBR5_102304475	0.291803	0.306122
UBR5_102324439	0.358689	0.448980
UBR5_102329591	0.383080	0.530612
UBR7_93224173	0.466725	0.530612
UBXN11_26283950	0.561462	0.632653
UBXN11_26295094	0.576343	0.510204
UBXN11_26297142	0.624130	0.693878
UBXN11_26298832	0.526720	0.387755
UBXN2B_58444387	0.371089	0.489796
UBXN4_135751129	0.407235	0.612245
UBXN4_135755463	0.420500	0.326531
UBXN4_135778523	0.424884	0.448980
UBXN6_4453238	0.591710	0.653061
UBXN7_196357639	0.438463	0.571429
UBXN8_30763457	0.430010	0.469388
UCHL1_41258758	0.438982	0.448980
UCHL5_193024000	0.359352	0.306122
UCKL1_63943843	0.651995	0.632653
UCKL1_63945357	0.644105	0.653061
UCMA_13224576	0.486910	0.387755
UCMA_13232288	0.479885	0.571429
UCMA_13233932	0.492500	0.653061
UCP2_73980384	0.505337	0.428571
UEVLD_18559122	0.432861	0.530612
UEVLD_18559842	0.432861	0.346939
UEVLD_18561471	0.432861	0.551020
UEVLD_18575895	0.417095	0.591837
UFC1_161155224	0.465536	0.448980
UFL1_96541046	0.290885	0.448980
UFL1_96542429	0.290885	0.346939
UFSP2_185408648	0.388469	0.571429
UFSP2_185412263	0.388469	0.387755
UGDH_39504656	0.387363	0.326531
UGDH_39504664	0.387363	0.326531
UGGT1_128093475	0.430068	0.571429
UGGT1_128118817	0.407777	0.571429
UGGT1_128135239	0.384554	0.448980
UGGT1_128154221	0.374226	0.489796
UGGT1_128179615	0.414474	0.265306
UGGT2_95898440	0.340603	0.469388
UGGT2_95993926	0.326933	0.408163
UGT1A1_233766362	0.423325	0.571429
UGT2A3_68948009	0.328206	0.428571
UGT2B4_69490843	0.319748	0.387755
UGT8_114665459	0.359922	0.265306
UHMK1_162499604	0.384935	0.224490
UHMK1_162501581	0.372971	0.367347
UHRF1BP1L_100041277	0.382687	0.367347
UHRF1BP1L_100098641	0.421165	0.591837
UHRF1BP1_34871332	0.441114	0.530612
UHRF1_4937503	0.492591	0.591837
UHRF1_4944130	0.554545	0.612245
UHRF2_6504943	0.380313	0.489796
UIMC1_176907470	0.366543	0.387755
ULBP3_150068821	0.534446	0.612245
ULK1_131908463	0.717626	0.775510
ULK1_131909514	0.744879	0.714286
ULK1_131913479	0.534836	0.591837
ULK1_131919138	0.669811	0.653061
ULK2_19795916	0.300813	0.387755
ULK2_19796964	0.423181	0.428571
ULK2_19819795	0.434724	0.530612
ULK2_19824852	0.434724	0.448980
ULK2_19831138	0.427887	0.448980
ULK2_19841859	0.420852	0.387755
ULK3_74839427	0.646739	0.591837
ULK4_41248574	0.520433	0.448980
ULK4_41914160	0.384140	0.408163
UMAD1_7795493	0.381345	0.448980
UMAD1_7852615	0.371910	0.408163
UMODL1_42072448	0.535993	0.428571
UMODL1_42073269	0.535993	0.612245
UMODL1_42073658	0.535993	0.571429
UMODL1_42084035	0.557810	0.489796
UMODL1_42092044	0.475787	0.653061
UMODL1_42106378	0.570188	0.469388
UMODL1_42116496	0.488960	0.612245
UMODL1_42127595	0.559441	0.448980
UNC119B_120714745	0.462037	0.469388
UNC13A_17618011	0.572680	0.530612
UNC13A_17620461	0.538150	0.653061
UNC13A_17629711	0.483557	0.469388
UNC13A_17630494	0.523288	0.408163
UNC13A_17630563	0.523288	0.551020
UNC13A_17642413	0.454193	0.448980
UNC13A_17643242	0.519720	0.591837
UNC13A_17646704	0.574154	0.653061
UNC13A_17652972	0.506163	0.510204
UNC13A_17670561	0.517586	0.448980
UNC13B_35230034	0.355122	0.448980
UNC13B_35236829	0.438172	0.510204
UNC13B_35367998	0.401625	0.387755
UNC13B_35370199	0.401625	0.469388
UNC13B_35380969	0.500000	0.530612
UNC13B_35382022	0.503925	0.530612
UNC13B_35390807	0.457386	0.387755
UNC13B_35395711	0.457386	0.387755
UNC13B_35399963	0.471731	0.510204
UNC13B_35400727	0.489166	0.387755
UNC13C_54298537	0.352606	0.346939
UNC13D_75833563	0.541302	0.367347
UNC45A_90948018	0.605578	0.551020
UNC45B_35149756	0.507707	0.571429
UNC45B_35151532	0.491945	0.551020
UNC45B_35154447	0.402263	0.408163
UNC45B_35165484	0.492810	0.510204
UNC45B_35165495	0.492810	0.469388
UNC50_98614313	0.418565	0.510204
UNC50_98614469	0.418565	0.448980
UNC50_98614785	0.418565	0.367347
UNC5A_176864475	0.597843	0.510204
UNC5A_176867830	0.597843	0.571429
UNC5A_176874766	0.608381	0.448980
UNC5A_176875942	0.608381	0.571429
UNC5B_71251217	0.536192	0.489796
UNC5B_71284328	0.545571	0.612245
UNC5B_71286488	0.559968	0.530612
UNC5B_71286612	0.559968	0.530612
UNC5B_71297686	0.567753	0.591837
UNC5CL_41030829	0.521081	0.489796
UNC5C_95169942	0.411141	0.387755
UNC5D_35724102	0.413472	0.632653
UNC5D_35726150	0.413472	0.408163
UNC5D_35730541	0.379518	0.489796
UNC79_93492674	0.411438	0.469388
UNC79_93579817	0.341487	0.387755
UNC79_93594891	0.437660	0.346939
UNC79_93644021	0.377320	0.306122
UNC79_93656170	0.413474	0.530612
UNC79_93688444	0.427359	0.551020
UNC79_93706480	0.487482	0.387755
UNC80_209788909	0.331837	0.428571
UNC93A_167292744	0.537755	0.469388
UNC93A_167295034	0.612903	0.571429
UNC93A_167295104	0.612903	0.653061
UNC93A_167296373	0.448604	0.530612
UNC93A_167296487	0.448604	0.632653
UNC93A_167297195	0.448604	0.428571
UNC93A_167299989	0.489398	0.653061
UNC93A_167300941	0.489398	0.387755
UNC93A_167304961	0.522179	0.653061
UNC93A_167312655	0.500550	0.510204
UNKL_1400001	0.556365	0.571429
UNK_75821151	0.568834	0.551020
UPB1_24499903	0.521853	0.530612
UPF1_18845817	0.522564	0.510204
UPF1_18854281	0.589600	0.693878
UPF1_18855891	0.552786	0.571429
UPF1_18858045	0.543236	0.571429
UPF2_11924131	0.446418	0.387755
UPF2_11926921	0.446418	0.489796
UPF2_11928408	0.446418	0.346939
UPF2_11943592	0.377885	0.387755
UPF2_11952375	0.367874	0.306122
UPF2_11960027	0.421969	0.428571
UPF2_11960614	0.421969	0.367347
UPF2_11964732	0.348989	0.306122
UPF2_12029836	0.425732	0.591837
UPF3A_114292153	0.485739	0.489796
UPF3A_114292368	0.485739	0.530612
UPF3B_119851927	0.458287	0.367347
UPK1B_119190022	0.449978	0.408163
UPK3A_45290016	0.539014	0.469388
UPK3B_76512085	0.662781	0.734694
UPK3B_76513725	0.667944	0.673469
UPK3B_76514618	0.579545	0.612245
UPP1_48102789	0.484018	0.551020
UPP2_158103967	0.390385	0.326531
UPP2_158104293	0.390385	0.387755
UPRT_75294093	0.384860	0.408163
UQCC1_35352950	0.422112	0.591837
UQCC1_35367850	0.413133	0.408163
UQCC1_35380871	0.383501	0.387755
UQCR11_1599987	0.563201	0.653061
UQCRC1_48605295	0.512639	0.469388
UQCRC2_21981339	0.434437	0.367347
URB1_32323879	0.505247	0.591837
URB1_32334715	0.519754	0.530612
URB1_32343651	0.387849	0.244898
URB1_32348292	0.500000	0.510204
URB1_32349058	0.500000	0.530612
URB1_32353200	0.500000	0.571429
URB1_32359998	0.473588	0.489796
URB1_32364859	0.489355	0.469388
URB1_32367061	0.442016	0.448980
URB1_32388268	0.465839	0.428571
URB2_229634824	0.398624	0.326531
URB2_229647009	0.457792	0.591837
URB2_229656062	0.411590	0.530612
URI1_29985400	0.283673	0.448980
UROC1_126489098	0.534137	0.571429
UROC1_126489832	0.541749	0.367347
UROC1_126490056	0.541749	0.551020
UROC1_126495014	0.528543	0.591837
UROC1_126495978	0.528543	0.612245
UROC1_126499147	0.613402	0.551020
UROC1_126504483	0.507730	0.489796
UROC1_126516844	0.538609	0.510204
UROS_125795711	0.513345	0.408163
UROS_125813913	0.410565	0.469388
UROS_125813926	0.410565	0.510204
USB1_58019578	0.514286	0.530612
USF2_35273922	0.541953	0.571429
USF3_113667593	0.401156	0.408163
USH1C_17497518	0.517804	0.408163
USH1C_17498688	0.525369	0.489796
USH1C_17500867	0.525369	0.653061
USH1C_17523594	0.474280	0.530612
USH1C_17527331	0.522763	0.612245
USH1C_17527396	0.522763	0.632653
USH2A_216326341	0.330487	0.387755
USH2A_216419200	0.343317	0.489796
USHBP1_17255782	0.489583	0.591837
USP10_84774632	0.467664	0.448980
USP12_27093643	0.386255	0.367347
USP13_179726819	0.479823	0.489796
USP13_179753629	0.391433	0.346939
USP14_163865	0.373537	0.510204
USP14_192715	0.364022	0.428571
USP15_62320418	0.330533	0.387755
USP15_62390604	0.266286	0.285714
USP16_29050430	0.431962	0.387755
USP16_29051930	0.431962	0.326531
USP19_49109738	0.529058	0.469388
USP19_49112629	0.507342	0.428571
USP1_62448285	0.400839	0.346939
USP20_129852538	0.455832	0.591837
USP20_129853163	0.480926	0.571429
USP20_129858262	0.533898	0.408163
USP20_129864901	0.480779	0.428571
USP20_129880079	0.634615	0.632653
USP22_21010233	0.473050	0.469388
USP22_21018143	0.482510	0.530612
USP22_21020163	0.465490	0.530612
USP22_21021471	0.454272	0.448980
USP22_21024842	0.454272	0.673469
USP24_55069566	0.479675	0.510204
USP24_55070345	0.479675	0.469388
USP24_55072011	0.451531	0.551020
USP24_55079803	0.379061	0.469388
USP24_55087876	0.407748	0.469388
USP24_55088290	0.407748	0.469388
USP24_55090019	0.418054	0.367347
USP24_55090773	0.418054	0.448980
USP24_55099480	0.431518	0.510204
USP24_55176720	0.334865	0.306122
USP24_55184160	0.383065	0.551020
USP25_15764883	0.330581	0.469388
USP25_15797148	0.330944	0.346939
USP25_15814260	0.401229	0.469388
USP25_15828481	0.344454	0.489796
USP25_15836041	0.364787	0.244898
USP28_113804058	0.325786	0.285714
USP28_113824712	0.411382	0.653061
USP31_23084743	0.407906	0.428571
USP31_23107935	0.422978	0.387755
USP32_60193071	0.414712	0.448980
USP32_60207313	0.335853	0.265306
USP32_60218140	0.390603	0.428571
USP32_60255530	0.380873	0.612245
USP33_77714975	0.370564	0.408163
USP33_77729452	0.415867	0.612245
USP34_61226268	0.328912	0.448980
USP34_61248237	0.369405	0.346939
USP34_61314000	0.289828	0.265306
USP34_61315409	0.416947	0.551020
USP34_61391203	0.380254	0.551020
USP35_78194960	0.530517	0.551020
USP35_78201128	0.479436	0.469388
USP35_78208806	0.539335	0.653061
USP35_78213238	0.446743	0.632653
USP36_78804517	0.484152	0.367347
USP36_78805518	0.484152	0.653061
USP37_218465587	0.429436	0.469388
USP37_218483028	0.368037	0.346939
USP37_218496033	0.431856	0.551020
USP37_218549361	0.366213	0.265306
USP38_143216970	0.319193	0.346939
USP39_85627408	0.450785	0.265306
USP3_63535797	0.354181	0.469388
USP3_63570302	0.382947	0.571429
USP3_63573014	0.361512	0.469388
USP40_233479944	0.552311	0.591837
USP40_233480015	0.552311	0.469388
USP40_233480122	0.552311	0.673469
USP40_233491478	0.374018	0.448980
USP40_233497583	0.411079	0.489796
USP40_233529069	0.402808	0.469388
USP40_233530582	0.360817	0.428571
USP40_233554143	0.339511	0.346939
USP40_233559415	0.381225	0.204082
USP42_6106172	0.463559	0.265306
USP42_6111065	0.463559	0.428571
USP42_6113197	0.428065	0.489796
USP42_6115203	0.428065	0.510204
USP42_6146936	0.473826	0.632653
USP42_6153085	0.475223	0.510204
USP43_9667013	0.454110	0.428571
USP43_9671386	0.454110	0.448980
USP43_9674770	0.454110	0.448980
USP43_9694251	0.456995	0.551020
USP45_99437856	0.346138	0.408163
USP45_99444786	0.401593	0.591837
USP45_99505294	0.408478	0.306122
USP46_52602478	0.422731	0.551020
USP47_11904120	0.317121	0.285714
USP47_11920833	0.299686	0.428571
USP47_11925789	0.325741	0.428571
USP47_11934587	0.327419	0.489796
USP48_21690350	0.424487	0.469388
USP48_21690355	0.424487	0.510204
USP48_21692151	0.424487	0.408163
USP48_21729024	0.386179	0.612245
USP48_21749185	0.417620	0.326531
USP4_49307187	0.461213	0.551020
USP50_50542423	0.397771	0.387755
USP53_119247465	0.357143	0.448980
USP53_119265145	0.342255	0.469388
USP53_119291481	0.312268	0.346939
USP54_73543205	0.435162	0.408163
USP54_73566975	0.406595	0.571429
USP5_6863143	0.395534	0.591837
USP6NL_11495051	0.409680	0.571429
USP6NL_11518214	0.374986	0.428571
USP6NL_11520591	0.356923	0.469388
USP6NL_11547760	0.375648	0.571429
USP6_5131734	0.620105	0.673469
USP7_8908685	0.455536	0.387755
USP7_8930106	0.454281	0.489796
USP8_50444643	0.404882	0.448980
USP8_50473640	0.412626	0.551020
USP9X_41125934	0.365498	0.408163
USP9X_41129770	0.374297	0.551020
USP9X_41147687	0.351149	0.571429
USP9X_41147947	0.351149	0.551020
USP9X_41187235	0.405486	0.408163
USP9X_41201556	0.377424	0.428571
USP9X_41215659	0.345669	0.346939
USP9Y_12703344	0.366525	0.489796
USP9Y_12703578	0.366525	0.489796
USP9Y_12727330	0.379678	0.346939
USP9Y_12791269	0.310559	0.469388
USP9Y_12812113	0.350191	0.469388
USP9Y_12813526	0.382612	0.387755
USP9Y_12853492	0.391922	0.612245
USPL1_30655662	0.363964	0.346939
USPL1_30656707	0.363964	0.367347
UTP11_38014320	0.457773	0.469388
UTP11_38022269	0.444947	0.632653
UTP14A_129919974	0.509824	0.551020
UTP18_51280995	0.407345	0.469388
UTP18_51282784	0.407345	0.346939
UTP20_101298815	0.393985	0.346939
UTP20_101299595	0.393985	0.367347
UTP20_101314253	0.416651	0.469388
UTP20_101343815	0.361093	0.448980
UTP20_101351466	0.395170	0.346939
UTP20_101370788	0.323887	0.306122
UTP20_101371448	0.465306	0.530612
UTP4_69133932	0.428664	0.469388
UTP4_69152631	0.463233	0.408163
UTP6_31886235	0.411414	0.489796
UTP6_31900751	0.433795	0.428571
UTRN_144447935	0.295844	0.224490
UTRN_144454520	0.349796	0.448980
UTRN_144513784	0.342908	0.428571
UTRN_144531642	0.357598	0.510204
UTRN_144799370	0.360555	0.448980
UTS2_7847932	0.481503	0.306122
UTY_13304181	0.309098	0.265306
UTY_13355637	0.261450	0.285714
UVRAG_76013986	0.361520	0.428571
UVSSA_1348566	0.545727	0.551020
UVSSA_1354428	0.645723	0.673469
UVSSA_1360898	0.588225	0.591837
UVSSA_1368451	0.571988	0.653061
UVSSA_1368671	0.571988	0.632653
UVSSA_1371064	0.571988	0.571429
UVSSA_1375631	0.649524	0.632653
UVSSA_1383071	0.600288	0.673469
UXS1_106098947	0.480298	0.489796
UXS1_106109109	0.515241	0.448980
UXS1_106110646	0.515241	0.408163
UXS1_106111390	0.515241	0.551020
UXS1_106112285	0.515241	0.612245
UXS1_106117645	0.463054	0.510204
UXT_47654028	0.428146	0.306122
VAC14_70693724	0.599145	0.551020
VAMP1_6469983	0.474629	0.510204
VAMP3_7771632	0.515564	0.775510
VAMP5_85591388	0.515281	0.489796
VAMP7_155895507	0.418802	0.448980
VANGL1_115643016	0.451687	0.510204
VANGL1_115644034	0.451687	0.428571
VANGL1_115644862	0.451687	0.428571
VANGL1_115648392	0.451687	0.469388
VANGL1_115649955	0.451687	0.489796
VANGL1_115650043	0.451687	0.448980
VANGL1_115660208	0.437966	0.489796
VANGL1_115682961	0.442600	0.612245
VANGL2_160416733	0.534587	0.510204
VANGL2_160420253	0.564295	0.632653
VANGL2_160424704	0.507194	0.469388
VAPA_9920097	0.369692	0.489796
VARS2_30918050	0.495098	0.346939
VARS_31782907	0.532000	0.510204
VASH1_76763566	0.505855	0.428571
VASH1_76772619	0.556614	0.489796
VASH1_76777606	0.579822	0.591837
VASN_4374055	0.625915	0.571429
VASP_45518666	0.526185	0.530612
VAV1_6829380	0.597740	0.612245
VAV1_6829784	0.597740	0.510204
VAV1_6842989	0.449375	0.571429
VAV1_6847996	0.398261	0.632653
VAV1_6854180	0.468020	0.591837
VAV2_133778655	0.600154	0.632653
VAV2_133783686	0.590345	0.673469
VAV2_133788620	0.656291	0.653061
VAV2_133797113	0.615190	0.530612
VAV2_133803162	0.600411	0.571429
VAV2_133986242	0.560761	0.632653
VAV3_107579315	0.375324	0.387755
VAV3_107754740	0.377131	0.469388
VAV3_107775825	0.407568	0.530612
VAX1_117136338	0.559852	0.530612
VCAM1_100725471	0.366935	0.265306
VCL_74097878	0.422407	0.489796
VCL_74104822	0.439394	0.469388
VCL_74107629	0.434406	0.530612
VCL_74111522	0.451959	0.346939
VCL_74114717	0.452088	0.510204
VCL_74114721	0.452088	0.510204
VCPKMT_50112767	0.410863	0.387755
VDAC1_133974027	0.458952	0.387755
VDAC1_133974630	0.458952	0.367347
VDAC1_133991760	0.433536	0.408163
VDAC1_133992739	0.515254	0.469388
VDAC3_42402303	0.414672	0.489796
VDR_47845871	0.539503	0.551020
VDR_47865398	0.481291	0.306122
VEGFA_43773108	0.622853	0.673469
VEGFB_64236864	0.535506	0.632653
VEGFC_176687552	0.316667	0.408163
VEGFD_15354720	0.374054	0.428571
VEGFD_15357520	0.373521	0.510204
VENTX_133239557	0.586184	0.653061
VEZT_95257014	0.400354	0.367347
VEZT_95257073	0.400354	0.306122
VEZT_95269449	0.357519	0.530612
VEZT_95295505	0.389154	0.489796
VIL1_218431716	0.520450	0.510204
VIL1_218437568	0.480297	0.346939
VILL_37998838	0.617916	0.693878
VIM_17232157	0.374826	0.265306
VIPAS39_77428501	0.461394	0.408163
VIPAS39_77456195	0.400067	0.387755
VIPR1_42514858	0.563377	0.489796
VIPR1_42524769	0.522270	0.530612
VIPR1_42525721	0.522270	0.673469
VIPR1_42531613	0.630996	0.510204
VIPR1_42532123	0.553763	0.551020
VIPR2_159143746	0.508506	0.367347
VIT_36774916	0.479203	0.387755
VIT_36775897	0.450193	0.408163
VKORC1L1_65935166	0.411690	0.428571
VLDLR_2635374	0.441317	0.489796
VLDLR_2639208	0.391041	0.510204
VNN1_132683550	0.395257	0.367347
VOPP1_55496537	0.498267	0.673469
VPS11_119069149	0.479325	0.387755
VPS11_119071963	0.469719	0.326531
VPS13A_77210818	0.359355	0.367347
VPS13A_77224797	0.364193	0.306122
VPS13A_77337165	0.332620	0.285714
VPS13A_77359857	0.324801	0.367347
VPS13A_77369553	0.318720	0.408163
VPS13A_77370019	0.318720	0.469388
VPS13B_99139333	0.355088	0.387755
VPS13B_99274792	0.259358	0.244898
VPS13B_99779480	0.356048	0.326531
VPS13B_99856389	0.486428	0.591837
VPS13B_99857551	0.486428	0.489796
VPS13B_99863712	0.472722	0.510204
VPS13B_99870783	0.448038	0.408163
VPS13B_99875122	0.450538	0.306122
VPS13C_61910956	0.307692	0.285714
VPS13C_61912937	0.354518	0.428571
VPS13C_61930619	0.320656	0.346939
VPS13C_61936447	0.360265	0.571429
VPS13C_61957287	0.344683	0.408163
VPS13C_61972161	0.364754	0.367347
VPS13C_62040882	0.318291	0.387755
VPS13D_12235190	0.435759	0.469388
VPS13D_12241000	0.435759	0.530612
VPS13D_12241949	0.435759	0.489796
VPS13D_12255504	0.422586	0.591837
VPS13D_12262543	0.400833	0.510204
VPS13D_12278917	0.396575	0.510204
VPS13D_12281578	0.390308	0.489796
VPS13D_12286408	0.418190	0.346939
VPS13D_12302613	0.387815	0.367347
VPS13D_12311354	0.444168	0.387755
VPS13D_12311358	0.444168	0.387755
VPS13D_12315197	0.402778	0.326531
VPS13D_12318723	0.415876	0.306122
VPS13D_12319495	0.415876	0.469388
VPS13D_12319966	0.408173	0.591837
VPS13D_12324659	0.434187	0.387755
VPS13D_12328933	0.428571	0.489796
VPS13D_12333056	0.413970	0.489796
VPS13D_12342660	0.425469	0.489796
VPS13D_12344469	0.404393	0.489796
VPS13D_12355085	0.369708	0.408163
VPS13D_12369317	0.378286	0.387755
VPS13D_12379202	0.329241	0.448980
VPS13D_12383930	0.403517	0.489796
VPS13D_12384125	0.403517	0.428571
VPS13D_12508131	0.524180	0.489796
VPS13D_12508375	0.524180	0.551020
VPS26B_134242994	0.478907	0.612245
VPS33B_91009879	0.437453	0.326531
VPS33B_91018157	0.450562	0.530612
VPS35_46663191	0.408705	0.224490
VPS36_52435480	0.375267	0.306122
VPS36_52449528	0.420340	0.408163
VPS37A_17277623	0.321629	0.285714
VPS37A_17280691	0.336560	0.387755
VPS37A_17293301	0.416053	0.367347
VPS37C_61137887	0.508942	0.693878
VPS39_42175770	0.419931	0.530612
VPS39_42190761	0.426931	0.306122
VPS41_38747175	0.373667	0.367347
VPS41_38755012	0.377696	0.469388
VPS41_38755016	0.377696	0.448980
VPS41_38829018	0.364486	0.306122
VPS52_33266919	0.530526	0.551020
VPS53_519450	0.571158	0.591837
VPS53_536207	0.488581	0.673469
VPS53_560730	0.456713	0.448980
VPS53_628385	0.444545	0.571429
VPS53_654853	0.495674	0.571429
VPS54_63914509	0.363706	0.408163
VPS54_63920228	0.320000	0.387755
VPS54_63949313	0.341089	0.265306
VPS54_63971409	0.367675	0.326531
VPS8_184826056	0.404503	0.306122
VPS8_184850781	0.343561	0.428571
VPS8_184852336	0.343561	0.285714
VPS8_184915316	0.375415	0.326531
VPS8_184935964	0.341730	0.428571
VPS8_184936162	0.341730	0.489796
VPS9D1_89707954	0.639831	0.653061
VRK1_96836666	0.375545	0.653061
VRK1_96852629	0.377689	0.571429
VRK2_58131585	0.332167	0.448980
VRK3_49994055	0.534659	0.571429
VRK3_50014141	0.479211	0.551020
VRK3_50022114	0.500758	0.591837
VSIG10L_51338250	0.443299	0.367347
VSIG1_108068138	0.398593	0.530612
VSIG1_108069303	0.398593	0.530612
VSIG1_108075228	0.399335	0.326531
VSIG2_124748965	0.485170	0.428571
VSIG4_66039841	0.344348	0.510204
VSIG8_159861058	0.535674	0.469388
VSIR_71755015	0.526740	0.469388
VSIR_71757573	0.484170	0.571429
VSNL1_17627169	0.447641	0.551020
VSNL1_17652887	0.452701	0.571429
VSTM1_54055434	0.464343	0.448980
VSTM1_54058986	0.493714	0.408163
VSTM1_54060258	0.493714	0.428571
VSTM2A_54544503	0.426600	0.530612
VSTM2A_54545920	0.645505	0.591837
VSTM2L_37932137	0.535179	0.530612
VSX1_25081267	0.463855	0.632653
VSX2_74244647	0.507440	0.489796
VTA1_142195295	0.335355	0.346939
VTCN1_117147865	0.388093	0.367347
VTI1A_112668489	0.337963	0.367347
VWA2_114258069	0.436858	0.408163
VWA2_114260940	0.436858	0.428571
VWA2_114274849	0.491665	0.551020
VWA2_114279104	0.521834	0.612245
VWA2_114285139	0.490702	0.571429
VWA3A_22110640	0.514155	0.571429
VWA3A_22111103	0.443934	0.448980
VWA3A_22117936	0.478841	0.387755
VWA3A_22120710	0.439175	0.530612
VWA3A_22136390	0.480235	0.591837
VWA3B_98117164	0.446859	0.510204
VWA5A_124120857	0.363566	0.408163
VWA5B1_20310873	0.525537	0.387755
VWA5B1_20311497	0.525537	0.510204
VWA5B1_20313545	0.472618	0.489796
VWA5B1_20318059	0.536105	0.551020
VWA5B1_20322771	0.527150	0.428571
VWA5B1_20323272	0.527150	0.632653
VWA5B1_20337945	0.457454	0.530612
VWA5B1_20340590	0.457454	0.448980
VWA5B1_20353184	0.496212	0.530612
VWA5B2_184231800	0.538496	0.510204
VWA5B2_184239280	0.484615	0.612245
VWA8_41611307	0.404667	0.448980
VWA8_41611864	0.409189	0.285714
VWA8_41613694	0.409189	0.387755
VWA8_41703092	0.364560	0.367347
VWA8_41731866	0.360117	0.591837
VWA8_41833601	0.361601	0.428571
VWCE_61263750	0.462891	0.551020
VWCE_61278305	0.520140	0.469388
VWF_6110752	0.515901	0.510204
VWF_6121583	0.445887	0.265306
WAPL_86471687	0.342391	0.510204
WARS_100347022	0.502339	0.489796
WARS_100347052	0.502339	0.530612
WARS_100360435	0.399866	0.510204
WASF2_27410441	0.454123	0.408163
WASF2_27417584	0.421514	0.408163
WASF3_26676029	0.379689	0.306122
WASHC1_18613	0.541837	0.591837
WASHC1_19025	0.541837	0.632653
WASHC1_19385	0.541837	0.673469
WASHC1_21072	0.541837	0.571429
WASHC3_102044882	0.314503	0.408163
WASHC4_105116564	0.332352	0.326531
WASHC4_105118270	0.332352	0.448980
WASHC4_105136258	0.343946	0.387755
WASHC4_105154701	0.365466	0.367347
WASHC5_125045620	0.441786	0.489796
WASHC5_125046998	0.441786	0.571429
WASHC5_125068998	0.434382	0.408163
WASHC5_125074475	0.315601	0.367347
WASHC5_125081913	0.323671	0.489796
WASHC5_125085792	0.422155	0.408163
WBP11_14791072	0.331742	0.326531
WBP4_41064150	0.320574	0.265306
WBSCR17_71409699	0.433041	0.530612
WBSCR17_71417601	0.465731	0.510204
WBSCR22_73696462	0.520540	0.428571
WDCP_24035401	0.391966	0.326531
WDFY1_223909448	0.426172	0.448980
WDFY2_51746414	0.394511	0.551020
WDFY3_84695069	0.403132	0.551020
WDFY3_84757875	0.367137	0.306122
WDFY3_84783930	0.395661	0.408163
WDFY3_84800904	0.348772	0.591837
WDFY3_84816036	0.334185	0.265306
WDFY4_48726266	0.486776	0.387755
WDFY4_48729430	0.512415	0.612245
WDFY4_48738751	0.425112	0.510204
WDFY4_48780759	0.382881	0.571429
WDFY4_48785635	0.382881	0.306122
WDFY4_48790252	0.522267	0.489796
WDFY4_48794887	0.463941	0.489796
WDFY4_48813910	0.465302	0.551020
WDFY4_48818249	0.500354	0.448980
WDFY4_48819557	0.500354	0.632653
WDFY4_48822683	0.411565	0.551020
WDFY4_48827583	0.385974	0.469388
WDFY4_48895905	0.476955	0.632653
WDFY4_48899337	0.509448	0.489796
WDFY4_48899589	0.509448	0.408163
WDFY4_48961781	0.470457	0.469388
WDHD1_54965737	0.432465	0.591837
WDHD1_54982509	0.393919	0.387755
WDHD1_55012765	0.359127	0.469388
WDPCP_63436881	0.339839	0.387755
WDR12_202906501	0.381616	0.387755
WDR17_176113300	0.299365	0.367347
WDR17_176133894	0.304838	0.408163
WDR17_176136603	0.302720	0.367347
WDR17_176144752	0.364331	0.367347
WDR17_176148695	0.346023	0.428571
WDR17_176169661	0.316903	0.387755
WDR17_176173159	0.382667	0.346939
WDR17_176174272	0.377706	0.428571
WDR18_986943	0.588220	0.530612
WDR19_39225446	0.347922	0.367347
WDR19_39254214	0.329664	0.346939
WDR19_39276878	0.459000	0.510204
WDR1_10078457	0.607884	0.428571
WDR1_10085631	0.593514	0.530612
WDR1_10098827	0.540909	0.612245
WDR1_10100357	0.539109	0.510204
WDR25_100526269	0.512058	0.653061
WDR26_224401410	0.366964	0.408163
WDR27_169640747	0.499801	0.551020
WDR31_113318740	0.444444	0.510204
WDR31_113332923	0.408308	0.591837
WDR33_127715042	0.452601	0.571429
WDR33_127715727	0.452601	0.326531
WDR33_127727015	0.376419	0.591837
WDR33_127727019	0.376419	0.551020
WDR33_127766607	0.364166	0.408163
WDR34_128640499	0.537865	0.489796
WDR35_19946066	0.290948	0.306122
WDR35_19974773	0.320312	0.367347
WDR35_19977924	0.380952	0.489796
WDR35_19984301	0.374962	0.306122
WDR35_19985034	0.374962	0.428571
WDR35_19986682	0.374962	0.489796
WDR37_1077016	0.444682	0.244898
WDR37_1094731	0.459783	0.448980
WDR37_1126536	0.482569	0.469388
WDR3_117956047	0.290813	0.306122
WDR41_77438404	0.355365	0.428571
WDR43_28906888	0.424767	0.448980
WDR43_28927524	0.345168	0.326531
WDR44_118378647	0.369866	0.244898
WDR44_118407441	0.410236	0.551020
WDR44_118435892	0.353034	0.408163
WDR44_118436481	0.353034	0.285714
WDR45B_82629675	0.521080	0.612245
WDR45B_82630181	0.521080	0.489796
WDR45B_82646810	0.516235	0.489796
WDR45B_82647521	0.516235	0.591837
WDR46_33279674	0.627451	0.632653
WDR46_33280252	0.609155	0.571429
WDR47_109012256	0.378888	0.408163
WDR48_39083448	0.411413	0.571429
WDR4_42850330	0.621769	0.673469
WDR4_42862432	0.621053	0.510204
WDR4_42875000	0.472093	0.612245
WDR4_42878188	0.497158	0.469388
WDR59_74889394	0.422993	0.387755
WDR59_74909132	0.485660	0.571429
WDR59_74922883	0.428650	0.367347
WDR59_74923450	0.428650	0.326531
WDR59_74942481	0.459181	0.469388
WDR59_74948373	0.461876	0.551020
WDR59_74950599	0.498493	0.571429
WDR59_74956848	0.427963	0.530612
WDR5_134138223	0.546283	0.551020
WDR5_134144491	0.522988	0.428571
WDR5_134145488	0.522988	0.489796
WDR5_134148248	0.522988	0.408163
WDR5_134153826	0.623563	0.551020
WDR60_158875081	0.468094	0.346939
WDR60_158876960	0.525401	0.367347
WDR60_158879050	0.525401	0.693878
WDR60_158909737	0.460059	0.469388
WDR60_158913637	0.404049	0.367347
WDR60_158918668	0.438660	0.244898
WDR60_158921141	0.500428	0.367347
WDR60_158922653	0.498531	0.591837
WDR60_158941731	0.415729	0.489796
WDR61_78290423	0.400636	0.346939
WDR62_36056454	0.486643	0.530612
WDR62_36078132	0.445893	0.306122
WDR63_85072739	0.420802	0.591837
WDR63_85104420	0.386189	0.489796
WDR63_85104469	0.386189	0.224490
WDR64_241784458	0.418178	0.367347
WDR64_241790557	0.407277	0.326531
WDR66_121957827	0.435693	0.448980
WDR66_121962312	0.483097	0.448980
WDR66_121974274	0.492366	0.469388
WDR70_37394728	0.420780	0.489796
WDR70_37697617	0.383061	0.326531
WDR70_37698434	0.373902	0.428571
WDR72_53518990	0.353103	0.346939
WDR72_53713129	0.374189	0.326531
WDR75_189446717	0.399412	0.448980
WDR75_189448126	0.399412	0.489796
WDR75_189471584	0.371636	0.387755
WDR76_43836692	0.363932	0.346939
WDR76_43840248	0.415115	0.387755
WDR76_43849812	0.423635	0.653061
WDR76_43850730	0.423635	0.428571
WDR76_43850735	0.423635	0.428571
WDR76_43857637	0.421367	0.489796
WDR76_43865979	0.431555	0.448980
WDR78_66873359	0.366249	0.530612
WDR78_66891862	0.368502	0.326531
WDR7_56676398	0.382455	0.306122
WDR7_56686300	0.328467	0.428571
WDR81_1735479	0.544649	0.653061
WDR81_1735483	0.544649	0.653061
WDR82_52268208	0.412402	0.489796
WDR83_12675244	0.535358	0.510204
WDR88_33156205	0.457573	0.551020
WDR88_33156290	0.457573	0.530612
WDR93_89728848	0.447462	0.632653
WDR93_89731307	0.459056	0.510204
WDR93_89733780	0.421586	0.387755
WDR93_89738412	0.470425	0.632653
WDR93_89743082	0.470425	0.489796
WDR93_89743175	0.470425	0.530612
WDSUB1_159251140	0.384876	0.591837
WDSUB1_159258173	0.397478	0.367347
WDTC1_27290909	0.517804	0.489796
WDTC1_27302823	0.502548	0.489796
WDYHV1_123434248	0.454588	0.387755
WDYHV1_123439650	0.467137	0.469388
WFDC10B_45704664	0.480337	0.551020
WFDC6_45539166	0.479542	0.469388
WFDC9_45614535	0.382179	0.387755
WFS1_6294387	0.608610	0.591837
WFS1_6296716	0.559722	0.387755
WFS1_6300182	0.559722	0.571429
WHAMM_82817701	0.377902	0.387755
WHAMM_82821838	0.353642	0.346939
WHRN_114407125	0.536053	0.469388
WHRN_114437572	0.445236	0.428571
WIF1_65062969	0.369833	0.306122
WIF1_65075024	0.357539	0.469388
WIPF2_40261032	0.480345	0.285714
WIPF2_40266428	0.451001	0.530612
WIPF2_40272320	0.451001	0.489796
WIPF2_40274147	0.457022	0.489796
WIPF3_29886223	0.440990	0.285714
WIPI1_68431920	0.500454	0.571429
WIPI1_68435956	0.550075	0.632653
WIPI1_68438059	0.433670	0.448980
WIPI1_68454340	0.439181	0.387755
WIPI1_68455460	0.439181	0.408163
WIPI2_5221787	0.463266	0.387755
WIPI2_5223316	0.542222	0.693878
WISP2_44719895	0.522267	0.591837
WIZ_15448670	0.643357	0.469388
WLS_68140526	0.395479	0.306122
WNK1_860489	0.375323	0.387755
WNK1_878836	0.331131	0.387755
WNK1_897319	0.383378	0.510204
WNK2_93186141	0.536146	0.591837
WNK2_93238207	0.540863	0.632653
WNK2_93257638	0.563372	0.551020
WNK2_93257886	0.563372	0.612245
WNK2_93261212	0.592997	0.448980
WNK2_93294443	0.578756	0.551020
WNK3_54200692	0.364100	0.408163
WNK3_54251105	0.318863	0.285714
WNK3_54253218	0.385293	0.346939
WNK4_42781910	0.602359	0.571429
WNK4_42786187	0.486351	0.469388
WNT10A_218881466	0.549430	0.673469
WNT10A_218882867	0.538227	0.551020
WNT10B_48969522	0.561899	0.591837
WNT16_121330462	0.439247	0.448980
WNT1_48979208	0.610098	0.612245
WNT1_48980858	0.625541	0.612245
WNT2_117318808	0.373533	0.489796
WNT2_117320420	0.373533	0.489796
WNT2_117322469	0.441552	0.591837
WNT3A_228057471	0.451513	0.387755
WNT5A_55470986	0.469097	0.612245
WNT7A_13878560	0.548338	0.755102
WNT7A_13878771	0.548338	0.653061
WNT8A_138084885	0.470811	0.428571
WNT8B_100480294	0.469036	0.448980
WNT8B_100482112	0.541667	0.489796
WNT9B_46876071	0.559225	0.469388
WRAP73_3637962	0.486978	0.428571
WRAP73_3649407	0.448945	0.428571
WRAP73_3649804	0.448945	0.775510
WRNIP1_2771674	0.411639	0.326531
WRNIP1_2780397	0.480194	0.612245
WRNIP1_2781840	0.480194	0.408163
WRN_31119469	0.343026	0.367347
WRN_31122359	0.335367	0.387755
WRN_31137723	0.365124	0.510204
WSB2_118049120	0.441223	0.285714
WSB2_118053754	0.463948	0.346939
WSCD1_6089288	0.485108	0.469388
WSCD1_6092854	0.527850	0.489796
WSCD1_6094624	0.527850	0.591837
WSCD1_6110020	0.511952	0.489796
WSCD2_108206948	0.489104	0.408163
WSCD2_108209518	0.489104	0.489796
WT1_32429292	0.552138	0.714286
WT1_32433764	0.552138	0.530612
WT1_32434258	0.552138	0.693878
WTAP_159747285	0.352888	0.387755
WTAP_159752302	0.360118	0.285714
WTAP_159753329	0.360118	0.448980
WTIP_34482816	0.536462	0.693878
WTIP_34483460	0.536462	0.673469
WTIP_34485224	0.536462	0.632653
WWC1_168404653	0.473454	0.428571
WWC1_168455255	0.505976	0.551020
WWC1_168468812	0.478702	0.510204
WWC2_183282277	0.328729	0.448980
WWC2_183314452	0.506575	0.530612
WWC3_10110409	0.487260	0.530612
WWC3_10115257	0.487260	0.408163
WWC3_10117776	0.464192	0.510204
WWC3_10120457	0.464192	0.571429
WWC3_10125899	0.594217	0.571429
WWOX_78109286	0.468217	0.510204
WWOX_78174785	0.425533	0.591837
WWOX_78271561	0.425533	0.387755
WWP1_86375128	0.358819	0.306122
WWP1_86438546	0.372222	0.285714
WWP1_86459312	0.367417	0.591837
WWP1_86459564	0.367417	0.428571
WWP2_69769787	0.445619	0.306122
WWP2_69917084	0.450666	0.387755
XAB2_7625234	0.605300	0.653061
XAGE3_52865906	0.351175	0.387755
XDH_31336832	0.469363	0.428571
XDH_31338662	0.466188	0.306122
XDH_31339811	0.491217	0.571429
XDH_31344869	0.457185	0.448980
XDH_31344874	0.457185	0.489796
XDH_31344879	0.457185	0.489796
XDH_31355031	0.370533	0.367347
XDH_31371987	0.479131	0.489796
XDH_31397847	0.494662	0.510204
XG_2775122	0.427928	0.326531
XG_2781734	0.427928	0.408163
XG_2789454	0.463739	0.387755
XG_2789456	0.463739	0.367347
XG_2813143	0.409825	0.408163
XIAP_123883717	0.425808	0.612245
XIAP_123898524	0.421687	0.408163
XIAP_123906856	0.408325	0.510204
XIRP1_39191664	0.550342	0.530612
XKR5_6823785	0.449791	0.408163
XKR5_6826912	0.475227	0.693878
XKR8_27960500	0.541481	0.632653
XKR9_70672147	0.396855	0.428571
XPA_97686819	0.351825	0.591837
XPA_97693205	0.406585	0.326531
XPA_97695789	0.407617	0.367347
XPC_14156872	0.441584	0.510204
XPC_14167529	0.484546	0.489796
XPC_14172681	0.431347	0.387755
XPC_14172725	0.431347	0.408163
XPC_14173910	0.406996	0.265306
XPNPEP1_109867528	0.493790	0.510204
XPNPEP1_109867758	0.493790	0.612245
XPNPEP1_109881749	0.470667	0.530612
XPNPEP1_109887582	0.499707	0.510204
XPNPEP1_109913256	0.411814	0.428571
XPNPEP2_129742673	0.519393	0.591837
XPNPEP2_129761413	0.514403	0.571429
XPNPEP3_40924187	0.410714	0.448980
XPNPEP3_40924890	0.396976	0.306122
XPO4_20789894	0.397290	0.489796
XPO4_20800503	0.304951	0.408163
XPO4_20856697	0.395195	0.571429
XPO4_20860594	0.395195	0.387755
XPO4_20860604	0.395195	0.428571
XPO5_43528974	0.450057	0.591837
XPO5_43531387	0.418960	0.428571
XPO5_43561321	0.387409	0.387755
XPO5_43563793	0.437670	0.448980
XPO5_43565954	0.428771	0.346939
XPO6_28102169	0.503077	0.367347
XPO6_28105140	0.459176	0.448980
XPO6_28111725	0.432713	0.448980
XPO6_28133227	0.431454	0.571429
XPO6_28150183	0.426801	0.571429
XPO6_28167663	0.455120	0.448980
XPO6_28169456	0.455120	0.530612
XPO6_28173920	0.410488	0.551020
XPO6_28176708	0.405694	0.448980
XPO6_28177033	0.405694	0.408163
XPO6_28179643	0.445676	0.510204
XPO7_21972048	0.373534	0.387755
XPO7_21986895	0.425121	0.367347
XPOT_64405012	0.470816	0.775510
XRCC1_43544499	0.545167	0.448980
XRCC1_43547072	0.503810	0.408163
XRCC1_43553188	0.579288	0.530612
XRCC1_43561255	0.478868	0.591837
XRCC1_43561268	0.478868	0.571429
XRCC5_216114486	0.412298	0.530612
XRCC5_216121929	0.396754	0.408163
XRCC5_216121933	0.396754	0.428571
XRCC5_216124614	0.382200	0.408163
XRCC5_216141480	0.402188	0.346939
XRCC5_216144338	0.402188	0.367347
XRCC5_216161763	0.393506	0.448980
XRCC5_216193534	0.368759	0.387755
XRCC6_41636078	0.479574	0.285714
XRCC6_41650599	0.450824	0.571429
XRCC6_41654823	0.460772	0.571429
XRN1_142349198	0.373170	0.571429
XRN1_142368625	0.363228	0.346939
XRN1_142413400	0.312033	0.367347
XRN1_142440950	0.412260	0.448980
XRN2_21359959	0.378343	0.346939
XRN2_21375022	0.364471	0.224490
XRN2_21387370	0.362754	0.408163
XRRA1_74845271	0.427717	0.551020
XRRA1_74850607	0.473143	0.387755
XRRA1_74858223	0.416961	0.346939
XRRA1_74907477	0.410689	0.326531
XRRA1_74929657	0.413020	0.469388
XRRA1_74946745	0.437272	0.367347
XXYLT1_195091965	0.499855	0.387755
XXYLT1_195163840	0.470076	0.612245
XXYLT1_195246957	0.492059	0.428571
XYLB_38348406	0.572660	0.551020
XYLB_38373340	0.502029	0.489796
XYLB_38400172	0.479228	0.489796
XYLT1_17140754	0.476917	0.448980
XYLT2_50346933	0.556160	0.612245
XYLT2_50347830	0.556160	0.612245
XYLT2_50352018	0.556160	0.530612
YAE1D1_39567409	0.374179	0.387755
YAP1_102178528	0.381201	0.408163
YAP1_102226047	0.393165	0.367347
YARS2_32752852	0.396648	0.244898
YARS_32796819	0.445605	0.367347
YBEY_46296550	0.600153	0.673469
YBX3_10722654	0.418241	0.795918
YEATS2_183715490	0.395310	0.448980
YEATS2_183755652	0.404718	0.326531
YEATS2_183756475	0.404718	0.367347
YES1_740045	0.391500	0.346939
YES1_740856	0.391500	0.326531
YIPF1_53884718	0.431083	0.428571
YIPF1_53889173	0.488981	0.408163
YIPF2_10924311	0.575352	0.653061
YIPF6_68529121	0.410688	0.387755
YLPM1_74771744	0.415365	0.469388
YLPM1_74803076	0.397136	0.469388
YLPM1_74805334	0.397136	0.367347
YLPM1_74815214	0.369298	0.326531
YME1L1_27149263	0.408020	0.285714
YPEL1_21704192	0.479466	0.448980
YTHDC1_68314906	0.315578	0.367347
YTHDC1_68316692	0.374396	0.428571
YTHDC1_68316703	0.374396	0.448980
YTHDC2_113527400	0.327589	0.346939
YTHDC2_113531068	0.327589	0.489796
YTHDC2_113560858	0.361780	0.428571
YTHDC2_113562575	0.369913	0.428571
YTHDC2_113591451	0.302264	0.408163
YTHDF1_63214941	0.454378	0.428571
YTHDF1_63215671	0.742424	0.510204
YTHDF3_63170809	0.326069	0.367347
YWHAE_1355618	0.462782	0.326531
YWHAG_76352508	0.442607	0.530612
ZAN_100768887	0.519862	0.428571
ZAN_100774003	0.502736	0.530612
ZAN_100781229	0.448892	0.448980
ZAN_100797210	0.486447	0.551020
ZAP70_97725929	0.503932	0.612245
ZAP70_97728451	0.503932	0.489796
ZAP70_97736545	0.555060	0.387755
ZAP70_97736979	0.555060	0.612245
ZAR1_48491944	0.494375	0.571429
ZAR1_48492146	0.494375	0.510204
ZBBX_167304340	0.347578	0.448980
ZBBX_167366779	0.297101	0.469388
ZBED9_28577640	0.362041	0.428571
ZBED9_28583020	0.396772	0.285714
ZBP1_57605546	0.484663	0.428571
ZBP1_57611958	0.492695	0.591837
ZBP1_57613551	0.527635	0.530612
ZBTB11_101658853	0.416525	0.367347
ZBTB17_15943519	0.696203	0.612245
ZBTB17_15947803	0.573265	0.387755
ZBTB20_114459578	0.380439	0.510204
ZBTB21_42002662	0.468193	0.469388
ZBTB24_109474281	0.458899	0.448980
ZBTB24_109478228	0.427848	0.408163
ZBTB2_151370104	0.457699	0.285714
ZBTB38_141429243	0.434659	0.612245
ZBTB40_22504343	0.354866	0.306122
ZBTB40_22515327	0.449748	0.428571
ZBTB40_22521367	0.484426	0.469388
ZBTB45_58515781	0.578215	0.612245
ZBTB47_42660624	0.574879	0.591837
ZBTB47_42662425	0.592458	0.571429
ZBTB48_6582496	0.536889	0.489796
ZBTB49_4301035	0.312533	0.387755
ZBTB49_4305798	0.364084	0.571429
ZBTB49_4313246	0.470845	0.489796
ZBTB49_4316481	0.480403	0.551020
ZBTB8B_32481408	0.456214	0.469388
ZBTB8OS_32642241	0.452877	0.632653
ZC3H12A_37476292	0.580690	0.591837
ZC3H12A_37480909	0.564475	0.448980
ZC3H12C_110157926	0.399387	0.428571
ZC3H12C_110160232	0.378107	0.469388
ZC3H12C_110163770	0.398543	0.530612
ZC3H13_45957695	0.344165	0.346939
ZC3H13_45980186	0.341648	0.489796
ZC3H13_45988457	0.372562	0.448980
ZC3H14_88564384	0.385501	0.428571
ZC3H14_88605796	0.410330	0.469388
ZC3H15_186495564	0.368063	0.387755
ZC3H18_88571742	0.491976	0.448980
ZC3H18_88578490	0.514933	0.530612
ZC3H18_88585608	0.514933	0.428571
ZC3H18_88601155	0.510963	0.591837
ZC3H18_88610340	0.509025	0.632653
ZC3H18_88610618	0.509025	0.489796
ZC3H3_143439876	0.629288	0.653061
ZC3H3_143439986	0.629288	0.673469
ZC3H3_143466138	0.616525	0.673469
ZC3H3_143474958	0.635945	0.571429
ZC3H3_143517693	0.616920	0.673469
ZC3H3_143524702	0.616920	0.673469
ZC3H3_143528317	0.616920	0.673469
ZC3H3_143540830	0.572749	0.612245
ZC3H4_47081895	0.518717	0.428571
ZC3H4_47082349	0.480722	0.489796
ZC3H4_47082977	0.480722	0.448980
ZC3H4_47093705	0.489418	0.551020
ZC3H7A_11756754	0.455340	0.530612
ZC3H7A_11760452	0.388695	0.448980
ZC3H7A_11775086	0.434916	0.510204
ZC3H7B_41328797	0.501129	0.551020
ZC3H7B_41343306	0.544529	0.632653
ZC3H7B_41351122	0.552900	0.653061
ZC3H7B_41353554	0.549974	0.612245
ZC3H7B_41354982	0.549974	0.551020
ZC3H7B_41356585	0.720238	0.734694
ZC3H8_112250574	0.422654	0.510204
ZC3HAV1L_139027050	0.428266	0.448980
ZC3HAV1L_139029747	0.444464	0.489796
ZC3HAV1_139056605	0.410453	0.510204
ZC3HAV1_139084400	0.435879	0.387755
ZC3HAV1_139085193	0.435879	0.428571
ZCCHC11_52470814	0.375136	0.306122
ZCCHC11_52490961	0.364899	0.469388
ZCCHC14_87423622	0.523763	0.673469
ZCCHC14_87423928	0.501298	0.489796
ZCCHC14_87457753	0.469559	0.408163
ZCCHC17_31316622	0.412008	0.326531
ZCCHC2_62570965	0.375948	0.469388
ZCCHC6_86325229	0.396213	0.469388
ZCCHC6_86334903	0.374972	0.448980
ZCCHC6_86341190	0.388422	0.285714
ZCCHC8_122477386	0.483590	0.571429
ZCCHC8_122492986	0.430512	0.571429
ZCCHC8_122496698	0.430512	0.469388
ZCWPW1_100415717	0.435925	0.306122
ZDHHC13_19159238	0.364383	0.306122
ZDHHC13_19159453	0.364383	0.346939
ZDHHC13_19166274	0.387543	0.204082
ZDHHC13_19174552	0.446851	0.489796
ZDHHC14_157408396	0.443618	0.489796
ZDHHC14_157651491	0.533626	0.510204
ZDHHC15_75428787	0.348474	0.346939
ZDHHC17_76806899	0.352484	0.408163
ZDHHC17_76827978	0.296490	0.346939
ZDHHC18_26829194	0.522894	0.510204
ZDHHC18_26849667	0.567077	0.673469
ZDHHC18_26850099	0.567077	0.428571
ZDHHC18_26853565	0.536047	0.632653
ZDHHC19_196207155	0.501349	0.448980
ZDHHC19_196208263	0.722851	0.714286
ZDHHC1_67403042	0.524373	0.510204
ZDHHC20_21383161	0.378168	0.387755
ZDHHC20_21409224	0.409272	0.489796
ZDHHC21_14674419	0.329378	0.244898
ZDHHC22_77136466	0.501520	0.469388
ZDHHC23_113953135	0.443834	0.510204
ZDHHC24_66541695	0.550915	0.571429
ZDHHC3_44933576	0.534884	0.489796
ZDHHC6_112443868	0.378759	0.428571
ZDHHC7_84988543	0.509688	0.693878
ZDHHC7_85004337	0.474539	0.632653
ZDHHC8_20140869	0.679012	0.673469
ZDHHC8_20144340	0.633152	0.693878
ZDHHC8_20144389	0.633152	0.653061
ZDHHC9_129812022	0.398179	0.285714
ZDHHC9_129812502	0.398179	0.408163
ZDHHC9_129829180	0.440769	0.326531
ZDHHC9_129833980	0.440769	0.387755
ZDHHC9_129842594	0.466044	0.510204
ZEB1_31512965	0.365978	0.571429
ZEB1_31518262	0.331364	0.448980
ZEB1_31525020	0.392494	0.326531
ZEB2_144404472	0.428369	0.530612
ZER1_128752049	0.539738	0.591837
ZFAND3_38073049	0.370780	0.367347
ZFAND6_80136529	0.389589	0.326531
ZFAT_134587741	0.447170	0.489796
ZFAT_134588482	0.422543	0.530612
ZFC3H1_71662260	0.376642	0.428571
ZFHX2_23527234	0.536508	0.551020
ZFHX2_23528501	0.519160	0.387755
ZFHX2_23528628	0.519160	0.591837
ZFHX3_72936267	0.462020	0.551020
ZFHX3_72952451	0.468349	0.489796
ZFHX3_72957179	0.468349	0.469388
ZFP28_56543245	0.419843	0.224490
ZFP28_56550014	0.443386	0.489796
ZFP37_113049997	0.420856	0.326531
ZFP37_113053372	0.420856	0.448980
ZFP41_143255121	0.540550	0.571429
ZFP62_180856137	0.434811	0.489796
ZFP62_180860039	0.434811	0.387755
ZFP64_52095656	0.446672	0.530612
ZFP64_52103768	0.492359	0.612245
ZFP64_52104507	0.492359	0.591837
ZFP64_52104553	0.492359	0.734694
ZFP69B_40451460	0.412653	0.530612
ZFP69B_40454756	0.402108	0.489796
ZFP69_40488987	0.413383	0.367347
ZFPM1_88472071	0.626348	0.673469
ZFPM1_88487420	0.630064	0.612245
ZFPM1_88509519	0.642175	0.714286
ZFPM1_88529300	0.613340	0.551020
ZFPM1_88531053	0.613340	0.530612
ZFR_32395621	0.384535	0.346939
ZFR_32399548	0.393553	0.306122
ZFR_32402546	0.396968	0.530612
ZFR_32409654	0.370832	0.571429
ZFR_32417854	0.383136	0.285714
ZFR_32419127	0.383136	0.346939
ZFX_24159801	0.382373	0.387755
ZFX_24172932	0.434503	0.428571
ZFYVE16_80475230	0.353853	0.326531
ZFYVE19_40810283	0.523148	0.469388
ZFYVE1_72972269	0.505228	0.428571
ZFYVE1_72973127	0.505228	0.571429
ZFYVE1_72995103	0.454750	0.306122
ZFYVE1_72997027	0.454750	0.408163
ZFYVE26_67755705	0.439024	0.285714
ZFYVE26_67768630	0.421053	0.510204
ZFYVE26_67773759	0.425312	0.387755
ZFYVE26_67781879	0.422400	0.408163
ZFYVE26_67795342	0.404720	0.551020
ZFYVE26_67799816	0.407407	0.448980
ZFYVE26_67802396	0.432893	0.489796
ZFYVE26_67809498	0.350511	0.510204
ZFYVE28_2339134	0.561861	0.510204
ZFYVE9_52265163	0.361970	0.469388
ZFYVE9_52266968	0.329246	0.326531
ZFYVE9_52301444	0.419482	0.571429
ZFYVE9_52337218	0.406593	0.408163
ZFYVE9_52342141	0.465829	0.653061
ZGRF1_112610352	0.406917	0.632653
ZHX2_122802441	0.475739	0.612245
ZHX2_122825766	0.475739	0.428571
ZHX3_41206269	0.393446	0.510204
ZIC1_147412829	0.569940	0.612245
ZIC4_147390217	0.478030	0.408163
ZIK1_57585489	0.472379	0.551020
ZIK1_57589705	0.464684	0.448980
ZIM2_56782761	0.366216	0.346939
ZKSCAN1_100022459	0.455148	0.387755
ZKSCAN1_100027429	0.436701	0.530612
ZKSCAN2_25245692	0.388889	0.571429
ZKSCAN5_99516828	0.476987	0.591837
ZKSCAN7_44569036	0.422043	0.469388
ZMAT2_140704215	0.447005	0.510204
ZMAT3_179025926	0.336372	0.367347
ZMAT5_29740351	0.580163	0.632653
ZMIZ1_79069873	0.548264	0.632653
ZMIZ1_79211956	0.553828	0.551020
ZMIZ2_44749149	0.528210	0.755102
ZMIZ2_44752288	0.528210	0.530612
ZMIZ2_44757376	0.592105	0.693878
ZMPSTE24_40271769	0.391280	0.448980
ZMYM1_35094521	0.364841	0.326531
ZMYM2_20051216	0.379054	0.387755
ZMYM3_71243108	0.482527	0.469388
ZMYM3_71246751	0.458589	0.469388
ZMYM4_35419107	0.323300	0.448980
ZMYM6_35004839	0.472469	0.632653
ZMYM6_35014528	0.358392	0.408163
ZMYND11_240556	0.419974	0.469388
ZMYND12_42442516	0.432413	0.448980
ZMYND15_4745817	0.674944	0.653061
ZMYND19_137582792	0.611486	0.673469
ZMYND8_47235923	0.460960	0.428571
ZMYND8_47239299	0.468482	0.612245
ZNF101_19669718	0.473868	0.612245
ZNF101_19675299	0.473868	0.428571
ZNF121_9567909	0.424165	0.510204
ZNF12_6693656	0.415534	0.448980
ZNF12_6694742	0.415534	0.428571
ZNF12_6698207	0.447666	0.448980
ZNF132_58437342	0.508061	0.530612
ZNF132_58437725	0.508061	0.510204
ZNF132_58439170	0.508061	0.612245
ZNF134_57615131	0.485126	0.448980
ZNF134_57616154	0.485126	0.469388
ZNF135_58061926	0.481311	0.448980
ZNF136_12181173	0.454203	0.632653
ZNF141_338613	0.452632	0.489796
ZNF141_343182	0.452632	0.469388
ZNF141_343509	0.452632	0.612245
ZNF142_218646348	0.454068	0.551020
ZNF142_218656510	0.464908	0.448980
ZNF143_9472235	0.464968	0.387755
ZNF143_9495012	0.401431	0.408163
ZNF143_9501809	0.426647	0.428571
ZNF143_9526553	0.460569	0.408163
ZNF148_125280335	0.348391	0.428571
ZNF148_125283056	0.348391	0.367347
ZNF148_125322742	0.346871	0.306122
ZNF14_19720595	0.424085	0.571429
ZNF154_57707170	0.499369	0.448980
ZNF155_43989454	0.391770	0.408163
ZNF157_47411130	0.439422	0.612245
ZNF157_47411918	0.439422	0.326531
ZNF160_53089731	0.477509	0.469388
ZNF180_44491424	0.449175	0.428571
ZNF184_27469193	0.360659	0.428571
ZNF185_152919970	0.553772	0.530612
ZNF185_152937987	0.515092	0.591837
ZNF185_152960006	0.503044	0.551020
ZNF185_152963314	0.503044	0.551020
ZNF185_152963481	0.503044	0.632653
ZNF18_11983536	0.455319	0.469388
ZNF18_11983577	0.455319	0.448980
ZNF18_11994244	0.424209	0.346939
ZNF197_44630275	0.420567	0.448980
ZNF197_44631005	0.420567	0.428571
ZNF200_3228923	0.392981	0.306122
ZNF205_3116757	0.540518	0.428571
ZNF207_32356006	0.432625	0.387755
ZNF207_32365176	0.418337	0.367347
ZNF20_12134905	0.460370	0.448980
ZNF211_57635775	0.369872	0.204082
ZNF223_44058113	0.463994	0.489796
ZNF223_44062942	0.413443	0.326531
ZNF226_44171934	0.398092	0.408163
ZNF227_44215301	0.386274	0.428571
ZNF227_44232131	0.421290	0.469388
ZNF227_44234353	0.421290	0.428571
ZNF229_44430949	0.416028	0.306122
ZNF230_44005361	0.422239	0.510204
ZNF233_44266612	0.338262	0.326531
ZNF234_44151217	0.400627	0.551020
ZNF236_76871294	0.428974	0.510204
ZNF236_76905807	0.418388	0.367347
ZNF236_76911669	0.377095	0.530612
ZNF236_76916905	0.399898	0.571429
ZNF236_76936415	0.396950	0.448980
ZNF236_76947835	0.427388	0.489796
ZNF250_144896455	0.477217	0.428571
ZNF260_36527935	0.419332	0.489796
ZNF263_3288997	0.531630	0.591837
ZNF264_57192297	0.500000	0.469388
ZNF264_57193418	0.500000	0.387755
ZNF264_57193539	0.500000	0.489796
ZNF264_57206188	0.437980	0.510204
ZNF267_31884468	0.430756	0.367347
ZNF275_153339028	0.448178	0.489796
ZNF275_153344211	0.448178	0.591837
ZNF276_89724722	0.520034	0.612245
ZNF276_89731083	0.570675	0.591837
ZNF280A_22515865	0.421017	0.408163
ZNF280C_130225153	0.381650	0.387755
ZNF280C_130239078	0.302175	0.306122
ZNF280D_56682160	0.314685	0.306122
ZNF282_149207117	0.482955	0.591837
ZNF282_149211722	0.452511	0.489796
ZNF283_43830216	0.432477	0.612245
ZNF283_43835224	0.409478	0.489796
ZNF286A_15707576	0.409558	0.448980
ZNF286A_15714236	0.353220	0.346939
ZNF286B_18680511	0.398569	0.408163
ZNF28_52807086	0.435279	0.489796
ZNF2_95177271	0.419460	0.408163
ZNF2_95178361	0.458611	0.469388
ZNF304_57352147	0.503207	0.510204
ZNF304_57352743	0.503207	0.387755
ZNF304_57352831	0.503207	0.489796
ZNF304_57353446	0.503207	0.551020
ZNF311_29000290	0.379798	0.489796
ZNF316_6640954	0.550130	0.428571
ZNF318_43366680	0.461146	0.551020
ZNF326_89995501	0.421016	0.632653
ZNF330_141225808	0.313547	0.387755
ZNF330_141226706	0.313547	0.408163
ZNF330_141226716	0.313547	0.367347
ZNF330_141229914	0.337607	0.489796
ZNF333_14695338	0.516204	0.591837
ZNF333_14701204	0.516286	0.489796
ZNF333_14705915	0.561716	0.530612
ZNF333_14710216	0.495934	0.591837
ZNF335_45950095	0.624161	0.591837
ZNF335_45956743	0.465768	0.326531
ZNF335_45959913	0.549096	0.428571
ZNF335_45962444	0.555814	0.612245
ZNF33A_38013408	0.412611	0.408163
ZNF341_33744049	0.492665	0.571429
ZNF341_33745574	0.499310	0.326531
ZNF341_33753061	0.477434	0.530612
ZNF341_33753616	0.482277	0.428571
ZNF341_33768742	0.487837	0.408163
ZNF343_2507870	0.443967	0.448980
ZNF346-IT1_177051981	0.457426	0.469388
ZNF346_177042463	0.460683	0.510204
ZNF346_177043275	0.460683	0.571429
ZNF347_53149687	0.442153	0.632653
ZNF347_53150749	0.442153	0.265306
ZNF347_53157332	0.500288	0.530612
ZNF347_53157849	0.500288	0.571429
ZNF350_51971531	0.405639	0.489796
ZNF362_33271510	0.541097	0.489796
ZNF362_33271678	0.541097	0.632653
ZNF362_33275329	0.541097	0.591837
ZNF362_33276936	0.453386	0.510204
ZNF362_33277289	0.453386	0.510204
ZNF362_33290014	0.456914	0.530612
ZNF366_72449609	0.464278	0.408163
ZNF366_72458248	0.455310	0.632653
ZNF384_6669383	0.464968	0.489796
ZNF384_6684554	0.435019	0.387755
ZNF385A_54371968	0.513957	0.653061
ZNF385A_54372467	0.513957	0.387755
ZNF385A_54390439	0.545277	0.591837
ZNF385B_179445271	0.388112	0.448980
ZNF395_28349341	0.602395	0.632653
ZNF395_28356408	0.446795	0.551020
ZNF396_35370469	0.408169	0.408163
ZNF398_149126753	0.510844	0.775510
ZNF3_100074748	0.480493	0.510204
ZNF407_74727516	0.365668	0.510204
ZNF407_75032660	0.393284	0.489796
ZNF416_57577539	0.482126	0.551020
ZNF416_57578246	0.560209	0.551020
ZNF418_57923383	0.435491	0.387755
ZNF420_37080868	0.371792	0.428571
ZNF423_49823956	0.466700	0.408163
ZNF423_49826585	0.466700	0.387755
ZNF425_149114645	0.463213	0.510204
ZNF425_149114823	0.463213	0.326531
ZNF426_9531279	0.440630	0.591837
ZNF426_9534132	0.482391	0.489796
ZNF433_12034919	0.577039	0.571429
ZNF436_23367442	0.457711	0.428571
ZNF438_30846630	0.534325	0.612245
ZNF439_11866978	0.377119	0.510204
ZNF43_21816528	0.381683	0.428571
ZNF441_11778035	0.335979	0.265306
ZNF443_12440165	0.426757	0.653061
ZNF445_44449927	0.461725	0.285714
ZNF445_44457474	0.434236	0.469388
ZNF449_135346957	0.472744	0.428571
ZNF451_57134475	0.375242	0.285714
ZNF451_57139313	0.350956	0.510204
ZNF451_57142809	0.341610	0.367347
ZNF451_57160802	0.358016	0.367347
ZNF45_43919195	0.368852	0.469388
ZNF460_57281516	0.471459	0.448980
ZNF461_36665343	0.451393	0.285714
ZNF462_107003292	0.378045	0.428571
ZNF467_149766825	0.501053	0.632653
ZNF467_149767728	0.501053	0.428571
ZNF467_149769333	0.518160	0.551020
ZNF473_50027652	0.482723	0.612245
ZNF480_52298932	0.499054	0.448980
ZNF480_52316352	0.411147	0.489796
ZNF483_111533933	0.379747	0.367347
ZNF485_43609639	0.374352	0.408163
ZNF485_43615703	0.374352	0.428571
ZNF48_30396300	0.479396	0.510204
ZNF493_21399121	0.397405	0.387755
ZNF493_21400419	0.397405	0.265306
ZNF497_58362079	0.558385	0.612245
ZNF500_4753594	0.503296	0.448980
ZNF510_96775597	0.435386	0.489796
ZNF516_76367085	0.420452	0.326531
ZNF516_76370878	0.505166	0.510204
ZNF518B_10457047	0.509880	0.755102
ZNF527_37382102	0.388877	0.489796
ZNF530_57601284	0.487687	0.510204
ZNF530_57602003	0.487687	0.428571
ZNF534_52431320	0.488673	0.510204
ZNF541_47530849	0.506787	0.448980
ZNF541_47537009	0.464113	0.326531
ZNF541_47539036	0.552569	0.673469
ZNF543_57322320	0.481139	0.489796
ZNF544_58246004	0.511141	0.448980
ZNF546_39997531	0.561878	0.551020
ZNF548_57391887	0.463580	0.551020
ZNF549_57535633	0.461976	0.408163
ZNF550_57559406	0.500910	0.632653
ZNF550_57559461	0.500910	0.632653
ZNF554_2821074	0.551629	0.428571
ZNF554_2828112	0.479710	0.448980
ZNF554_2828199	0.479710	0.489796
ZNF555_2841973	0.484519	0.755102
ZNF555_2843399	0.484519	0.612245
ZNF556_2871901	0.488387	0.489796
ZNF557_7079935	0.427453	0.551020
ZNF558_8822959	0.600590	0.632653
ZNF558_8826368	0.456273	0.367347
ZNF560_9473362	0.402556	0.530612
ZNF560_9498397	0.580745	0.673469
ZNF562_9658224	0.434825	0.448980
ZNF566_36461427	0.410101	0.591837
ZNF567_36688157	0.494749	0.469388
ZNF567_36717699	0.400822	0.285714
ZNF568_36922555	0.398623	0.428571
ZNF568_36969109	0.403610	0.571429
ZNF569_37464448	0.373403	0.653061
ZNF570_37470672	0.434553	0.346939
ZNF573_37777212	0.416609	0.551020
ZNF584_58411094	0.446613	0.448980
ZNF584_58414500	0.446613	0.428571
ZNF585B_37209791	0.418227	0.653061
ZNF592_84791014	0.406729	0.387755
ZNF592_84801602	0.482759	0.510204
ZNF595_54100	0.458909	0.571429
ZNF597_3443308	0.601307	0.612245
ZNF598_1999300	0.676471	0.673469
ZNF605_132954112	0.530482	0.551020
ZNF605_132955182	0.530482	0.551020
ZNF606_57985234	0.435852	0.469388
ZNF607_37711163	0.419698	0.367347
ZNF609_64588199	0.419232	0.632653
ZNF615_52001492	0.395699	0.612245
ZNF616_52138903	0.464946	0.673469
ZNF619_40479004	0.433532	0.408163
ZNF620_40510849	0.413901	0.653061
ZNF624_16648286	0.367654	0.285714
ZNF625_12154205	0.455272	0.346939
ZNF627_11614389	0.456676	0.448980
ZNF638_71353460	0.364788	0.448980
ZNF638_71361103	0.378323	0.591837
ZNF638_71367397	0.396262	0.591837
ZNF638_71404619	0.374532	0.612245
ZNF638_71406048	0.325773	0.285714
ZNF644_90951216	0.354829	0.428571
ZNF648_182059893	0.503148	0.489796
ZNF652_49316046	0.411307	0.306122
ZNF653_11484477	0.550198	0.612245
ZNF655_99561254	0.459110	0.387755
ZNF660_44588773	0.430769	0.469388
ZNF665_53166461	0.395955	0.306122
ZNF667_56458785	0.454322	0.551020
ZNF668_31067559	0.496921	0.408163
ZNF66_20793143	0.381993	0.306122
ZNF675_23674727	0.437877	0.530612
ZNF677_53252399	0.397297	0.428571
ZNF691_42850143	0.447344	0.448980
ZNF692_248853055	0.515055	0.448980
ZNF695_247000096	0.424978	0.387755
ZNF697_119625074	0.496018	0.571429
ZNF697_119625430	0.496018	0.469388
ZNF697_119625683	0.496018	0.489796
ZNF701_52571521	0.504538	0.367347
ZNF704_80669257	0.435978	0.346939
ZNF704_80690863	0.409197	0.408163
ZNF70_23749977	0.486068	0.632653
ZNF711_85248742	0.346654	0.408163
ZNF711_85265849	0.332126	0.387755
ZNF71_56601273	0.480586	0.469388
ZNF721_473754	0.418743	0.714286
ZNF724_23229268	0.402649	0.489796
ZNF732_304687	0.433129	0.530612
ZNF735_64216111	0.331604	0.428571
ZNF737_20550935	0.367805	0.469388
ZNF746_149475512	0.492713	0.489796
ZNF746_149493592	0.514764	0.612245
ZNF749_57438637	0.483548	0.489796
ZNF749_57440178	0.483548	0.510204
ZNF74_20404596	0.524975	0.612245
ZNF75D_135302785	0.417622	0.448980
ZNF76_35289775	0.511983	0.530612
ZNF773_57501599	0.496808	0.448980
ZNF773_57504190	0.496808	0.510204
ZNF775_150380587	0.540421	0.591837
ZNF777_149456251	0.545531	0.387755
ZNF777_149457190	0.545531	0.489796
ZNF778_89221295	0.494143	0.591837
ZNF780A_40077200	0.375468	0.571429
ZNF780B_40047728	0.359466	0.489796
ZNF781_37689063	0.468387	0.448980
ZNF781_37689702	0.468387	0.571429
ZNF782_96822292	0.366114	0.224490
ZNF783_149278707	0.585825	0.510204
ZNF786_149080046	0.450264	0.612245
ZNF788_12110156	0.419480	0.428571
ZNF789_99473505	0.494919	0.469388
ZNF792_34963302	0.521063	0.428571
ZNF7_144831216	0.475983	0.469388
ZNF821_71871039	0.435523	0.326531
ZNF821_71881240	0.417007	0.448980
ZNF823_11732384	0.453509	0.551020
ZNF827_145765906	0.399224	0.591837
ZNF827_145769721	0.399224	0.428571
ZNF827_145892603	0.381949	0.448980
ZNF829_36915365	0.548090	0.612245
ZNF831_59195005	0.502250	0.346939
ZNF831_59253619	0.405797	0.326531
ZNF836_52169818	0.489677	0.285714
ZNF839_102318051	0.498678	0.469388
ZNF839_102325399	0.498678	0.367347
ZNF839_102334264	0.495382	0.653061
ZNF83_52657010	0.453094	0.571429
ZNF841_52086433	0.440118	0.530612
ZNF843_31439691	0.451110	0.367347
ZNF844_12066035	0.461110	0.632653
ZNF846_9760073	0.434315	0.530612
ZNF860_31983565	0.424449	0.448980
ZNF862_149840606	0.436467	0.510204
ZNF862_149845482	0.465347	0.551020
ZNF862_149853067	0.472201	0.510204
ZNF862_149863027	0.545849	0.612245
ZNF888_52913681	0.447691	0.326531
ZNF888_52921373	0.527090	0.428571
ZNF888_52922482	0.527090	0.530612
ZNF8_58285022	0.470543	0.510204
ZNF8_58285509	0.470543	0.551020
ZNF8_58293643	0.486062	0.489796
ZNFX1_49263894	0.468344	0.346939
ZNFX1_49272687	0.417825	0.387755
ZNRF1_75096324	0.519650	0.469388
ZNRF3_28886033	0.441923	0.367347
ZNRF3_29042447	0.456242	0.510204
ZNRF3_29043204	0.517147	0.530612
ZP1_60873939	0.535004	0.591837
ZP2_21214027	0.435484	0.612245
ZP3_76431495	0.545703	0.530612
ZP4_237889671	0.460177	0.510204
ZPLD1_102386274	0.356684	0.428571
ZPLD1_102476912	0.374251	0.387755
ZRANB1_124969870	0.415396	0.571429
ZRANB3_135204202	0.387025	0.489796
ZRANB3_135206054	0.387025	0.387755
ZRANB3_135217088	0.392175	0.571429
ZRANB3_135226452	0.354584	0.428571
ZRANB3_135347514	0.376495	0.591837
ZRSR2_15810274	0.417270	0.326531
ZSCAN10_3091228	0.517357	0.673469
ZSCAN10_3094421	0.513339	0.653061
ZSCAN10_3096446	0.513339	0.591837
ZSCAN1_58052912	0.558750	0.653061
ZSCAN20_33475801	0.452165	0.591837
ZSCAN20_33478101	0.452165	0.489796
ZSCAN20_33479003	0.452165	0.510204
ZSCAN20_33488869	0.522678	0.653061
ZSCAN20_33490174	0.431083	0.448980
ZSCAN21_100058297	0.474818	0.510204
ZSCAN22_58335409	0.541995	0.510204
ZSCAN29_43367185	0.421003	0.428571
ZSCAN2_84601939	0.468703	0.346939
ZSCAN32_3396559	0.445160	0.510204
ZSWIM4_13805304	0.502848	0.530612
ZSWIM6_61524880	0.366307	0.448980
ZSWIM6_61525146	0.366307	0.530612
ZSWIM6_61531111	0.344392	0.367347
ZSWIM6_61540841	0.390301	0.367347
ZSWIM7_15995343	0.441638	0.530612
ZSWIM7_15997054	0.441638	0.591837
ZW10_113762311	0.401188	0.448980
ZWILCH_66508714	0.429980	0.428571
ZWILCH_66528594	0.357827	0.285714
ZWILCH_66529750	0.395436	0.367347
ZWILCH_66540770	0.418025	0.551020
ZXDC_126439467	0.495726	0.571429
ZXDC_126462454	0.496441	0.510204
ZXDC_126469139	0.497483	0.551020
ZXDC_126473870	0.506596	0.653061
ZXDC_126474296	0.506596	0.653061
ZYG11A_52856545	0.392480	0.408163
ZYG11B_52777598	0.417306	0.367347
ZYG11B_52785847	0.386745	0.428571
ZYX_143389627	0.567508	0.612245
ZZEF1_4020050	0.417219	0.448980
ZZEF1_4061239	0.430676	0.448980
ZZEF1_4069568	0.400174	0.591837
ZZEF1_4104015	0.425350	0.551020
