ABCA4_94080154	0.301921
ABCA4_94102591	0.0657728
ABCA4_94118567	0.0666937
ABCB10_229521440	0.0369691
ABCB10_229538813	0.0273177
ABCB10_229547772	0.0176438
ABCD3_94467854	0.123142
ACOT11_54603080	0.0197293
ADAR_154589676	0.0465542
ADAR_154600104	0.075842
ADCY10_167832737	0.0320924
ADCY10_167834283	0.0180198
ADCY10_167860180	0.0191105
ADGRB2_31739729	0.124376
ADGRL4_78919284	0.0402671
ADSS_244413556	0.0307176
AGO1_35893510	0.716081
AHCTF1_246891095	0.0795167
AHCTF1_246896189	0.0275902
AHCTF1_246909485	0.0642366
AHCTF1_246917486	0.0628197
AHCYL1_110011747	0.240722
AIDA_222670404	0.0180358
AK2_33021703	0.0847052
AK4_65212901	0.0617717
AKNAD1_108846306	0.0324011
ALDH9A1_165667002	0.00988
ANGEL2_213004580	0.0955986
ANGEL2_213007331	0.109413
ANKRD13C_70293503	0.181085
APOBEC4_183652643	0.0911103
ARHGEF10L_17639453	0.0291296
ARHGEF11_156971889	0.0298568
ARHGEF16_3466913	0.0157392
ARHGEF2_155957140	0.0286996
ARHGEF2_155975056	0.175628
ARID1A_26730074	0.203391
ARID4B_235176059	0.289468
ARID4B_235225494	0.148854
ARNT_150842242	0.217348
ARV1_230990417	0.0284134
ASAP3_23432237	0.0378118
ASH1L_155352138	0.0394007
ASTN1_176886416	0.0723428
ATG4C_62827646	0.0737774
ATP1A1_116387223	0.0205747
ATP1A4_160175690	0.0522457
ATP1A4_160185492	0.0220551
ATP1B1_169114946	0.0321645
AXDND1_179382554	0.0523003
BCL9_147617965	0.121681
BRDT_91993398	0.111789
BRDT_92001994	0.0827989
BRINP3_190227190	0.0186829
BSDC1_32378451	0.254184
BSDC1_32379006	0.0564199
C1orf100_244358978	0.0448407
C1orf109_37687790	0.028878
C1orf127_10953883	0.131267
C1orf131_231228240	0.0292963
C1orf159_1086452	0.0138798
C1orf198_230840681	0.0223969
C1orf27_186383343	0.064093
C1orf64_16005447	0.0162421
C4BPA_207124081	0.0762575
C8A_56882890	0.0347515
C8A_56910651	0.101726
C8B_56941690	0.0267027
C8B_56956512	0.0909361
CACHD1_64648439	0.0331566
CACHD1_64660395	0.0328214
CACNA1E_181793873	0.173351
CACNA1S_201045260	0.0120751
CACNA1S_201075044	0.0293558
CACNA1S_201092451	0.0099043
CAPN9_230777272	0.00922043
CAPZA1_112651619	0.131828
CAPZA1_112653363	0.131828
CCDC181_169424200	0.0869463
CCDC18_93220863	0.139066
CCDC18_93220867	0.139066
CCDC18_93230530	0.132354
CCDC18_93259125	0.185235
CCDC27_3753202	0.00678403
CCDC27_3771353	0.0112089
CCDC30_42643638	0.0839546
CD160_145730718	0.0182498
CD46_207758143	0.011236
CD58_116515216	0.0208964
CD84_160550610	0.0309697
CDC42BPA_227018929	0.0704171
CDC42BPA_227121062	0.0416201
CDC42SE1_151056441	0.2207
CDC42_22074696	0.116181
CDCA8_37700746	0.042202
CENPF_214651938	0.0180384
CEP104_3824766	0.0103377
CEP170_243159657	0.164244
CEP170_243192029	0.11994
CEP350_180054362	0.160635
CEPT1_111146128	0.142619
CFAP57_43183589	0.0606712
CHD1L_147271979	0.0267936
CHD1L_147291313	0.0393556
CHIA_111311406	0.0186463
CLCA1_86475523	0.0443284
CLCC1_108936730	0.0438913
CLCN6_11823648	0.0160204
CLDN19_42737544	0.0354649
CLEC20A_178488192	0.0180142
CLSPN_35749392	0.219744
CLSPN_35761789	0.170238
CLSTN1_9736272	0.1242
CNST_246637439	0.0450074
CNST_246638067	0.0450074
CNST_246640409	0.0450074
COA7_52697880	0.0389619
COL11A1_102912760	0.0229579
COL16A1_31669307	0.40627
COL16A1_31701386	0.199409
COL24A1_85732125	0.116608
COL24A1_86027527	0.118787
COLGALT2_183940388	0.0434822
COLGALT2_183953315	0.0623608
COLGALT2_183966653	0.0964697
COLGALT2_183974886	0.0462111
COPA_160341014	0.0579288
COQ8A_226964700	0.0199729
CR1_207634761	0.0901132
CR2_207471744	0.0339215
CREB3L4_153973145	0.0802069
CREG1_167553251	0.0276141
CROCC_16938309	0.0467704
CSF1_109916135	0.0536397
CSF1_109922304	0.442081
CSMD2_33523069	0.0252665
CSMD2_33540135	0.0424826
CSRP1_201508885	0.0160534
CTH_70411655	0.0486604
CTH_70414167	0.0486604
CTH_70424133	0.118695
CTPS1_40987301	0.0766748
CTPS1_40993285	0.0532549
DBT_100242870	0.0559777
DCAF8_160221397	0.161745
DCAF8_160222598	0.161745
DCAF8_160238114	0.0790273
DCST2_155024029	0.030516
DDI2_15649679	0.0341348
DDR2_162774244	0.118125
DDX59_200658775	0.0252776
DENND2D_111188431	0.0872281
DFFB_3869603	0.0128362
DHCR24_54866965	0.0417653
DHRS3_12570229	0.0472981
DHX9_182856261	0.515666
DIRAS3_68047890	0.193644
DNAH14_225303656	0.024991
DNAH14_225308096	0.0344044
DNAH14_225332386	0.0484888
DNAJC11_6642030	0.0164498
DNAJC16_15559450	0.0286743
DNAJC6_65394756	0.0456919
DNAJC6_65404615	0.0681249
DNAJC8_28209395	0.182015
DNAJC8_28211028	0.0665563
DNALI1_37562554	0.196936
DNASE2B_84399192	0.0513025
DNASE2B_84402670	0.114707
DOCK7_62632526	0.103287
DR1_93350000	0.224785
DSTYK_205161587	0.108339
DTL_212074017	0.181751
EFCAB14_46696709	0.200919
ELAVL4_50198460	0.413244
ELK4_205630553	0.175675
ELOA_23748722	0.143775
EPB41_28988828	0.142838
EPB41_29035650	0.119929
EPB41_29062210	0.348767
EPHA8_22573175	0.0441018
EPHA8_22595502	0.0454122
EPRS_219978881	0.0402292
EPRS_219989333	0.0319371
EPRS_219989465	0.0319371
EPS15_51396390	0.144228
EPS15_51401325	0.113313
ERI3-IT1_44244577	0.280237
ERI3-IT1_44244589	0.280237
ERI3-IT1_44244622	0.280237
ERICH3_74619624	0.168737
ERO1B_236247235	0.0653585
ESPN_6444096	0.079916
ESPN_6445465	0.0382746
ESPN_6446379	0.20921
ESPN_6450020	0.187168
EXO1_241852101	0.0490369
EXO1_241854911	0.0620438
EXTL2_100876032	0.084746
F3_94538655	0.0594931
F5_169556939	0.0524241
F5_169586121	0.0844301
FAAP20_2185513	0.180308
FAM20B_179064217	0.115898
FAM20B_179064221	0.115898
FAM20B_179066176	0.070841
FAM20B_179066913	0.0367396
FBLIM1_15767308	0.0336011
FCER1A_159303249	0.0218869
FCRL4_157588439	0.0207073
FCRL5_157547639	0.0204987
FCRLB_161723982	0.0165574
FH_241498181	0.04985
FLVCR1_212887817	0.0560996
FMO3_171111938	0.0269596
FRRS1_99745209	0.0563251
FRRS1_99749001	0.0698157
FUCA1_23866656	0.0436371
FUCA1_23867723	0.0436371
GALNT2_230276900	0.02018
GATAD2B_153812370	0.0827654
GBA_155236469	0.0226909
GBP1_89054583	0.00699085
GBP3_89008353	0.00895155
GBP7_89134799	0.0468823
GCSAML_247556028	0.0252652
GDAP2_117871576	0.116229
GDAP2_117874445	0.116229
GLRX2_193098280	0.0307193
GLUL_182391428	0.148266
GMEB1_28683975	0.102836
GNAI3_109585330	0.20675
GNB1_1787490	0.00716593
GNB1_1816040	0.00875738
GNG5_84502057	0.0797651
GNL2_37583693	0.0551526
GNL2_37585960	0.0230989
GNL2_37590944	0.0770102
GPATCH2_217619168	0.113569
GPN2_26888636	0.029611
GPR161_168100855	0.00850356
GPR61_109542131	0.220402
GPSM2_108884672	0.0888133
GRHL3_24342542	0.059069
GRIK3_36819582	0.205971
H6PD_9246474	0.0214651
H6PD_9263375	0.0200966
HDGF_156744766	0.575636
HEATR1_236565816	0.0195846
HEATR1_236576028	0.0283764
HFM1_91379795	0.148624
HHIPL2_222526343	0.0196118
HHIPL2_222543108	0.0196252
HIPK1_113972671	0.285321
HMCN1_185995883	0.0450085
HMCN1_186122224	0.053846
HMCN1_186127657	0.0490184
HMCN1_186153099	0.0233675
HMGCS2_119753767	0.016503
HMGCS2_119763703	0.0345957
HNRNPR_23313750	0.102823
HNRNPR_23333857	0.0531113
HSD17B7_162805152	0.0298174
HSD17B7_162806289	0.0211622
HSD3B1_119510484	0.00449444
IFI16_159016245	0.00709174
IFI44_78654867	0.108882
IFI44_78661455	0.0518565
IFI6_27671105	0.0663513
IL12RB2_67322162	0.0645929
IL12RB2_67335869	0.127351
IL19_206842224	0.0368179
IL22RA1_24138102	0.0312309
IL23R_67238393	0.0664689
INPP5B_37890855	0.0521508
INTS3_153749363	0.164436
INTS7_211942822	0.0491332
INTS7_211944035	0.0491332
INTS7_211950278	0.0328885
INTS7_211974924	0.0625887
IPO13_43956318	0.21973
IPO9_201851729	0.024796
IQGAP3_156526676	0.0405402
IQGAP3_156545475	0.0364567
IQGAP3_156552330	0.0154866
IQGAP3_156562851	0.0437735
ITGB3BP_63442184	0.135263
ITLN2_160947421	0.0594709
JAK1_64848185	0.0521106
JAK1_64850597	0.0521106
JAK1_64864159	0.0471043
KANK4_62245834	0.0316108
KANK4_62264542	0.0492304
KCNT2_196490949	0.0678903
KCTD3_215570221	0.0336169
KCTD3_215585129	0.0938549
KCTD3_215585213	0.0938549
KCTD3_215586999	0.0263757
KCTD3_215611716	0.0158631
KDM4A_43689753	0.198869
KDM4A_43689757	0.198869
KDM4A_43693900	0.0519346
KDM5B_202756914	0.0148852
KIAA0319L_35436543	0.0227318
KIAA1324_109190639	0.0551577
KIAA1614_180915736	0.0417542
KIF17_20667541	0.0364143
KIF17_20696624	0.0291166
KIF1B_10258432	0.0504473
KIF1B_10322603	0.0255201
KIRREL_158080502	0.0292253
KLHL12_202895776	0.0279208
KLHL21_6601424	0.124345
KPNA6_32160796	0.116835
KYAT3_88949693	0.0633115
LAMB3_209619716	0.0719151
LBR_225412825	0.0178005
LBR_225414043	0.0178005
LDLRAP1_25556081	0.0530919
LEPROT_65430794	0.139363
LEPR_65613041	0.0582707
LEPR_65616711	0.0636789
LINC00272_182410479	0.0632271
LINC01352_220831140	0.00545299
LRIG2_113116171	0.0712135
LRP8_53248052	0.206089
LRP8_53261828	0.145024
LRRC40_70177688	0.0946972
LRRC41_46301105	0.223137
LRRC42_53963208	0.0695444
LY9_160817794	0.048726
LY9_160818129	0.048726
LYST_235697602	0.0901024
LYST_235742826	0.0785872
LYST_235770335	0.0765981
MACF1_39309539	0.0881521
MACF1_39440947	0.0725033
MAGI3_113615561	0.161035
MAGOH_53235965	0.075265
MAP3K21_233359533	0.037319
MARC2_220756853	0.0302299
MARK1_220599615	0.130211
MCOLN2_84936865	0.0592633
MCOLN2_84939786	0.110452
MCOLN3_85019464	0.0727787
METTL11B_170162656	0.147436
METTL13_171783656	0.0398464
METTL13_171788264	0.0233643
MFN2_11989122	0.0695014
MIER1_66978288	0.116827
MIIP_12028242	0.0149187
MKNK1_46563066	0.143908
MKNK1_46577626	0.115435
MNDA_158848084	0.00863522
MOV10_112693147	0.0369333
MPL_43350613	0.108847
MPZL1_167774528	0.144039
MROH7_54669665	0.0242304
MROH7_54695044	0.0310762
MROH9_170967334	0.0212091
MRPL37_54201236	0.0849529
MSH4_75805774	0.0581184
MSTO1_155610087	0.154578
MTHFR_11799205	0.021625
MTOR_11214868	0.0942612
MTR_236881521	0.0288732
MYBPHL_109295612	0.0658896
MYOM3_24079856	0.0284753
MYOM3_24086849	0.0275731
MYOM3_24097705	0.0702545
MYSM1_58699622	0.0665992
NASP_45606078	0.0489785
NBPF3_21465816	0.0356138
NDC1_53797591	0.0819254
NDUFS5_39028434	0.0359934
NFASC_204993798	0.0936468
NID1_236012895	0.0317147
NKAIN1_31187436	0.0593087
NOC2L_956042	0.100432
NOL9_6552344	0.015847
NOTCH2_119938197	0.0730818
NOTCH2_119950079	0.0549085
NPHP4_5906728	0.0128805
NPHP4_5968178	0.0143398
NPHP4_5977438	0.0450339
NPHP4_5979150	0.0130822
NPL_182812478	0.0604205
NPL_182814131	0.0604205
NR5A2_200041845	0.126459
NUDC_26922769	0.0556333
NUF2_163343591	0.035809
NUF2_163343595	0.035809
NUF2_163348331	0.0365861
NUF2_163354506	0.0523949
NUP133_229499950	0.0335534
NVL_224275087	0.0303463
NVL_224307289	0.0457865
OBSCN_228214044	0.0681471
ORC1_52382440	0.0461676
ORC1_52388235	0.0588697
ORC1_52393012	0.0793146
OSBPL9_51751574	0.118837
OSBPL9_51753698	0.118837
OSCP1_36418654	0.104916
OTUD3_19897468	0.0575633
PADI6_17380820	0.0174372
PADI6_17381707	0.0225885
PADI6_17389222	0.0107721
PARK7_7970275	0.013764
PARK7_7977227	0.0513414
PATJ_61805000	0.140269
PBX1_164795330	0.0420585
PCSK9_55060859	0.0304611
PDE4DIP_149008953	0.0163386
PEAR1_156896567	0.0822541
PEAR1_156907352	0.0223004
PEAR1_156907807	0.0815598
PER3_7804678	0.0131682
PFKFB2_207069241	0.0792694
PGBD5_230333075	0.00697978
PGBD5_230352444	0.0111974
PGLYRP3_153299639	0.0123873
PGM1_63659212	0.0313039
PHC2_33327347	0.0229776
PHGDH_119736695	0.0178749
PHGDH_119737623	0.021303
PIK3C2B_204426256	0.0307779
PIK3C2B_204450853	0.0840238
PKN2_88807083	0.0535777
PLA2G4A_186949022	0.0766512
PLOD1_11956636	0.032548
PLPPR4_99297978	0.0799354
PLXNA2_208042515	0.0561859
PLXNA2_208097360	0.108847
PNRC2_23960086	0.106209
PPFIA4_203053053	0.150593
PRCC_156786473	0.0391476
PRCC_156794566	0.0294807
PRKAA2_56706468	0.157853
PRKACB_84197380	0.0678124
PROX1_214008648	0.407837
PRPF38A_52405312	0.0728313
PRRC2C_171542521	0.0412575
PRUNE1_151009027	0.0688927
PSEN2_226871793	0.0425251
PSEN2_226882429	0.0197055
PSMA5_109415423	0.0903015
PSMB4_151399808	0.0940711
PTBP2_96723405	0.255057
PTCH2_44842621	0.0580513
PTPN14_214376000	0.125753
PTPN14_214388875	0.0296305
PTPRF_43593637	0.0522773
PTPRF_43596935	0.0522773
PTPRF_43606133	0.0412905
PUM1_30937274	0.0563326
QSOX1_180183285	0.206571
QSOX1_180191382	0.0201673
RAB3GAP2_220182397	0.035595
RAB3GAP2_220192174	0.0319301
RAB4A_229286327	0.0245331
RABGAP1L_174220453	0.153731
RABGAP1L_174957830	0.203245
RAP1A_111708971	0.141206
RAP1A_111709117	0.141206
RASAL2_178470431	0.222805
RBBP4_32655476	0.0277952
RC3H1-IT1_174011662	0.0873325
RC3H1_173962095	0.0622635
RC3H1_173992141	0.0353761
RCC2_17414614	0.0151378
RCC2_17416210	0.0151378
RCC2_17419977	0.052067
RCC2_17429035	0.0383251
RCOR3_211294378	0.0499885
RCOR3_211297842	0.106341
RCSD1_167633441	0.0354889
RERE_8359106	0.0173341
RGL1_183883105	0.152545
RGL1_183895752	0.130354
RGS13_192644020	0.028514
RGSL1_182458855	0.0378853
RGSL1_182490634	0.0313123
RHBG_156381257	0.0167275
RHD_25306477	0.0392087
RIIAD1_151724237	0.0523682
RIMS3_40645994	0.137874
RLF_40223334	0.0976525
RNASEL_182584382	0.0511078
RNF115_145788611	0.216197
RNF115_145788838	0.216197
RNF220_44640924	0.419686
RNPEP_201989350	0.0439785
RORC_151815879	0.311214
RP11-360D2.1_173636153	0.122329
RP11-504A18.1_56250505	0.0369998
RP3-454G6.2_171625991	0.0103903
RPA2_27895296	0.0547829
RPF1_84493099	0.0950343
RPF1_84494010	0.0950343
RPRD2_150443011	0.627111
RRNAD1_156731913	0.0299068
RUSC1_155330131	0.0229302
RXRG_165413937	0.0388744
RYR2_237441917	0.0344392
RYR2_237795816	0.0131992
S100PBP_32828356	0.173963
SARS_109224263	0.0414675
SASS6_100126164	0.0387613
SCAMP3_155256811	0.0430122
SCCPDH_246758781	0.0380665
SCCPDH_246759879	0.0435287
SCCPDH_246765466	0.0407768
SCMH1_41039239	0.0925215
SCYL3_169861639	0.0194663
SDE2_225998544	0.0576674
SDF4_1223516	0.00914557
SEC22B_120170864	0.122183
SERTAD4_210240458	0.128636
SF3A3_37984318	0.0675485
SFPQ_35185042	0.637248
SFPQ_35190042	0.0268809
SH3GLB1_86720673	0.129054
SHISA4_201890425	0.101881
SIPA1L2_232439006	0.0202046
SLAMF6_160488852	0.0544994
SLC19A2_169476414	0.0624088
SLC19A2_169483635	0.0555544
SLC25A33_9579520	0.113087
SLC25A33_9579713	0.113087
SLC25A33_9580341	0.046319
SLC25A33_9580936	0.046319
SLC30A7_100969537	0.0713849
SLC35A3_100010244	0.0701493
SLC35D1_67006825	0.0535917
SLC35D1_67042546	0.0788269
SLC35F3_234319814	0.0163811
SLC44A5_75219109	0.0550456
SLC45A1_8329519	0.00932506
SLC5A9_48236024	0.0298888
SLC6A17_110171720	0.101779
SLC6A17_110193724	0.0223319
SLC9A1_27110197	0.058286
SLC9A1_27113629	0.058286
SMG5_156272920	0.0303702
SMG7_183516917	0.379353
SMG7_183517473	0.379353
SMG7_183517489	0.379353
SMYD2_214335708	0.0185174
SMYD3_245929511	0.0262415
SMYD3_246331460	0.0373343
SNAP47_227762254	0.0347795
SNX7_98690132	0.142451
SOAT1_179343090	0.0442609
SORT1_109316962	0.102246
SORT1_109329784	0.053065
SORT1_109345405	0.0557076
SORT1_109345919	0.107059
SORT1_109354173	0.102228
SORT1_109368808	0.104832
SPAG17_118029277	0.0379028
SPOCD1_31791783	0.0300021
SPRTN_231340977	0.0484365
SPTA1_158650556	0.0196898
SPTA1_158651550	0.0170291
SRGAP2_206434900	0.0822486
SRRM1_24655837	0.082437
SRRM1_24657302	0.082437
SRSF10_23974468	0.053542
SRSF11_70223019	0.0543808
SRSF11_70230049	0.869369
SSBP3_54405666	0.521631
SSX2IP_84669560	0.0908803
ST7L_112578034	0.193164
ST7L_112582200	0.377835
STIL_47261262	0.122297
STIL_47290862	0.112116
STIL_47307878	0.122552
STPG1_24373214	0.0611025
STPG1_24373845	0.0798383
STRIP1_110043436	0.0514582
STX12_27805147	0.110748
STXBP3_108772874	0.105342
SUCO_172553006	0.161915
SWT1_185171837	0.147137
SYF2_25228847	0.0302235
SYT2_202598682	0.015898
TADA1_166875696	0.0357475
TAF1A_222566473	0.0304823
TARBP1_234418533	0.0125742
TARBP1_234458685	0.017323
TARBP1_234477395	0.0208506
TARDBP_11020300	0.031195
TARS2_150505458	0.0295041
TCEA3_23381637	0.0805334
TDRD5_179636950	0.0616575
TDRKH_151778551	0.256456
TEKT2_36087395	0.148197
TGFBR3_91713529	0.176525
TGFBR3_91734467	0.147751
THRAP3_36284923	0.26377
THRAP3_36287870	0.499477
THRAP3_36288752	0.499477
THRAP3_36293558	0.0335459
TIE1_43321614	0.0728537
TIMM17A_201958907	0.0132367
TIPRL_168195061	0.0460296
TM2D1_61682986	0.0844955
TM2D1_61700274	0.135051
TM2D1_61704804	0.0772901
TMCO4_19741034	0.0260011
TMEM183A_203019287	0.0528128
TMEM269_42806524	0.115746
TMEM50A_25352719	0.0810351
TMEM54_32897775	0.055224
TMEM57_25450301	0.139207
TMEM57_25491704	0.0542299
TNNI3K_74542540	0.070667
TNN_175098271	0.0631391
TNR_175392866	0.115738
TP53BP2_223785805	0.0155149
TP53BP2_223807120	0.0236691
TPR_186356646	0.0295723
TRAF3IP3_209756814	0.0620303
TRAF5_211366489	0.0521294
TRIM45_117116773	0.0564476
TRIT1_39846649	0.322505
TRIT1_39851641	0.309929
TRMT1L_185137441	0.15237
TSNAX_231562071	0.152328
TTC13_230924067	0.0224048
TTC34_2644664	0.0113673
TTC34_2788831	0.0164807
TTF2_117085537	0.0381114
TTF2_117086202	0.0381114
TTF2_117099081	0.0224498
TTLL7_83939932	0.092809
TUFT1_151564462	0.040221
UAP1_162596317	0.0825739
UBAP2L_154251387	0.112543
UBAP2L_154260830	0.0668091
UBE2Q1_154550628	0.087906
UBE2Q1_154554515	0.00882816
UBE4B_10096047	0.0768967
UBE4B_10106015	0.122987
UBE4B_10144885	0.0156119
UBE4B_10158088	0.0227624
UBE4B_10160220	0.0292554
UBE4B_10170785	0.0172185
UBE4B_10173030	0.0179403
UBQLN4_156043896	0.157677
UBR4_19122587	0.0257811
UBR4_19147380	0.0336129
UBR4_19186065	0.0414879
UBXN11_26283950	0.0637558
UCHL5_193024000	0.052593
UHMK1_162501581	0.0360874
USH2A_216419200	0.210396
USP24_55088290	0.0506412
USP33_77714975	0.0733158
USP33_77729452	0.062048
USP48_21692151	0.103674
USP48_21729024	0.0249713
VANGL1_115644862	0.130267
VANGL2_160416733	0.0532061
VAV3_107754740	0.0359343
VAV3_107775825	0.0360272
VPS13D_12241949	0.0459075
VPS13D_12255504	0.0383675
VPS13D_12286408	0.0374242
VPS13D_12293793	0.0786652
VPS13D_12302613	0.126868
VPS13D_12311354	0.0928236
VPS13D_12311358	0.0928236
VPS13D_12318723	0.0545365
VPS13D_12319495	0.0545365
VPS13D_12319966	0.126312
VPS13D_12342660	0.0779271
VPS13D_12344469	0.135929
VPS13D_12355085	0.0540226
VPS13D_12379202	0.0540045
VPS13D_12384125	0.0294955
VPS13D_12508131	0.0197604
VPS13D_12508375	0.0197604
VWA5B1_20323272	0.0550206
WDR3_117956047	0.0506663
WDR47_109012256	0.113711
WDR47_109013594	0.113711
WDR78_66891862	0.0801069
WRAP73_3637962	0.00858787
WRAP73_3649407	0.00891368
WRAP73_3649804	0.00891368
WRAP73_3649821	0.00891368
YBX1_42697498	0.029
ZBTB40_22504343	0.224898
ZBTB40_22515327	0.0288745
ZCCHC11_52470814	0.120394
ZCCHC11_52490961	0.175646
ZCCHC17_31316622	0.115059
ZDHHC18_26849667	0.161682
ZFP69B_40454756	0.0401278
ZFP69_40488987	0.0694256
ZFYVE9_52265163	0.513979
ZFYVE9_52337218	0.0909778
ZFYVE9_52342141	0.0500126
ZMYM1_35094521	0.0488899
ZMYM4_35419107	0.159982
ZMYM6_35014528	0.107023
ZNF644_90951216	0.132649
ZP4_237889671	0.00517188
ZRANB2_71076704	0.054255
ZYG11A_52856545	0.0553219
ZYG11A_52877900	0.405123
ZYG11A_52880652	0.0749212
AAK1_69522332	0.0861012
AAK1_69525388	0.110843
AAK1_69531600	0.160044
ABCG8_43876378	0.0131607
ABI2_203383320	0.225562
AC020594.5_33558610	0.0339134
AC074286.1_177334585	0.125771
AC079584.3_143603735	0.31918
ACADL_210207366	0.0515754
ACMSD_134862374	0.0833326
ACSL3_222907196	0.0896058
ACTG2_73909457	0.061725
ACVR1C_157552979	0.0796125
ACVR1_157737964	0.0773688
ACVR1_157778944	0.128842
ACVR2A_147917976	0.190234
ADAM17_9490769	0.0279914
ADAM23_206568021	0.166791
ADAM23_206571685	0.0890557
ADCY3_24838318	0.0146876
ADCY3_24840031	0.0122691
ADD2_70709240	0.0577177
AGFG1_227528706	0.0961202
ALKAL2_281390	0.0122051
ALKAL2_281396	0.0122051
ALLC_3677594	0.00863611
ALMS1_73426805	0.155624
ALS2CR12_201307770	0.0392723
AMMECR1L_127873468	0.0542992
ANAPC1_111834206	0.0656664
ANKAR_189676154	0.072433
ANKAR_189695669	0.0610162
ANKAR_189698850	0.0581534
ANKRD36C_95980459	0.00462713
ANKRD36C_95983033	0.00369275
ANKRD53_70982280	0.0560693
ANO7_241222843	0.0120072
ANTXR1_69044058	0.0699522
ANTXR1_69070561	0.124657
ANXA4_69813606	0.0678085
AOX1_200603457	0.042522
APOB_21035772	0.024708
ARL5A_151815386	0.0809237
ARMC9_231210479	0.0427485
ARPC2_218225867	0.216287
ASAP2_9328168	0.0337017
ASAP2_9380962	0.0530255
ASAP2_9388041	0.00809919
ASTL_96126085	0.0136523
ASXL2_25755950	0.109427
ATG16L1_233256032	0.0160345
ATG16L1_233272584	0.0413633
ATG16L1_233289771	0.0317433
ATG4B_241667653	0.00753103
ATG4B_241668984	0.00800355
ATL2_38310447	0.0886734
ATP6V1C2_10771361	0.0259359
BARD1_214729112	0.235261
BAZ2B_159324507	0.106485
BAZ2B_159329786	0.104622
BAZ2B_159411906	0.129125
BCL2L11_111122302	0.283278
BIN1_127065762	0.0427384
BIRC6_32449381	0.0695157
BIRC6_32502636	0.0498925
BIRC6_32530853	0.0451052
BIRC6_32601788	0.0708531
BOLL_197759187	0.13811
BRE_28242098	0.0601673
C2orf49_105341700	0.0557873
C2orf61_47121757	0.226336
C2orf80_208169587	0.0578701
CAB39_230810845	0.0360191
CACNB4_151975131	0.103425
CAD_27229546	0.0641534
CAPN14_31189721	0.085537
CCDC138_108791428	0.0736116
CCDC138_108813472	0.0634775
CCDC150_196664245	0.0979983
CCDC150_196720758	0.0431144
CCDC173_169676933	0.0803823
CCDC93_117939382	0.0489413
CDKL4_39189346	0.074889
CEP68_65079476	0.040396
CERS6_168691396	0.0894652
CFAP221_119612047	0.0729756
CFAP65_219003646	0.0285301
CFAP65_219021046	0.0243528
CHRNA1_174760989	0.106051
CHRNG_232542190	0.0282079
CHST10_100394011	0.0160296
CHST10_100395685	0.0154187
CHST10_100409323	0.0382679
CLASP1_121398132	0.0678391
CLASP1_121454400	0.0471279
CLASP1_121527108	0.0448769
CLASP1_121529017	0.0387121
CLHC1_55227934	0.0692621
CMPK2_6862360	0.00593551
CNNM4_96808491	0.0628682
COBLL1_164699183	0.0826166
COBLL1_164704879	0.0832494
COL3A1_188996029	0.0618563
COL4A3_227301995	0.120301
COL4A3_227302793	0.120301
COL4A4_227107700	0.0223472
COL6A3_237395355	0.0397208
COLEC11_3639477	0.00878719
CPS1_210579035	0.116756
CPSF3_9425983	0.0275237
CPSF3_9433076	0.0217052
CREB1_207567293	0.159209
CRIM1_36541454	0.0287039
CRIPT_46617777	0.0612877
CTNNA2_80580234	0.100638
CWC22_179984352	0.0900751
CWC22_179988147	0.0836314
D2HGDH_241744677	0.00871333
DARS_135930481	0.115838
DARS_135984877	0.212843
DGKD_233447486	0.00945109
DGKD_233455203	0.0209095
DGUOK_73941189	0.093937
DGUOK_73951450	0.0808252
DHX57_38860719	0.100146
DHX57_38875023	0.0668529
DNAH6_84673295	0.062856
DNAH6_84720633	0.048128
DNAH6_84782624	0.0795824
DNAH7_195814008	0.0722228
DNAH7_196023538	0.053971
DNAJC10_182753026	0.087248
DNAJC27_24958542	0.125427
DNER_229586237	0.0266547
DNMT3A_25236737	0.0319022
DNMT3A_25244404	0.086806
DOK1_74555798	0.135404
DPP10_115750192	0.0792155
DPP4_162012049	0.121321
DPYSL5_26929046	0.0470317
DRC1_26431364	0.0339321
DTYMK_241684501	0.0126506
DYNC1I2_171725388	0.403343
DYSF_71599679	0.0556442
DYTN_206694601	0.0579029
EFR3B_25133354	0.0580326
EHBP1_62827460	0.209238
EHBP1_62952179	0.122736
EHBP1_62990461	0.307086
EML6_54848125	0.0895641
EPB41L5_120127619	0.095439
EPC2_148769636	0.144217
EPCAM_47384685	0.0256263
ERCC3_127271822	0.0300172
ERCC3_127288401	0.0207491
EVX2_176082949	0.31543
FABP1_88127539	0.0140712
FAHD2A_95404080	0.0265496
FAM117B_202726159	0.126714
FAM126B_200988865	0.115709
FAM161A_61837944	0.237132
FAM168B_131053015	0.0238585
FAM228B_24093893	0.0650883
FAM49A_16560118	0.217559
FAP_162199493	0.186977
FARP2_241466382	0.0487649
FARP2_241466388	0.0487649
FARP2_241490334	0.00804071
FARSB_222616890	0.0554659
FARSB_222625228	0.0550293
FARSB_222629424	0.0288172
FARSB_222631962	0.0461762
FARSB_222644884	0.0835707
FARSB_222646800	0.0835707
FASTKD2_206769915	0.126868
FMNL2_152580739	0.139801
FMNL2_152614136	0.0762124
FMNL2_152615742	0.0497695
FMNL2_152631948	0.0637954
FSHR_48985190	0.143521
FSIP2_185786653	0.0210035
GALNT5_157301992	0.123256
GCFC2_75691635	0.118204
GCFC2_75697471	0.0379979
GCFC2_75701062	0.0379979
GEN1_17760414	0.0537187
GFPT1_69349228	0.111367
GFPT1_69355747	0.0711689
GFPT1_69369557	0.0851244
GFPT1_69372568	0.0720847
GIGYF2_232792270	0.0622508
GIGYF2_232808604	0.0721936
GKN1_68975156	0.0752158
GLB1L_219241521	0.0779297
GLS_190896623	0.180951
GLS_190897259	0.180951
GMCL1_69830591	0.102319
GMCL1_69837430	0.102319
GPD2_156569285	0.0435335
GPR155_174470583	0.152225
GREB1_11624256	0.0302293
GRHL1_9952294	0.244714
GRHL1_9992315	0.0261255
GRHL1_9993830	0.0109047
GTF3C2_27333905	0.255249
GTF3C2_27342659	0.264056
GULP1_188478759	0.0659067
HADHA_26192036	0.0546701
HADHA_26197913	0.044963
HADHB_26256457	0.0983304
HADHB_26258624	0.0983304
HDLBP_241235005	0.00769454
HDLBP_241243132	0.00584733
HDLBP_241262588	0.005179
HEATR5B_37001371	0.0942289
HEATR5B_37072359	0.0686664
HECW2_196321064	0.0492821
HECW2_196337779	0.041309
HIBCH_190317797	0.041658
HJURP_233843384	0.0120393
HJURP_233847218	0.0127485
HK2_74872161	0.0783175
HK2_74879605	0.0265905
HK2_74885671	0.0251654
ICA1L_202823132	0.0785739
ICA1L_202828046	0.113456
IL18R1_102386628	0.0176832
IL18RAP_102422546	0.0263378
IL18RAP_102446058	0.00945286
IL1RL1_102338835	0.0716145
ING5_241702328	0.0392176
ING5_241722679	0.0068953
INO80D_206018983	0.0587025
INPP4A_98571388	0.0114735
INSIG2_118103031	0.188167
IQCA1_236342379	0.082158
ITGA6_172502106	0.316839
ITGB1BP1_9408909	0.0208886
ITSN2_24205863	0.0603025
ITSN2_24281952	0.119011
ITSN2_24294903	0.0735602
ITSN2_24306496	0.0845907
IWS1_127486316	0.104336
IWS1_127499941	0.055183
KANSL1L_210028011	0.0740174
KANSL1L_210030082	0.0699547
KANSL3_96611238	0.0335568
KCMF1_85037848	0.0485284
KCMF1_85046870	0.0603079
KCTD18_200499645	0.152103
KIDINS220_8812218	0.022194
LBX2_74499865	0.160811
LCLAT1_30527034	0.111955
LCT_135814173	0.031105
LCT_135831022	0.0455457
LIMS1_108671180	0.0357821
LINC00116_110214478	0.0151792
LINC00116_110216073	0.0209251
LINC00116_110218213	0.0836692
LMAN2L_96734115	0.393447
LNPK_175935707	0.304892
LNPK_175943378	0.20789
LONRF2_100298450	0.0188677
LONRF2_100303276	0.0231081
LPIN1_11784499	0.0108391
LPIN1_11786915	0.0102992
LPIN1_11786987	0.0102992
LPIN1_11788958	0.0897522
LRP1B_140361658	0.038316
LRP2_169213442	0.0528073
LRPPRC_43932694	0.204083
LRPPRC_43947863	0.40802
LTBP1_33245494	0.115614
LTBP1_33343046	0.0860906
LYPD1_132669495	0.152634
MAP2_209698521	0.279104
MAP3K20_173261503	0.0390027
MAP3K2_127327049	0.108693
MAP3K2_127332320	0.086333
MAP3K2_127333838	0.086333
MAP4K3_39293750	0.205859
MAP4K4_101873455	0.356633
MAPRE3_27022636	0.0496394
MARCH7_159751447	0.0999699
MATN3_20008488	0.0509903
MATN3_20011961	0.0509903
MBOAT2_8872953	0.0202595
MCM6_135841722	0.0479631
MCM6_135856999	0.0820365
MCM6_135872627	0.0551531
MEMO1_31886787	0.305352
MERTK_112003794	0.0512412
MERTK_112026568	0.0259285
MFF_227328520	0.0731597
MFSD2B_24010357	0.0542006
MGAT4A_98640286	0.0477433
MGAT5_134342519	0.167008
MLPH_237546843	0.012566
MMADHC_149582326	0.0914849
MOGAT1_222693800	0.0300281
MRPL19_75651954	0.127235
MRPL30_99194643	0.0628401
MRPS5_95107630	0.0190827
MRPS5_95110325	0.0408454
MRPS9_105081104	0.196757
MSH2_47411726	0.038132
MTA3_42640125	0.0707403
MTHFD2_74212544	0.0761082
MTIF2_55257355	0.0659797
MTX2_176328099	0.289893
MXD1_69917337	0.27223
MYO1B_191344930	0.120973
MYO1B_191392491	0.0333525
MYO1B_191395303	0.0464033
MYO1B_191416029	0.0268948
MYO3B_170399957	0.162038
MYO7B_127579464	0.0176637
MYO7B_127607808	0.0152214
NBAS_15309465	0.0466727
NBAS_15394538	0.0449568
NBAS_15417119	0.0191174
NBAS_15423562	0.0323575
NBEAL1_203104543	0.167766
NBEAL1_203176391	0.0863449
NBEAL1_203185689	0.0757845
NCAPH_96353196	0.0320601
NCAPH_96353590	0.393613
NCAPH_96354985	0.0317799
NCKAP5_132725901	0.0624805
NCKAP5_133565033	0.119201
NDUFA10_240006744	0.0103206
NDUFS1_206138758	0.0382728
NDUFS1_206143431	0.0633342
NEB_151534492	0.19645
NIF3L1_200893594	0.0331062
NLRC4_32238594	0.0294154
NMS_100482137	0.0477774
NOSTRIN_168848110	0.0677265
NOSTRIN_168862542	0.0575223
NPAS2_100935130	0.113659
NPAS2_100968715	0.0483523
OBSL1_219553417	0.115617
ORC4_147938920	0.0745621
PAPOLG_60784392	0.0680718
PARD3B_205179450	0.0983429
PASK_241124133	0.0155655
PASK_241135024	0.00515816
PDE6D_231733564	0.0593145
PDK1_172559256	0.108631
PELI1_64097061	0.193153
PER2_238251116	0.011462
PER2_238267510	0.0128122
PGAP1_196842440	0.0669789
PIKFYVE_208311569	0.1757
PIKFYVE_208335055	0.0731319
PKP4_158664207	0.223896
PLA2R1_159984478	0.135614
PLB1_28530265	0.025225
PLB1_28545200	0.0271981
PLEKHA3_178485491	0.123847
PLEKHH2_43695633	0.11738
PLEKHH2_43697603	0.117037
PMS1_189844167	0.116112
PMS1_189868099	0.171767
PNPT1_55672653	0.171128
PNPT1_55678516	0.105205
POLR1A_86070344	0.0788257
POLR1A_86100216	0.0477841
POLR1A_86101612	0.0477841
POLR2D_127851779	0.0108161
PPIG_169607749	0.0827878
PPM1B_44217436	0.0604086
PPP1CB_28796937	0.149263
PPP1R21_48457881	0.144748
PPP1R21_48460968	0.175311
PPP1R21_48461066	0.175311
PPP1R21_48462299	0.0968102
PPP1R21_48463325	0.0968102
PPP3R1_68187389	0.0802734
PPP4R3B_55569655	0.119182
PREPL_44322935	0.0674261
PREPL_44327313	0.0720747
PRKD3_37266246	0.106887
PROM2_95280379	0.0282391
PSMD1_231062098	0.113937
PSMD1_231070313	0.110866
PSMD1_231073379	0.0766008
PSME4_53890377	0.0415031
PSME4_53903572	0.0450096
PSME4_53903818	0.0450096
PSME4_53913870	0.193897
PSME4_53934303	0.090731
PTCD3_86124667	0.0223146
PTMA_231709399	0.202241
PUM2_20285213	0.0831966
PUS10_60945327	0.109905
PUS10_60964709	0.224507
PXDN_1661986	0.00868762
QPCT_37371781	0.0955661
R3HDM1_135622352	0.262584
R3HDM1_135645763	0.138051
RAPGEF4_172965740	0.23374
RAPGEF4_172987797	0.114335
RAPGEF4_173029905	0.236017
RAPGEF4_173032859	0.178326
RBM44_237822372	0.0315679
RBM45_178122395	0.0898612
RBMS1_160318488	0.124618
RDH14_18559286	0.155708
REL_60894213	0.145279
RFX8_101412114	0.0568504
RIF1_151412012	0.0368015
RIF1_151460320	0.0518735
RMDN2_37993589	0.0718873
RNF103_86620764	0.169391
RNF144A_7029597	0.00877924
RNF25_218668826	0.142659
RP11-507M3.1_24144570	0.0655628
RSAD2_6887822	0.00441644
RUFY4_218076065	0.0347697
RUFY4_218077744	0.0300074
SAP130_127943693	0.0342761
SAP130_127995867	0.0433023
SCN2A_165309163	0.670853
SCN2A_165368164	0.0474046
SCN3A_165141622	0.11145
SCN9A_166240786	0.035041
SCN9A_166304383	0.124779
SCTR_119453132	0.0247149
SELENOI_26374888	0.157758
SESTD1_179182759	0.112193
SF3B1_197416935	0.0328785
SFXN5_72967162	0.0800617
SGO2_200534066	0.104012
SLC23A3_219163072	0.0975127
SLC25A12_171835547	0.427701
SLC25A12_171837638	0.131405
SLC30A6_32166188	0.0572493
SLC35F5_113722821	0.144629
SLC35F5_113734773	0.249958
SLC40A1_189578218	0.112546
SLC4A3_219637544	0.0351725
SLC4A5_74246608	0.081151
SLC5A6_27202136	0.027044
SMARCAL1_216423807	0.104232
SMARCAL1_216433877	0.0268269
SMC6_17695962	0.0944258
SMC6_17701688	0.0668938
SMC6_17719627	0.063368
SMC6_17726778	0.0632568
SMC6_17731405	0.0708106
SMC6_17733992	0.0535039
SMC6_17739248	0.0471615
SMC6_17747175	0.0775188
SNED1_241068090	0.00950363
SNRNP200_96277460	0.0638155
SNRNP27_69895053	0.0360558
SOS1_39002642	0.123191
SP100_230468087	0.0257496
SP100_230499777	0.0287857
SP140_230245807	0.00832179
SP140_230249149	0.00546918
SPOPL_138560175	0.10565
SPTBN1_54641872	0.0863481
SPTBN1_54648083	0.0337151
SPTBN1_54650054	0.0287577
SPTBN1_54657783	0.0418455
SRBD1_45419196	0.252547
SRBD1_45562200	0.083239
SRBD1_45603935	0.0975306
SSB_169800637	0.0920189
ST3GAL5_85863160	0.042948
ST6GAL2-IT1_106823805	0.0267498
STAM2_152142911	0.0935717
STAT1_191011600	0.0435907
STAT1_191013333	0.0435907
STAT4_191063505	0.08872
STK39_168016474	0.178249
SUCLG1_84425137	0.100361
SUCLG1_84442901	0.0896124
SULT1C4_108378991	0.0383081
TAF1B_9916129	0.0355345
TANC1_159174917	0.0425445
TANK_161228751	0.278341
TEKT4_94876033	0.0135858
TGFBRAP1_105273371	0.0256389
THADA_43231825	0.157414
THADA_43552832	0.0810081
THADA_43579807	0.0556158
THAP4_241636486	0.0363827
THSD7B_137231954	0.152432
TLK1_170996586	0.0586655
TM4SF20_227370320	0.0208659
TMEM131_97770933	0.0591892
TMEM131_97771956	0.0591892
TMEM131_97815606	0.0969901
TMEM131_97841012	0.0596512
TMEM87B_112078103	0.0591757
TMEM87B_112082876	0.0302267
TNS1_217817024	0.0944199
TPO_1434858	0.00521002
TRAF3IP1_238344180	0.0125029
TRAPPC12_3464527	0.0278306
TRIP12_229791506	0.0551612
TRIP12_229830902	0.051858
TRPM8_233926984	0.0189659
TRPM8_233928643	0.0189659
TRPM8_234007110	0.0186555
TRPM8_234014895	0.0212549
TSGA10_99019388	0.102275
TTC27_32634637	0.0447291
TTC27_32666598	0.114176
TTC27_32672169	0.0485154
TTC27_32820414	0.0641863
TTC7A_47052946	0.0722501
TTLL4_218740462	0.0959193
TTLL4_218754075	0.0443829
TTL_112521340	0.0506264
TTL_112521833	0.0506264
TTN_178804950	0.222791
TUBA4A_219252284	0.372878
UBR3_169919172	0.158512
UBR3_169927253	0.300476
UBXN4_135751129	0.0739113
UBXN4_135755463	0.0843687
UGGT1_128135239	0.0821934
UGGT1_128154221	0.0926375
UGGT1_128170662	0.0406057
UNC50_98614785	0.038879
UNC80_209788909	0.0644658
USP34_61226268	0.294066
USP34_61314000	0.244568
USP37_218465587	0.0642893
USP37_218483028	0.135375
USP37_218496033	0.066201
USP39_85627408	0.0277496
USP40_233491478	0.0379425
USP40_233497583	0.0477627
USP40_233529069	0.0335534
USP40_233530582	0.0744778
USP40_233554143	0.0674482
VIL1_218431716	0.0383233
VIL1_218436703	0.058305
VPS54_63920228	0.158224
VPS54_63949313	0.157084
WDPCP_63436881	0.6003
WDR33_127766607	0.0706606
WDR35_19946066	0.0996509
WDR35_19977924	0.0569871
WDR35_19985034	0.120873
WDR75_189471584	0.0294552
WDSUB1_159258173	0.0878444
XRCC5_216124614	0.0893574
XRCC5_216144338	0.0614549
XRCC5_216161763	0.059217
ZC3H15_186495564	0.142197
ZEB2_144404472	0.80569
ZNF142_218646348	0.0470805
ZNF638_71361103	0.11854
ZNF638_71406048	0.110476
ZRANB3_135226452	0.138581
ABCC5_183978975	0.0414381
ABHD10_111983464	0.0919405
ABHD5_43704480	0.0486088
ABI3BP_100799223	0.0681878
ACAD11_132604977	0.0537864
ACAD11_132638124	0.0989924
ACAD11_132640506	0.0700448
ACAD9_128885533	0.0232499
ACOX2_58529556	0.0316064
ACPP_132333492	0.0418936
ACTR8_53869439	0.0437434
ALCAM_105547775	0.144637
ALCAM_105550356	0.324567
ALDH1L1_126147296	0.00663004
ALDH1L1_126157952	0.0205379
ALS2CL_46678612	0.0180695
ANKRD28_15677954	0.16482
ANKRD28_15689536	0.125359
ANKRD28_15709924	0.119641
ANKRD28_15801395	0.122531
APEH_49680486	0.0394163
APOD_195575963	0.0696975
ARHGAP31_119386771	0.0996033
ARL6_97785781	0.0830413
ARMC8_138234537	0.116175
ARMC8_138290461	0.0989109
ARMC8_138291922	0.0615115
ARMC8_138295715	0.0615115
ARPC4-TTLL3_9814884	0.0842987
ASB14_57290197	0.0611604
ATP11B_182897514	0.122462
ATP11B_182917637	0.268259
ATP13A3_194425026	0.0976373
ATP13A3_194470363	0.113176
ATP13A4_193441789	0.245132
ATP13A4_193446829	0.0537654
ATP13A5_193314787	0.031126
ATP13A5_193318510	0.0552381
ATP13A5_193330551	0.0874381
ATP2C1_130937283	0.089635
ATP2C1_130975281	0.0654438
ATP2C1_130995355	0.105642
ATRIP_48461012	0.0444856
ATR_142494493	0.0881855
ATR_142508302	0.0822179
ATR_142515638	0.0819169
ATXN7_63993045	0.0181939
AZI2_28329871	0.108535
BCL6_187725373	0.0497203
BDH1_197532647	0.0366091
BOC_113250251	0.0390506
BOC_113282513	0.0271785
C3orf20_14684528	0.02785
C3orf20_14703560	0.040959
C3orf49_63828079	0.106369
CACNA1D_53666885	0.222264
CACNA1D_53746684	0.0321903
CADPS_62477117	0.302013
CAPN7_15207239	0.0535343
CAPN7_15227294	0.0619955
CBLB_105682483	0.154518
CBLB_105684460	0.154518
CCDC13_42740346	0.0200862
CCDC14_123949770	0.143325
CCDC191_114009122	0.188686
CD200R1_112930614	0.022437
CDC25A_48159810	0.0275899
CDV3_133586859	0.365431
CEP63_134539441	0.117181
CEP70_138535680	0.0937839
CFAP100_126416046	0.00645463
CFAP44_113379682	0.0295629
CFAP44_113401489	0.18553
CFAP44_113426420	0.0793898
CHDH_53819114	0.031332
CHST13_126538793	0.0184497
CHST13_126541265	0.0184497
CLSTN2_140465205	0.0473616
CMSS1_100165160	0.130686
CNTN3_74266676	0.018219
CNTN6_1402836	0.0265343
COL6A5_130378804	0.0428597
COL6A5_130395812	0.0278034
COLQ_15474487	0.0613681
CP_149183067	0.0517333
CP_149209954	0.0587828
CP_149214208	0.0611672
CRBN_3169222	0.0208774
CRBN_3178236	0.0297839
CRTAP_33141805	0.0587562
CRYBG3_97896862	0.0767996
CRYGS_186540673	0.0680688
CRYGS_186544216	0.0680688
CSPG5_47572364	0.0795519
CSRNP1_39145311	0.0820753
CSRNP1_39146807	0.225149
CTDSPL_37959025	0.0577192
DBR1_138169208	0.0857193
DCBLD2_98817562	0.0812142
DCBLD2_98823613	0.0513576
DENND6A_57633078	0.0833708
DGKG_186270791	0.0896931
DHX30_47810344	0.0756837
DHX36_154276433	0.122541
DHX36_154289394	0.0769889
DHX36_154310479	0.0783203
DHX36_154315559	0.0792036
DLEC1_38060114	0.027162
DLEC1_38120816	0.0260334
DNAJB11_186571388	0.136756
DNAJC13_132483976	0.379559
DNAJC13_132522611	0.0514453
DNAJC13_132524202	0.0391937
DNAJC13_132528103	0.0534471
DNASE1L3_58203127	0.0616936
DOCK3_51341812	0.0697643
DZIP1L_138095050	0.0466841
DZIP1L_138095068	0.0466841
DZIP1L_138100357	0.173274
EAF2_121854454	0.123671
ECT2_172782714	0.0768592
EDEM1_5202862	0.0466371
EDEM1_5212275	0.014232
EIF2B5_184141151	0.119969
EIF4E3_71699471	0.0288392
EMC3_9972645	0.0515864
EMC3_9985389	0.0657546
ENTPD3_40388710	0.0838148
EXOG_38503810	0.0454132
FAIM_138609228	0.0602826
FAIM_138609234	0.0602826
FAIM_138610411	0.0602826
FAM208A_56629790	0.0686244
FAM3D_58646331	0.0489801
FANCD2_10043048	0.0398549
FANCD2_10043426	0.0905052
FANCD2_10043441	0.0905052
FBXO45_196582128	0.0909793
FGD5_14926428	0.0414467
FLNB_58115825	0.0529587
FXR1_180948272	0.300951
GFM1_158648204	0.048688
GFM1_158685765	0.12214
GHRL_10288972	0.0101346
GLB1_33057801	0.0271708
GLB1_33068970	0.0317031
GOLGA4_37333955	0.0966116
GOLIM4_168028529	0.0839964
GOLIM4_168047196	0.0952539
GPR171_151199561	0.0760618
GPR87_151296527	0.0743525
H1FOO_129550176	0.0163183
HACD2_123495142	0.153551
HACL1_15582581	0.0361102
HCLS1_121635572	0.0299678
HGD_120628896	0.193935
HGD_120644988	0.321481
HPS3_149170342	0.0599421
HRASLS_193267716	0.0786581
HTR3C_184053679	0.0421234
HTR3D_184035521	0.0606265
HTR3D_184037830	0.0437963
HYAL1_50300875	0.0847219
IFT122_129451626	0.2662
IFT80_160271568	0.157878
IFT80_160380455	0.152109
IGF2BP2_185654860	0.0516563
IGF2BP2_185656247	0.0516563
IGF2BP2_185657759	0.0318582
IGSF10_151451271	0.0309589
IL17RC_9932571	0.0345674
IL20RB_136994591	0.0852642
IL5RA_3100307	0.0284133
IMPG2_101243268	0.0700924
IMPG2_101272450	0.136914
IMPG2_101275417	0.0921484
IMPG2_101275469	0.0921484
IP6K1_49735594	0.0194562
IQCB1_121795704	0.170452
IQSEC1_12912470	0.0162715
IQSEC1_12938959	0.014777
IRAK2_10219636	0.0467284
IRAK2_10234383	0.0318314
ISY1_129131268	0.00879044
ISY1_129159758	0.0283164
ITGA9_37472270	0.0286208
ITGA9_37501603	0.0308676
ITPR1_4669551	0.0126054
ITPR1_4669557	0.0126054
ITPR1_4692720	0.020464
ITPR1_4702333	0.0114286
KALRN_124659680	0.0499937
KIAA1524_108570666	0.0902385
KIF15_44813331	0.0401689
KIF15_44841977	0.0220721
KIF15_44848634	0.0717902
KIF9_47237867	0.1087
KIF9_47268549	0.022125
KPNA1_122449036	0.114392
KPNA1_122462939	0.128653
LARS2_45489998	0.0151319
LARS2_45517501	0.00874662
LIMD1_45674194	0.0140909
LMLN_197975596	0.115496
LMLN_198036212	0.0698132
LRCH3_197838466	0.187335
LRRFIP2_37069246	0.101712
LRRFIP2_37117045	0.126429
LRTM1_54919555	0.0699035
LSG1_194670297	0.0218468
LTF_46443716	0.0159641
LXN_158672075	0.0933326
MAGI1_65432629	0.048817
MASP1_187224687	0.0349901
MBD4_129438251	0.0652209
MCCC1_183035466	0.0449632
MCF2L2_183291719	0.0745155
MCM2_127606458	0.0355184
MCM2_127608327	0.0105921
MCM2_127615815	0.00681456
MED12L_151124360	0.117335
MED12L_151372188	0.128663
MELTF_197027365	0.0897817
MFN1_179375820	0.177216
MFN1_179391204	0.0641563
MGLL_127721663	0.0783331
MINDY4B_150900115	0.0598389
MLF1_158604064	0.0991303
MLH1_37017748	0.0162855
MLH1_37045171	0.0477323
MLH1_37045365	0.0477323
MLH1_37049974	0.0249925
MME_155171342	0.057262
MORC1_108983987	0.0870705
MORC1_109033506	0.0342296
MORC1_109112628	0.0647317
MRPL3_131494099	0.0732497
MRPS25_15057274	0.0231224
MRPS25_15064495	0.0467612
MTMR14_9669594	0.150487
MTMR14_9698209	0.0831356
MUC13_124908891	0.0448761
MUC4_195770934	0.0476443
MYH15_108382458	0.0950703
MYH15_108389813	0.0314845
MYLK_123737587	0.0518101
NAA50_113723169	0.159386
NBEAL2_47003456	0.0650711
NDUFB5_179622980	0.055873
NEPRO_113015646	0.107267
NGLY1_25731937	0.156875
NISCH_52455218	0.169898
NPHP3-ACAD11_132710676	0.0633135
NSUN3_94094565	0.232876
NT5DC2_52533501	0.122208
NUP210_13325998	0.0126942
NUP210_13347089	0.0340826
OXSR1_38216857	0.0412154
OXSR1_38234759	0.0542051
OXSR1_38240351	0.0595011
P3H2_189960628	0.0252268
PARP14_122695098	0.0441879
PARP14_122701728	0.038843
PARP14_122705742	0.0671619
PARP14_122716553	0.0571934
PARP14_122722798	0.0896159
PARP15_122619690	0.0387942
PARP15_122630219	0.0736536
PARP15_122632084	0.0736536
PARP9_122550860	0.10047
PBRM1_52552209	0.233293
PBRM1_52589297	0.0718777
PBRM1_52605978	0.107771
PBRM1_52639933	0.0539917
PCCB_136327873	0.0492029
PCNP_101585170	0.0786454
PCYT1A_196239188	0.150745
PCYT1A_196286565	0.121559
PDCD6IP_33854458	0.112894
PDIA5_123102693	0.498637
PDIA5_123123570	0.0770829
PEX5L_179812308	0.0571913
PHC3_170098896	0.279063
PHC3_170125961	0.251791
PHC3_170135109	0.134625
PHC3_170180955	0.179261
PHLDB2_111953660	0.0894774
PIK3CB_138683882	0.0894875
PIK3CB_138686881	0.111545
PIK3CB_138741474	0.0425171
PIK3R4_130705464	0.0527421
PIK3R4_130729973	0.066391
PLCD1_38017668	0.0525081
PLCH1_155550907	0.0412579
PLD1_171732019	0.0759878
PLS1_142665030	0.13825
PLS1_142695546	0.120636
PLSCR1_146525251	0.0400898
PLXNB1_48406267	0.0252812
POC1A_52153970	0.0364655
PODXL2_127669697	0.0154859
POLQ_121495369	0.215346
POPDC2_119643048	0.0629516
PPP2R3A_136103764	0.0848673
PRICKLE2_64152818	0.0746179
PRICKLE2_64159207	0.0260524
PTPRG_62256080	0.163002
PTPRG_62256201	0.163002
PXK_58404725	0.0550891
QTRT2_114060283	0.0855923
RAB6B_133840838	0.032156
RABL3_120690526	0.167806
RAD54L2_51636486	0.170714
RAD54L2_51645407	0.0648892
RASA2_141559349	0.61033
RASA2_141586228	0.148944
RASA2_141611243	0.049491
RBM5_50096306	0.0534398
RBM6_50063127	0.027592
RFT1_53115100	0.0830159
RFT1_53126430	0.0878315
RIOX2_97951517	0.0465941
RNF123_49703995	0.0283698
RNF168_196484135	0.0638764
RNF7_141738799	0.135366
ROBO2_77559364	0.159039
ROBO2_77590465	0.130661
RP11-383G6.3_142470768	0.180396
RP11-949J7.8_49425729	0.088214
RP13-794C1.1_48461012	0.0444856
RPN1_128645171	0.023951
RRP9_51937456	0.0826106
SATB1_18383208	0.266473
SATB1_18395769	0.367012
SCAP_47418843	0.0211173
SCAP_47420331	0.0265593
SCAP_47424486	0.0247144
SCAP_47430895	0.0299315
SCN11A_38904723	0.0316489
SEC13_10312377	0.0838014
SEC62_169968590	0.176538
SEMA3F_50177327	0.0314929
SENP7_101364388	0.156163
SERP1_150545869	0.121148
SETD5_9466320	0.254879
SFMBT1_52918835	0.0565152
SIDT1_113607263	0.0771279
SLC12A8_125084793	0.0585367
SLC15A2_121896728	0.0754153
SLC15A2_121916565	0.116594
SLC25A20_48858893	0.0958848
SLC25A26_66369860	0.0207617
SLC26A6_48634730	0.0985308
SLC2A2_171016735	0.0704374
SLC2A2_171022455	0.0645055
SLC51A_196228616	0.0449121
SLC51A_196231229	0.0575896
SLC6A11_10933637	0.0252155
SLC6A11_10937380	0.0324413
SLC6A1_11016044	0.023181
SLC9C1_112220739	0.0454375
SLMAP_57847007	0.147996
SMARCC1_47737568	0.0471882
SMC4_160406462	0.141444
SMC4_160423759	0.0836262
SMC4_160424809	0.0378837
SNRK_43338473	0.0447697
SNX4_125469233	0.0763118
SNX4_125479629	0.114369
SPICE1_113498537	0.0964086
SPINK8_48320744	0.0364499
SRGAP3_8993283	0.0410241
SRPRB_133807914	0.0952249
SSUH2_8623865	0.0121098
SSUH2_8649730	0.0450749
ST6GAL1_187049682	0.0624437
ST6GAL1_187050938	0.0624437
STAB1_52521121	0.0507296
STAG1_136344606	0.119668
STAG1_136367559	0.150333
STT3B_31600216	0.0863563
STT3B_31620776	0.131992
STT3B_31627186	0.0607099
STXBP5L_121044606	0.152126
SYN2_12141090	0.114426
SYN2_12168767	0.12556
TAMM41_11843040	0.0682852
TBC1D5_17163628	0.023141
TBC1D5_17167879	0.0655972
TCTEX1D2_196316285	0.0472545
TFDP2_141962965	0.0357702
TFDP2_142098539	0.0922908
TF_133765489	0.103455
TIMMDC1_119515938	0.0863477
TKT_53238966	0.045729
TM4SF18_149328818	0.0460945
TMCC1_129832881	0.0868894
TMEM39A_119461667	0.140683
TMEM44_194619890	0.0281176
TOP2B_25614452	0.106137
TOPAZ1_44288320	0.0590809
TOPAZ1_44326823	0.0788762
TOPBP1_133659179	0.0997977
TPRA1_127574499	0.00845727
TPRA1_127576184	0.0233852
TRAIP_49844182	0.0806863
TRANK1_36858531	0.0817186
TRANK1_36859710	0.0379128
TRANK1_36890130	0.0402347
TSEN2_12494304	0.0451269
TSEN2_12494522	0.0451269
TTLL3_9833535	0.125544
TXNRD3_126617497	0.0580464
TXNRD3_126622713	0.102782
U2SURP_143036314	0.0541462
UBA3_69059309	0.0751727
UBA7_49813647	0.121845
UROC1_126490056	0.0146493
UROC1_126495978	0.00873485
USP13_179753629	0.0945614
USP19_49109738	0.120916
USP4_49307187	0.0214504
VPS8_184826056	0.123743
VPS8_184850781	0.31442
VPS8_184852336	0.31442
VPS8_184922558	0.0814626
VPS8_184936162	0.134519
WDR82_52268208	0.248735
WNT5A_55470986	0.129338
XPC_14156872	0.0159004
XRN1_142349198	0.141664
XRN1_142368625	0.108267
XRN1_142376661	0.1785
XRN1_142413400	0.147373
XYLB_38363229	0.0200312
XYLB_38373340	0.016812
YEATS2_183755652	0.0556244
ZDHHC19_196208263	0.0243157
ZDHHC23_113948461	0.338015
ZDHHC23_113953135	0.0675547
ZKSCAN7_44569036	0.0133562
ZNF197_44631005	0.149487
ZNF445_44449927	0.0277759
ZXDC_126469139	0.0102177
AADAT_170069353	0.0313636
ABHD18_128014324	0.0839072
AC107072.2_76639483	0.183075
ACOX3_8388176	0.00369668
ACSL1_184765330	0.0182182
ACSL1_184766027	0.043937
ACSL1_184767818	0.0197666
ACSL1_184770047	0.0756371
ADAMTS3_72307413	0.20921
ADD1_2906633	0.277217
ADD1_2907186	0.277217
ADD1_2926991	0.0927116
ADH4_99124691	0.0650635
ADH5_99073563	0.0511672
AFAP1_7767598	0.00394239
AFAP1_7797831	0.00669414
AFF1_87046092	0.104819
AFM_73485277	0.0383308
AFM_73487557	0.054135
ALB_73415978	0.0648091
ALPK1_112433275	0.0261185
AMBN_70602312	0.0812105
ANK2_113311048	0.0366703
ANK2_113376328	0.0696902
ANKRD17_73119000	0.0599095
ANKRD17_73152513	0.128864
ANKRD17_73152777	0.128864
ANXA3_78584822	0.0366135
ANXA3_78596273	0.0766073
AP1AR_112260192	0.0307697
APBB2_40823381	0.034054
APBB2_40824906	0.0190282
ARAP2_36125665	0.0671541
AREG_74447779	0.0533242
ARL9_56508662	0.0391835
ART3_76079140	0.121818
ASIC5_155844386	0.055758
ATP10D_47580317	0.0716023
BANK1_102022284	0.0586626
BBS7_121833582	0.0342626
BEND4_42122787	0.163737
C4orf32_112175857	0.100938
C4orf33_129095293	0.0986546
C4orf33_129104452	0.146382
CAMK2D_113531661	0.0402143
CASP6_109691035	0.0294291
CASP6_109700691	0.0141802
CCDC158_76328532	0.0617288
CDS1_84607464	0.0528902
CDS1_84634763	0.12769
CDS1_84637166	0.0375107
CENPE_103123148	0.0640036
CENPE_103148736	0.0416308
CENPE_103149538	0.0599515
CLOCK_55438617	0.0697204
CLOCK_55466173	0.0712442
CNOT6L_77723199	0.131782
COL25A1_108940249	0.064023
CORIN_47678234	0.0252804
CPEB2_15008336	0.312763
CPE_165487174	0.034914
CPE_165487178	0.034914
CPZ_8599397	0.014001
CWH43_49035554	0.0695273
CXCL13_77608919	0.0517725
CYP2U1_107949953	0.0515337
CYP4V2_186199227	0.0365231
DCK_70997595	0.0764131
DCK_70997651	0.0764131
DCLK2_150241031	0.0471272
DCTD_182893165	0.381976
DDX60L_168401157	0.0473749
DDX60L_168406524	0.0197094
DGKQ_968125	0.0228071
DGKQ_968168	0.0228071
DNAJB14_99901393	0.132769
DNAJB14_99908419	0.123108
ELF2_139064579	0.048657
ELMOD2_140530415	0.07053
ENOPH1_82453668	0.0421142
ENPEP_110490637	0.0438559
ENPEP_110545340	0.0721198
EVC2_5624648	0.00851728
EVC2_5696224	0.00938661
EVC_5742225	0.0216456
EVC_5801831	0.00938164
EVC_5801835	0.00938164
EVC_5801839	0.00938164
EXOC1_55877756	0.191225
F11_186271508	0.0215643
FAM13A_88753618	0.0834719
FAM149A_186169413	0.0272858
FAM175A_83464659	0.0408422
FAM193A_2693381	0.016052
FAM193A_2694254	0.0166183
FAM193A_2697589	0.00686177
FAT1_186610133	0.020683
FAT1_186613368	0.0753022
FAT1_186622867	0.0936859
FAT4_125475937	0.0437773
FRAS1_78282156	0.0862749
FRAS1_78335668	0.0863298
FRAS1_78366810	0.111032
FRAS1_78421861	0.0295451
FRAS1_78430773	0.0882878
FREM3_143623834	0.0446532
FRYL_48510405	0.0627592
FRYL_48547239	0.075242
FRYL_48560965	0.0250732
FRYL_48572928	0.0427231
FRYL_48589934	0.0410583
GAB1_143439151	0.0946069
GAK_897310	0.00684356
GALNT7_173300638	0.159663
GAR1_109818706	0.0505612
GNPDA2_44709208	0.0725587
GRIA2_157333520	0.065828
GRK4_3005121	0.0215592
GRK4_3021668	0.0172512
GRK4_3026035	0.00801507
GRPEL1_7067702	0.0206531
GUCY1B3_155805532	0.033667
GUF1_44689635	0.115979
GUF1_44692793	0.0676524
HELQ_83423357	0.109949
HERC5_88459223	0.0767818
HERC6_88387950	0.0592041
HERC6_88393203	0.0628496
HERC6_88431034	0.0698732
HERC6_88441368	0.0399724
HPF1_169736933	0.0183662
HPF1_169756127	0.032683
HPSE_83309596	0.132329
HSPA4L_127807752	0.0828797
HTT_3135846	0.0137737
HTT_3140459	0.0165884
HTT_3160156	0.00952115
HTT_3174874	0.0292397
HTT_3184872	0.00707425
HTT_3215288	0.00804938
HTT_3239605	0.0834435
IBSP_87811099	0.0412429
INTS12_105689130	0.10689
INTU_127705899	0.1167
JAKMIP1_6055197	0.0138104
JAKMIP1_6083689	0.0182171
KIAA0232_6860451	0.0137207
KIAA0232_6879253	0.0380475
KIAA0922_153606040	0.0310892
KIAA0922_153617649	0.0521635
KIAA1109_122209091	0.0588645
KIAA1109_122210280	0.0854401
KIAA1109_122220103	0.0500013
KIAA1109_122272081	0.049185
KIAA1109_122324733	0.0606176
KIT_54696825	0.113831
KIT_54708969	0.0256125
KLF3_38687242	0.0977302
KLF3_38688185	0.0977302
KLF3_38694551	0.119513
KLHL5_39079580	0.119184
KLHL8_87181167	0.0653795
KLKB1_186251411	0.0529557
LAP3_17594393	0.033061
LARP1B_128114793	0.04875
LARP1B_128119198	0.04875
LARP1B_128177265	0.078295
LARP1B_128206840	0.0814033
LETM1_1844348	0.011397
LIN54_82941725	0.0579026
LNX1_53507605	0.249971
LRBA_150909058	0.0582937
LRBA_150929160	0.0841637
LRP2BP_185369729	0.0396073
LRPAP1_3527544	0.0069274
LYAR_4271905	0.0173667
LYAR_4275248	0.0321386
MAN2B2_6600579	0.00665525
MANBA_102658033	0.0959024
MANBA_102672591	0.0487453
MEPE_87837570	0.0760857
METAP1_99030161	0.110239
METTL14_118706623	0.0727039
MND1_153350689	0.0745419
MOB1B_70980520	0.126427
MSMO1_165338539	0.061847
MTTP_99577018	0.0924664
MTTP_99589551	0.132559
MTTP_99619410	0.0707803
NAA15_139360817	0.115248
NAA15_139376261	0.0865442
NAF1_163141930	0.0533337
NDNF_121041983	0.0362765
NEIL3_177361707	0.030194
NEK1_169479604	0.0653967
NEK1_169582942	0.0827651
NEK1_169589019	0.081315
NEK1_169589023	0.081315
NFKB1_102595756	0.0585428
NFKB1_102606445	0.0690401
NIPAL1_48022633	0.078004
NMU_55599521	0.0890575
NMU_55609282	0.119988
NSD2_1902500	0.0182014
NUDT9_87445238	0.0683352
NUP54_76146840	0.276006
OCIAD2_48902538	0.0335118
ODAM_70202024	0.0384246
OSTC_108654251	0.0679775
OTUD4_145145609	0.0438206
OTUD4_145156051	0.0342007
PAICS_56452619	0.0308862
PALLD_168894013	0.0791687
PAQR3_78935517	0.0733949
PDE5A_119514148	0.0384183
PDE5A_119520306	0.0168264
PDGFC_156765962	0.0843818
PDGFRA_54270914	0.0276461
PDS5A_39864463	0.0818426
PDS5A_39895496	0.052768
PGM2_37835233	0.0333581
PI4K2B_25257036	0.115837
PIGG_514881	0.0206474
PKD2_88051868	0.018803
PKD2_88053109	0.0422442
POLN_2158904	0.0360601
POLR2B_57000026	0.0569652
POLR2B_57008789	0.0713107
POLR2B_57027641	0.070988
PPA2_105443242	0.0787367
PPA2_105449447	0.0837779
PPAT_56403705	0.0334572
PPID_158718670	0.12418
PPM1K_88263045	0.0413042
PPP3CA_101033922	0.0357414
PRIMPOL_184688784	0.0248138
PRIMPOL_184688926	0.0248138
PRMT9_147658042	0.0438044
PRMT9_147666765	0.0519465
PRMT9_147673953	0.0591764
PRMT9_147674845	0.0591764
PROM1_16016280	0.0232344
PRSS48_151280365	0.072201
PRSS48_151290754	0.0425763
RCHY1_75492215	0.107498
RELL1_37648129	0.103228
RFC1_39301912	0.034281
RFC1_39317192	0.119213
RNF175_153711334	0.0429416
RNF212_1079733	0.0101827
RWDD4_183647351	0.0372149
RWDD4_183656144	0.0426451
RXFP1_158605289	0.0531765
RXFP1_158630154	0.0455516
SDAD1_75955793	0.0519744
SDAD1_75972383	0.0590414
SDAD1_75989673	0.050644
SEC24B_109511644	0.050744
SEC24D_118800015	0.0363871
SEL1L3_25789885	0.0343744
SEL1L3_25804840	0.109196
SEL1L3_25830262	0.195087
SEPSECS_25146028	0.10243
SEPT11_77000860	0.0888341
SEPT11_77012442	0.0673795
SEPT11_77028153	0.030483
SEPT11_77033649	0.262244
SETD7_139531482	0.076683
SHROOM3_76776903	0.0835856
SLAIN2_48421747	0.0572267
SLBP_1700369	0.00975402
SLC10A6_86833090	0.0323891
SLC25A31_127772694	0.0902953
SLC30A9_42060035	0.102253
SLC9B2_103074284	0.078067
SLIT2_20523707	0.0535995
SLIT2_20590380	0.0952394
SMARCA5_143534276	0.0424006
SNX25_185341944	0.0308292
SNX25_185351809	0.0392736
SNX25_185352744	0.0392736
SNX25_185352748	0.0392736
SORBS2_185662021	0.0350853
SPATA4_176190684	0.0260638
SPATA5_122927514	0.0530387
SPATA5_122927519	0.0530387
SPATA5_122930841	0.0543497
SRP72_56490913	0.115185
STAP1_67592270	0.0565649
STX18_4424060	0.0140603
TACC3_1726195	0.00918586
TACC3_1743986	0.00459057
TADA2B_7048500	0.0182443
TAPT1_16166927	0.0229212
TBC1D14_7010077	0.0398324
TBC1D14_7010968	0.0107785
TBC1D14_7011440	0.0107785
TBC1D9_140669296	0.0566767
TBC1D9_140677147	0.0184908
TBC1D9_140677571	0.0184908
TBCK_106250760	0.1145
TBCK_106251435	0.1145
TECRL_64306229	0.0197658
TENM3_182789925	0.150957
THAP9_82916623	0.114156
THEGL_56597326	0.0422441
TLL1_166002135	0.0402306
TMEM128_4239914	0.0258136
TMEM144_158244699	0.0505962
TMEM165_55417462	0.0553838
TMEM33_41937357	0.0971748
TMPRSS11A_67917635	0.0440519
TMPRSS11F_68069134	0.0547746
TMPRSS11F_68072719	0.0384603
TRAPPC11_183702514	0.0238107
TRAPPC11_183709350	0.0204864
TRPC3_121909505	0.0317475
TRPC3_121927023	0.119049
TXK_48083220	0.0523897
UBA6_67627348	0.0606164
UBA6_67638448	0.169337
UBA6_67639884	0.0990556
UBA6_67677843	0.092738
UBE2D3_102801256	0.0382125
UGDH_39504664	0.0315619
UGT2A3_68948009	0.0072193
UGT2B4_69490843	0.0010965
UNC5C_95169942	0.172532
USP53_119247465	0.0413126
USP53_119265145	0.0337832
USP53_119291481	0.026784
UVSSA_1348566	0.0102485
UVSSA_1354428	0.00696092
WDFY3_84695069	0.0270474
WDFY3_84800904	0.0291768
WDR17_176113300	0.0448063
WDR17_176136603	0.0374063
WDR17_176174272	0.0404384
WDR1_10085631	0.00850648
WWC2_183282277	0.0314453
ZBTB49_4301035	0.0281188
ZFYVE28_2339134	0.012214
ZNF330_141225808	0.104898
ZNF330_141226706	0.104898
ZNF330_141226716	0.104898
ZNF721_473754	0.0295912
ZNF827_145769721	0.0687716
ABLIM3_149231238	0.0640497
ABLIM3_149245504	0.0242933
ADAM19_157493643	0.0437636
ADAMTS12_33588852	0.0473148
ADAMTS12_33649903	0.0277377
ADAMTS2_179344511	0.298544
ADGRV1_90622524	0.0698838
ADGRV1_90652861	0.0954643
ADGRV1_90652868	0.0954643
ADGRV1_90680949	0.171464
ADGRV1_90695814	0.0655747
AFAP1L1_149318134	0.0709159
AGXT2_35039648	0.0273526
ANKDD1B_75657599	0.0516706
ANKHD1_140447634	0.34554
ANKHD1_140483002	0.30246
ANKH_14749335	0.0938053
ANKRD31_75189613	0.110217
ANKRD31_75198124	0.109877
ANKRD31_75223955	0.153627
ANXA6_151108262	0.0325745
AP3B1_78115291	0.111532
AP3B1_78176109	0.106748
AP3B1_78177899	0.0664194
APC_112820150	0.161968
APC_112837067	0.0675378
ARHGAP26_142883705	0.0645485
ARHGEF37_149620275	0.0693989
ARHGEF37_149628646	0.0479473
ARRDC3_91380260	0.322661
ARSB_78967231	0.125695
BDP1_71494017	0.0491194
BRD8_138162308	0.097709
BRD9_890680	0.00805309
BTNL8_180910062	0.0276037
C1QTNF2_160349974	0.0391246
C5orf24_134847186	0.11475
C5orf42_37203323	0.0355763
C5orf42_37221510	0.0615602
C5orf42_37245628	0.283036
C7_40933381	0.0765699
CARD6_40843867	0.0573795
CCDC112_115269890	0.0811726
CCDC69_151201730	0.0356343
CCNJL_160253923	0.0387605
CCNJL_160259771	0.0426906
CCNJL_160259815	0.0426906
CCNJL_160277362	0.0654426
CDC20B_55127766	0.0532935
CDH9_26890019	0.114353
CDKL3_134313410	0.113962
CENPK_65560001	0.116409
CEP120_123378118	0.0703312
CEP120_123386853	0.0756101
CEP72_612600	0.0218111
CEP72_643668	0.00544035
CEP72_647115	0.00726169
CETN3_90406491	0.142938
CHD1_98891550	0.0469008
CHD1_98897670	0.0825566
CKMT2_81264284	0.0527443
CLINT1_157803862	0.0950744
CMYA5_79790781	0.045491
CNOT8_154865885	0.117013
COL23A1_178257151	0.0805774
COL4A3BP_75419194	0.104797
CREBRF_173085084	0.279108
CSNK1A1_149512044	0.110245
CTC-308K20.2_172956972	0.0375389
CTNND2_10975814	0.0442918
CYFIP2_157301914	0.0144883
CYFIP2_157310740	0.129664
CYFIP2_157361335	0.0257425
DAB2_39382326	0.32147
DCP2_113008621	0.0568228
DCTN4_150715836	0.0619996
DCTN4_150724838	0.115868
DDX46_134785140	0.617225
DDX46_134817907	0.0381375
DDX46_134823488	0.0938538
DHX29_55285611	0.198039
DIAPH1_141580637	0.116466
DMGDH_79044162	0.0278852
DMGDH_79055671	0.062319
DMXL1_119099415	0.0966461
DMXL1_119129172	0.303621
DMXL1_119165013	0.116233
DNAH5_13693568	0.0518298
DNAH5_13767984	0.0815347
DNAH5_13843762	0.0246243
DNAH5_13896915	0.129425
DNAJC18_139421842	0.153491
DNAJC21_34931760	0.0562413
DOCK2_170050722	0.047705
DPYSL3_147394247	0.022249
DPYSL3_147397901	0.015064
DPYSL3_147399660	0.0480362
DPYSL3_147413113	0.0838778
DROSHA_31424799	0.203632
DROSHA_31497711	0.0364643
DROSHA_31513182	0.0372009
DROSHA_31528196	0.020756
EFCAB9_172200297	0.0180527
ELL2_95900153	0.128794
EPB41L4A_112169387	0.0430395
ERAP2_96897964	0.0554611
ERBIN_66018934	0.0876795
ERBIN_66042829	0.0958868
EXOC3_447861	0.0116699
EXOC3_460385	0.0130363
FAF2_176504593	0.0419666
FAM151B_80520043	0.0944573
FAM169A_74834895	0.0627186
FAM170A_119632495	0.024593
FAM193B_177538307	0.170578
FAM81B_95394460	0.0804715
FBN2_128315750	0.0388525
FBN2_128342482	0.0282935
FBN2_128534826	0.198948
FBXO38_148410522	0.05252
FBXO4_41931558	0.0992826
FBXO4_41934074	0.129018
FCHO2_73081586	0.0992531
FNIP1_131702935	0.109123
FNIP1_131705275	0.118883
FSTL4_133219568	0.0293725
GALNT10_154411469	0.0105927
GEMIN5_154903453	0.0343055
GFM2_74757860	0.0519174
GFPT2_180324541	0.217538
GPBP1_57233762	0.0658936
GPBP1_57237807	0.10825
GPX3_151027430	0.0359328
GRAMD3_126472701	0.0239865
GRM6_178991613	0.0667068
GRPEL2_149346597	0.0850266
H2AFY_135342517	0.072683
HARS2_140698228	0.220662
HAVCR1_157047903	0.030571
HAVCR2_157101669	0.0326571
HK3_176884743	0.0632955
HMGCR_75351766	0.0580014
HMGCR_75352551	0.0580014
HMGCS1_43296735	0.103366
HMGXB3_150001511	0.0714413
HMGXB3_150040677	0.0478013
HMMR_163470297	0.0489635
HMMR_163478609	0.0439706
HMMR_163482253	0.0417758
HMP19_174104716	0.0145098
HNRNPH1_179620582	0.750053
HSPA4_133088343	0.0292946
HSPA4_133101582	0.0261151
HTR4_148549355	0.0340946
ICE1_5466177	0.00993586
ICE1_5473306	0.0241333
IL31RA_55897456	0.0336059
IL31RA_55910832	0.0320363
IL31RA_55914574	0.0309749
IL5_132542813	0.110254
IPO11_62444439	0.0596907
IPO11_62469963	0.0932341
IPO11_62528386	0.0747315
IQGAP2_76637778	0.0530637
IQGAP2_76672802	0.0377053
ITGA1_52897354	0.0464234
ITGA2_53057893	0.0407679
ITK_157226919	0.0627476
JMY_79309837	0.0392557
KCNIP1_170734864	0.0491148
KCNN2_114361688	0.301949
KDM3B_138381409	0.106787
KDM3B_138381413	0.106787
KIAA0141_141930150	0.231835
KIAA0141_141938206	0.031025
KIAA0825_94397259	0.137369
KIAA0825_94466459	0.396826
KIAA1191_176358839	0.0593937
KIF2A_62355557	0.1159
LARS_146150019	0.0920491
LIFR_38493979	0.0273297
LIX1_97096051	0.203567
LMBRD2_36106475	0.08674
LMBRD2_36110147	0.183214
LMNB1_126810139	0.0417951
LMNB1_126813349	0.0523979
LNPEP_96985453	0.10344
LNPEP_96994202	0.0814858
LVRN_116003932	0.0810381
MAML1_179770722	0.0156316
MAN2A1_109713857	0.0864586
MAN2A1_109820183	0.0416667
MAN2A1_109848370	0.115824
MAN2A1_109866433	0.0309916
MAP3K1_56865564	0.146956
MAPK9_180242291	0.0453581
MARCH6_10381773	0.0655011
MAST4_67112885	0.0660504
MAST4_67124921	0.138193
MAST4_67143688	0.0848677
MAST4_67150583	0.0892315
MAST4_67161147	0.0481768
MCC_113027899	0.0185079
MCC_113050363	0.0217345
MCIDAS_55223256	0.0263175
MEGF10_127442738	0.0879277
MEIKIN_131916430	0.139401
MOCS2_53101746	0.0668586
MROH2B_41070498	0.0434631
MSH3_80673125	0.0656294
MSH3_80762126	0.0979818
MTRR_7889421	0.0129508
MTRR_7890098	0.0129508
MTRR_7898715	0.0128026
MYO10_16674125	0.0281008
MYO10_16703914	0.0431611
NADK2_36200659	0.102883
NADK2_36207365	0.20422
NDST1_150527616	0.0697549
NIPBL_36959446	0.173956
NIPBL_36975232	0.146854
NIPBL_37048353	0.33978
NLN_65789248	0.0773972
NNT_43621807	0.076563
NOP16_176385929	0.0376555
NR3C1_143389347	0.105947
NRG2_139852096	0.109391
NSD1_177280563	0.0322017
NSUN2_6624057	0.00713872
NUDT12_103554303	0.119314
NUDT12_103557774	0.0555461
NUP155_37336731	0.0465401
OXCT1_41800286	0.112244
P4HA2_132194226	0.0326789
P4HA2_132207969	0.0630617
P4HA2_132209430	0.0896208
PAIP1_43528484	0.0617504
PAIP2_139364420	0.208839
PAPD4_79613246	0.0898644
PAPD7_6740919	0.0176693
PAPD7_6752363	0.00820217
PAPD7_6753638	0.00451573
PCBD2_134910263	0.038162
PCSK1_96410257	0.375603
PDE4D_59186317	0.0750363
PDE6A_149934189	0.0741058
PDZD2_32100966	0.035249
PHAX_126602484	0.0270567
PHAX_126606974	0.0396715
PHAX_126622767	0.0295568
PKD2L2_137922320	0.0772821
PKD2L2_137936074	0.129563
POC5_75689327	0.102323
POLK_75580596	0.126556
POLK_75581179	0.126556
PPARGC1B_149826371	0.0760734
PPARGC1B_149832558	0.0337501
PPIP5K2_103181230	0.315939
PPWD1_65568661	0.136852
RAD1_34912240	0.0692316
RAD50_132598776	0.0815543
RAD50_132640115	0.0541069
RAI14_34806481	0.111953
RANBP17_171294168	0.377433
RANBP3L_36264296	0.0709435
RAPGEF6_131454637	0.0375099
RARS_168487552	0.015191
RARS_168494464	0.0413601
RASGEF1C_180116917	0.0273328
RASGRF2_81069607	0.126753
RBM22_150693561	0.0525388
RBM27_146223273	0.0925205
RHOBTB3_95733776	0.173206
RICTOR_38956440	0.0868141
RICTOR_38960724	0.127208
RIOK2_97175216	0.0528771
RUFY1_179586562	0.0693488
SAR1B_134622820	0.0516865
SDHA_255098	0.0152612
SEC24A_134673330	0.071576
SEC24A_134676746	0.0826039
SEC24A_134679864	0.106991
SEC24A_134717978	0.0512062
SEPT8_132765027	0.0439535
SERINC5_80177108	0.0410088
SFXN1_175525042	0.0256125
SGTB_65711464	0.0769344
SIMC1_176318817	0.050146
SIMC1_176324441	0.0812066
SKIV2L2_55342552	0.0422248
SKIV2L2_55385424	0.0515527
SKIV2L2_55406565	0.0361318
SLC12A2_128114210	0.090865
SLC12A7_1052488	0.0214648
SLC12A7_1052982	0.0214648
SLC22A4_132336161	0.0682766
SLC23A1_139379354	0.109313
SLC30A5_69101996	0.070854
SLC30A5_69119477	0.0906544
SLC36A1_151461495	0.049357
SLC36A1_151486385	0.0610947
SLC38A9_55647223	0.0843449
SMAD5_136164289	0.082449
SMAD5_136173317	0.10465
SNX24_123007577	0.105886
SNX2_122801099	0.0557449
SNX2_122821094	0.0923062
SPATA9_95653247	0.048885
SPINK13_148269918	0.0306803
SPINK13_148281281	0.05416
SPINK5_148068093	0.0468818
SPINK5_148106706	0.0206883
SPINK5_148122424	0.0236057
SPRY4_142317025	0.219528
SRD5A1_6659603	0.00994154
SSBP2_81472563	0.151865
SV2C_76297665	0.0505631
TARS_33460072	0.0140854
TCERG1_146471215	0.145537
TCOF1_150374172	0.0232035
TENM2_168126326	0.395766
TENM2_168261733	0.337552
TEX43_126633228	0.0212987
THBS4_80080414	0.0214805
TIMD4_156921951	0.0249195
TMEM232_110626703	0.0912995
TNIP1_151039547	0.0239536
TNPO1_72849485	0.154721
TRIM36_115135626	0.0265945
TRIO_14290333	0.0522802
TRIO_14365067	0.0107816
TRIO_14390559	0.0722855
TRIP13_912597	0.00534444
TSPAN17_176648086	0.0788937
TSPAN17_176652059	0.0769727
TSPAN17_176656015	0.0263512
TTC37_95521089	0.132783
UIMC1_176907470	0.163663
WDR41_77438404	0.0926518
WDR70_37697617	0.120686
YTHDC2_113527400	0.112398
YTHDC2_113531068	0.112398
YTHDC2_113560858	0.135775
ZFP62_180860039	0.0713665
ZFR_32395621	0.081681
ZFR_32399548	0.0536101
ZFR_32402546	0.0603992
ZFR_32417854	0.0926607
ZFR_32419127	0.0926607
ZFYVE16_80440954	0.285828
ZFYVE16_80475230	0.0614023
ZNF346_177042463	0.204024
ZNF346_177043275	0.204024
ZSWIM6_61525146	0.301962
ABHD16A_31689757	0.0873807
ABHD16A_31697285	0.0382591
ABRACL_139040784	0.0586267
ADGB_146728385	0.0124796
ADGRB3_69337780	0.14094
ADGRF1_47028152	0.0201617
ADGRF4_47712978	0.0238544
ADGRF5_46880102	0.0337442
AFDN_167920121	0.00590995
AFDN_167949216	0.0117878
AGPAT4_161147038	0.00916892
AGPAT4_161147636	0.00916892
ALDH8A1_134943129	0.0106715
ANKRD6_89612185	0.0297939
ANKS1A_35054041	0.086257
ARFGEF3_138335401	0.0254808
ARHGAP18_129599541	0.0710747
ARHGAP18_129636111	0.108292
ARHGAP18_129638946	0.0890203
ARMC2_108905212	0.0722372
ARMC2_108911418	0.104189
ASCC3_100514927	0.369448
ASCC3_100803853	0.0848833
ATAT1_30627421	0.154884
ATF6B_32116367	0.0450584
ATF6B_32121822	0.0224575
ATXN1_16760033	0.473003
BCLAF1_136284888	0.0702482
BRPF3_36199160	0.177486
BRPF3_36202683	0.274654
BRPF3_36205419	0.135365
BTBD9_38593746	0.114821
BTN2A2_26386470	0.00676717
C2_31942650	0.0298086
C6orf141_49553601	0.0450687
C6orf141_49554061	0.0450687
C6orf222_36334008	0.0288086
C6orf62_24712410	0.0291849
C6orf89_36918726	0.109058
CAGE1_7332695	0.136295
CAP2_17551810	0.020345
CD109_73807559	0.115939
CD109_73819362	0.104239
CD2AP_47596108	0.192539
CDC40_110194303	0.120946
CDC40_110218452	0.0731288
CDC5L_44403686	0.0959804
CDK19_110620887	0.115809
CENPQ_49481367	0.0746919
CEP85L_118492046	0.131884
CMTR1_37476528	0.0691897
CMTR1_37478626	0.0728656
CNKSR3_154424716	0.0668004
CNKSR3_154441209	0.0533739
COL12A1_75116592	0.12447
COL12A1_75205012	0.262566
COL19A1_70174675	0.0838785
COL9A1_70280622	0.0795838
COX7A2_75238764	0.0587507
COX7A2_75243422	0.0454537
CUL9_43198560	0.0715432
CYB5R4_83917822	0.0726398
CYB5R4_83919250	0.108596
CYB5R4_83936910	0.0709362
DACT2_168312160	0.0436624
DDO_110407146	0.0256016
DDO_110409050	0.0324186
DHX16_30658861	0.0306444
DNAH8_38783946	0.0757085
DNAH8_38814787	0.0311088
DNAH8_38862871	0.0853516
DNAH8_38905695	0.0478619
DNAH8_38987850	0.0728414
DOPEY1_83124261	0.126722
DOPEY1_83126210	0.169564
DST_56470583	0.0322843
DST_56480472	0.0917811
E2F3_20480675	0.176627
EFHC1_52466479	0.0704724
ELOVL4_79925340	0.118074
ENPP1_131850178	0.0428315
ENPP1_131858612	0.0690406
ENPP3_131635674	0.0427643
ENPP5_46166858	0.0343844
EPB41L2_130888321	0.110315
EPB41L2_130900804	0.0550175
ERVFRD-1_11111262	0.0206573
EZR_158786566	0.0851838
FAM120B_170394165	0.0082313
FAM135A_70535479	0.117049
FAM135A_70557887	0.0899947
FAM184A_118974714	0.438189
FAM184A_119016495	0.0940907
FAM217A_4071650	0.0405493
FAM65B_24866822	0.0330918
FANCE_35452990	0.0337636
FANCE_35453074	0.0337636
FANCE_35459167	0.0433701
FBXL4_98899765	0.295494
FBXO9_53080383	0.140964
FGFR1OP_167015519	0.0155303
FGFR1OP_167036255	0.0334425
FIG4_109794431	0.0274475
FKBP5_35577296	0.0375019
FKBP5_35640426	0.0849428
FNDC1_159251211	0.0787361
FOXF2_1393534	0.0858963
FOXP4_41588894	0.0483874
FOXP4_41598713	0.018192
FYN_111705280	0.123931
GABBR1_29630805	0.25966
GCLC_53514767	0.0348472
GCM1_53148221	0.0524854
GFRAL_55352498	0.0723347
GINM1_149566707	0.0733184
GINM1_149573564	0.0672951
GLP1R_39065097	0.115318
GLTSCR1L_42795041	0.0862612
GLYATL3_49524118	0.0433827
GMNN_24775296	0.0419663
GMPR_16278705	0.0327506
GPLD1_24467274	0.0345037
GPX5_28532319	0.0295976
GPX5_28532590	0.0206581
GPX6_28505802	0.027776
GRIK2_101623383	0.143099
HACE1_104745303	0.135242
HACE1_104747244	0.135242
HDDC2_125297482	0.0582222
HIVEP1_12062671	0.0564691
HIVEP2_142760818	0.067
ICK_53010184	0.0309559
IGF2R_160045685	0.0360865
IGF2R_160057797	0.00641421
IGF2R_160091567	0.146679
IL20RA_137010529	0.0416445
IL22RA2_137152878	0.0500098
IMPG1_76022542	0.0777693
IP6K3_33726219	0.260216
ITPR3_33685072	0.0226108
IYD_150392946	0.0179065
JARID2_15509429	0.0293938
JARID2_15511745	0.00893548
KDM1B_18199514	0.0317615
KDM1B_18208331	0.0209172
KIAA0319_24552258	0.0315621
KIAA0319_24588352	0.0263251
KIF13A_17778684	0.0292877
KIF13A_17781004	0.0542955
KIF13A_17807399	0.0493086
KIF25_168042274	0.0181345
KIF6_39337885	0.0498348
KLC4_43069386	0.0330752
KLC4_43072678	0.097575
KPNA5_116683132	0.0954383
L3MBTL3_130054174	0.0759263
L3MBTL3_130079833	0.0306137
LAMA4_112157468	0.0936168
LAMA4_112186285	0.0587098
LATS1_149678681	0.145165
LPA_160557010	0.00829793
LRP11_149822715	0.0317815
LTV1_143851358	0.18504
LY6G6C_31720249	0.102682
MAP3K4_161091322	0.0171448
MAP3K4_161116103	0.0140673
MAP3K5_136659572	0.0707654
MAP3K5_136694565	0.0839542
MAP3K5_136699587	0.0618032
MAP7_136357988	0.0471611
MAP7_136377939	0.208642
MAPK14_36103032	0.0441583
MDFI_41652087	0.0293905
MDN1_89780392	0.0309555
MED23_131606288	0.0881023
MED23_131614069	0.610402
MED23_131622447	0.0576893
MICB_31508295	0.0030433
MLIP_54265746	0.0619987
MMS22L_97167203	0.0699568
MMS22L_97229576	0.0877545
MMS22L_97233287	0.111296
MOXD1_132325968	0.0642831
MTFR2_136240669	0.0683698
MYB_135190422	0.193302
MYLIP_16129735	0.220626
MYO6_75832017	0.0780358
MYO6_75837487	0.0637473
MYO6_75844820	0.107902
NCR2_41341222	0.0249199
NEDD9_11187466	0.0658354
NFYA_41091429	0.121226
NHSL1_138428863	0.0932974
NUDT3_34295412	0.0333012
NUP43_149735711	0.0355546
NUP43_149738972	0.0376964
NUS1_117705987	0.0498032
OPN5_47811388	0.0766866
ORC3_87607547	0.0970286
PCMT1_149791287	0.101752
PCMT1_149792346	0.101752
PDE10A_165388515	0.0173482
PEX3_143472419	0.0682812
PGBD1_28300605	0.0308528
PGM3_83186295	0.0293504
PHACTR2_143757712	0.0735575
PHACTR2_143763805	0.0466575
PHACTR2_143768695	0.0703733
PHF3_63693698	0.0619992
PHF3_63704782	0.0534697
PIM1_37173661	0.211383
PKHD1_51774818	0.0961912
PKHD1_51855134	0.0898748
PKHD1_52055429	0.0228866
PKHD1_52079411	0.170345
PLG_160734481	0.020221
PM20D2_89151597	0.0707826
PPIL4_149517041	0.0930058
PPIL4_149519441	0.0914301
PPIL6_109432308	0.0611772
PPP2R5D_42987270	0.282304
PRDM1_106090356	0.355529
PREP_105330170	0.0838156
PRICKLE4_41782161	0.0703587
PRPF4B_4049304	0.041544
PRRT1_32152562	0.155828
QRSL1_106656257	0.0670323
RANBP9_13626660	0.0339991
RARS2_87544473	0.127318
REPS1_138910233	0.128227
REPS1_138917243	0.0992498
REPS1_138946456	0.105187
REV3L_111344402	0.130331
REV3L_111364943	0.50189
REV3L_111383993	0.0809918
RFX6_116915905	0.100317
RIMS1_72251665	0.0995118
RIPK1_3077189	0.018732
RNF144B_18457505	0.0799053
RNF146_127286416	0.0989339
RNF217_125045553	0.100792
RNF8_37371871	0.129615
ROS1_117338694	0.113932
ROS1_117362141	0.055267
ROS1_117413622	0.064604
RP1-240B8.3_61679868	0.955141
RP1-257A7.4_13282530	0.0217474
RP11-307P5.1_147718190	0.115286
RP3-425C14.5_122473263	0.079038
RPF2_110997104	0.0407458
RPF2_110997119	0.0407458
RPF2_111006084	0.0473511
RPS6KA2-IT1_166464912	0.0160765
RPS6KA2_166418498	0.0082794
RRAGD_89385284	0.0591393
RTN4IP1_106619397	0.109815
SCAF8_154794445	0.054553
SEC63_107901590	0.135825
SERAC1_158149869	0.0613064
SERPINB1_2839334	0.0239509
SERPINB6_2953186	0.00828418
SESN1_109091225	0.174693
SHPRH_145911720	0.0681797
SHPRH_145926965	0.0769125
SIM1_100449699	0.0961413
SIRT5_13588071	0.0216173
SLC17A3_25854826	0.0286185
SLC17A4_25774897	0.0121404
SLC17A5_73642413	0.0734178
SLC17A5_73645288	0.0820338
SLC22A1_160133818	0.00904207
SLC22A3_160447315	0.00623528
SLC22A3_160447346	0.00623528
SLC22A3_160450572	0.0587958
SLC22A7_43300549	0.054425
SLC25A27_46658527	0.0823545
SLC35B3_8425289	0.104865
SLC35B3_8428680	0.0789494
SLC35F1_118281652	0.0716765
SMPDL3A_122799256	0.0530625
SNX9_157873968	0.0348726
SNX9_157906047	0.0363188
SNX9_157922124	0.0352172
SRPK1_35838280	0.0885801
STK19_31979322	0.0828795
STK38_36496588	0.0577843
STK38_36515198	0.0885968
STK38_36520716	0.147142
STMND1_17114798	0.0185552
STXBP5_147266105	0.0870486
SYCP2L_10924253	0.0410976
SYCP2L_10927181	0.0212551
SYNCRIP_85623303	0.0823284
SYNCRIP_85640684	0.658821
SYNCRIP_85641674	0.7866
SYNCRIP_85642343	0.7866
SYNE1_152131777	0.351537
SYNE1_152279455	0.0327278
SYNE1_152313811	0.0396562
SYNE1_152345331	0.0253872
SYNE1_152385861	0.0292263
SYNE1_152395906	0.0611633
SYNE1_152461855	0.0532629
SYNGAP1_33449299	0.389875
SYNJ2_158062220	0.0106912
SYTL3_158663624	0.0242142
TAF11_34880579	0.0947566
TAF8_42073946	0.041149
TAPBP_33306674	0.0500821
TBC1D22B_37286235	0.0438546
TBC1D22B_37288220	0.0438553
TBP_170572108	0.0214775
TBX18_84752664	0.0998033
TCTE3_169743392	0.0713908
TCTE3_169745572	0.0132269
TFAP2B_50821476	0.390544
TFEB_41690022	0.036113
TIAM2_155132929	0.0366983
TMEM181_158626054	0.0101866
TMEM242_157323254	0.0529158
TPD52L1_125254112	0.106924
TPMT_18139427	0.0292708
TRAM2_52506162	0.0223701
TREML2_41195652	0.0183124
TRIM15_30168131	0.0198025
TRIM15_30170019	0.0210016
TRIM38_25969812	0.0065868
TRMT11_126009333	0.0598285
TXLNB_139259364	0.0537294
TXNDC5_7895847	0.0231322
TXNDC5_7907771	0.0237083
TXNDC5_7909722	0.0237083
UBR2_42647939	0.0725137
UBR2_42689142	0.0484655
UFL1_96541046	0.0963386
UFL1_96542429	0.0963386
UNC93A_167295104	0.00530865
UNC93A_167297195	0.00606068
UTRN_144454520	0.0464181
VTA1_142195295	0.0542025
WRNIP1_2771674	0.0530595
WRNIP1_2781840	0.0338442
WTAP_159747285	0.0526485
WTAP_159752302	0.419915
XPO5_43528974	0.025961
XPO5_43531387	0.0488601
XPO5_43563793	0.0567962
ZDHHC14_157651491	0.0147423
ZNF451_57160802	0.0937816
ABCA13_48247709	0.0120871
ABCA13_48280005	0.0132911
ABCA13_48374700	0.0118202
ABCA13_48510287	0.00540602
ABCF2_151223582	0.0232998
AC000120.7_92204503	0.181917
AC005281.1_12538758	0.0315118
ACTR3B_152852580	0.0266518
AGBL3_134989469	0.0936184
AGBL3_135035438	0.125274
AGK_141634219	0.0391225
AHCYL2_129403959	0.0955793
AHCYL2_129410507	0.151267
AHCYL2_129414897	0.170456
AKAP9_91997393	0.136949
AKAP9_92027559	0.105272
AKR1B1_134458579	0.0275154
AKR1D1_138099061	0.052009
ANLN_36441531	0.038512
ASL_66081076	0.0436425
ASNS_97859574	0.0408861
ATP6V0A4_138733927	0.0219084
AUTS2_70789567	0.123154
BAZ1B_73443091	0.213806
BAZ1B_73445095	0.0379345
BAZ1B_73449689	0.0597062
BAZ1B_73459851	0.0550014
BAZ1B_73496874	0.0491949
BCAP29_107593705	0.0800507
BCAP29_107595190	0.0638359
BMPER_34054572	0.0433741
C1GALT1_7237630	0.11533
C7orf31_25140059	0.139402
C7orf57_48043323	0.00953657
CACNA2D1_82062318	0.0391303
CAPZA2_116896030	0.129119
CASD1_94523039	0.0911196
CASD1_94526870	0.0911196
CASD1_94528740	0.117099
CCDC146_77258884	0.0481151
CCDC146_77275228	0.031536
CD36_80486965	0.0340446
CDK13_40091588	0.101712
CEP41_130410346	0.187841
CFTR_117532398	0.123021
CFTR_117612275	0.076069
CHN2_29511167	0.0470412
CLEC5A_141934413	0.0634249
CLIP2_74290666	0.0365093
CLIP2_74377634	0.0248672
CNPY1_155505225	0.0231082
COA1_43653599	0.0509506
COG5_107207635	0.0709368
COL28A1_7359746	0.058388
COPG2_130560781	0.118346
COPG2_130664356	0.115322
COPG2_130668223	0.275172
CPA2_130271163	0.0618093
CPED1_121138345	0.0915164
CPVL_29095934	0.166995
CROT_87360207	0.132356
CROT_87373897	0.0780884
CROT_87396133	0.132639
CUL1_148798159	0.0203533
CUL1_148799626	0.00830009
CYTH3_6174189	0.0282229
DAGLB_6427272	0.0232168
DAGLB_6433401	0.0189886
DBF4_87887797	0.0931267
DBNL_44049876	0.0258814
DDC_50466683	0.00639602
DDC_50473960	0.0111238
DGKB_14626247	0.0829731
DGKI_137577918	0.0320419
DNAAF5_756399	0.00941327
DNAAF5_757708	0.010444
DNAAF5_785458	0.0094938
DNAH11_21560707	0.0717071
DNAH11_21569664	0.0470672
DNAH11_21619522	0.0191237
DNAH11_21746991	0.0187684
DNAH11_21898739	0.0120131
DNAJB6_157383441	0.00663116
DOCK4_111734967	0.0653901
DOCK4_111746731	0.0288293
DOCK4_111754929	0.0520279
DOCK4_111943366	0.042245
DOCK4_111984510	0.046817
DPY19L1_34953481	0.0445607
DPY19L1_34953485	0.0445607
DPY19L1_34958324	0.048771
DPY19L1_34967990	0.0572328
DUS4L_107564998	0.0937004
DYNC1I1_95983763	0.179603
EEPD1_36283443	0.0203889
EFCAB10_105569059	0.0913511
EGFR_55155828	0.0107722
EIF2AK1_6049050	0.0488929
EIF4H_74191080	0.0483082
ELMO1_37315152	0.0498245
ESYT2_158734665	0.0197364
ESYT2_158735865	0.0171723
ESYT2_158767852	0.01645
EZH2_148826078	0.0384903
EZH2_148826229	0.0384903
EZH2_148830114	0.0474658
EZH2_148830132	0.0474658
EZH2_148832870	0.131231
EZH2_148832988	0.131231
FAM20C_255794	0.00826026
FAM20C_259332	0.00828921
FAM3C_121382597	0.0660545
FKBP6_73341565	0.0351404
FKBP9_32976273	0.0287895
FOXK1_4756932	0.0121518
FOXK1_4760223	0.0125826
GAL3ST4_100164007	0.072177
GALNTL5_151968622	0.0272596
GATSL2_75019310	0.0136182
GNAT3_80491745	0.0565949
GPC2_100176365	0.378696
GPNMB_23248595	0.0431742
GPNMB_23260206	0.0760217
GRB10_50595346	0.0115907
GRB10_50704033	0.012194
GRID2IP_6509548	0.032407
GRID2IP_6516890	0.0232312
GSAP_77362112	0.0753428
GTF2IRD1_74535529	0.0105472
GTF2I_74706061	0.0322414
GTF2I_74737550	0.0146268
GUSB_65963891	0.0157411
HDAC9_18585678	0.0970075
HECW1_43443631	0.130261
HIBADH_27538471	0.127428
HIP1_75549031	0.0213873
HOXA3_27118904	0.500238
ICA1_8141380	0.0775918
IFRD1_112459616	0.0526305
IGF2BP3_23319404	0.103724
IKZF1_50324839	0.0178548
IKZF1_50394357	0.0235157
INSIG1_155307345	0.00581161
INTS1_1476952	0.0104739
IQCE_2608201	0.00820338
KCCAT333_17449462	0.0961955
KCNH2_150952255	0.0293978
KDM7A_140100048	0.0436062
KDM7A_140100052	0.0436062
KDM7A_140132731	0.118019
KIAA1324L_86917603	0.0558296
KIAA1324L_86942440	0.0835946
KLHDC10_130121821	0.115151
KLHDC10_130121987	0.115151
KMT2C_152233267	0.0281198
KPNA7_99202356	0.0269709
KRBA1_149724037	0.0413268
KRIT1_92230558	0.143146
LAMB1_107951425	0.0423163
LANCL2_55396256	0.0460178
LANCL2_55400384	0.0228436
LAT2_74226706	0.0254013
LRGUK_134198826	0.0702442
LRRC72_16533236	0.0555984
LUC7L2_139363021	0.352994
MAD1L1_2216723	0.00527497
MAD1L1_2220009	0.0178332
MAGI2_78197898	0.115301
MALSU1_23308054	0.0545284
MEST_130503434	0.0634349
MET_116758288	0.14393
MET_116767455	0.193131
MGAM_142031106	0.0189162
MGAM_142035771	0.032907
MICALL2_1448831	0.0122417
MICALL2_1448924	0.0122417
MICALL2_1449070	0.0122417
MINDY4_30828864	0.0939112
MINDY4_30838995	0.0760267
MINDY4_30853227	0.0902947
MOGAT3_101197496	0.011575
MOGAT3_101198491	0.0197308
MYL10_101623365	0.037523
NAPEPLD_103121461	0.0573161
NCAPG2_158665491	0.0296157
NCAPG2_158673363	0.0167113
NCAPG2_158683744	0.0187944
NME8_37867283	0.0737965
NME8_37868991	0.0421481
NRCAM_108234376	0.137847
NRCAM_108234775	0.177997
NSUN5_73304036	0.0462097
NUB1_151345284	0.028409
NUB1_151345761	0.0298679
NUDCD3_44389322	0.0489723
NUP205_135609783	0.0317834
NUP205_135637400	0.0804894
ORAI2_102438718	0.0513911
ORC5_104191869	0.121392
OSBPL3_24831633	0.0647561
OSBPL3_24876952	0.0710716
PARP12_140025582	0.0338892
PARP12_140033768	0.0650002
PARP12_140038238	0.0439316
PCLO_82840604	0.078513
PCLO_82842864	0.067757
PDE1C_31825757	0.0462505
PDIA4_149007541	0.00592411
PHF14_10986738	0.209872
PHTF2_77845824	0.111609
PHTF2_77950138	0.0997735
PIK3CG_106880133	0.0817945
PKD1L1_47814920	0.0104875
PKD1L1_47826069	0.00848387
PLXNA4_132130909	0.0254087
PLXNA4_132146763	0.101966
PLXNA4_132193833	0.0590489
PNPLA8_108494622	0.0926066
PNPLA8_108497177	0.151948
POT1_124866192	0.0452025
PRKAR2B_107141801	0.0453192
PRKRIP1_102400424	0.0231736
PTPN12_77607679	0.053592
PUS7_105502276	0.115775
PUS7_105505492	0.0392686
RABGEF1_66797711	0.0392883
RAC1_6388648	0.0188344
RAC1_6399264	0.07006
RALA_39688027	0.0816429
RCC1L_75055311	0.0278139
RELN_103555210	0.096081
RELN_103610874	0.125986
RHBDD2_75886320	0.0143777
RINT1_105533376	0.0700086
RNF216-IT1_5672626	0.0333196
RNF216_5672626	0.0333196
RSBN1L_77769984	0.0809903
SCIN_12649617	0.0407654
SDK1_4158915	0.0442255
SEC61G_54753029	0.0271752
SEMA3D_85074275	0.0866969
SEPT7_35872523	0.142379
SHH_155808820	0.280786
SLC12A9_100853517	0.168091
SLC12A9_100861735	0.0802566
SLC13A1_123128946	0.0594151
SLC13A4_135706600	0.0373118
SLC13A4_135725230	0.0471089
SLC26A3_107788071	0.0504975
SLC26A4_107712491	0.11635
SLC26A5_103389532	0.104534
SLC26A5_103394982	0.0661414
SLC29A4_5294313	0.012729
SLC29A4_5295234	0.0133263
SLC35B4_134304624	0.0324329
SMURF1_99039762	0.0201108
SND1_128081762	0.0760513
SNX13_17822564	0.111329
SNX13_17848646	0.0972312
SNX13_17868681	0.0885246
SNX8_2263412	0.0131499
SNX8_2271335	0.00904416
SNX8_2271773	0.00904416
SP8_20786386	0.741337
SRI_88219752	0.0743041
SRPK2_105128019	0.0325358
SRRT_100883104	0.614994
SSBP1_141742094	0.0427204
ST7_117210737	0.271096
STARD3NL_38214954	0.0534085
STK17A_43621881	0.0273873
STRIP2_129457011	0.24944
STRIP2_129469627	0.135125
STRIP2_129485063	0.104101
STYXL1_75997670	0.0360828
STYXL1_76006427	0.0238435
SUN1_841518	0.0131697
TAX1BP1_27828510	0.0818903
TBX20_35241596	0.0574298
TBX20_35249568	0.0313706
TBX20_35249572	0.0313706
TBXAS1_139958097	0.14188
THSD7A_11461563	0.0750088
TMEM106B_12217206	0.0532046
TMEM106B_12219975	0.0513882
TMEM209_130171103	0.0884455
TNPO3_128975993	0.0808307
TNPO3_129017738	0.314006
TNRC18_5322594	0.0136379
TNS3_47283623	0.00764727
TNS3_47284414	0.0135241
TNS3_47293455	0.0181342
TNS3_47398670	0.0718528
TNS3_47415206	0.0157507
TRIM4_99903634	0.0873434
TRRAP_98898358	0.0309954
TRRAP_98933555	0.0416247
TTC26_139135653	0.0432371
TTYH3_2651590	0.0163561
TTYH3_2653470	0.0110056
UBE3C_157172963	0.00912641
USP42_6106172	0.162486
USP42_6111065	0.162486
USP42_6146936	0.0138498
VPS41_38752120	0.0472543
WDR60_158876960	0.00881527
WDR60_158909737	0.0182613
WDR60_158913637	0.0197295
WDR60_158918668	0.00688791
WDR60_158921141	0.00969876
WDR60_158922653	0.0117377
WDR60_158941731	0.0984063
WIPI2_5223316	0.00982217
YAE1D1_39567409	0.336076
ZAN_100774003	0.024961
ZC3HAV1_139084400	0.0344772
ZKSCAN1_100031099	0.0570944
ZKSCAN5_99516828	0.0392561
ZNF12_6693656	0.00469269
ZNF282_149211722	0.0223822
ZNF467_149769333	0.0752589
ZNF655_99561254	0.315474
ZNF746_149493592	0.040788
ZNF783_149278707	0.0491113
ZNF789_99473505	0.0299238
ZNF862_149840606	0.0666547
ZNF862_149845482	0.0273571
AC138647.1_141516441	0.0072594
ADAM2_39823481	0.0350507
ADAM2_39830624	0.0288102
ADAM7_24466599	0.0227217
ADAM7_24471437	0.0338747
ADAMDEC1_24394713	0.0376743
ADAMDEC1_24399602	0.0216547
ADCY8_130785219	0.0252841
ADGRA2_37840334	0.0614571
AGO2_140533891	0.0100043
AGO2_140550416	0.00655136
AGO2_140556286	0.00835438
AGO2_140558755	0.0174428
AGPAT5_6725156	0.0222175
ANK1_41660563	0.0859884
ANK1_41715259	0.0587522
ANK1_41719372	0.0242843
ANK1_41726064	0.0158411
ANXA13_123691900	0.137405
AP3M2_42164143	0.0217983
ARFGEF1_67211774	0.0622881
ASAP1_130132519	0.0155087
ASPH_61646954	0.0166073
ATAD2_123354990	0.0702405
ATAD2_123372011	0.130097
ATP6V1B2_20198171	0.123788
ATP6V1C1_103052974	0.114564
ATP6V1C1_103057641	0.0795709
ATP6V1C1_103066532	0.0749094
ATP6V1H_53795994	0.0596716
ATP6V1H_53831454	0.0458432
BMP1_22209219	0.0517539
C8orf37_95263806	0.113407
C8orf44_66677640	0.126547
C8orf44_66678583	0.110941
C8orf76_123234339	0.113274
C8orf76_123235495	0.113274
CA3_85440458	0.0719196
CDCA2_25460171	0.011021
CDH17_94171379	0.0642705
CHD7_60796283	0.116593
CHD7_60830750	0.0998249
CHD7_60846588	0.211886
CHD7_60857673	0.0582233
CHMP7_23259660	0.0213019
CLN8_1773363	0.00997815
COL14A1_120211902	0.0724258
COL14A1_120265055	0.0946036
COL14A1_120285620	0.046475
COL14A1_120315680	0.0218992
COL14A1_120342750	0.0861833
COL22A1_138605925	0.00840968
COL22A1_138752021	0.0117649
COL22A1_138822643	0.0128329
COLEC10_119105216	0.0216635
CSMD1_2950372	0.00915203
CSMD1_3142851	0.0107956
CSMD1_3145823	0.0107956
CSMD3_112308439	0.0479339
CSMD3_112555121	0.0926881
CSPP1_67090560	0.16683
CSPP1_67113510	0.157115
DCAF13_103417231	0.0598117
DCAF13_103432285	0.0689197
DCAF13_103433246	0.105353
DCTN6_30179334	0.0605252
DECR1_90036618	0.0639536
DENND3_141175153	0.00874104
DGAT1_144319125	0.0143948
DLC1_13106646	0.0837074
DLC1_13113327	0.073997
DLGAP2_1694352	0.00484299
DMTN_22080744	0.627274
DOCK5_25269428	0.05201
DOCK5_25339612	0.024076
DOCK5_25363381	0.0065695
DPY19L4_94762369	0.0508278
DPY19L4_94788890	0.124191
DPYSL2_26631861	0.039092
DUSP26_33594161	0.0382985
EBAG9_109551389	0.122876
EFR3A_131985832	0.05
EIF3E_108235527	0.069404
EIF3H_116649827	0.0996325
ELOC_73959084	0.0591859
ELP3_28095954	0.051601
EMC2_108448084	0.0690804
ENPP2_119558936	0.116956
ENPP2_119563013	0.0446228
ENTPD4_23435650	0.0330462
ENTPD4_23437504	0.0719257
EPHX2_27539749	0.0198286
ERI1_9006077	0.0874478
ERI1_9006781	0.0874478
ERI1_9011475	0.0990855
ERICH1_670242	0.00749588
ESRP1_94644380	0.106616
FAM135B_138137753	0.00884584
FAM49B_129878911	0.30099
FAM83H_143732407	0.0265254
FAM86B2_12426136	0.020935
FBXO25_457140	0.0113718
FBXO32_123540690	0.199531
FDFT1_11806425	0.0544922
FDFT1_11835357	0.0373609
FER1L6_123975469	0.0297716
FER1L6_124043797	0.0327747
FER1L6_124068141	0.0463875
FGFR1_38424767	0.0160021
FGL1_17869340	0.0419362
FGL1_17871232	0.0419362
FZD3_28554255	0.130471
GPAT4_41615214	0.0110863
GRHL2_101553039	0.0832039
GSDMC_129748740	0.02527
HHLA1_132091190	0.025599
HOOK3_42898448	0.0800073
HOOK3_42947082	0.0777982
HOOK3_42960345	0.0501558
HOOK3_42998263	0.149642
HOOK3_43017913	0.0763206
IKBKB_42288525	0.0164574
IKBKB_42288535	0.0164574
IL7_78804008	0.10226
INTS10_19826394	0.0319305
INTS10_19829519	0.0285577
INTS10_19847432	0.186014
INTS8_94824210	0.0356551
INTS9_28779645	0.0113423
KAT6A_41954605	0.10815
KAT6A_41954748	0.10815
LPL_19951366	0.0322214
LPL_19957256	0.03224
LRRC6_132621539	0.0505101
LRRCC1_85131717	0.0483762
LYPLA1_54065332	0.0628424
MATN2_98032401	0.172367
MATN2_98034010	0.113916
MED30_117530983	0.117607
MICU3_17098347	0.129858
MROH6_143572366	0.0151447
MTBP_120456167	0.0486155
MTBP_120460796	0.058148
MTBP_120494543	0.0419856
MTBP_120499895	0.0477117
MTBP_120502365	0.0477117
MTDH_97688008	0.557485
MTFR1_65704627	0.0715214
MTMR7_17300637	0.0327185
MTMR7_17372670	0.116019
MTMR9_11300879	0.0822628
MYOM2_2124153	0.0237556
NCOA2_70120269	0.041699
NSD3_38305018	0.0697612
NSD3_38319328	0.828423
NSMAF_58603027	0.0653271
OTUD6B_91072083	0.0663687
PCM1_17955275	0.0705629
PCM1_17969079	0.063404
PDE7A_65735209	0.0670551
PDE7A_65744961	0.0511078
PIWIL2_22280116	0.056923
PIWIL2_22310248	0.141738
PKHD1L1_109401193	0.0570703
PKHD1L1_109489151	0.0567744
PKHD1L1_109513867	0.0872457
PLAG1_56168604	0.306068
PLEC_143938716	0.126573
PLEKHA2_38951854	0.03018
POLB_42368300	0.103948
PPP2CB_30794545	0.0273702
PRAG1_8385654	0.132412
PRDM14_70068911	0.0319331
PREX2_68061198	0.0534339
PREX2_68087244	0.0774167
PREX2_68109024	0.0614889
PREX2_68226469	0.0980997
PRKDC_47824255	0.0438928
PRKDC_47855534	0.0368879
PROSC_37763212	0.064848
PTK2B_27422519	0.0224155
PTK2_140755329	0.0203103
PTP4A3_141424975	0.0285801
RAB11FIP1_37863744	0.0611122
RAD54B_94469245	0.0528995
RB1CC1_52643728	0.0270859
RIMS2_103970505	0.0576148
RIPK2_89762657	0.0806994
RP11-10J21.4_141253034	0.00119508
RP11-14I17.2_26422973	0.0432641
RRM2B_102217907	0.0731538
SCRIB_143799564	0.00536013
SFRP1_41307986	0.0596756
SGK3_66815288	0.0644748
SGK3_66839729	0.0774521
SGK3_66848295	0.0492207
SH2D4A_19362991	0.0354032
SLC20A2_42436254	0.027033
SLC30A8_117155052	0.0784971
SLC7A2_17559725	0.0419938
SLCO5A1_69756916	0.0641595
SNTG1_50657687	0.027709
SNX16_81824925	0.110422
SPIDR_47289657	0.128163
SQLE_125003509	0.0711469
SQLE_125010847	0.0987978
SQLE_125015401	0.117422
ST18_52117171	0.0184184
SULF1_69625682	0.0302904
TAF2_119796666	0.0371786
TATDN1_124508983	0.0579544
TATDN1_124514736	0.0579544
TEX15_30867580	0.0817312
TG_132872679	0.0229258
TG_132898117	0.0343586
TG_132907373	0.0226802
TG_132964957	0.0156573
TG_133013051	0.01675
TMEM65_124328556	0.212965
TMEM67_93802275	0.081906
TNFRSF10B_23025675	0.00797281
TNFRSF10D_23156338	0.00475513
TNKS_9750673	0.0338406
TNKS_9770983	0.0477892
TOP1MT_143309588	0.0122901
TRIM35_27296048	0.0301619
TSNARE1_142314731	0.0235214
UBE2V2_48049212	0.119227
UBR5_102285857	0.10831
UBR5_102290857	0.0700598
UBR5_102304475	0.0924479
UBXN2B_58412360	0.0821547
UBXN2B_58412364	0.0821547
UBXN2B_58444387	0.0313513
UNC5D_35730541	0.10757
VPS13B_99862062	0.109202
VPS13B_99875122	0.272024
VPS37A_17277623	0.0822907
VPS37A_17280691	0.0536751
VPS37A_17293301	0.102448
WASHC5_125046998	0.0305415
WASHC5_125074475	0.086477
WASHC5_125081913	0.0769404
WRN_31119469	0.102674
WWP1_86459564	0.0363927
XKR9_70672147	0.0701129
XPO7_21972048	0.183036
XPO7_21986895	0.0818476
YTHDF3_63170809	0.293075
ZC3H3_143439876	0.204937
ZC3H3_143439986	0.204937
ZHX2_122825766	0.0858431
ABL1_130878339	0.0140117
ABL1_130879751	0.0230663
ABL1_130881645	0.0248435
ACER2_19450354	0.048789
ADGRD2_124476087	0.0612996
AGPAT2_136674207	0.00851549
AIF1L_131097033	0.0786037
AK3_4722152	0.0436178
AKNA_114349196	0.042124
AKNA_114360128	0.0223681
AKNA_114360489	0.0223681
AKNA_114368648	0.0540915
ALDH1A1_72915752	0.0113537
ANKRD18A_38579990	0.00498218
ANKRD18A_38594860	0.0134252
ANP32B_98007701	0.119219
ANP32B_98011614	0.069742
ARHGEF39_35664260	0.0983878
ARPC5L_124870113	0.212843
ARRDC1_137606369	0.0383242
ATP6V1G1_114588411	0.0832578
AUH_91357679	0.0337461
BAG1_33262370	0.136867
C5_120977010	0.0679045
C5_120990957	0.0771519
C5_121014255	0.084642
C5_121039527	0.0394544
C9orf152_110204279	0.0251074
C9orf24_34380336	0.0728186
C9orf43_113419505	0.0919895
CACFD1_133461247	0.0387912
CCDC171_15660683	0.1031
CCDC180_97320071	0.0248758
CCDC180_97321819	0.027084
CDC37L1_4699343	0.116547
CEP78_78252297	0.108216
CHMP5_33276778	0.0571293
CIZ1_128185776	0.0684747
CNTRL_121138270	0.0809515
CNTRL_121169978	0.0655959
COL15A1_99004408	0.0195733
COL15A1_99037796	0.0877725
COL27A1_114234294	0.0895986
COL27A1_114269749	0.0365925
COL5A1_134757190	0.00941113
COL5A1_134768360	0.0142065
COL5A1_134784536	0.0146495
COL5A1_134802486	0.0120648
CORO2A_98130553	0.0430265
CTNNAL1_108972401	0.059551
CTNNAL1_108978378	0.0553567
CTNNAL1_108991870	0.131534
DAPK1_87646924	0.0498685
DAPK1_87684738	0.00936205
DCAF12_34094999	0.0394889
DDX31_132644464	0.0822111
DDX31_132660966	0.0214808
DENND4C_19299579	0.162992
DENND4C_19323982	0.0667152
DNAI1_34490933	0.107255
DNM1_128236220	0.0191864
DOCK8_333172	0.0390419
DOCK8_336424	0.0751376
DOCK8_377555	0.0516272
DOCK8_382457	0.0321013
ECM2_92503310	0.071277
EHMT1_137744866	0.00938422
EHMT1_137779104	0.00711061
EHMT1_137782804	0.0505413
EQTN_27291255	0.161814
FAM189A2_69391451	0.0409615
FKBP15_113182320	0.0756282
FOCAD_20865404	0.0995861
FREM1_14788074	0.0391149
FREM1_14820847	0.0982229
FREM1_14822959	0.0982229
FREM1_14843603	0.0473655
FREM1_14847179	0.0375274
FREM1_14847937	0.0375274
FRMPD1_37724677	0.0470216
FRMPD1_37730762	0.0745796
FRMPD1_37734160	0.0719855
FRMPD1_37741351	0.0382814
FSD1L_105535433	0.107303
FUBP3_130609876	0.0611429
FUBP3_130626722	0.108094
GALNT12_98826596	0.0234462
GALNT12_98826601	0.0234462
GARNL3_127344550	0.0466359
GLDC_6606414	0.0489505
GLIPR2_36150375	0.0584318
GOLGA1_124919303	0.0488474
GOLGA1_124940030	0.169645
GOLM1_86032007	0.0385115
GPR107_130078355	0.0205875
GPR107_130127350	0.0193859
GRHPR_37425662	0.042686
GRIN3A_101627572	0.164432
GSN_121320842	0.047759
GTF3C4_132682746	0.0287913
GTF3C4_132683257	0.0287913
GTF3C4_132684660	0.0109691
HAUS6_19063806	0.11859
HAUS6_19088066	0.0429245
HAUS6_19093074	0.0535199
HMCN2_130326821	0.0240814
HMCN2_130367063	0.0224627
HMCN2_130367069	0.0224627
HMCN2_130388178	0.0346265
HMCN2_130415146	0.0119729
HMCN2_130422270	0.0609398
IARS_92245374	0.0261146
IKBKAP_108882059	0.0976295
INIP_112689831	0.0793098
IPPK_92641006	0.0148019
IPPK_92641010	0.0148019
ISCA1_86271163	0.103982
JAK2_5050412	0.119705
JAK2_5056605	0.0857752
JAK2_5125164	0.132472
KCNT1_135750603	0.0215157
KIAA0368_111410249	0.0774808
KIAA0368_111420184	0.0713192
KIAA0368_111448986	0.0656418
KIAA2026_5926906	0.100643
KIAA2026_5928772	0.100643
KIAA2026_5933441	0.196363
KIF12_114092050	0.0881639
KIF24_34258679	0.0905064
KIF24_34259877	0.0768603
KIF24_34260094	0.0768603
KIF24_34263229	0.122778
KIF24_34308819	0.111382
KIF27_83851811	0.105937
KIF27_83896831	0.0606952
KYAT1_128842399	0.0199626
LRSAM1_127462023	0.0354376
LRSAM1_127467388	0.0321618
MELK_36657089	0.105505
MFSD14B_94444895	0.0440328
MIGA2_129070179	0.0323416
MLLT3_20364132	0.4582
MVB12B_126381639	0.215589
NAA35_86021737	0.0404447
NCBP1_97658569	0.0564293
NCBP1_97668690	0.028939
NDUFA8_122159283	0.0568665
NPR2_35802433	0.111142
NUP214_131149400	0.0185167
NUP214_131155033	0.0702298
NUP214_131196554	0.0309633
PAPPA_116353012	0.0249064
PBX3_125933382	0.202026
PCSK5_76180722	0.028675
PHF19_120866188	0.0436843
PHF19_120866719	0.0436843
PHF2_93641412	0.0370433
PHF2_93659452	0.0122538
PMPCA_136410820	0.0167617
PMPCA_136418751	0.0356558
PNPLA7_137493853	0.00981385
PNPLA7_137546274	0.0221943
POLR1E_37492242	0.196646
PPP6C_125152249	0.251424
PPP6C_125160369	0.102701
PRPF4_113288093	0.179865
PRRC2B_131436894	0.0192063
PRRC2B_131444111	0.0150403
PRRC2B_131452443	0.0104057
PRUNE2_76653764	0.0662136
PTAR1_69724548	0.0870143
PTCH1_95454423	0.0359475
PTGS1_122378219	0.0504868
PTPA_129137360	0.110318
PTPN3_109421233	0.0661819
PTRH1_127717909	0.0173946
PUM3_2830020	0.033852
QRFP_130893898	0.0484617
QSOX2_136226717	0.0143441
RABGAP1_122996738	0.141715
RABGAP1_123100096	0.0378281
RABL6_136823905	0.0068037
RAD23B_107321731	0.0622201
RAPGEF1_131589413	0.0161728
RAPGEF1_131590460	0.0215705
RAPGEF1_131593866	0.0173846
RAPGEF1_131596559	0.0129002
RAPGEF1_131628715	0.0407063
RAPGEF1_131638007	0.0308695
RASEF_82997847	0.0229328
RASEF_83008478	0.0389885
RC3H2_122880891	0.121446
RC3H2_122888615	0.0519938
RC3H2_122889681	0.0519938
RCL1_4829846	0.0815859
RCL1_4832914	0.0815859
RECK_36059875	0.202808
RECK_36090959	0.137633
RECK_36108610	0.0685423
RIC1_5745693	0.112564
RNF38_36345771	0.0472106
RP11-31F19.1_547848	0.0386002
RP11-390F4.3_6723433	0.0128152
RP11-569G13.2_96097947	0.0359857
RXRA_134423713	0.00550048
RXRA_134430398	0.0107941
RXRA_134433456	0.00824459
SARDH_133711348	0.0121847
SARDH_133734784	0.026659
SDCCAG3_136403655	0.0107815
SECISBP2_89355193	0.012632
SETX_132351351	0.0211194
SH3GL2_17788646	0.0545541
SLC1A1_4584067	0.0797298
SLC25A25_128092731	0.203241
SLC28A3_84291811	0.12972
SLC31A1_113259996	0.0745644
SLC44A1_105357254	0.480792
SMARCA2_2184140	0.0237229
SMC2_104118060	0.0897119
SNAPC3_15444400	0.045671
SPTLC1_92046596	0.0349454
ST6GALNAC6_127897203	0.137941
STRBP_123133141	0.13102
STRBP_123166951	0.208423
STRBP_123167711	0.208423
STRBP_123173094	0.194686
STXBP1_127671368	0.0269944
STXBP1_127675787	0.05328
STXBP1_127689906	0.121289
SURF2_133356912	0.0461358
SURF6_133334670	0.00775975
SWI5_128285362	0.0199816
SYK_90863702	0.00700626
SYK_90867370	0.0325353
TBC1D2_98200159	0.0710838
TBC1D2_98217172	0.0383052
TDRD7_97429974	0.0840315
TDRD7_97468615	0.0711024
TEK_27193343	0.151134
TGFBR1_99148202	0.12559
TMC1_72695530	0.142126
TMC1_72754099	0.076152
TMEM245_109060064	0.0506497
TMEM261_7798663	0.135213
TMEM2_71732579	0.0624543
TMEM2_71746513	0.11739
TNC_115029633	0.0262962
TNC_115046732	0.420025
TOR1A_129816588	0.0107807
TOR1B_129804034	0.0473949
TOR1B_129805563	0.0202725
TSC1_132901168	0.0132795
TSC1_132934779	0.0251089
TSTD2_97606328	0.107376
TSTD2_97606342	0.107376
TTC39B_15189134	0.146689
TTC39B_15193949	0.0915323
TTF1_132398074	0.0147672
TTF1_132403390	0.0185612
TYRP1_12708726	0.0587205
UHRF2_6504943	0.0582345
UNC13B_35236829	0.158267
UNC13B_35380969	0.0947891
USP20_129861968	0.00729625
USP20_129864901	0.0208716
USP20_129880079	0.0242479
VAV2_133783686	0.017531
VLDLR_2639208	0.0571703
VPS13A_77210818	0.0964226
VPS13A_77337165	0.0680951
VPS13A_77369553	0.0792547
VPS13A_77370019	0.0792547
WDR31_113332923	0.0651471
WHRN_114407125	0.178227
XPA_97693205	0.0538578
ZCCHC6_86334903	0.0724552
ZDHHC21_14674419	0.183345
ZNF462_107003292	0.0961885
ZNF462_107010109	0.203816
ZNF483_111533933	0.0765241
ZNF510_96775597	0.00208681
ZNF782_96822292	0.0168726
A1CF_50807502	0.112208
ABCC2_99797017	0.0581586
ABI1_26752662	0.274113
ABI1_26768766	0.0790149
ABLIM1_114436534	0.0684395
ABLIM1_114450140	0.122047
ABLIM1_114473162	0.160657
ACBD5_27205461	0.0323076
ACSM6_95208638	0.0305479
ACTR1A_102484553	0.0671227
ADAMTS14_70734289	0.0749068
ADAMTS14_70753798	0.0275948
ADD3_110116207	0.0870284
ALDH18A1_95656231	0.0623121
ANK3_60078995	0.353396
ANK3_60135311	0.211773
ANKRD16_5880500	0.055992
ANKRD26_27026002	0.00679764
ANKRD26_27067347	0.0362783
ANKRD26_27083047	0.00415113
ANKRD26_27088862	0.00596932
ANKRD26_27096108	0.011879
ANKRD30A_37127847	0.0035347
ANTXRL_46288314	0.00397329
ANTXRL_46307638	0.000223652
ANXA11_80167547	0.0622237
ARHGAP19_97230286	0.0867411
ARMC4_27936416	0.0296975
ARMC4_27987152	0.0765557
ASCC1_72197954	0.0595875
ATAD1_87769333	0.0638424
ATAD1_87784930	0.0932373
ATE1_121903950	0.039667
ATP5C1_7806827	0.0494157
BCCIP_125833740	0.0205898
BICC1_58798245	0.180847
BLNK_96205898	0.068398
BLNK_96224463	0.0228568
BMS1_42786017	0.0598503
BORCS7-ASMT_102874345	0.0430176
BTBD16_122290951	0.0153367
BTRC_101533246	0.362789
CACNB2_18538835	0.0132568
CALY_133327348	0.0111867
CAMK2G_73817961	0.257351
CC2D2B_96007606	0.0821878
CCDC186_114135282	0.161323
CCDC7_32469746	0.0555073
CCNY_35530509	0.0523226
CCNY_35568117	0.0208083
CDC123_12235550	0.0931228
CDC123_12243975	0.035669
CDH23_71681521	0.04315
CDNF_14837155	0.159883
CEP55_93503852	0.0942448
CFAP43_104131601	0.189757
CFAP43_104132772	0.0876017
CFAP43_104179588	0.0777967
CFAP43_104181309	0.0477215
CFAP43_104209750	0.0760783
CFAP58_104370596	0.132292
CFAP58_104373924	0.138883
CFAP70_73324460	0.16029
CFAP70_73340085	0.0858879
CHAT_49653407	0.0469767
CHUK_100227919	0.125882
CNNM1_99362111	0.0748137
CNNM2_103050793	0.0439373
COL17A1_104074714	0.0183316
CUBN_16917528	0.0773166
CUBN_16928902	0.0402853
CUBN_17116719	0.0594481
CUL2_35067847	0.0552242
CUZD1_122834174	0.0601542
CXCL12_44382824	0.122083
CYP26C1_93066951	0.0469617
DCLRE1A_113836500	0.0583945
DCLRE1C_14921697	0.0282758
DDX21_68964180	0.0247611
DHX32_125852981	0.0231309
DIP2C_281101	0.0102731
DIP2C_284462	0.00831668
DNA2_68416052	0.0425934
DNA2_68420640	0.0315243
DNA2_68433837	0.0371532
DNA2_68450364	0.0487066
DNA2_68457480	0.0487066
DNTT_96335447	0.0564736
DOCK1_127411213	0.02269
DPYSL4_132202455	0.0171267
DYDC1_80352934	0.0412592
DYDC2_80353769	0.0412592
EBF3_129844714	0.574792
ECHS1_133363225	0.0125991
ECHS1_133366470	0.0153038
EIF3A_119037442	0.0219493
EIF3A_119037529	0.0219493
EIF3A_119050881	0.0479058
EIF3A_119052270	0.0375845
ENTPD7_99685681	0.103028
ERCC6_49478532	0.107605
ERLIN1_100156284	0.195268
ERLIN1_100158983	0.195268
ERLIN1_100183920	0.185393
EXOC6_92927315	0.0855692
EXOC6_92952025	0.175025
FAM13C_59269628	0.0510025
FAM149B1_73172239	0.113635
FAM208B_5757208	0.0164761
FANK1_125997950	0.0195001
FRA10AC1_93695769	0.111217
GAD2_26292391	0.0618898
GATA3_8059617	0.234167
GBF1_102351748	0.468432
GBF1_102351753	0.468432
GDI2_5774151	0.151626
GDI2_5796639	0.0562795
GFRA1_116065161	0.0437802
GLRX3_130142418	0.0165333
GOT1_99403923	0.0628533
GPAM_112169009	0.0352608
GSTO1_104257482	0.0592294
GTPBP4_990430	0.0246244
GTPBP4_997401	0.0118234
HELLS_94562547	0.0584742
HELLS_94576274	0.0575152
HELLS_94601126	0.0377399
HERC4_67935570	0.0845418
HIF1AN_100546635	0.204312
HK1_69359836	0.0585603
HK1_69383439	0.0336775
HK1_69398981	0.0277723
HKDC1_69250719	0.0277023
HKDC1_69263736	0.0453757
HPS1_98428476	0.0386003
IKZF5_122998021	0.0754534
INPP5A_132781505	0.0198027
INPP5F_119797313	0.166862
ITGA8_15652936	0.0758887
ITIH2_7728143	0.0247995
JMJD1C_63191724	0.0881074
JMJD1C_63202128	0.116147
KAT6B_75027314	0.103221
KIAA1217_24521609	0.0267035
KIF1BP_68995278	0.0658934
KIF20B_89702957	0.0705533
KIF20B_89717922	0.10589
KIF20B_89728738	0.100565
KIF20B_89755922	0.109964
KIF5B_32039197	0.102455
KIN_7780885	0.0450638
LIPA_89223899	0.0286376
LIPJ_88604599	0.053332
LOXL4_98261146	0.180717
MALRD1_19280418	0.0392363
MCM10_13196889	0.0265926
MCU_72859885	0.18444
MFSD13A_102469874	0.0566346
MFSD13A_102469882	0.0566346
MFSD13A_102470493	0.0699549
MINPP1_87514131	0.0836055
MKI67_128109848	0.0152673
MKI67_128109852	0.0152673
MLLT10_21588208	0.0447663
MLLT10_21673056	0.136166
MLLT10_21730834	0.134125
MMS19_97469448	0.172879
MTG1_133400889	0.0104081
MTG1_133401397	0.0104081
MTPAP_30337127	0.03731
MTPAP_30339631	0.03731
MYO3A_26150149	0.0627443
MYPN_68147566	0.0894384
MYPN_68199366	0.0680797
NEURL1_103585355	0.0702573
NKX2-3_99533646	0.207104
NMT2_15128562	0.0530635
NOC3L_94340088	0.056631
NOC3L_94346092	0.0855417
NOC3L_94361318	0.105307
NRAP_113612618	0.0424837
NRAP_113641194	0.156596
NT5C2_103093446	0.0514687
NT5C2_103096308	0.129975
NUDT13_73123987	0.0725467
NUDT5_12171185	0.0312831
PANK1_89594272	0.11577
PAOX_133387649	0.0135495
PARD3_34342588	0.138722
PARD3_34399621	0.13691
PARG_49880524	0.170582
PARG_49934386	0.0455063
PCGF5_91244928	0.0862969
PCGF5_91245723	0.0862969
PCGF5_91264994	0.108926
PCGF5_91268541	0.108926
PDCD11_103400309	0.0599944
PDCD11_103406510	0.109638
PDSS1_26723677	0.0239079
PIP4K2A_22573611	0.0488798
PKD2L1_100329634	0.0312518
PLCE1_94284795	0.0800363
PLCE1_94323538	0.0510214
PLEKHS1_113780443	0.0287869
PLPP4_120515683	0.0816059
PLPP4_120520745	0.0579589
PNLIPRP3_116466818	0.136117
PNLIP_116553564	0.0264043
PNLIP_116555071	0.0127826
PPA1_70213258	0.048937
PPIF_79350523	0.0380532
PPP2R2D_131951349	0.004466
PPP3CB_73477157	0.252806
PRPF18_13609320	0.0364592
PSAP_71826265	0.022763
PSTK_122989939	0.0378957
PYROXD2_98393083	0.0497646
PYROXD2_98394971	0.0497646
RBM20_110782085	0.0455712
RBP3_47351906	0.010803
RET_43105727	0.0277648
RHOBTB1_60871826	0.0436004
RHOBTB1_60890634	0.0596024
RP1-251M9.2_10962958	0.192977
RP11-416N2.3_103549980	0.174421
RPP30_90876359	0.0522015
SFMBT2_7175929	0.00947309
SFMBT2_7197050	0.045402
SFXN2_102732734	0.0909496
SFXN4_119155439	0.0324648
SFXN4_119159829	0.0263267
SFXN4_119162499	0.0364147
SH2D4B_80570454	0.0352903
SH3PXD2A_103611826	0.061428
SH3PXD2A_103616406	0.137793
SH3PXD2A_103618491	0.133843
SHTN1_116892175	0.184173
SIRT1_67889864	0.121997
SLC16A12_89443117	0.0938905
SLC16A9_59667253	0.0684769
SLC25A28_99613998	0.250498
SLC29A3_71344714	0.0612019
SLF2_100933431	0.0699932
SLF2_100941983	0.0777607
SLF2_100951588	0.0648316
SORBS1_95408324	0.149552
SORBS1_95435806	0.115208
SORBS1_95560794	0.12152
STAMBPL1_88918894	0.0331561
SUPV3L1_69181252	0.0542207
SUPV3L1_69195076	0.0459634
SVIL_29470483	0.0642438
TACC2_122237323	0.0507835
TAF5_103368599	0.110071
TBC1D12_94507506	0.111121
TDRD1_114212370	0.0288095
TDRD1_114226980	0.11657
TECTB_112296676	0.0532788
TET1_68648336	0.059318
TLL2_96423795	0.0810426
TM9SF3_96528318	0.127967
TM9SF3_96553090	0.0661359
TM9SF3_96559872	0.468089
TMEM236_17772694	0.0324971
TMEM254_80082639	0.0343263
TNKS2_91850798	0.0754272
TRDMT1_17155103	0.130227
TRDMT1_17158538	0.122509
TUBAL3_5395509	0.0327604
UPF2_11926921	0.0578836
UPF2_11943592	0.100208
UPF2_11952375	0.128012
UPF2_11964732	0.0719782
USP6NL_11495051	0.0905875
VCL_74111522	0.297105
VCL_74114717	0.0921179
VCL_74114721	0.0921179
VIM_17232157	0.164586
VSIR_71755015	0.0729567
WDFY4_48794887	0.0193421
WDFY4_48813910	0.0357481
WDFY4_48827583	0.0464309
WDR37_1077016	0.0470166
WDR37_1104162	0.0329061
WDR37_1126536	0.0235428
XPNPEP1_109867528	0.0294479
ZDHHC6_112443868	0.0767664
ZEB1_31512965	0.0751561
ZMIZ1_79069873	0.152041
ZNF33A_38013408	0.0229351
ZRANB1_124969870	0.0523892
ABCC8_17400096	0.0551243
ABCC8_17403180	0.0955094
ABTB2_34161769	0.0274076
ADAMTS15_130472838	0.0304113
ADAMTS8_130413403	0.0597126
AGBL2_47666519	0.00863909
AGBL2_47707240	0.0150659
AMOTL1_94866826	0.0575829
AMPD3_10498362	0.0497958
ANO1_70181919	0.0119987
ANO5_22272609	0.0574166
AP000654.4_86835345	0.108875
APBB1_6397691	0.0674397
APIP_34891916	0.113341
APLP2_130127474	0.0523618
APLP2_130127478	0.0523618
APLP2_130134342	0.0608106
ARAP1_72714395	0.0614683
ARHGAP32_128986149	0.125539
ARHGAP42_100985958	0.0472816
ARNTL_13375199	0.0330099
ARRB1_75283130	0.0480395
ARRB1_75287083	0.024628
ATG13_46656411	0.0803944
ATG16L2_72825123	0.105052
ATL3_63632036	0.306678
ATM_108232206	0.0518465
ATM_108270481	0.0704085
BATF2_64993472	0.0176589
BUD13_116756227	0.0774112
C11orf53_111282739	0.0339376
C11orf58_16739654	0.144888
C11orf58_16741873	0.144888
C11orf68_65918709	0.121143
C11orf70_102076456	0.0590361
C11orf74_36634692	0.212936
C11orf80_66814692	0.143002
C11orf80_66838254	0.0778633
CAPN5_77115813	0.0781193
CAPRIN1_34073928	0.0440262
CARS_3011161	0.00407353
CARS_3012690	0.0145744
CCDC90B_83275282	0.100151
CD3G_118350526	0.0447638
CD44_35177653	0.116467
CDC42BPG_64838957	0.0924154
CEP126_101915882	0.0882407
CEP126_101992911	0.0452927
CEP164_117375892	0.0812723
CEP57_95828457	0.0430822
CHEK1_125629060	0.176784
CHKA_68094820	0.124532
CHORDC1_90214906	0.0575387
CHRDL2_74702369	0.145861
CLNS1A_77626020	0.0640284
CLPB_72295723	0.0860104
CLPB_72307701	0.163925
CNTN5_100192903	0.0298846
COLCA2_111300912	0.188411
COLCA2_111301998	0.188411
COPB1_14475230	0.0899274
CSTF3_33108719	0.130567
CTR9_10763344	0.103848
CUL5_108069969	0.0901442
CUL5_108095241	0.125672
DDB1_61311621	0.0182403
DDX6_118762484	0.0936012
DEAF1_678407	0.00712314
DENND5A_9150276	0.145905
DENND5A_9170278	0.131705
DENND5A_9205277	0.193243
DENND5A_9207801	0.0972314
DGKZ_46361983	0.157295
DGKZ_46361987	0.157295
DHCR7_71444532	0.0138072
DIXDC1_111964491	0.10439
DIXDC1_111967944	0.0483687
DIXDC1_111995673	0.113481
DLAT_112027951	0.138412
DNAJC24_31429879	0.095468
DNHD1_6509583	0.0765697
DRD4_639646	0.0805392
DYNC2H1_103122288	0.095738
DYNC2H1_103150607	0.0608462
DYNC2H1_103229305	0.0365454
E2F8_19237150	0.0557072
EED_86273789	0.173116
EEF1G_62566537	0.0355242
EHF_34648692	0.122839
EI24_125583320	0.0336544
EMSY_76456436	0.587551
EMSY_76539744	0.31518
ESRRA_64312672	0.0674757
EXT2_44199652	0.141422
F2_46738955	0.0195764
FADS1_61811135	0.0808284
FADS2_61848412	0.0220445
FADS2_61850914	0.0220445
FADS2_61859519	0.0224636
FAM118B_126240162	0.0479235
FAM76B_95785387	0.0882075
FAR1_13728084	0.0904106
FAT3_92833275	0.0502819
FAT3_92857803	0.0778236
FOLH1_49199220	0.0361047
GDPD5_75453135	0.0474059
GIF_59844082	0.0204723
GLB1L2_134367921	0.0120832
GLYATL1P3_59088895	0.0203111
GLYATL1_58955501	0.000777344
GLYATL2_58839296	0.0241519
GTF2H1_18336404	0.0767753
HIPK3_33341389	0.146091
HPS5_18289522	0.0678818
HPS5_18306385	0.0677619
HRASLS2_63559178	0.00896244
HRASLS2_63562615	0.00783636
IFT46_118545853	0.0322296
IGHMBP2_68934084	0.0168723
IGSF9B_133939395	0.0894344
INCENP_62126513	0.0469159
INSC_15176319	0.0432656
INSC_15238884	0.0842952
INTS4_77921170	0.067709
IPO7_9411084	0.229924
IPO7_9414900	0.0906456
IPO7_9428990	0.43216
JAM3_134140002	0.0322978
JAML_118198243	0.0413883
KDELC2_108481758	0.13542
KDM2A_67248675	0.134846
KIAA1549L_33660146	0.0260354
KIAA1549L_33666873	0.196644
KIF18A_28070450	0.113085
KIF18A_28096676	0.127764
KIRREL3_126445451	0.0200628
KMT2A_118507354	0.0474623
KMT2A_118520976	0.0318917
KMT5B_68161945	0.0477302
LARGE2_45926037	0.0660226
LAYN_111544433	0.0608952
LAYN_111555205	0.111969
LGALS12_63509776	0.0126031
LRP4_46884030	0.0482435
LRP5_68413302	0.0226398
LRP5_68440646	0.0158453
LRP5_68448640	0.0198145
LRRC56_549127	0.0068964
LSP1_1880372	0.141801
LYVE1_10567243	0.121514
MADD_47285812	0.0716698
MADD_47321990	0.0194982
MAP4K2_64799714	0.0321462
ME3_86557951	0.0493466
MICAL2_12220136	0.0664058
MOB2_1475844	0.00535219
MRE11_94436879	0.0540856
MRE11_94461238	0.0384953
MRE11_94485107	0.0521376
MRGPRE_3229080	0.0126186
MRGPRX3_18133993	0.000970648
MRVI1_10579974	0.106064
MS4A2_60095047	0.0335786
MS4A5_60430497	0.0227358
MS4A6A_60179214	0.0101245
MS4A8_60715308	0.079521
MYBPC3_47341335	0.0819534
MYO7A_77191781	0.0142871
MYRF_61769579	0.445106
NAALAD2_90165367	0.0615142
NADSYN1_71463699	0.0123404
NADSYN1_71463772	0.0123404
NADSYN1_71483150	0.00681453
NAP1L4_2952837	0.00866009
NAV2-IT1_19383696	0.0940105
NAV2_20051939	0.204525
NAV2_20052276	0.204525
NAV2_20068576	0.0885405
NAV2_20101769	0.013537
NCAPD3_134177752	0.0733844
NCAPD3_134184403	0.0365029
NCR3LG1_17370404	0.140351
NECTIN1_119678143	0.0802172
NEU3_74991955	0.0986825
NFRKB_129871708	0.0156094
NLRX1_119177058	0.0496998
NOX4_89341782	0.160411
NOX4_89449848	0.105082
NUP160_47791119	0.0171021
NUP98_3695766	0.054467
NUP98_3708374	0.159897
NXPE1_114530063	0.0200951
ORAOV1_69673517	0.0594554
OSBP_59578386	0.0309079
OSBP_59581695	0.0508853
OSBP_59594862	0.0327005
OVCH2_7701876	0.0656111
P4HA3_74267595	0.0425642
P4HA3_74305085	0.134605
PAAF1_73884127	0.0856146
PACS1_66240346	0.0631111
PAK1_77374909	0.124454
PAK1_77388951	0.154582
PARVA_12474224	0.0259344
PARVA_12496386	0.0778378
PATE1_125748073	0.0214221
PATL1_59667044	0.098237
PDHX_34985681	0.0639428
PGAP2_3810883	0.248889
PHLDB1_118611138	0.151237
PHLDB1_118628967	0.168034
PICALM_85981412	0.0916625
PICALM_85996676	0.151635
PIK3C2A_17128621	0.0818436
PIK3C2A_17145280	0.116628
PITPNM1_67495846	0.0457391
PIWIL4_94608022	0.0410299
PKP3_403381	0.0288282
PLET1_112250737	0.0494597
PLET1_112259274	0.0408096
PNPLA2_820001	0.115883
POLA2_65277142	0.138044
POLA2_65278656	0.138044
POLD3_74593209	0.11492
POLD3_74627621	0.283504
POU2F3_120243225	0.163302
POU2F3_120299977	0.103814
POU2F3_120315359	0.0598713
PPFIA1_70338312	0.0103994
PPFIA1_70382674	0.0144621
PPFIBP2_7634854	0.075402
PPME1_74204248	0.243753
PPME1_74234505	0.156221
PPP6R3_68553799	0.0201659
PPP6R3_68554329	0.0273332
PPP6R3_68565595	0.0251295
PPP6R3_68575861	0.0193559
PPP6R3_68579997	0.0511657
PRDM10_129922469	0.02604
PRDM10_129951564	0.0916805
PRDM11_45219568	0.141008
PRMT3_20404982	0.105066
PRR5L_36403061	0.0232465
QSER1_32966168	0.0688193
QSER1_32971383	0.0746306
RAD9A_67393868	0.0164396
RBM14_66622528	0.248037
RDX_110274815	0.0623267
RNF141_10519793	0.185916
RNF169_74810556	0.143933
ROBO4_124895685	0.121404
RPUSD4_126207405	0.0272781
RRAS2_14279880	0.0480478
RSF1_77694319	0.091228
RSF1_77699780	0.252379
SART1_65966986	0.0231389
SBF2_9786450	0.125865
SBF2_9789950	0.167663
SCGB2A1_62209465	0.00500431
SCUBE2_9053241	0.30109
SCYL1_65530476	0.0303277
SERGEF_18009052	0.18956
SIAE_124657332	0.271637
SIK3_116867320	0.334375
SIK3_116956736	0.150777
SIPA1_65647225	0.0315881
SIRT3_217838	0.0155948
SLC1A2_35288256	0.0813903
SLC1A2_35292520	0.05515
SLC1A2_35313912	0.0704458
SLC22A10_63296306	0.0278897
SLC22A18_2915255	0.0193736
SLC43A3_57420876	0.0108334
SLCO2B1_75193754	0.0399439
SORL1_121513681	0.0697324
SORL1_121557567	0.0376329
SORL1_121574435	0.0156512
SORL1_121574824	0.0156512
SPCS2_74967362	0.0980784
SPON1_14254955	0.0763304
SPTBN2_66715495	0.276558
ST5_8710665	0.219091
STIP1_64187039	0.0234852
STIP1_64197782	0.0495078
STK33_8474537	0.188643
STX3_59794610	0.0661831
SYTL2_85736057	0.151267
SYTL2_85746001	0.0858355
TBX10_67631997	0.0761064
TCN1_59861449	0.0391425
TCP11L1_33061500	0.0471649
TEAD1_12675014	0.539068
TEAD1_12881795	0.0376066
TENM4_78660411	0.140824
TENM4_78729689	0.158348
TESMIN_68744436	0.0233609
TESMIN_68745776	0.0165583
TIRAP_126290759	0.0849238
TMEM216_61393229	0.0734302
TP53AIP1_128941501	0.00621603
TPCN2_69076265	0.0101855
TPCN2_69081208	0.0133674
TPCN2_69086500	0.0171053
TRIM5_5678674	0.00530721
TRIM66_8623160	0.0800358
TRIM66_8624291	0.0800358
TRIM6_5609273	0.0293185
TRIM6_5610073	0.0293185
TRPC6_101474917	0.0843455
TRPM5_2412316	0.0200446
TSGA10IP_65949272	0.0108262
TSPAN32_2311036	0.0150033
TTC12_113344085	0.0188089
TTC12_113360986	0.0259883
TTC17_43402683	0.0700321
TTC17_43403428	0.0700321
TTC17_43411926	0.112157
TTC17_43444823	0.124765
UBASH3B_122799820	0.0376368
UBE2L6_57557234	0.0205011
UEVLD_18561471	0.089574
USP28_113804058	0.0438579
USP35_78198717	0.116782
USP47_11920833	0.178167
USP47_11925789	0.081174
USP47_11934587	0.131811
VPS11_119069149	0.0822295
VPS26B_134242994	0.0264563
VPS37C_61137887	0.02715
VSIG2_124751310	0.0554072
VSIG2_124751941	0.18245
VWA5A_124136358	0.0400123
XRRA1_74845271	0.0495071
XRRA1_74907477	0.0911049
ZC3H12C_110163770	0.0652933
ZDHHC13_19159238	0.0992852
ZDHHC13_19159453	0.0992852
ZNF143_9472235	0.0572874
ZW10_113762311	0.108193
A2M_9095421	0.0989427
A2M_9100279	0.0498721
A2M_9103696	0.0378349
AACS_125070230	0.0119717
AACS_125130203	0.0157362
AACS_125132452	0.0157362
ABCC9_21848344	0.0703293
ABCC9_21907288	0.0910347
ACAD10_111715030	0.0348099
ACAD10_111747047	0.00930874
ACAD10_111750980	0.015829
ACSM4_7320407	0.0396765
ACSS3_81150016	0.0683525
ACVR1B_51979710	0.155535
ADAMTS20_43431730	0.0482218
ADAMTS20_43452753	0.206242
ADCY6_48775230	0.133044
ADGRD1_131138879	0.0107124
ADIPOR2_1784704	0.0573892
ALDH1L2_105062191	0.0255922
ALDH1L2_105066478	0.0911682
ANKLE2_132749522	0.0104499
ANKRD52_56244296	0.0807169
ANO2_5613594	0.0361314
APAF1_98649239	0.190722
APAF1_98659941	0.0981585
APPL2_105177522	0.101312
ARHGEF25_57615835	0.185605
ATF7IP_14436830	0.0767065
ATF7IP_14478170	0.0700985
ATF7_53533297	0.169004
ATF7_53533434	0.169004
ATF7_53538360	0.149843
ATP23_57946830	0.0514457
ATP2B1_89617460	0.131654
ATXN2_111517186	0.425789
AVIL_57813710	0.0777943
BCAT1_24832933	0.218294
BCL2L14_12090185	0.0448976
BEST3_69676152	0.0724359
BEST3_69677319	0.0896629
BICD1_32328663	0.0573612
BICDL1_120090729	0.0898118
BIN2_51299751	0.0678438
BRAP_111646415	0.0594168
BRAP_111666821	0.256341
BRAP_111682165	0.0636485
C12orf10_53302468	0.0225398
C12orf40_39647615	0.110254
C12orf45_104992407	0.0177318
C12orf4_4522636	0.0597481
C12orf4_4533448	0.0454749
C12orf54_48489863	0.0541965
C2CD5_22474975	0.055072
C2CD5_22475436	0.055072
CACNA1C-IT1_2019097	0.0557728
CACNA1C_2583189	0.0760994
CACNA2D4_1843543	0.0494923
CACNB3_48827538	0.117859
CAMKK2_121250559	0.0322787
CAND1_67294283	0.0953872
CAPRIN2_30736762	0.0605263
CAPS2_75321793	0.0580424
CASC1_25110485	0.0327538
CASC1_25112942	0.023014
CASC1_25113261	0.023014
CASC1_25120918	0.0370689
CASC1_25121118	0.0370689
CCDC62_122794320	0.0218074
CCDC62_122800119	0.0282541
CCDC62_122826169	0.0376095
CCDC77_431762	0.0453122
CCDC77_432214	0.043663
CCDC91_28450736	0.0727921
CCT2_69598988	0.033592
CEP290_88087259	0.0837655
CEP83_94402550	0.0940093
CEP83_94410620	0.0991725
CFAP54_96530660	0.0304147
CFAP54_96706437	0.140918
CHFR_132846019	0.017315
CHPT1_101723027	0.136535
CIT_119726533	0.134373
CIT_119833367	0.0568705
CKAP4_106242738	0.0855008
CLEC4C_7743920	0.00782716
CLIP1_122317443	0.0836503
CLIP1_122336444	0.0339891
CLIP1_122361414	0.0126663
CLSTN3_7136669	0.0700458
CMAS_22054776	0.103633
CNOT2_70340130	0.0847243
COPS7A_6727862	0.0513906
CPNE8_38689304	0.0780908
CPSF6_69258284	0.878456
CRACR2A_3679166	0.028813
CSRNP2_51068548	0.0874831
CSRP2_76859305	0.0473185
CUX2_111291965	0.018104
DDIT3_57517809	0.154745
DDX11_31097202	0.0127615
DDX54_113161639	0.0380745
DDX55_123602812	0.0195256
DENR_122757379	0.0467552
DENR_122764828	0.0392646
DENR_122765444	0.0248844
DEPDC4_100255392	0.0948571
DERA_15960813	0.0351175
DHX37_124963939	0.0144371
DHX37_124972366	0.00750322
DIABLO_122223795	0.0326906
DIP2B_50695093	0.0600401
DIP2B_50722672	0.0362921
DIP2B_50736958	0.0362357
DIP2B_50739769	0.0182407
DNAH10_123829101	0.0188665
DNAH10_123872089	0.0116209
DNAH10_123876134	0.0135389
DNAH10_123918264	0.0309768
DYRK4_4597454	0.0444478
E2F7_77044484	0.208332
EEA1_92800880	0.10112
EEA1_92811590	0.0946464
EP400_131979499	0.0582495
EP400_131992828	0.0124398
EP400_132051488	0.0428012
EPS8_15655049	0.0900888
EPS8_15666543	0.110622
ERBB3_56086471	0.0945576
ETNK1_22631170	0.0842024
ETNK1_22658896	0.0875417
FAM186B_49603818	0.0713757
FBXO21_117173812	0.0106926
FBXO21_117175662	0.0311102
FGD4_32608851	0.0658613
FGD4_32626767	0.0252033
FGD6_95084166	0.130592
FGFR1OP2_26958012	0.256375
GAS2L3_100600778	0.10927
GCN1_120168448	0.0236168
GCN1_120168468	0.0236168
GDF11_55749199	0.420089
GIT2_109945408	0.124361
GIT2_109963757	0.108305
GIT2_109987992	0.0660094
GLI1_57467595	0.115518
GLIPR1L2_75425025	0.085326
GNPTAB_101748543	0.0418564
GNPTAB_101750216	0.034796
GNPTAB_101788899	0.0539097
GNS_64731670	0.0444946
GNS_64736673	0.0444946
GRASP_52008759	0.163595
GUCY2C_14614968	0.0457824
GUCY2C_14615889	0.0457824
GUCY2C_14644010	0.0594947
GYS2_21561478	0.0511146
HAL_95993069	0.0374264
HCFC2_104100440	0.12927
HECTD4_112167989	0.0204521
HECTD4_112168185	0.0204521
HECTD4_112168189	0.0204521
HECTD4_112199821	0.0286621
HECTD4_112281644	0.109931
HIGD1C_50956496	0.057619
HPD_121862226	0.0261347
IGF1_102479262	0.398339
INTS13_26906517	0.0596009
IRAK3_66246619	0.040635
ITFG2_2822583	0.0321789
ITGA7_55698937	0.0781155
ITPR2_26428483	0.0673385
ITPR2_26659817	0.0702075
ITPR2_26717716	0.102472
KDM5A_317841	0.0676339
KDM5A_352808	0.0737935
KIF21A_39358044	0.0607518
KMT2D_49029315	0.0639085
KMT2D_49055089	0.28947
KNTC1_122528582	0.0387514
KNTC1_122584237	0.0154461
KRT71_52548062	0.0396272
KRT75_52426115	0.0509023
KRT76_52772287	0.0411489
LALBA_48568819	0.0818241
LDHB_21641418	0.036907
LMNTD1_25519248	0.0455899
LRP1_57202762	0.370248
LRP6_12164004	0.0944197
LYZ_69348881	0.0174571
MANSC4_27764372	0.0264028
MAPKAPK5_111885048	0.13535
MCRS1_49562805	0.0393693
MDM1_68296677	0.144034
MDM2_68813274	0.0655444
MDM2_68827296	0.0625437
MDM2_68829441	0.0485978
MED13L_116018225	0.119182
METAP2_95503713	0.0252805
MFAP5_8661181	0.031008
MLEC_120693127	0.233208
MMAB_109571820	0.0398843
MON2_62494930	0.178762
MON2_62494934	0.178762
MON2_62500330	0.119961
MON2_62556486	0.0686184
MPHOSPH9_123229164	0.136033
MRPL42_93480816	0.0587372
MUC19_40500908	0.011118
MUC19_40503058	0.00140912
MUC19_40509271	0.00368506
MUC19_40513701	0.0122838
MUC19_40559839	0.0284497
MYL2_110917572	0.047305
MYO1A_57049508	0.106806
MYO1H_109438372	0.0198321
NAA25_112029743	0.0841419
NAA25_112053707	0.145053
NAP1L1_76052363	0.0485786
NAV3_77995675	0.169024
NAV3_78122612	0.115681
NAV3_78176857	0.883382
NCOR2_124358759	0.0220209
NEDD1_96944981	0.376566
NFYB_104121613	0.0930222
NOS1_117218312	0.0187787
NR2C1_95023045	0.0524164
NR2C1_95051475	0.0875439
NT5DC3_103791919	0.0180257
NT5DC3_103792646	0.0180257
NUAK1_106068471	0.0494266
NUDT4_93398921	0.0609003
NUP107_68709022	0.168576
NUP107_68714752	0.135871
NUP107_68734935	0.0919488
NUP37_102116349	0.15018
OAS3_112962988	0.0149136
OTOGL_80229564	0.0896315
OTOGL_80278597	0.087996
OVCH1_29433201	0.0822561
PA2G4_56106988	0.408028
PARPBP_102149811	0.0928881
PDE6H_14979113	0.0622842
PDZRN4_41553913	0.118049
PFKM_48135595	0.132573
PHC1_8937404	0.100821
PIK3C2G_18490311	0.0717996
PITPNM2_122987052	0.0317224
PIWIL1_130347819	0.00805962
PIWIL1_130349237	0.00992986
PIWIL1_130361097	0.00838747
PLBD1_14536402	0.0410248
PLBD2_113386619	0.05998
PLEKHA5_19268577	0.0563375
PLEKHA5_19363024	0.021741
PLEKHG6_6325811	0.0426768
PLEKHG7_92744182	0.0478854
PLXNC1_94304687	0.788085
POLE_132643977	0.0231302
POLE_132661164	0.0204254
POLR3B_106370943	0.0447304
POLR3B_106436073	0.0721991
PPHLN1_42352240	0.141342
PPM1H_62689982	0.0554374
PPTC7_110538726	0.102312
PRKAB1_119673744	0.0305164
PTPN11_112446607	0.0350391
PTPRB_70546527	0.0679783
PTPRO_15508003	0.0845365
PTPRO_15510441	0.059957
PTPRO_15525783	0.0531607
PTPRQ_80462014	0.0648005
PTPRQ_80510052	0.125119
PUS1_131930614	0.00867951
PZP_9149865	0.0310379
R3HDM2_57300346	0.172352
RAB35_120098630	0.0239153
RAB35_120116016	0.107327
RACGAP1_49995001	0.105608
RACGAP1_49998985	0.0920584
RACGAP1_49999782	0.0601184
RAD51AP1_4540111	0.0527468
RAD51AP1_4547795	0.0596419
RAD52_916889	0.0156576
RAD52_927528	0.0331464
RAPGEF3_47749859	0.168071
RBM19_113918497	0.017532
RBM19_113923595	0.0231157
RBM19_113949237	0.0136025
RBMS2_56570226	0.055905
RECQL_21488810	0.0423164
RFX4_106686751	0.122931
RFX4_106713279	0.0320305
RHEBL1_49066339	0.11001
RIC8B_106859047	0.102337
RILPL1_123499210	0.0474277
RIMBP2_130405376	0.0137464
RNF34_121420990	0.0386257
RNFT2_116752586	0.0224082
RP1-46F2.3_110954249	0.136635
RP1-97G4.1_77382559	0.100544
RP11-553N19.1_128401983	0.0306591
RPAP3_47690743	0.109317
RPH3A_112883257	0.0472248
RPS26_56042379	0.0537878
RSRC2_122516552	0.0166281
SART3_108530544	0.0121472
SBNO1_123330636	0.0346803
SCN8A_51782986	0.316514
SCYL2_100291282	0.119084
SENP1_48069552	0.111572
SETD1B_121804388	0.762227
SFSWAP_131742397	0.013323
SFSWAP_131764385	0.0109007
SFSWAP_131779257	0.0351434
SLC11A2_50995924	0.0407025
SLC35E3_68750692	0.158591
SLC35E3_68752322	0.0362585
SLC35E3_68752327	0.0362585
SLC41A2_104895562	0.0821855
SLC48A1_47776046	0.0858059
SLC4A8_51485785	0.182395
SLC4A8_51500253	0.10825
SLCO1B1_21177139	0.0259243
SMARCC2_56164790	0.0513997
SRGAP1_64064732	0.0840884
STAB2_103670366	0.021603
STAB2_103683497	0.0648472
STRAP_15894728	0.0586158
STRAP_15895762	0.0712268
STX2_130803172	0.0151636
SUDS3_118379807	0.0762963
SUDS3_118401415	0.0545896
SUDS3_118407176	0.118108
TAOK3_118235235	0.164483
TAPBPL_6459540	0.0241937
TBC1D15_71920564	0.126269
TCHP_109901942	0.0350458
TCTN1_110616123	0.0632008
TFCP2_51107386	0.0690554
TFCP2_51118880	0.0849698
TM7SF3_26998847	0.0432443
TMEM116_111932294	0.187066
TMEM116_111937396	0.188498
TMEM120B_121770638	0.0366888
TMEM19_71689589	0.0711826
TMTC1_29511529	0.0183308
TNS2_53047372	0.341611
TPCN1_113268680	0.0207352
TPCN1_113278028	0.0167934
TPCN1_113284094	0.0144126
TRHDE_72653681	0.0930473
TSFM_57786768	0.0516336
TULP3_2925920	0.0356196
TWF1_43796241	0.0787382
TXNRD1_104313558	0.0566314
TXNRD1_104347886	0.033738
UBE3B_109489747	0.0246361
UBE3B_109508379	0.0329032
UBE3B_109522171	0.00827411
USP5_6863143	0.0913046
UTP20_101299595	0.0452954
UTP20_101351466	0.0477501
VEZT_95257073	0.107748
VEZT_95269449	0.234377
VEZT_95295505	0.0861102
WASHC3_102044882	0.128703
WASHC4_105116564	0.107602
WDR66_121957827	0.328728
WIF1_65062969	0.0943778
WNK1_829369	0.172685
WNK1_878836	0.187067
ZDHHC17_76806899	0.105696
ZFC3H1_71662260	0.15556
ZNF384_6684554	0.0614198
ABCC4_95078759	0.0125446
ABCC4_95165939	0.00665968
ABCC4_95185479	0.0115364
ABCC4_95194241	0.0147998
ALOX5AP_30737402	0.0297098
ARHGEF7_111285526	0.00921736
ARHGEF7_111286815	0.0117633
ARHGEF7_111291549	0.0611729
ARHGEF7_111301408	0.0250901
ATP11A_112807741	0.0109186
ATP11A_112809925	0.0109186
ATP11A_112820820	0.0150197
ATP11A_112836130	0.00492526
ATP11A_112869876	0.0268328
ATP11A_112880801	0.0583877
ATP4B_113656008	0.00852654
ATP7B_51971073	0.0451553
ATP8A2_25554435	0.0418626
ATP8A2_25556969	0.0312924
ATP8A2_25562090	0.0273992
B3GLCT_31321493	0.0530653
BRCA2_32325891	0.119675
BRCA2_32329254	0.0873035
CARS2_110684064	0.017738
CDADC1_49258698	0.140458
CDADC1_49261304	0.136367
CKAP2_52464781	0.0827773
COG3_45534246	0.0366502
COL4A1_110152089	0.0157781
COL4A1_110192941	0.0106339
COL4A2_110469594	0.0118154
CPB2_46064857	0.0454489
CPB2_46087229	0.0281467
CRYL1_20413522	0.0264413
CUL4A_113243384	0.0106908
CUL4A_113261647	0.0164903
DCUN1D2_113483575	0.0252781
DGKH_42188905	0.0384533
DGKH_42205799	0.0609747
DIAPH3_59976243	0.156458
DIAPH3_60009318	0.0512671
DNAJC3_95757399	0.0685887
DOCK9_98808131	0.379082
DOCK9_98832386	0.0448643
DOCK9_98867063	0.125333
DOCK9_98892715	0.0650872
DOCK9_98922440	0.266371
DZIP1_95593673	0.0373263
DZIP1_95637323	0.0266494
EEF1AKMT1_20729927	0.0139276
EEF1AKMT1_20730954	0.0139276
F7_113108687	0.00656057
FARP1_98383571	0.0219729
FARP1_98394253	0.0406297
FARP1_98437663	0.0221441
FNDC3A_49131551	0.0959235
FREM2_38860187	0.0136658
FRY_32147706	0.256461
FRY_32151645	0.07309
FRY_32198511	0.0749394
FRY_32290428	0.0347256
GAS6_113847877	0.0139146
GPR18_99257461	0.116466
HSPH1_31141339	0.103575
HSPH1_31153773	0.0421559
IFT88_20599287	0.156513
INTS6_51375384	0.0926143
IPO5_97989525	0.0370382
IPO5_97992215	0.0449839
IPO5_98013882	0.0363973
IPO5_98016526	0.0286704
KL_33056160	0.0564949
KPNA3_49714864	0.123988
LAMP1_113320072	0.0133774
LNX2_27548569	0.0407401
LNX2_27549642	0.0407401
LRCH1_46732019	0.02953
MBNL2_97342522	0.0916357
MCF2L_113092961	0.0461243
METTL21C_102691287	0.0430255
MICU2_21505878	0.0496613
MIPEP_23867861	0.0306273
MRPS31_40753438	0.0484932
MTMR6_25274319	0.0514443
MYCBP2_77094654	0.100871
MYCBP2_77156641	0.0734592
MYCBP2_77181392	0.0599284
MYO16_109051882	0.0459238
MYO16_109052680	0.0672918
N4BP2L2_32527665	0.0855347
NAA16_41320080	0.159143
NALCN_101091768	0.106119
NALCN_101098840	0.0343717
NAXD_110635134	0.0186671
NEK3_52145323	0.0366578
NEK3_52148540	0.0342291
NEK5_52069264	0.0728851
NEK5_52075173	0.126723
NEK5_52090201	0.0637584
NUP58_25312831	0.0369843
PAN3_28262502	0.0672642
PAN3_28280140	0.148484
PARP4_24456546	0.0184939
PARP4_24479887	0.0535584
PCCA_100104137	0.0589901
PDS5B_32668488	0.105687
PDS5B_32702404	0.0597854
PDS5B_32771692	0.128921
POMP_28667079	0.0635892
POSTN_37578432	0.0378765
RAP2A_97435114	0.0621171
RCBTB1_49545514	0.06298
RCBTB1_49546560	0.06298
RCBTB1_49550410	0.0739728
RCBTB1_49558285	0.0415587
RFC3_33818531	0.0291772
RFC3_33830578	0.0429191
RFC3_33835572	0.0248135
RGCC_41464816	0.0946063
RGCC_41468460	0.176526
RNF17_24826110	0.0624307
RNF17_24844437	0.0766662
RNF17_24865896	0.133384
RNF219_78643025	0.106137
RUBCNL_46361714	0.0270812
RXFP2_31799593	0.0192906
SCEL_77635170	0.0672881
SCEL_77638088	0.0802315
SETDB2_49464537	0.086979
SETDB2_49482195	0.126445
SKA3_21172871	0.0235691
SLAIN1_77761548	0.0162051
SLC7A1_29527257	0.0120463
SMAD9_36878663	0.04354
SPATA13_23980234	0.040127
SPATA13_24251619	0.0816427
SPATA13_24251634	0.0816427
SPATA13_24301586	0.0116302
STK24_98458986	0.00824304
STK24_98463983	0.0209074
SUCLA2_47998661	0.0819733
SUGT1_52662582	0.0762949
TBC1D4_75291193	0.0487229
TBC1D4_75307574	0.0961287
TBC1D4_75310466	0.0677178
TDRD3_60486163	0.0846383
TPP2_102646758	0.0659828
TUBGCP3_112504761	0.0222756
TUBGCP3_112518149	0.0386595
TUBGCP3_112552080	0.0213321
TUBGCP3_112555367	0.01909
UBE2L5P_30425404	0.0306341
UGGT2_95898440	0.0681116
UGGT2_95993926	0.0871637
UPF3A_114292153	0.02909
USP12_27093643	0.0269792
USPL1_30656707	0.0284488
VPS36_52435480	0.1784
VPS36_52449528	0.0654629
VWA8_41611307	0.0910978
VWA8_41698857	0.179226
VWA8_41731866	0.0744384
WASF3_26676029	0.0486044
WBP4_41064150	0.130027
WDFY2_51746414	0.0792597
XPO4_20860594	0.0341977
XPO4_20860604	0.0341977
ZC3H13_45957695	0.0499475
ZC3H13_45980186	0.091581
ABHD4_22605527	0.0896427
ACTN1_68898331	0.0774396
AJUBA_22974347	0.285732
AP4S1_31069600	0.140654
ARHGAP5_32152024	0.110346
ASB2_93949947	0.0490596
ATG14_55377671	0.0385627
ATG14_55378278	0.0482675
ATG14_55379986	0.0482675
ATG2B_96331924	0.0757196
ATP5S_50321417	0.103605
ATP5S_50321457	0.103605
ATP6V1D_67359446	0.0898825
BBOF1_74054944	0.0701003
BRMS1L_35863212	0.13089
BTBD7_93261778	0.150275
C14orf159_91170741	0.0299905
C14orf159_91187730	0.0198484
C14orf159_91217276	0.0330728
C14orf39_60483906	0.177355
C14orf79_104988298	0.0108697
C14orf80_105491849	0.0275739
C14orf80_105492067	0.0275739
CATSPERB_91622785	0.0514411
CATSPERB_91725573	0.065975
CCDC85C_99515372	0.0214026
CDC42BPB_102939375	0.0111778
CDC42BPB_102940953	0.0217729
CDC42BPB_102953585	0.00945997
CDC42BPB_102957564	0.0153569
CDC42BPB_102971453	0.00874678
CDKN3_54411865	0.0594934
CEP128_80760724	0.104307
CEP128_80941248	0.0748327
CLMN_95193415	0.0807792
CLMN_95210879	0.0103009
CNIH1_54431680	0.0812421
CTAGE5_39316960	0.148159
CTAGE5_39323921	0.144271
DAAM1_59330014	0.0937796
DAAM1_59339162	0.234578
DAAM1_59341472	0.186372
DAAM1_59356159	0.0787764
DACT1_58641905	0.182689
DCAF4_72958553	0.0246917
DDX24_94054574	0.0140597
DICER1_95139360	0.0585892
DLK1_100732288	0.09994
DTD2_31454838	0.13433
DYNC1H1_102004339	0.0137068
EGLN3_33929246	0.171663
ELMSAN1_73719800	0.0390452
ERH_69396783	0.0762774
ERO1A_52679022	0.0751307
EVL_100133216	0.00752047
FBLN5_91877403	0.0386861
FERMT2_52873288	0.0674082
FNTB_65014444	0.0513396
FNTB_65033123	0.0506313
G2E3_30589212	0.13717
G2E3_30591784	0.139006
GALNT16_69339689	0.0627031
GCH1_54860245	0.0508918
GOLGA5_92809178	0.0417751
GPR132_105065059	0.0101684
GTF2A1_81197105	0.116806
HAUS4_22948512	0.059129
HEATR4_73498493	0.184435
HEATR5A_31300597	0.0788748
HEATR5A_31313281	0.0931215
HECTD1_31117989	0.0481871
HECTD1_31144651	0.110091
HHIPL1_99670906	0.0421475
HNRNPC_21240905	0.0776844
INF2_104706908	0.0164038
JPH4_23574618	0.209091
KIAA0391_35126434	0.0835948
KIAA0586_58475186	0.0831452
KIF26A_104155741	0.0566262
KLC1_103659119	0.0124825
KLHL28_44931717	0.147215
KTN1_55624187	0.129689
KTN1_55648485	0.140299
KTN1_55652233	0.112881
L2HGDH_50302391	0.084048
L2HGDH_50304914	0.0863858
LGMN_92710343	0.0151817
LGMN_92714884	0.0212455
LIN52_74090976	0.113758
LIN52_74091137	0.113758
LRFN5_41888536	0.335444
LRRC9_59923183	0.0736064
MAP4K5_50451274	0.115065
MAP4K5_50485489	0.0996756
MARK3_103456315	0.0425119
MARK3_103501252	0.0230697
MIPOL1_37267827	0.127129
MIS18BP1_45204646	0.0734907
MIS18BP1_45206737	0.0623928
MIS18BP1_45209795	0.0623928
MIS18BP1_45226942	0.113552
MIS18BP1_45237171	0.139885
MLH3_75037759	0.0916049
NEK9_75088791	0.0843407
NID2_52019660	0.0239594
NIN_50739215	0.100597
NIN_50748165	0.0613401
NPC2_74482262	0.373014
NRDE2_90303607	0.029207
NRDE2_90305791	0.0393317
NUDT14_105174566	0.0340832
NUMB_73296739	0.0988065
OXA1L_22769789	0.0669516
PAPLN_73245332	0.00370609
PAPLN_73253399	0.146995
PAPOLA_96553988	0.0213477
PAPOLA_96554502	0.0213477
PCNX1_70975881	0.103001
PCNX1_71015278	0.0804272
PLEKHH1_67563380	0.0354777
PLEKHH1_67568939	0.0354777
PLEKHH1_67569697	0.0319261
PLEKHH1_67570228	0.0560466
POLE2_49662080	0.0890493
PPP2R3C_35096952	0.0992434
PPP2R3C_35099632	0.140112
PPP2R3C_35112044	0.123801
PPP2R5E_63384176	0.0761193
PPP4R3A_91461747	0.079656
PPP4R3A_91464991	0.0786272
PRKCH_61529583	0.0501967
PRKCH_61549384	0.075199
PRKD1_29625114	0.0926148
PRPF39_45098005	0.0674479
PRPF39_45098820	0.0674479
PTPN21_88505885	0.112158
RALGAPA1_35671114	0.0965578
RALGAPA1_35764954	0.189547
RBM23_22904823	0.0451565
RBM25_73110302	0.0110279
RCOR1_102722113	0.0278822
RNF212B_23244145	0.0730814
RNF212B_23259787	0.122944
RPGRIP1_21299865	0.0427426
RPGRIP1_21331051	0.0296917
RPS6KA5_90897247	0.066087
SAMD4A_54784135	0.107147
SEC23A_39051703	0.0715242
SEC23A_39090135	0.111957
SEC23A_39092416	0.132275
SERPINA10_94291004	0.00880699
SERPINA12_94516426	0.0063138
SETD3_99402750	0.0808182
SETD3_99405026	0.313996
SIPA1L1_71699678	0.054232
SLC24A4_92452744	0.0717918
SLC25A47_100329100	0.0275969
SLC7A8_23131632	0.111617
SNW1_77719279	0.0571713
SNX6_34586362	0.0484167
SOS2_50187865	0.0941111
SPATA7_88391934	0.11417
SPTB_64778721	0.0522614
SPTLC2_77564743	0.0604805
SPTLC2_77565731	0.0604805
STON2_81358560	0.0730338
STYX_52749298	0.131649
STYX_52759456	0.0683326
SUSD6_69709647	0.0861038
SYNE2_63978271	0.113728
SYNE2_64011864	0.0478471
SYNE2_64017403	0.0671365
SYNE2_64022250	0.0487817
SYNE2_64137056	0.0373735
SYNE2_64145203	0.0731136
SYNE2_64167158	0.0650854
TDRD9_103956800	0.0138159
TDRD9_104050839	0.052642
TGM1_24249665	0.103967
TMEM260_56635275	0.0813832
TMX1_51248973	0.0783613
TMX1_51252043	0.0872127
TOX4_21477766	0.0960567
TRAF3_102871581	0.0391425
TRIP11_91970996	0.0652786
TRIP11_91971001	0.0652786
TRIP11_92010687	0.0553547
TTC6_37681582	0.125107
TTC6_37735773	0.0790976
TTC6_37790445	0.0582062
TTC6_37807031	0.124592
TTC8_88839215	0.113002
TXNDC16_52537343	0.105093
UBR7_93224173	0.127748
UNC79_93579817	0.209612
VASH1_76777606	0.0193982
VIPAS39_77456195	0.0525169
VRK1_96852629	0.0474683
WARS_100347022	0.0151721
WARS_100347052	0.0151721
WDHD1_54982509	0.076207
WDHD1_55012765	0.0765235
ZC3H14_88564384	0.059748
ZDHHC22_77136466	0.17528
ZFYVE26_67781879	0.0863715
ZFYVE26_67795342	0.0653071
ZFYVE26_67799816	0.277185
ZNF839_102325399	0.0402392
ZNF839_102334264	0.00989929
ACAN_88836869	0.0327485
ADAM10_58641029	0.13168
ADAMTSL3_84037322	0.0226535
ADAMTSL3_84037326	0.0226535
AGBL1_86270324	0.0192167
AKAP13_85710352	0.015195
AKAP13_85721345	0.0228655
AKAP13_85743382	0.014431
ALDH1A2_57962319	0.0368953
ALDH1A2_57965058	0.0490042
ALDH1A2_58013371	0.153554
ALDH1A3_100898051	0.0228295
ANXA2_60356248	0.0485399
AP3S2_89888961	0.0623778
AP4E1_50936500	0.201274
AP4E1_50996840	0.108866
AQP9_58173909	0.0541234
AQR_34866807	0.145947
AQR_34896454	0.0679392
AQR_34900924	0.151321
ARPIN_89909831	0.0232301
ARRDC4_97961261	0.0277032
ATP8B4_49899017	0.32145
ATP8B4_49918276	0.110213
ATP8B4_49984640	0.120453
BAHD1_40462545	0.0507308
BBS4_72723403	0.114096
BNIP2_59684937	0.092571
BUB1B_40209501	0.0287244
C15orf41_36653919	0.130315
C15orf57_40556102	0.15534
CCNB2_59117028	0.0477176
CCPG1_55370491	0.0926536
CEMIP_80937178	0.0127599
CEP152_48740494	0.0541142
CEP152_48758383	0.065311
CEP152_48781118	0.113865
CEP152_48791551	0.0786129
CGNL1_57523281	0.0605452
CGNL1_57524327	0.0338364
CHD2_92942112	0.0482912
CHD2_93023486	0.0192644
CILP_65208676	0.147031
CORO2B_68714861	0.0216824
COX5A_74927031	0.103601
CRABP1_78347518	0.0890077
CSNK1G1_64174024	0.206661
CSNK1G1_64203395	0.0828398
CSNK1G1_64213743	0.147205
CSPG4_75684268	0.0363272
CTDSPL2_44493181	0.0741086
CYFIP1_22908417	0.0122471
CYFIP1_22911782	0.0105688
CYFIP1_22915424	0.0617235
CYFIP1_22931044	0.0104658
CYFIP1_22931486	0.0104658
CYFIP1_22932368	0.0153195
DENND4A_65674349	0.118923
DENND4A_65693418	0.137981
DENND4A_65741523	0.17384
DLL4_40934496	0.233444
DMXL2_51460289	0.254238
DMXL2_51468507	0.0889258
DMXL2_51498422	0.126573
DPP8_65464537	0.0672034
DUOX1_45138294	0.0814813
DYX1C1_55435153	0.0579079
EFL1_82156195	0.0457049
EFL1_82218857	0.0188925
EFL1_82231486	0.0302919
EIF2AK4_39941330	0.0628792
EIF2AK4_39971968	0.043856
EIF2AK4_39973465	0.0591057
EIF2AK4_39993823	0.0343455
EIF2AK4_40019492	0.0540219
ELL3_43774872	0.0333321
ETFA_76292000	0.0642025
FAH_80172556	0.0218942
FAM214A_52599366	0.0698046
FAM214A_52606051	0.0855083
FAM227B_49335275	0.0655981
FAM227B_49569994	0.0392673
FANCI_89276655	0.0515083
FANCI_89291885	0.0320956
FBN1_48423547	0.0464014
FBN1_48465380	0.0605467
FBN1_48520317	0.0502293
FMN1_32910178	0.0475024
FSD2_82782714	0.0293796
GABPB1_50284214	0.110784
GABPB1_50284286	0.110784
GANC_42345999	0.0867798
GANC_42349573	0.0274259
GCOM1_57618412	0.0391761
GCOM1_57633556	0.0278479
GRAMD2_72162673	0.0487117
GTF2A2_59642503	0.0482432
GTF2A2_59650354	0.0482432
HACD3_65562626	0.110166
HERC1_63614791	0.0714449
HERC1_63632927	0.191228
HERC1_63641333	0.133834
HERC1_63645863	0.0649723
HERC1_63667819	0.093087
HERC1_63700773	0.242735
HERC1_63719044	0.148004
HERC1_63726943	0.117292
HERC1_63727967	0.16455
HERC1_63754895	0.272336
HERC2_28135235	0.0367465
HERC2_28196590	0.0258375
HERC2_28197983	0.0258375
HERC2_28205818	0.0191742
HERC2_28207710	0.0140344
HERC2_28214346	0.0757633
HERC2_28214470	0.0757633
HERC2_28215456	0.0187321
HERC2_28265337	0.0242574
HERC2_28293924	0.0483488
ICE2_60432032	0.049288
ICE2_60477004	0.134497
IGF1R_98922940	0.00947888
INO80_41054090	0.0825618
IQGAP1_90456024	0.0313837
IQGAP1_90477542	0.0340679
IREB2_78465703	0.0356298
KIF7_89646127	0.0173649
KIF7_89652395	0.0444502
KNL1_40594474	0.0719187
KNL1_40600608	0.0719187
KNL1_40641230	0.141985
KNL1_40641559	0.141985
KNSTRN_40386877	0.046137
LEO1_51955433	0.0499482
LEO1_51955902	0.0499482
LEO1_51971396	0.0231793
LINC01578_92883542	0.420843
LOXL1_73943574	0.113434
LRRC28_99360285	0.0587699
LYSMD4_99730231	0.0792106
MAN2A2_90904995	0.0503753
MAN2C1_75362260	0.0327241
MAPKBP1_41820080	0.0781816
MESDC2_80982819	0.0142002
MESP1_89750442	0.0298399
MGA_41733569	0.115332
MGA_41743552	0.224277
MORF4L1_78876212	0.0250968
MRPL46_88466103	0.026814
MYEF2_48158952	0.345603
MYEF2_48160319	0.166743
MYEF2_48160334	0.166743
MYO1E_59206835	0.20244
MYO1E_59213994	0.0558837
MYO5A_52343443	0.0914927
MYO5C_52235121	0.0249896
MYO5C_52243947	0.0225325
MYO5C_52245539	0.0175412
MYO5C_52249018	0.0376899
MYO9A_71904191	0.117972
NMB_84657398	0.0600108
NTRK3_88131890	0.0176
OCA2_27954218	0.0153574
OCA2_28019368	0.0174202
OCA2_28026716	0.0416296
ODF3L1_75725731	0.0395377
OTUD7A_31529944	0.0209695
PAK6_40268293	0.0445668
PARP6_72265631	0.235175
PARP6_72265670	0.235175
PATL2_44668602	0.0429148
PDE8A_85075719	0.0341297
PDE8A_85092715	0.0260314
PDE8A_85099452	0.0721412
PIAS1_68186672	0.0389522
PLCB2_40294693	0.0775149
PPCDC_75044266	0.533871
PPIP5K1_43577535	0.240709
PRTG_55638248	0.0449387
RAB27A_55230751	0.0401651
RAD51_40706739	0.0337872
RAD51_40706755	0.0337872
RASGRP1_38519071	0.0441593
RBPMS2_64741382	0.0240088
RCN2_76936151	0.0754254
RMDN3_40751316	0.0375893
RNF111_59084615	0.0782521
RP11-429B14.1_89577964	0.0520634
RP11-429D19.1_59271174	0.0707339
RTF1_41477741	0.0453285
RYR3_33669788	0.0515959
RYR3_33747957	0.0283729
RYR3_33786329	0.051759
RYR3_33821521	0.12185
SCAMP5_75012534	0.0705527
SEC11A_84688442	0.119077
SEC11A_84688449	0.119077
SECISBP2L_49009007	0.093616
SECISBP2L_49014623	0.0579449
SECISBP2L_49028020	0.129667
SH2D7_78094407	0.0313339
SH3GL3_83567508	0.0256113
SHC4_48845305	0.0836896
SIN3A_75389953	0.0923607
SKOR1_67830490	0.0922987
SLC12A1_48256408	0.0717185
SLCO3A1_92147261	0.0684909
SLTM_58882680	0.0440465
SMAD3_67185403	0.0710912
SMAD6_66709465	0.237202
SNUPN_75606822	0.0879278
SNX1_64131443	0.156011
SNX1_64137148	0.0988283
SPATA5L1_45403923	0.0601341
SPG11_44569505	0.0564805
SPG11_44616920	0.0720391
SPG11_44659570	0.0788541
SPG21_64982931	0.0713237
SPPL2A_50730208	0.101256
SPTBN5_41862928	0.014195
SPTBN5_41868883	0.018567
SPTBN5_41873632	0.0653955
SRP14_40037047	0.0617243
ST8SIA2_92437750	0.0749052
TARSL2_101722324	0.0126083
TBC1D2B_78016318	0.00891137
TERB2_44976457	0.15745
TGM5_43234982	0.0745262
TGM7_43281085	0.042588
TICRR_89577962	0.0520634
TICRR_89588286	0.0674748
TJP1_29716341	0.0877554
TJP1_29763835	0.0240125
TLN2_62738080	0.0229663
TLN2_62766799	0.0360049
TLN2_62781793	0.117406
TMEM202_72405639	0.0963568
TMEM87A_42267349	0.12568
TMOD3_51863678	0.0773553
TMOD3_51867990	0.0773553
TMOD3_51892670	0.0809592
TMOD3_51897370	0.0468782
TP53BP1_43410378	0.170457
TP53BP1_43430069	0.131244
TP53BP1_43452305	0.0844416
TP53BP1_43470716	0.116327
TP53BP1_43481146	0.0594692
TRIP4_64406171	0.0521327
TRIP4_64417714	0.0892256
TRPM7_50578147	0.0981898
TRPM7_50592782	0.0600386
TTBK2_42830153	0.0960433
TTBK2_42830157	0.0960433
TTBK2_42873491	0.117962
TUBGCP4_43382728	0.130883
TUBGCP4_43395835	0.0858799
TUBGCP4_43395918	0.0858799
TUBGCP5_23019832	0.0149699
TUBGCP5_23037276	0.0353795
UACA_70691546	0.0755672
UACA_70693767	0.0755672
UBE2Q2_75874907	0.0505706
UBE2Q2_75877726	0.0773173
UBL7_74450880	0.0702113
UBR1_43017926	0.0698907
UBR1_43019516	0.0698907
UBR1_43032936	0.0664155
UBR1_43070491	0.0783283
ULK3_74839427	0.0780652
UNC13C_54298537	0.0372641
USP3_63535797	0.235445
USP3_63570302	0.076687
USP50_50542423	0.0336473
USP8_50488545	0.0644821
VPS13C_61910956	0.0949537
VPS13C_61936447	0.0440926
VPS13C_61957287	0.0628507
VPS13C_62040882	0.0708595
VPS39_42190761	0.106885
WDR61_78290423	0.0430374
WDR72_53518990	0.398762
WDR76_43828480	0.0651092
WDR76_43840248	0.0800538
WDR76_43849812	0.102594
WDR93_89728848	0.0218986
WDR93_89731307	0.0261031
WHAMM_82817701	0.0367047
WHAMM_82818828	0.028985
WHAMM_82821838	0.0958424
ZNF280D_56682160	0.170656
ZNF592_84791014	0.0362336
ZNF592_84801602	0.0198026
ZSCAN29_43367185	0.239027
ZWILCH_66529750	0.0414947
ZWILCH_66540770	0.0843882
AARS_70260447	0.0210243
ABCA3_2280551	0.0113864
ABCC11_48170636	0.0184925
ABCC1_16035008	0.0167385
ABCC1_16036396	0.0167385
ABCC1_16052689	0.0159088
ABCC1_16103878	0.021519
ABCC1_16104011	0.021519
ABCC1_16125159	0.00793226
ABCC6_16186105	0.0111158
ACSF3_89116421	0.0230598
ACSM3_20781588	0.0924508
ADAT1_75621929	0.0411889
ADCY7_50290363	0.017492
ADCY9_3985478	0.0165317
ADCY9_3989791	0.0784856
AGRP_67482872	0.10985
ALG1_5076362	0.0295025
AMFR_56388368	0.0331165
ANKRD11_89291254	0.0328136
ANKS3_4698729	0.044355
ATF7IP2_10429644	0.0740773
ATF7IP2_10434649	0.1056
ATMIN_81036388	0.0416471
ATP2A1_28904093	0.289972
AXIN1_312039	0.00793299
BANP_87982557	0.0206893
BANP_88072386	0.0104158
BRD7_50340322	0.120733
C16orf46_81062602	0.0325583
C16orf58_31496067	0.049868
C16orf87_46804335	0.092283
C16orf87_46821163	0.0916398
CASKIN1_2183260	0.107158
CBFA2T3_88878217	0.0108002
CCNF_2438677	0.0111074
CDH3_68688034	0.0211094
CDR2_22349894	0.0507647
CENPN_81025202	0.079824
CES1_55817002	0.00644068
CES2_66943253	0.0144774
CES5A_55873259	0.0272902
CES5A_55874771	0.0381215
CHD9_53319223	0.0878472
CKLF_66564314	0.0814068
CLCN7_1452893	0.00898037
CLDN6_3019601	0.00962904
CLEC16A_10968566	0.0564408
CLEC16A_10981230	0.139018
CMIP_81652161	0.0436114
CMIP_81654685	0.0140387
CMIP_81655637	0.0140387
CMIP_81698837	0.0535635
CMIP_81701406	0.00852473
CNGB1_57919483	0.0344925
CNGB1_57920712	0.0200528
CNGB1_57922943	0.0200528
CNOT1_58526458	0.0530449
CNTNAP4_76456921	0.104379
CNTNAP4_76476626	0.0922037
CNTNAP4_76556848	0.0524697
COG4_70513659	0.0479484
COG4_70517844	0.0555774
COG7_23389244	0.0204407
COG7_23398161	0.0581847
COG7_23399818	0.0581847
COG7_23420390	0.0646849
COG7_23434549	0.0426243
COQ7_19077828	0.0285445
CPNE2_57121642	0.0898299
CPNE7_89588519	0.00762468
CPNE7_89596350	0.0134518
CRAMP1_1653390	0.0183571
CREBBP_3739329	0.0269798
CRISPLD2_84880075	0.038856
CRYM_21277370	0.0560311
CTD-3088G3.8_11461747	0.0133246
CTD-3088G3.8_11513047	0.0109209
CTD-3088G3.8_11522733	0.0139793
CYBA_88647828	0.0260921
DDX19B_70323248	0.0346469
DEF8_89963172	0.01546
DHODH_72020746	0.0881448
DNAAF1_84171820	0.0119532
DNAH3_20960377	0.0481777
DNAH3_21068208	0.0492913
DNAH3_21129203	0.0522356
DNAJA2_46964480	0.0192913
DPEP3_67979417	0.0501029
DRC7_57725364	0.0260698
DUS2_68051097	0.0564045
DUS2_68068146	0.150816
DYNC1LI2_66724529	0.0682899
DYNC1LI2_66750422	0.124124
ECI1_2246094	0.012932
EEF2K_22266388	0.016435
EEF2K_22272142	0.0255991
EEF2K_22273576	0.0255991
EEF2K_22278452	0.0481171
ERN2_23696052	0.0303225
FA2H_74718109	0.0381858
FAM65A_67539992	0.046085
FAM65A_67540008	0.046085
FAM92B_85111013	0.01127
FANCA_89746759	0.0524779
FANCA_89769468	0.011491
FANCA_89772241	0.00859732
FANCA_89785699	0.00668976
FBRS_30661017	0.29086
FBXL19_30925223	0.299873
FBXO31_87341818	0.0145072
GALNS_88817552	0.00800088
GAS8_90033773	0.0153858
GINS2_85681446	0.0138332
GLG1_74455846	0.0234701
GLG1_74494940	0.110636
GLYR1_4809148	0.024977
GLYR1_4811888	0.528509
GLYR1_4812248	0.0798985
GLYR1_4831260	0.0329105
GLYR1_4845251	0.275019
GSE1_85648938	0.0520133
GSE1_85650708	0.0520133
GSE1_85652447	0.0520133
GSE1_85657806	0.0103255
GSE1_85657818	0.0103255
GSE1_85659342	0.0103255
GSE1_85662166	0.0171349
GSPT1_11879433	0.0253884
GTF3C1_27478279	0.0484319
GTF3C1_27478753	0.0142567
GTF3C1_27485012	0.0191924
GTF3C1_27544531	0.0241426
HSDL1_84127582	0.0276474
HYDIN_71022055	0.131384
IRX6_55329793	0.161643
ITGAL_30494507	0.0594947
KAT8_31118855	0.0777486
KCNG4_84238181	0.0799578
KIAA0895L_67181792	0.061699
KLHDC4_87729309	0.00974076
KLHDC4_87756526	0.0124262
LINC00311_85284416	0.132224
LONP2_48264302	0.0717117
LONP2_48272707	0.0679182
LONP2_48347396	0.0409972
LPCAT2_55528987	0.13946
MAPK8IP3_1762620	0.0365855
MBTPS1_84070860	0.0262767
MGRN1_4671284	0.0150615
MGRN1_4671297	0.0150615
MGRN1_4677831	0.027441
MGRN1_4681913	0.0102816
MGRN1_4683756	0.0170266
MKL2_14210111	0.0997625
MKL2_14215022	0.11778
MMP2_55492221	0.0269642
MPG_82998	0.0147562
MPHOSPH6_82149472	0.153679
MTHFSD_86542610	0.0170214
MYH11_15758210	0.0424536
MYLK3_46719029	0.0576214
N4BP1_48547829	0.0344658
NAE1_66813876	0.0823503
NKD1_50623716	0.0309672
NLRC5_57047258	0.0302746
NLRC5_57058752	0.0514508
NQO1_69722879	0.0238192
NTAN1_15047550	0.286572
NUDT21_56436846	0.0607551
NUDT21_56439793	0.0608409
NUDT21_56450292	0.0629602
NUDT7_77724088	0.0250065
NUP93_56827715	0.0778459
NUP93_56842342	0.0408702
NUPR1_28537941	0.0697674
OGFOD1_56452548	0.0772253
OGFOD1_56453959	0.0556257
OSGIN1_83963960	0.0143212
OTOA_21697299	0.0262253
PAM16_4349641	0.0234642
PARN_14583807	0.0894862
PARN_14586664	0.073212
PDILT_20360992	0.0170304
PDPK1_2596813	0.0269504
PDXDC1_15033933	0.0234089
PHKB_47514799	0.0351172
PHKB_47666352	0.108578
PKD1_2094033	0.134513
PLCG2_81881564	0.0197731
PLCG2_81935002	0.00952628
PLCG2_81936521	0.0097955
PLEKHG4_67285990	0.0755197
PPL_4888544	0.0283907
PRSS54_58290716	0.0462139
RAB11FIP3_497227	0.0185302
RAB11FIP3_517218	0.0131435
RAB11FIP3_519708	0.0216243
RAB40C_618118	0.0233392
RABEP2_28917782	0.0301536
RANBP10_67735102	0.15507
RANBP10_67735107	0.15507
RBBP6_24542764	0.0701027
RBL2_53439474	0.0668128
RBL2_53450284	0.0824206
RBL2_53459099	0.0437293
RBL2_53463518	0.0513217
RFWD3_74631740	0.0385984
RFWD3_74648956	0.0394648
RP11-178L8.4_87314136	0.0399508
RP11-196G11.4_31118855	0.0777486
RP11-196G11.5_31123316	0.0157092
RP11-70O5.2_69241136	0.0168248
RP11-77H9.1_8884232	0.00844884
RP11-96D1.3_68317393	0.0273676
RPGRIP1L_53646515	0.121218
RPGRIP1L_53662074	0.263236
RRN3_15070755	0.187137
RSPRY1_57205380	0.158917
RSPRY1_57238713	0.07807
SEZ6L2_29888861	0.0633553
SH2B1_28867520	0.033896
SHCBP1_46597620	0.0376974
SHCBP1_46618497	0.0288955
SLC38A8_84014919	0.00925219
SLC38A8_84035266	0.0111988
SLX4_3597745	0.136069
SLX4_3602359	0.0185036
SLX4_3602367	0.0185036
SLX4_3602534	0.0185036
SLX4_3603483	0.0185036
SMG1_18816906	0.116365
SMG1_18832862	0.0375577
SMG1_18871717	0.0703024
SPIRE2_89861285	0.0113651
SYCE1L_77206964	0.0227894
SYNGR3_1992414	0.0411698
SYT17_19182915	0.0218762
TAF1C_84181274	0.0539574
TANGO6_68862691	0.0713644
TANGO6_68862695	0.0713644
TCF25_89892352	0.00778966
TCF25_89893654	0.00778966
TCF25_89907035	0.0290944
TERF2_69357109	0.194065
TLDC1_84493823	0.0363086
TLDC1_84496299	0.0581131
TMC5_19477408	0.0234916
TMC5_19481716	0.025609
TMC5_19486238	0.025609
TMEM231_75540775	0.11166
TSC2_2049025	0.0165024
TXNDC11_11698811	0.155943
TXNDC11_11728400	0.0642194
TXNDC11_11732463	0.103571
TXNL4B_72087607	0.054492
UBALD1_4613085	0.09809
UBN1_4855082	0.0691775
UMOD_20339594	0.0203931
UNKL_1414172	0.0662392
UQCRC2_21981339	0.0464329
USB1_58019578	0.0531401
USP7_8904293	0.0115322
USP7_8908685	0.0115545
UTP4_69133932	0.087207
VAC14_70698478	0.15143
VPS9D1_89707954	0.0306461
VWA3A_22120710	0.025732
WDR59_74889394	0.0342113
WDR59_74921795	0.0834333
WDR59_74922883	0.0978324
WDR59_74923450	0.0978324
WDR59_74942481	0.0473236
WDR59_74950599	0.0287905
XPO6_28167663	0.0450579
XPO6_28169456	0.0450579
ZC3H18_88571742	0.0634756
ZC3H7A_11756754	0.0493664
ZC3H7A_11760452	0.0840573
ZC3H7A_11775086	0.0608833
ZC3H7A_11775406	0.0608833
ZDHHC1_67403042	0.0871318
ZDHHC7_84988543	0.00757651
ZFPM1_88529300	0.0110984
ZFPM1_88531053	0.0110984
ZNF263_3288997	0.0463901
ZNF276_89724722	0.027123
ZNF778_89221295	0.00114377
ZNRF1_75096324	0.0532528
ZP2_21214027	0.0402392
ZSCAN10_3091228	0.00987153
AARSD1_42957828	0.0315896
AATF_36988418	0.148374
AATK-AS1_81166531	0.292431
AATK_81124442	0.0141837
ABCA10_69221257	0.0200075
ABCA6_69081145	0.0171615
ABCA6_69097451	0.025962
ABCA6_69122224	0.0266817
ABCA8_68876703	0.00867906
ABCA8_68884697	0.0159574
ABCA8_68886735	0.0164161
ABCA8_68889857	0.0223054
ABCA9_68993408	0.0142813
ABCA9_69048428	0.0524803
ABR_1011661	0.0364683
ABR_1090319	0.0790212
ABR_1095295	0.0554225
ACACA_37089161	0.187765
ACACA_37122375	0.0928732
ACACA_37129257	0.402983
ACACA_37210679	0.373107
ACACA_37242304	0.100486
ACE_63483786	0.0436022
AKAP10_19931207	0.0409049
AKAP1_57107834	0.203075
ANKFN1_56477306	0.169356
ANKFY1_4180904	0.0344099
ANKRD40_50704721	0.133875
AP2B1_35598071	0.192539
AP2B1_35625343	0.265955
AP2B1_35648170	0.0786032
APOH_66217102	0.0257816
APOH_66221554	0.0321437
ARHGAP23_38481844	0.0656848
ARHGAP44_12953523	0.0249963
ARL5C_39157305	0.0204074
ASIC2_33021840	0.0577727
ATAD5_30873833	0.0392303
ATAD5_30889635	0.0481169
ATP6V0A1_42463529	0.0460221
ATPAF2_18027792	0.0341467
B3GNTL1_82962037	0.00527501
B9D1_19347586	0.029031
B9D1_19358019	0.00886669
BRCA1_43115974	0.107894
BRIP1_61687906	0.0664094
BRIP1_61856638	0.0988543
C17orf53_44155925	0.0861866
C17orf78_37377805	0.0800219
C17orf80_73245725	0.0215588
CACNB1_39186104	0.478706
CACNG5_66878970	0.0188115
CAMTA2_4981415	0.127063
CAMTA2_4981436	0.127063
CBX1_48074828	0.182879
CCDC57_82161723	0.0103042
CCL15_36001026	0.0258442
CCT6B_34946812	0.0730946
CDC6_40289007	0.0382293
CDK12_39463322	0.104789
CENPV_16347210	0.0210465
CEP131_81201100	0.0160061
CEP131_81209070	0.00965272
CH17-351M24.1_79602363	0.024909
CLTC_59645817	0.363716
CLTC_59647335	0.363716
CLTC_59682627	0.267925
CLUH_2696942	0.0077618
COASY_42565195	0.0758659
CPSF4L_73252153	0.0291693
CSNK1D_82245936	0.10793
CTNS_3658519	0.0587342
CTNS_3659117	0.0587342
CTNS_3659507	0.0587342
CWC25_38806115	0.0187148
CYB5D2_4153265	0.0193809
CYTH1_78678866	0.00818811
CYTH1_78679218	0.00818811
DCAF7_63586943	0.0365122
DGKE_56858855	0.0287984
DHRS7C_9773431	0.018443
DHX8_43516147	0.0867717
DNAH17_78438860	0.0173946
DNAH17_78470563	0.00986363
DNAH17_78503665	0.0100079
DNAH17_78538629	0.0106242
DNAH2_7768742	0.0348301
DNAH2_7806919	0.0573858
DNAH9_11611648	0.108772
DNAH9_11702647	0.0367313
DNAH9_11747508	0.0403997
DNAH9_11822383	0.0300347
DNAH9_11891710	0.0525203
DNAH9_11893102	0.0236393
DNAH9_11905459	0.0108954
DNAH9_11963966	0.0445077
DRG2_18101242	0.0319615
EFCAB3_62387056	0.0737447
EFCAB3_62407806	0.0546611
EFTUD2_44880255	0.0384918
EFTUD2_44883872	0.0274666
EPN2_19281866	0.0677524
ERBB2_39723859	0.077749
ERN1_64055416	0.0354852
FAM104A_73230361	0.0501222
FAM20A_68538972	0.0352502
FAM222B_28795377	0.121732
FBF1_75932044	0.01473
FBXL20_39265512	0.0377376
FBXL20_39274882	0.121226
FBXL20_39275288	0.0646696
FBXL20_39282632	0.200347
FBXL20_39299223	0.128295
FBXW10_18750678	0.0372777
FMNL1_45237838	0.0651082
FN3KRP_82723110	0.0173259
FN3K_82743125	0.024496
FN3K_82744379	0.024496
GEMIN4_749996	0.0307113
GID4_18047437	0.0348112
GIP_48967755	0.0219501
GLP2R_9834859	0.0335593
GLP2R_9860634	0.0353249
GLP2R_9861820	0.0288794
GNA13_65015912	0.0486979
GOSR1_30480330	0.104681
GPR142_74368465	0.0359081
GRN_44350226	0.0814643
GSDMB_39909971	0.0429763
HEATR6_60055970	0.0966257
HELZ_67157843	0.120849
HELZ_67200270	0.0688912
HEXDC_82439629	0.0286312
HOXB8_48613879	0.700666
IGF2BP1_49048693	0.0219519
INTS2_61887926	0.0638874
INTS2_61923174	0.0553066
ITGAE_3716335	0.0375009
ITGAE_3740240	0.0301254
ITGB4_75755567	0.279398
JMJD6_76722340	0.0228083
KCNH4_42180382	0.25452
KCTD2_75062765	0.0234093
KIAA0100_28636516	0.124313
KIAA0753_6624938	0.0536829
KIF1C_5002462	0.0463
KRT26_40770513	0.0296887
KRT32_41460942	0.0366781
KRT33A_41347638	0.0429532
KRT39_40961657	0.0958201
KRT9_41566957	0.0256824
KSR1_27604248	0.0484703
KSR1_27604567	0.0484703
KSR1_27604579	0.0484703
KSR1_27605175	0.0220085
LLGL1_18233650	0.0565171
LRRC37B_32031163	0.0293802
MAP2K6_69522140	0.0313044
MAP2K6_69525447	0.0892841
MAP3K3_63654248	0.119468
MARCH10_62725213	0.0633254
MED1_39450253	0.057145
METTL16_2439424	0.0375213
MMD_55405750	0.0990337
MPP3_43820741	0.0266854
MPRIP_17138439	0.17829
MPRIP_17148031	0.0175476
MRPL45_38300016	0.0272779
MRPL58_75017039	0.0402475
MRPL58_75018103	0.0123896
MRPL58_75019659	0.0123896
MRPL58_75020715	0.0937287
MTMR4_58510356	0.0560965
MXRA7_76683949	0.083989
MYBBP1A_4542813	0.064
MYBBP1A_4550737	0.0107879
MYH2_10523412	0.0581325
MYH4_10456957	0.0333576
MYO15A_18136956	0.0317224
MYO19_36531667	0.0535476
MYO1D_32742951	0.0691159
MYO1D_32772549	0.095154
NATD1_21247944	0.0166859
NCBP3_3816595	0.0574382
NCBP3_3817686	0.0574382
NCOR1_16084395	0.129167
NF1_31155915	0.122553
NF1_31232677	0.19011
NF1_31257788	0.318018
NF1_31261495	0.118543
NKIRAS2_42022738	0.0256667
NLE1_35133498	0.0272496
NLRP1_5530735	0.00554297
NLRP1_5532359	0.00554297
NMT1_45082588	0.0520873
NPEPPS_47612897	0.0480105
NPEPPS_47615907	0.124743
NPLOC4_81629508	0.0086453
NSF_46637664	0.0660443
NT5C3B_41829836	0.0159889
NT5M_17306179	0.0365599
NUP85_75227043	0.0221649
NXN_803239	0.0916231
OTOP3_74944013	0.0293435
OTOP3_74947844	0.0326875
P2RX5_3689060	0.0308469
P2RX5_3691098	0.0449967
PCTP_55773503	0.0163064
PECAM1_64324529	0.127852
PECAM1_64378148	0.0324699
PELP1_4675947	0.107291
PELP1_4682990	0.0553481
PGS1_78403246	0.059227
PHF12_28923238	0.106038
PIGL_16324502	0.0236374
PIK3R6_8837151	0.0511553
PLD6_17204009	0.00678957
PLEKHM1_45469682	0.0570841
PLXDC1_39073605	0.0391381
POLG2_64495639	0.0788573
POLR2A_7502458	0.0416639
PRKCA_66558813	0.0478473
PRKCA_66691906	0.0250368
PRPSAP2_18874192	0.0199139
PSMB3_38752961	0.203403
PSMD11_32454394	0.191038
PSMD12_67360682	0.0645955
QRICH2_76284478	0.0193871
RAB40B_82663635	0.0134317
RAB5C_42127063	0.0710407
RAB5C_42129941	0.181936
RABEP1_5354234	0.0465683
RABEP1_5371982	0.0413058
RABEP1_5381868	0.0241788
RAI1_17809783	0.0353251
RAI1_17809789	0.0353251
RECQL5_75658181	0.108525
RECQL5_75665172	0.0516839
RFLNB_445242	0.0819684
RGS9_65157364	0.0276918
RNF157_76167569	0.0385451
RNF167_4942531	0.304973
RNF213_80337060	0.00575687
RNF43_58361142	0.0436294
RP11-120M18.2_68419130	0.0145433
RP11-142O6.1_31135161	0.0725788
RP11-420A6.2_5370169	0.0413058
RP11-64J4.2_3385914	0.0743301
RPA1_1880269	0.0578183
RPA1_1880920	0.201225
RPA1_1894443	0.101951
RPH3AL_319650	0.0217135
RPH3AL_319808	0.0217135
RPH3AL_325661	0.0396508
RPS6KB1_59911224	0.165504
RPTOR_80892190	0.0147719
RPTOR_80948484	0.00474377
RUNDC1_42985655	0.0670727
SAMD14_50117915	0.0741152
SAP30BP_75701482	0.0396485
SARM1_28392823	0.0704825
SCN4A_63969330	0.0220785
SDK2_73415992	0.0183249
SEZ6_28969600	0.195238
SGSM2_2338128	0.111163
SLC13A5_6691154	0.0225492
SLC13A5_6691290	0.0225492
SLC13A5_6691813	0.0225492
SLC16A6_68272585	0.0254052
SLC26A11_80252044	0.0413745
SLC2A4_7284163	0.0701811
SLC47A1_19568101	0.0508107
SLC4A1_44267830	0.0501033
SLC5A10_18952557	0.00497268
SLC6A4_30215766	0.057861
SLFN11_35355587	0.0314643
SLFN12_35421335	0.00397414
SLFN14_35554836	0.0339077
SMARCE1_40638104	0.258769
SMG6_2294450	0.066743
SMG6_2303013	0.223935
SMURF2_64564797	0.0578089
SMURF2_64571986	0.135727
SMURF2_64589356	0.103697
SMYD4_1784554	0.0411222
SP2_47923396	0.036748
SPATA22_3441983	0.127144
SPOP_49603510	0.211422
SPOP_49611457	0.308129
SRCIN1_38546226	0.205255
SRCIN1_38565977	0.188428
SREBF1_17816148	0.135399
SRP68_76057275	0.0375714
ST6GALNAC1_76625527	0.0237579
ST6GALNAC1_76626135	0.0731606
ST6GALNAC1_76626592	0.229321
ST6GALNAC2_76578328	0.0191306
STAT3_42341436	0.0322511
STAT5B_42216430	0.0157512
STAT5B_42228713	0.0859353
STRADA_63723007	0.0789219
SUPT4H1_58349223	0.0512859
SUPT6H_28677648	0.0514307
SYNRG_37539036	0.0949412
SYNRG_37539285	0.0364246
SYNRG_37540586	0.0816181
SYNRG_37599007	0.135624
TADA2A_37442286	0.12505
TANC2_63416231	0.145313
TAX1BP3_3663913	0.125647
TBCD_82762829	0.0137361
TBCD_82901340	0.0107259
TBCD_82910295	0.0101507
TEX14_58570975	0.0503364
TEX14_58622536	0.0492413
TEX2_64159697	0.142859
TLK2_62578429	0.0863129
TMEM104_74790514	0.0258657
TNFSF12_7555505	0.0414483
TOM1L2_17867245	0.0850455
TOM1L2_17868407	0.0850455
TOM1L2_17883077	0.143395
TOP2A_40390164	0.063392
TOP3A_18314020	0.129416
TRIM25_56899489	0.0206479
TRIM37_59001409	0.0765283
TRIM37_59028895	0.102272
TRIM37_59076653	0.048196
TRIM37_59080425	0.0789172
TRPV1_3577434	0.049154
TRPV3_3520614	0.0365433
TRPV3_3556489	0.0370969
TSEN54_75518786	0.0311964
TSPOAP1_58324381	0.318568
TSPOAP1_58327505	0.147555
TTLL6_48767777	0.040399
UBALD2_76270125	0.130738
ULK2_19795916	0.211545
ULK2_19796964	0.107744
USP32_60207313	0.168427
USP32_60218140	0.261917
USP36_78805518	0.0129956
UTP18_51282784	0.0470557
UTP6_31886235	0.0572484
VEZF1_57975182	0.239725
VPS53_519450	0.0500247
VPS53_560730	0.148369
WDR45B_82629675	0.0115936
WDR45B_82630181	0.0115936
WDR45B_82647521	0.00657538
WIPI1_68434419	0.0277729
XYLT2_50346933	0.101079
ZNF18_11983536	0.0214809
ZNF18_11983577	0.0214809
ZNF18_11992382	0.036233
ZNF18_11994244	0.031566
ZNF207_32365176	0.0225733
ZNF286A_15707576	0.0463803
ZNF652_49316046	0.185937
ZZEF1_4020050	0.0493567
ZZEF1_4061239	0.0259417
ZZEF1_4069568	0.0996958
ZZEF1_4104015	0.0383018
AFG3L2_12336480	0.0398044
ANKRD30B_14769716	0.0017889
ANKRD30B_14777186	0.00316026
ARHGAP28_6895136	0.0194784
ATP8B1_57696720	0.0211815
ATP9B_79334863	0.0414973
B4GALT6_31640799	0.0643736
B4GALT6_31644297	0.0643736
C18orf21_35975525	0.0921346
C18orf8_23508398	0.0334474
C18orf8_23521492	0.01597
CABYR_24157011	0.26562
CCDC102B_68838549	0.0230522
CDH20_61534230	0.0742459
CDH2_27983321	0.435908
CDH2_28102062	0.114311
CELF4_37269939	0.134597
CEP192_13005623	0.0524452
CEP192_13006196	0.0524452
CEP192_13048544	0.0324078
CEP192_13069696	0.0455989
CEP192_13072402	0.0603502
CEP192_13102973	0.0150256
CEP76_12682482	0.032463
CEP76_12686566	0.0822939
CNDP1_74564854	0.0611397
CNDP2_74516164	0.00759065
CTDP1_79710311	0.00393365
CTDP1_79715868	0.0070344
CTIF_48663988	0.0258387
CTIF_48758457	0.0422804
CTIF_48758822	0.0422804
DCC_53393812	0.0698666
DSC1_31149141	0.035118
DSG2_31545116	0.0225002
DTNA_34809486	0.090389
DTNA_34866009	0.090511
DYNAP_54592298	0.0511315
EPG5_45913979	0.0365897
EPG5_45936977	0.0554622
EPG5_45946841	0.047378
EPG5_45953254	0.0815631
FHOD3_36603360	0.0648798
GNAL_11875890	0.0151681
HRH4_24476631	0.0619693
HSBP1L1_79965433	0.0134142
HSBP1L1_79965641	0.0134142
IMPACT_24430534	0.104255
KDSR_63362410	0.0171441
KIAA1328_36831151	0.164834
KIAA1468_62254812	0.192842
KIAA1468_62304355	0.0779253
L3MBTL4_6242278	0.0458924
LAMA1_6994254	0.0300219
LAMA1_7037796	0.0112212
LAMA3_23778878	0.0370348
LAMA3_23811464	0.0280664
LAMA3_23838031	0.0566432
LAMA3_23895277	0.0397101
LMAN1_59354312	0.0708291
LOXHD1_46592669	0.298383
LPIN2_2927124	0.0503679
LPIN2_2927504	0.0503679
LPIN2_2927867	0.0456588
LPIN2_2939815	0.0646992
MALT1_58698420	0.0374654
MAPRE2_35129783	0.0469577
MBP_77012674	0.0255211
ME2_50908021	0.0669546
METTL4_2540666	0.147513
MIB1_21766150	0.106456
MIB1_21801269	0.117203
MIB1_21815884	0.111911
MIB1_21851849	0.142398
MOCOS_36188069	0.0625244
MOCOS_36195219	0.0625244
MOCOS_36249743	0.0289513
MTCL1_8824357	0.0172389
MTCL1_8827609	0.0429798
MYO5B_49984105	0.0495767
MYOM1_3082185	0.0817569
MYOM1_3082837	0.0817569
MYOM1_3100617	0.0814492
NAPG_10532609	0.0837404
NAPG_10546010	0.0359899
NAPG_10546156	0.0359899
NEDD4L_58342840	0.197727
NEDD4L_58357412	0.0624882
NEDD4L_58364512	0.0537945
NEDD4L_58392314	0.0130955
NPC1_23551273	0.0404136
NPC1_23551884	0.0188413
OSBPL1A_24314699	0.0474877
PIEZO2_10707147	0.16712
PIEZO2_10754680	0.00994078
PIEZO2_10786722	0.0167584
PIGN_62073797	0.0798489
PIGN_62144840	0.0684356
PIGN_62146616	0.042161
PIK3C3_41997086	0.127073
PIK3C3_42035434	0.0359739
PMAIP1_59900828	0.0273697
POLI_54283454	0.117676
PPP4R1_9562153	0.262563
PRELID3A_12423087	0.0305668
PTPN2_12837187	0.077611
PTPRM_8249098	0.369373
RAB12_8625993	0.0890742
RAB12_8637994	0.0224988
RALBP1_9534268	0.0160352
RBBP8_22989054	0.0934298
RBFADN_80080444	0.0275761
RBFA_80044154	0.0137676
RNMT_13738085	0.0556836
RNMT_13743570	0.0666263
RNMT_13759727	0.0693741
ROCK1_20954195	0.0699388
ROCK1_21011905	0.068915
ROCK1_21022444	0.134004
RTTN_70051340	0.0496473
RTTN_70068468	0.0457627
RTTN_70088147	0.0257023
RTTN_70134615	0.054973
RTTN_70147720	0.0130551
RTTN_70166335	0.0888104
RTTN_70188737	0.0872942
RTTN_70191599	0.0372341
SEC11C_59149456	0.0651798
SEC11C_59155380	0.0664273
SERPINB11_63721849	0.0114885
SERPINB12_63557168	0.00901038
SERPINB5_63486532	0.0326405
SERPINB5_63490374	0.025814
SMAD2_47868051	0.155983
SMCHD1_2696664	0.0660526
SMCHD1_2704827	0.112698
SMCHD1_2726316	0.103804
SMIM21_75427199	0.031537
SPIRE1_12509822	0.0573566
TAF4B_26286999	0.0852289
TGIF1_3452852	0.326061
THOC1_254539	0.0908669
TIMM21_74151043	0.0200267
TIMM21_74155679	0.0205997
TMEM241_23430065	0.0579261
TMX3_68678530	0.0188239
TMX3_68691605	0.0256889
TNFRSF11A_62360213	0.0336496
TNFRSF11A_62361515	0.0336496
TRAPPC8_31891698	0.145884
TXNL4A_79976703	0.0139084
WDR7_56676398	0.0717406
WDR7_56686300	0.0490653
YES1_740045	0.0739268
ZNF236_76911669	0.0107633
ZNF236_76916905	0.00834051
ZNF516_76367085	0.0140534
AC007204.2_19958143	0.000936886
ACTN4_38707250	0.0123453
ACTN4_38720564	0.0583758
ADGRE1_6934160	0.00742715
AKAP8_15362322	0.0201845
ANKRD27_32630219	0.0109316
AP2A1_49792791	0.0133585
ARHGAP33_35784705	0.799441
ARID3A_960238	0.0406255
ARID3A_961058	0.0406255
ARMC6_19055238	0.0135454
ASNA1_12747161	0.0402589
AURKC_57233387	0.0158139
BBC3_47226222	0.0682863
BCL2L12_49672419	0.0223035
BISPR_17407472	0.035415
BLVRB_40462093	0.0473575
BORCS8_19186411	0.0103329
BRSK1_55292477	0.014095
BRSK1_55308433	0.018266
C19orf35_2279727	0.0185541
C19orf54_40744733	0.0425852
C3_6706174	0.0133884
CABP5_48031661	0.013763
CADM4_43624903	0.0555181
CARM1_10908518	0.435341
CATSPERD_5758301	0.00817002
CATSPERG_38360370	0.0453583
CBLC_44782751	0.0281285
CC2D1A_13906604	0.0687259
CCER2_38909360	0.0195283
CCL25_8056636	0.0309185
CD37_49339048	0.0156057
CEACAM16_44706129	0.158835
CEACAM1_42520141	0.00488906
CEACAM5_41717118	0.00543811
CEACAM6_41763455	0.00417682
CEACAM8_42590071	0.00263081
CHAF1A_4406250	0.0149673
CHAF1A_4420237	0.0165596
CHERP_16522582	0.00696989
CHERP_16527251	0.0084941
CIB3_16171365	0.0550724
CLC_39735821	0.00187338
COLGALT1_17577804	0.0227321
COX6B1_35656831	0.0339908
CPAMD8_17026243	0.0448735
CPAMD8_17026251	0.0448735
CRTC1_18745472	0.228976
CRTC1_18764113	0.0491282
CTB-50L17.10_4499924	0.0149418
CTB-60B18.23_49062566	0.0495869
CTC-490E21.12_40892225	0.00985447
CTD-2525I3.2_52175989	0.00244738
CTD-2553L13.4_34639043	0.00327801
DAZAP1_1423152	0.325052
DHDH_48939858	0.0162129
DMKN_35510595	0.0256736
DMRTC2_41849674	0.0397959
DNMT1_10156537	0.0137025
DNMT1_10158782	0.0137025
DNMT1_10158919	0.0137025
DOT1L_2199228	0.0101445
DOT1L_2229100	0.261004
DPP9_4691050	0.0103879
DUS3L_5785511	0.0745055
EIF3K_38622745	0.0616737
EIF3K_38625951	0.035024
ELANE_851672	0.00340593
EPOR_11378830	0.0440832
EPS15L1_16362039	0.0994429
EPS15L1_16377636	0.044884
ERCC2_45356919	0.0127526
ERCC2_45363128	0.00856208
EXOSC5_41392011	0.024505
FAM83E_48609681	0.0677457
FARSA_12924033	0.00848991
FBL_39845597	0.0197032
FBN3_8143012	0.0343679
FBXL12_9816833	0.0466004
FBXW9_12691560	0.0323426
FCGBP_39865692	0.0396304
FLT3LG_49475619	0.017879
FSTL3_677323	0.247942
FSTL3_677327	0.247942
FZR1_3527120	0.0200233
GIPR_45668741	0.0824152
GLTSCR1_47676940	0.0634211
GNA15_3160710	0.0106177
GNG7_2518558	0.0200719
GPI_34380443	0.0303301
GRAMD1A_35010654	0.0170433
GRAMD1A_35013965	0.0396237
GRIN2D_48399144	0.0576321
HAUS5_35615930	0.0603293
HAUS5_35620486	0.0427898
HAUS8_17054108	0.0264763
HCN2_613166	0.00799084
HCN2_614343	0.0111242
HCN2_615005	0.0111242
HIF3A_46306885	0.0422905
HKR1_37344551	0.0485814
HNRNPUL1_41272753	0.0806014
HOOK2_12773637	0.0443643
HOOK2_12773644	0.0443643
HOOK2_12775049	0.379383
IGFL2_46148301	0.00179737
INSR_7120872	0.0146811
IZUMO2_50159036	0.0651271
KCNC3_50317517	0.154599
KDM4B_5051547	0.0428128
KEAP1_10489853	0.0160464
KIR3DL3_54728419	0.00304276
KLK4_50909482	0.00760368
LGI4_35128148	0.0715169
LILRB5_54255719	0.00433772
LMTK3_48497331	0.0287261
LONP1_5704363	0.00961751
LRFN3_35942477	0.0546383
LRRC25_18396075	0.0219324
LSM14A_34195098	0.108935
LSM4_18310967	0.0253594
MAG_35304116	0.026305
MAN2B1_12651606	0.0204034
MAST1_12866164	0.0291436
MAST3_18128656	0.043027
MAU2_19336803	0.0753111
MBOAT7_54178321	0.00836249
MED16_879848	0.00942997
MISP_761231	0.0153033
MLLT1_6217096	0.151241
MLLT1_6219663	0.0120169
MOB3A_2083635	0.00736514
MUC16_8871849	0.01207
MUM1_1371518	0.00519797
MYO9B_17162322	0.0277455
MYO9B_17178209	0.311055
NFIC_3459434	0.0484532
NLRP11_55795225	0.00873874
NLRP5_56058534	0.00903023
NLRP8_55953039	0.00811811
NOTCH3_15197167	0.093426
NR1H2_50381493	0.0131335
NUCB1_48912445	0.0167279
NUMBL_40672295	0.0309887
OCEL1_17227837	0.0368453
ODF3L2_472153	0.00961178
PEPD_33390670	0.248278
PIP5K1C_3658721	0.00914055
PIP5K1C_3663553	0.010502
PLA2G4C_48053916	0.0393491
PLAUR_43667772	0.0159059
PLIN5_4526010	0.0135541
PLPPR2_11355762	0.247074
PLPPR2_11362183	0.0319783
PNMAL1_46469565	0.0248574
PNPLA6_7553835	0.0174214
POLD1_50402908	0.0257266
POP4_29609724	0.01499
PPFIA3_49140238	0.0263928
PPFIA3_49148925	0.0752379
PPP2R1A_52220899	0.0225995
PPP5C_46376839	0.028622
PRKD2_46692047	0.0317157
PRKD2_46694196	0.0307462
PRMT1_49687592	0.0123073
PSMD8_38376097	0.0399923
QPCTL_45693785	0.0462504
RAB3D_11339157	0.163356
RAB8A_16115694	0.0700275
RAVER1_10333204	0.0948943
RDH13_55047534	0.00636255
RDH13_55047729	0.00636255
RFX1_13966819	0.015834
RFX2_6043854	0.0169206
RINL_38872153	0.0266734
RNASEH2A_12811294	0.0145199
RUVBL2_49007690	0.0151661
RYR1_38501168	0.0225454
RYR1_38546329	0.0922308
SAFB2_5608755	0.00700996
SBNO2_1110466	0.00949426
SBNO2_1110524	0.00949426
SHC2_424289	0.00837481
SIGLEC11_49958081	0.0463045
SIRT2_38895170	0.0741736
SIRT2_38895566	0.0741736
SMG9_43737484	0.0306835
SNRNP70_49101696	0.600348
SPC24_11147894	0.0705678
SPIB_50423900	0.0290753
SPPL2B_2339289	0.0137765
SUGP2_19031147	0.0772604
SULT2B1_48589194	0.0182234
TDRD12_32817543	0.0182298
TGFB1_41351718	0.0923046
TJP3_3738729	0.040485
TMEM38A_16681030	0.0430073
TMEM59L_18607774	0.21991
TMPRSS9_2423564	0.00858718
TRAPPC6A_45165399	0.0168016
TRMT1_13110381	0.0307084
UBXN6_4453238	0.0107637
UHRF1_4944130	0.0111965
UPF1_18855891	0.0510704
UPK1A_35673755	0.0163697
URI1_29985400	0.164912
VASP_45518666	0.0154248
VAV1_6854180	0.0250071
VRK3_50022114	0.0197393
ZC3H4_47081895	0.0459854
ZC3H4_47082349	0.0203372
ZFP28_56550014	0.0180463
ZNF121_9567909	0.00518509
ZNF134_57615131	0.00447047
ZNF160_53089731	0.000542396
ZNF20_12134905	0.00339336
ZNF211_57635775	0.00230807
ZNF223_44058113	0.0162651
ZNF264_57192297	0.00552643
ZNF283_43833933	0.0134667
ZNF283_43835224	0.0134667
ZNF347_53149687	0.000832445
ZNF347_53157332	0.00274136
ZNF441_11778035	0.00627513
ZNF460_57281516	0.00466586
ZNF473_50027652	0.0270826
ZNF480_52298932	0.00058861
ZNF480_52316352	0.00060547
ZNF530_57601284	0.00378947
ZNF541_47539036	0.0253227
ZNF546_39997531	0.00629872
ZNF548_57391887	0.00211684
ZNF549_57535633	0.00484299
ZNF555_2841973	0.00550706
ZNF556_2871901	0.00451393
ZNF557_7079935	0.00519096
ZNF558_8822959	0.00874077
ZNF562_9658224	0.00474438
ZNF567_36717699	0.0755676
ZNF66_20793143	0.00226649
ZNF677_53252399	0.00533403
ZNF708_21310162	0.00316697
ZNF724_23229268	0.00083459
ZNF780B_40047728	0.00288406
ZNF781_37689063	0.00578434
ZNF836_52169818	0.000115509
ZNF8_58285022	0.0207994
ACTR5_38750392	0.0566185
ADA_44634741	0.0237074
ADNP_50896812	0.0571905
ADRM1_62306646	0.0308827
AHCY_34290138	0.0248717
ANGPT4_880089	0.0230401
AP5S1_3822930	0.0493744
AP5S1_3823595	0.0493744
APMAP_24969884	0.0312034
ARFGEF2_48941461	0.0717188
ARFGEF2_48972189	0.0445225
ASXL1_32386166	0.0632365
ATP9A_51617598	0.0089792
BCAS4_50847119	0.0323415
BFSP1_17514215	0.0128998
BPIFA1_33238551	0.0345964
BPIFB2_33011285	0.019327
BPIFB2_33011306	0.019327
BPIFB3_33062070	0.0496983
C20orf173_35527443	0.0333956
C20orf194_3264105	0.0808009
C20orf194_3287163	0.0860108
C20orf194_3288683	0.0735421
C20orf194_3325834	0.417761
C20orf194_3341447	0.0606692
C20orf194_3375954	0.113474
C20orf194_3381022	0.194511
C20orf194_3381678	0.13517
C20orf24_36606668	0.125113
C20orf85_58153954	0.0880506
CABLES2_62395341	0.00683969
CDH26_59983228	0.0206575
CDH26_60010035	0.015719
CDS2_5176801	0.0685948
CDS2_5176816	0.0685948
CDS2_5178815	0.0685948
CDS2_5180073	0.155979
CEP250_35465711	0.125534
CHD6_41453953	0.0802086
CHD6_41490109	0.0869057
CHD6_41495962	0.0741107
CHMP4B_33848282	0.136851
CRNKL1_20039257	0.0730434
CSE1L_49067135	0.0660516
CST9_23605099	0.00397168
CSTF1_56397110	0.0217999
DDX27_49239694	0.0317718
DLGAP4_36500074	0.472726
DNMT3B_32786476	0.0308583
DPM1_50951163	0.0449645
DZANK1_18385202	0.0744444
E2F1_33677669	0.0617778
EDEM2_35131847	0.0980596
EFCAB8_32860838	0.028333
EFCAB8_32882446	0.0525352
EFCAB8_32894630	0.0391071
ESF1_13773148	0.0846496
ESF1_13782184	0.096959
FAM83D_38943379	0.043302
FERMT1_6089352	0.0541136
FKBP1A_1372316	0.0875948
GPCPD1_5591837	0.252012
GPCPD1_5593124	0.252012
HAO1_7937906	0.103266
HCK_32084312	0.0811729
HCK_32091299	0.0543239
HCK_32101212	0.0327734
HM13_31549638	0.0302025
HSPA12B_3751388	0.0373455
IFT52_43638033	0.031306
ITCH_34438691	0.165106
ITCH_34470544	0.180243
ITCH_34484960	0.0766201
KIF16B_16374018	0.0445579
KIF16B_16507607	0.166211
KIF16B_16507849	0.166211
KIF16B_16507855	0.166211
KIZ_21230996	0.0451302
LAMA5_62319201	0.0205892
LAMA5_62327739	0.0402755
LRRN4_6044314	0.037328
LSM14B_62133710	0.01977
MAPRE1_32839200	0.114044
MAVS_3864206	0.0788159
MKKS_10409633	0.0872598
MMP24_35247133	0.0934024
MRGBP_62798947	0.221059
MROH8_37138660	0.0514654
MYBL2_43710809	0.0118624
NAPB_23403224	0.0598632
NCOA3_47622447	0.065618
NDRG3_36656570	0.0498918
NDRG3_36671109	0.087864
NECAB3_33659124	0.0579596
NINL_25459181	0.00780013
NINL_25492951	0.0107814
NINL_25494429	0.0107814
NINL_25500696	0.0206502
NINL_25509388	0.0215662
NOL4L_32455767	0.0503207
NOL4L_32475032	0.353246
NPEPL1_58709502	0.00997692
OSBPL2_62292235	0.0115916
PABPC1L_44912607	0.0383988
PABPC1L_44934109	0.0250683
PABPC1L_44936572	0.0822469
PABPC1L_44938591	0.0415083
PIGU_34581265	0.133675
PLAGL2_32205093	0.509306
PLAGL2_32205689	0.509306
PLCB1_8650362	0.0457451
PRELID3B_59038769	0.042086
PREX1_48630944	0.0175641
PREX1_48630954	0.0175641
PREX1_48640380	0.0464151
PREX1_48641526	0.0464151
PREX1_48676998	0.0262481
PREX1_48684622	0.0604188
PSMF1_1125407	0.0696298
PSMF1_1125411	0.0696298
PTPN1_50581229	0.0385732
PTPRA_3036944	0.0521823
PXMP4_33715389	0.0461209
RAB22A_58354400	0.0412682
RAD21L1_1233177	0.120727
RAE1_57356163	0.0111822
RAE1_57374605	0.0234
RALGAPB_38495854	0.2022
RALGAPB_38495893	0.2022
RALGAPB_38496382	0.2022
RALGAPB_38496686	0.2022
RALGAPB_38546186	0.146106
RALGAPB_38554596	0.13923
RBL1_37035844	0.0850568
RBL1_37036039	0.0850568
RBM12_35664083	0.291808
RNF24_3947559	0.0962859
RPN2_37203827	0.108809
RPRD1B_38035404	0.151673
RPRD1B_38065874	0.0697507
SDC4_45335378	0.0641824
SEC23B_18511199	0.113104
SEC23B_18526328	0.0927614
SLC13A3_46572183	0.0410935
SLC13A3_46595630	0.023469
SLC13A3_46595654	0.023469
SLC23A2_4858191	0.0205688
SLC23A2_4862400	0.0787106
SLC23A2_4863044	0.0467148
SLPI_45253833	0.016605
SMOX_4175796	0.102631
SRMS_63541801	0.0207697
STMN3_63642400	0.00773146
SYCP2_59882272	0.0642472
SYCP2_59894727	0.0675005
SYCP2_59903687	0.0497587
TAF4_62000485	0.021
TAF4_62001981	0.00579821
TCFL5_62857281	0.0346252
TGM6_2399513	0.0398256
TM9SF4_32146783	0.049455
TM9SF4_32150944	0.0461054
TOMM34_44957136	0.0473454
TOP1_41078881	0.118372
TOP1_41089341	0.0658645
TP53TG5_45374176	0.0514591
TRMT6_5944327	0.27074
TRPC4AP_35004013	0.0339834
TRPC4AP_35054091	0.0600436
TTI1_37998922	0.285263
UBE2C_45813410	0.0546203
UQCC1_35367850	0.184426
VSX1_25081267	0.0500509
WFDC10B_45704664	0.0429438
WFDC5_45111668	0.0228748
XRN2_21359959	0.132553
XRN2_21387370	0.133536
YTHDF1_63214941	0.0391212
YTHDF1_63215671	0.157689
ZBP1_57611958	0.0212666
ZBP1_57613551	0.0154542
ZFP64_52095656	0.0113626
ZHX3_41206269	0.0948389
ZMYND8_47356216	0.580546
ABCG1_42287591	0.00995459
ABCG1_42290025	0.0143239
ADARB1_45134483	0.0152688
ADARB1_45176797	0.00832978
ADARB1_45181231	0.0118921
ADARB1_45181546	0.0118921
APP_25896498	0.117411
ATP5O_33907491	0.0365625
BACE2_41245416	0.0132219
BACH1-IT3_29497162	0.0231381
BRWD1_39216226	0.207238
BRWD1_39230240	0.043409
BRWD1_39296435	0.654706
C21orf58_46302169	0.0173549
C21orf58_46319286	0.0241577
C2CD2_41917481	0.00919536
C2CD2_41918338	0.0176322
CCT8_29060780	0.0642541
CHAF1B_36408540	0.0282977
COL18A1_45469229	0.0211353
COL6A1_45990504	0.0152571
DIP2A-IT1_46462315	0.0318888
DIP2A_46535844	0.0253907
DIP2A_46545667	0.0273806
DONSON_33581541	0.0836022
DOPEY2_36262498	0.0140404
DOPEY2_36266530	0.0193805
DSCAM_40042711	0.114052
DSCR4-IT1_38010184	0.0239518
ERVH48-1_42923159	0.0168478
GABPA_25760450	0.0870583
GRIK1_29588491	0.0428534
HLCS_36754993	0.0157248
HLCS_36759493	0.0321966
HLCS_36760123	0.0158951
IGSF5_39786786	0.0454719
IGSF5_39788732	0.0256185
IL10RB_33287234	0.0255078
ITSN1_33761871	0.0319924
ITSN1_33835034	0.122691
ITSN1_33867862	0.0365544
LSS_46209785	0.0164913
LSS_46225795	0.0626599
MCM3AP_46272262	0.00935276
MORC3_36333350	0.0548689
MORC3_36367106	0.02404
MRPL39_25597611	0.094318
NDUFV3_42898120	0.0221704
PAXBP1_32737041	0.0374427
PCBP3_45905951	0.00902756
PCBP3_45940849	0.0109877
PCNT_46398456	0.0123135
PCNT_46404482	0.0187377
PCNT_46408561	0.0187377
PCNT_46413445	0.0111093
PDE9A_42686190	0.0119678
PDE9A_42768819	0.00913215
PDXK_43740262	0.0125536
PIGP_37067627	0.0492529
POFUT2_45271501	0.0791852
POFUT2_45283582	0.00756495
PRDM15_41869919	0.00950049
PRDM15_41870968	0.00194611
PRDM15_41878550	0.0117552
PRMT2_46663792	0.0198581
PWP2_44107859	0.00578408
PWP2_44114541	0.0152977
PWP2_44120946	0.0381156
RBM11_14216430	0.0666735
RRP1_43801721	0.00649889
SAMSN1_14517875	0.0874345
SAMSN1_14519774	0.0874345
SCAF4_31702119	0.051525
SETD4_36036517	0.0278598
SETD4_36046951	0.0201288
SIM2_36746421	0.0458723
SLC19A1_45526945	0.00633264
SLC19A1_45539254	0.00778938
SLC37A1_42539333	0.0141454
SYNJ1_32665416	0.0282078
SYNJ1_32679815	0.16159
TIAM1_31133809	0.0204239
TIAM1_31195405	0.0381947
TIAM1_31211867	0.0654857
TMEM50B_33452171	0.0301194
TMPRSS15_18275914	0.15553
TMPRSS2_41466484	0.00944596
TPTE_10522043	0.164037
TPTE_10604289	0.0172639
TPTE_10605311	0.0172639
TRAPPC10_44055696	0.0183567
TRPM2_44393824	0.0102169
TSPEAR_44527904	0.0112926
TTC3_37154611	0.0249835
UBASH3A_42424284	0.0144099
URB1_32343651	0.0137704
URB1_32367061	0.00876316
URB1_32388268	0.0279458
USP16_29050430	0.0443079
USP25_15764883	0.0761304
USP25_15831833	0.0688277
USP25_15836041	0.0541594
WDR4_42850330	0.00608122
WDR4_42862432	0.00766893
WDR4_42878188	0.0118238
ACO2_41516395	0.0263708
ALG12_49911155	0.0104349
ANKRD54_37833912	0.0134679
APOBEC3B_38985134	0.0159886
ARFGAP3_42821260	0.0126161
ATXN10_45690946	0.0431052
BCL2L13_17692180	0.0815058
BID_17743126	0.0125311
BPIFC_32439490	0.0301927
BRD1_49788213	0.0858675
C22orf31_29059682	0.154117
CABIN1_24040301	0.0556276
CABIN1_24113382	0.0700699
CDC45_19481649	0.0386376
CDPF1_46246331	0.013339
CECR2_17552365	0.015513
CELSR1_46437961	0.0193456
CLTCL1_19226515	0.0371696
CLTCL1_19228199	0.0371696
CRYBA4_26625050	0.0135336
CSF2RB_36927619	0.0130937
CSF2RB_36936833	0.0219765
DDX17_38498261	0.0751073
DEPDC5_31785280	0.0383839
DEPDC5_31846297	0.0362219
EFCAB6_43579503	0.0257524
EFCAB6_43667430	0.0762868
EFCAB6_43670728	0.0138308
EIF3L_37856878	0.015402
EIF3L_37871403	0.0139249
EIF4ENIF1_31440912	0.0261339
EIF4ENIF1_31456069	0.130201
EWSR1_29287742	0.135089
FAM118A_45329587	0.0792755
FAM227A_38599192	0.0277089
FAM227A_38627442	0.0220827
FBLN1_45541959	0.0161636
GGA1_37630491	0.0308009
GGT1_24604553	0.0440111
GRAMD4_46666799	0.0098712
GRAMD4_46676198	0.0107459
GRAP2_39969294	0.0843418
GRK3_25702990	0.0409865
GSTTP1_24004083	0.0144225
GTPBP1_38717359	0.0365891
GTSE1_46315694	0.0124463
HIRA_19353807	0.0530821
HIRA_19381851	0.0645312
HIRA_19398124	0.0618222
HIRA_19405462	0.0618222
HPS4_26461631	0.0358635
KIAA0930_45203184	0.020028
KLHL22_20458565	0.0257206
LARGE1_33382624	0.102329
MAPK1_21772648	0.0227619
MCAT_43141315	0.0162123
MED15_20552364	0.0495528
MEI1_41704062	0.116218
MEI1_41714523	0.0834923
MICAL3_17870532	0.0430029
MICAL3_17890564	0.0884316
MICAL3_17895578	0.0291209
MICALL1_37929632	0.0199842
MLC1_50071521	0.00763908
MTMR3_29974445	0.115376
MTMR3_29994169	0.14671
MTMR3_30002093	0.124853
NF2_29637607	0.231939
NF2_29669790	0.170084
PARVB_44132552	0.0136857
PARVG_44202713	0.0124628
PHF21B_44894951	0.0154681
PI4KA_20765531	0.0415104
PI4KA_20810800	0.0256065
PICK1_38068963	0.0214739
PIK3IP1_31288619	0.0901786
PIWIL3_24749990	0.0129693
PIWIL3_24757447	0.0210588
PLXNB2_50279058	0.0137459
PNPLA3_43936556	0.00757592
PNPLA3_43942503	0.0165068
POLR2F_37960080	0.0255547
POLR3H_41535009	0.00973002
PRR5_44733323	0.00711449
RAB36_23152992	0.0136573
RNF185_31161132	0.0799557
RRP7A_42519411	0.0108174
SAMM50_43995230	0.0103071
SFI1_31551486	0.0279352
SH3BP1_37651175	0.015269
SHANK3_50703050	0.072635
SLC5A1_32100202	0.0350469
SMC1B_45367479	0.0534598
SMC1B_45393228	0.0456226
SPECC1L_24362990	0.0434164
SPECC1L_24364059	0.0232303
SREBF2_41899730	0.0255988
SRRD_26489720	0.0165416
SYCE3_50551718	0.0186028
SYN3_32514326	0.0300061
SYN3_32536834	0.0844645
TAB1_39429213	0.0687512
TBC1D22A_46890997	0.0316363
TBX1_19757130	0.269445
TCF20_42162996	0.015984
THOC5_29548954	0.072307
TNRC6B_40274376	0.0547807
TNRC6B_40285036	0.21024
TNRC6B_40313471	0.0560481
TOM1_35325204	0.0265947
TOM1_35338671	0.0175761
TRIOBP_37709585	0.0866843
TRIOBP_37714942	0.0327139
TRIOBP_37717160	0.0353802
TRIOBP_37756638	0.0291614
TRIOBP_37763026	0.0627091
TRMU_46350764	0.00918599
TSPO_43161050	0.0359594
TTC28_28102417	0.115502
TTLL12_43171477	0.0108444
TTLL1_43042359	0.00934614
UPB1_24499903	0.0905605
XRCC6_41636078	0.0346797
ZMAT5_29740351	0.0198498
ZNRF3_28886033	0.16057
ZNRF3_29042447	0.136132
ACE2_15599754	0.198157
ADGRG4_136356411	0.195858
ADGRG4_136358504	0.321932
ADGRG4_136401892	0.209717
AIFM1_130140416	0.206551
ALAS2_55017114	0.216606
ALG13_111716097	0.170287
ALG13_111718953	0.149449
AMOT_112781868	0.0904737
AMOT_112782348	0.0904737
AMOT_112833624	0.500078
ARAF_47568658	0.101502
ARHGAP6_11184759	0.0721253
ARHGEF6_136668464	0.0578859
ARHGEF6_136707253	0.101352
ARHGEF6_136710592	0.136443
ARSD_2909979	0.00703406
ARSE_2944857	0.0296855
ARSH_3018504	0.00418875
ASB11_15299884	0.0880122
ASB9_15245608	0.0514271
ASB9_15249328	0.0468681
ATG4A_108131610	0.241763
ATG4A_108135091	0.144174
ATG4A_108138076	0.800405
ATG4A_108151764	0.0754035
ATP11C_139783397	0.123013
ATP11C_139788982	0.181896
ATP11C_139804832	0.0997967
ATP11C_139817193	0.193873
ATP11C_139824014	0.139404
ATRX_77688546	0.091106
BCAP31_153701700	0.0270304
BCORL1_130009574	0.18592
BCORL1_130021308	0.134403
BCORL1_130023248	0.391167
BCORL1_130027018	0.320838
BHLHB9_102746296	0.0943518
BMX_15523486	0.0839237
BRCC3_155095753	0.0991016
CASK_41577569	0.151837
CLCN5_50076307	0.180618
COL4A5_108599371	0.1103
COL4A6_108188233	0.216834
COX7B_77905064	0.0968197
CRLF2_1206059	0.00464814
CSTF2_100827746	0.204101
CSTF2_100828909	0.336085
CUL4B_120536013	0.177883
CXorf38_40637333	0.0829654
CXorf57_106623175	0.0929656
CXorf57_106634699	0.199272
CXorf57_106635052	0.199272
DCX_111409541	0.267937
DGKK_50369330	0.151135
DKC1_154767652	0.0801284
DLG3_70497224	0.297545
DMD_31125207	0.302195
DMD_31126062	0.302195
DMD_32389035	0.0509495
DMD_32490422	0.0751119
DOCK11_118566255	0.662565
DOCK11_118640327	0.11749
DRP2_101243973	0.150135
DRP2_101254393	0.080948
EDA_70031186	0.26803
EFHC2_44245780	0.27266
EIF2S3_24058283	0.0689973
ELK1_47637663	0.0875796
F8_154902828	0.0640796
F8_154990823	0.0788727
FAAH2_57380073	0.0195331
FAAH2_57447222	0.024281
FAM122B_134784209	0.181474
FAM122B_134794043	0.415168
FAM50A_154445375	0.0629821
FAM58A_153593679	0.0230317
FAM9A_8797185	0.00271637
FAM9B_9028627	0.00885672
FAM9C_13044198	0.00186905
FANCB_14848847	0.124084
FGD1_54452006	0.122094
FOXO4_71102035	0.11099
GCNA_71609402	0.132419
GPKOW_49117242	0.141363
GPKOW_49122868	0.123442
GPR34_41693101	0.167616
GPR50_151177343	0.168804
GUCY2F_109388285	0.141824
HCCS_11115959	0.038316
HCFC1_153958249	0.0294116
HEPH_66192064	0.108487
HEPH_66199780	0.124807
HEPH_66202601	0.0958884
HUWE1_53539942	0.0790244
IGSF1_131282138	0.20689
IL13RA1_118765815	0.136275
IL3RA_1356391	0.00485709
INTS6L_135546550	0.612151
INTS6L_135573686	0.107006
ITIH6_54789770	0.124472
KDM6A_45068337	0.216641
KIAA1210_119107704	0.100375
KIF4A_70333785	0.162206
LAGE3_154478531	0.0533987
LAMP2_120454743	0.115248
LINC01402_120118012	0.0206996
LL0XNC01-16G2.1_153321157	0.000563144
LONRF3_119007244	0.158772
LONRF3_119014761	0.171669
LRCH2_115128551	0.143495
LRCH2_115158192	0.183345
LUZP4_115303102	0.213791
MAGEC2_142204897	0.000150855
MAOA_43731665	0.174089
MAP7D3_136234727	0.127107
MBNL3_132382791	0.31437
MCF2_139620064	0.0592991
MORC4_106961865	0.156162
MOSPD1_134898814	0.274689
MOSPD2_14873618	0.279868
MSN_65734376	0.201799
MTMR8_64355259	0.2052
NKAP_119942212	0.0646498
NR0B1_30306701	0.133023
NRK_105898860	0.288715
NRK_105946590	0.272493
NSDHL_152865025	0.0243901
NXF3_103077561	0.0407077
OCRL_129579316	0.220207
OCRL_129587301	0.139665
OFD1_13755495	0.031758
OPHN1_68212286	0.079051
OTC_38403190	0.17384
PAK3_111194937	0.118702
PCDH19_100406217	0.679741
PDK3_24500867	0.177153
PGK1_78117591	0.198421
PHEX_22218030	0.258373
PHKA2_18918554	0.152618
PHKA2_18930762	0.0598149
PNPLA4_7921880	0.066329
POF1B_85307351	0.37767
POLA1_24704302	0.237097
POLA1_24732337	0.123898
POLA1_24843368	0.65192
PPEF1_18698454	0.297616
PPP2R3B_340702	0.00303801
PRDX4_23679141	0.103741
PRDX4_23686050	0.17291
PRPS2_12798172	0.0559627
RBBP7_16857120	0.0587992
RBM41_107118426	0.212726
RBM41_107118430	0.212726
RENBP_153937410	0.0252112
REPS2_17134360	0.0623288
RP2_46854294	0.23232
RPGR_38319556	0.213959
RPS6KA3_20168835	0.179987
RPS6KA3_20188792	0.147531
RPS6KA6_84155953	0.128051
RRAGB_55731215	0.195624
S100G_16650968	0.0399862
SH3KBP1_19592595	0.259974
SLC35A2_48911332	0.248751
SLC9A7_46669854	0.0928503
SMARCA1_129482583	0.2156
SMARCA1_129491367	0.248485
SMARCA1_129497552	0.186027
SMARCA1_129512180	0.128038
SMIM9_154829664	0.0702333
SMS_21968262	0.0958998
SRPK3_153782354	0.0527698
STAG2_124066611	0.0975454
STAG2_124099347	0.234872
STK26_132055218	0.165398
STK26_132072008	0.174331
SYTL4_100676324	0.135494
SYTL4_100679412	0.113853
SYTL4_100690782	0.242032
TBC1D25_48540915	0.230165
TBX22_80023630	0.11804
TBX22_80024639	0.0896185
TBX22_80025601	0.0896185
TFE3_49034462	0.0718062
THOC2_123638289	0.123697
THOC2_123666392	0.354888
TKTL1_154315039	0.0561404
TKTL1_154324001	0.0232757
TMEM185A_149603059	0.0491356
TRMT2B_101021020	0.0963558
TXLNG_16823061	0.0779965
TXLNG_16829018	0.0798224
TXLNG_16840824	0.0179986
UBE2A_119576635	0.279819
UPF3B_119851927	0.243635
UPRT_75294093	0.270117
USP9X_41129770	0.112658
USP9X_41187235	0.0564087
USP9X_41201556	0.0560137
UXT_47654028	0.173613
VEGFD_15354720	0.108573
VSIG1_108069303	0.194047
WDR44_118378647	0.218887
WDR44_118436481	0.147219
WNK3_54251105	0.403291
WWC3_10117776	0.0517645
WWC3_10120457	0.0517645
XAGE3_52865906	0.00124804
XG_2813143	0.0108585
XPNPEP2_129761413	0.109948
YIPF6_68529121	0.102982
ZDHHC9_129812022	0.114101
ZFX_24159801	0.136744
ZFX_24172932	0.20326
ZMYM3_71243108	0.12586
ZNF185_152919970	0.0229203
ZNF275_153339028	0.104701
ZNF280C_130225153	0.0610722
ZNF711_85265849	0.40037
ZRSR2_15810274	0.0921216
EIF1AY_20576134	0.00803759
RPS4Y1_2853690	0.00623609
RPS4Y2_20762979	0.00331147
USP9Y_12791269	0.0314515
USP9Y_12812113	0.0116957
UTY_13304181	0.00774906
UTY_13355637	0.0264932
