A3GALT2_33309614	0.0711235
A3GALT2_33311725	0.0711235
AADACL3_12722025	0.0366844
ABCA4_94009309	0.0320306
ABCA4_94009492	0.0320306
ABCA4_94010929	0.0342259
ABCA4_94011583	0.0282195
ABCA4_94035001	0.0373976
ABCA4_94040935	0.0636457
ABCA4_94080154	0.275522
ABCA4_94108394	0.0544603
ABCA4_94118567	0.0517969
ABCB10_229521440	0.0282923
ABCB10_229527539	0.0207872
ABCB10_229536361	0.0593127
ABCB10_229538813	0.0593127
ABCB10_229547772	0.016656
ABCD3_94467854	0.0917044
ABCD3_94479982	0.0744185
ABL2_179110078	0.0283917
ABL2_179129288	0.0648197
ACADM_75738766	0.0577028
ACAP3_1295074	0.0218921
ACOT11_54593889	0.0442511
ACOT11_54603080	0.0163743
ACOT11_54603584	0.0163743
ACOT7_6319562	0.0193678
ACOT7_6333670	0.0699028
ACOT7_6335773	0.0699028
ACTL8_17824975	0.0294855
ACTN2_236741633	0.0145424
ACTN2_236742121	0.0145424
ACTN2_236760895	0.0221657
ADAM15_155059722	0.0609336
ADAMTS4_161194390	0.0444401
ADAR_154585894	0.0329111
ADAR_154589676	0.0223707
ADAR_154595958	0.0288166
ADAR_154596616	0.0288166
ADAR_154604221	0.0105439
ADCY10_167832737	0.0419506
ADCY10_167855409	0.0353266
ADCY10_167857639	0.020913
ADCY10_167857650	0.020913
ADCY10_167860180	0.0958454
ADCY10_167860453	0.0958454
ADCY10_167860755	0.0958454
ADCY10_167899779	0.0476636
ADCY10_167904318	0.0185854
ADGRB2_31739729	0.0312759
ADGRB2_31757733	0.177086
ADGRL2_81910355	0.149733
ADGRL2_81949566	0.131701
ADGRL4_78919284	0.0254634
ADGRL4_79005400	0.137257
ADIPOR1_202941897	0.0307368
ADPRHL2_36089988	0.104181
ADPRHL2_36091203	0.104181
ADSS_244413556	0.0347221
AGBL4_48535264	0.0832499
AGBL4_48588400	0.0719752
AGL_99885800	0.066989
AGL_99919221	0.14495
AGMAT_15577286	0.0233574
AGO1_35893510	0.490911
AGO4_35840133	0.0608084
AGO4_35852156	0.194418
AGO4_35853034	0.194418
AGRN_1020994	0.0784581
AGRN_1021015	0.0784581
AGRN_1021019	0.0784581
AGRN_1045067	0.0131012
AGRN_1045079	0.0131012
AGRN_1045694	0.0480096
AGTRAP_11749615	0.0083131
AGT_230712340	0.00777754
AHCTF1_246855849	0.0333564
AHCTF1_246858569	0.0303256
AHCTF1_246891095	0.0192716
AHCTF1_246896189	0.0342564
AHCTF1_246909485	0.0407303
AHCTF1_246917486	0.0428037
AHCYL1_110010415	0.0824599
AHCYL1_110011747	0.166459
AHCYL1_110013612	0.12098
AHCYL1_110020497	0.0608687
AIDA_222670404	0.0288756
AIDA_222709751	0.0742435
AIM1L_26331656	0.0844216
AIM2_159069258	0.036935
AJAP1_4771612	0.0604044
AJAP1_4776860	0.0599847
AK2_33021703	0.0657009
AK2_33023623	0.0657009
AK4_65212901	0.0653877
AKNAD1_108846306	0.0283045
AKR1A1_45563115	0.0454299
AKR1A1_45569796	0.071
AKR7A2_19308864	0.0248012
AKT3_243847384	0.158666
ALDH4A1_18874922	0.0261537
ALDH4A1_18876542	0.0130919
ALDH4A1_18876558	0.0130919
ALDH4A1_18885931	0.015085
ALDH9A1_165667002	0.0248453
ALG14_95072255	0.0761835
ALG6_63368995	0.0342303
ALPL_21567861	0.161134
ALPL_21568775	0.0995498
ALX3_110068745	0.0945514
AMPD1_114684492	0.0802332
AMPD1_114684583	0.0802332
AMPD2_109623296	0.137355
ANGEL2_213004580	0.114536
ANGEL2_213007331	0.0804876
ANKRD35_145867688	0.0363244
ANKRD35_145884907	0.113918
ANXA9_150994301	0.0241487
APOBEC4_183652643	0.0721643
ARHGAP29_94235981	0.108522
ARHGAP29_94237144	0.108522
ARHGAP30_161054948	0.110432
ARHGEF10L_17586680	0.0139505
ARHGEF10L_17619785	0.0166989
ARHGEF10L_17629979	0.0260216
ARHGEF10L_17652575	0.0261133
ARHGEF11_156944764	0.0335197
ARHGEF11_156948572	0.0213897
ARHGEF11_156954670	0.0360993
ARHGEF11_156956062	0.082521
ARHGEF11_156958491	0.053284
ARHGEF11_156970400	0.0406165
ARHGEF11_156971889	0.0176829
ARHGEF11_156979596	0.0360626
ARHGEF11_156998111	0.056296
ARHGEF16_3466913	0.0128542
ARHGEF16_3477187	0.0113057
ARHGEF16_3479137	0.0131604
ARHGEF19_16201495	0.0177736
ARHGEF2_155950585	0.0150376
ARHGEF2_155957140	0.0352129
ARHGEF2_155958689	0.0686569
ARHGEF2_155972445	0.159595
ARHGEF2_155975056	0.159595
ARHGEF2_155976064	0.159595
ARID1A_26730571	0.13379
ARID4B_235176059	0.226663
ARID4B_235225494	0.111638
ARNT_150838750	0.0275087
ARNT_150840564	0.11243
ARNT_150842242	0.11243
ASAP3_23431291	0.0425281
ASAP3_23432237	0.0301986
ASH1L-IT1_155396677	0.0884914
ASH1L_155352138	0.0408572
ASH1L_155371029	0.0614195
ASPM_197096383	0.118829
ASPM_197098663	0.118829
ASPM_197145894	0.0167985
ASTN1_176886416	0.0836464
ASTN1_176889218	0.03268
ASTN1_176950981	0.132179
ASTN1_176961976	0.110382
ASTN1_177017151	0.14104
ATF3_212617299	0.0795225
ATG4C_62820827	0.205016
ATG4C_62820832	0.205016
ATG4C_62827646	0.106022
ATP13A2_16992745	0.0619847
ATP1A1_116387223	0.0646757
ATP1A4_160166796	0.046751
ATP1A4_160173915	0.041827
ATP1A4_160175690	0.0381704
ATP1A4_160185492	0.0286661
ATP1B1_169114946	0.0372385
ATP2B4_203713417	0.0125261
ATP2B4_203717263	0.0984672
ATP2B4_203722805	0.0240932
ATP8B2_154344335	0.100321
ATP8B2_154348193	0.0637229
ATXN7L2_109488022	0.0694931
AXDND1_179382554	0.0425816
AXDND1_179492704	0.0157896
AZIN2_33091889	0.0407453
BATF3_212699099	0.0637085
BATF3_212699605	0.0637085
BCAN_156655467	0.0837645
BCAN_156659004	0.05357
BCAR3_93566419	0.0497545
BCAS2_114576376	0.0647244
BCL9_147617965	0.109047
BEST4_44787229	0.0237748
BNIPL_151040857	0.0863576
BNIPL_151042909	0.0863576
BRDT_91993398	0.0488411
BRDT_92001994	0.0574634
BRINP3_190227190	0.0215405
BSDC1_32374543	0.0531292
BSDC1_32378451	0.0795568
BSDC1_32379006	0.0403787
BTBD8_92105800	0.0862537
BTBD8_92139055	0.121274
BTBD8_92175926	0.079668
C1orf100_244358978	0.0591851
C1orf106_200896083	0.0942522
C1orf106_200907642	0.0309765
C1orf109_37687790	0.064406
C1orf112_169828309	0.0368629
C1orf112_169847478	0.117265
C1orf115_220695548	0.01545
C1orf127_10953883	0.128499
C1orf127_10959682	0.126476
C1orf159_1086452	0.00615986
C1orf168_56725713	0.0427762
C1orf168_56742306	0.0411136
C1orf168_56754215	0.0197056
C1orf168_56767291	0.0798526
C1orf186_206057682	0.0631416
C1orf189_154205467	0.0369409
C1orf189_154205780	0.0334638
C1orf194_109110927	0.0422649
C1orf194_109112349	0.0422649
C1orf198_230840681	0.0226284
C1orf198_230860667	0.0301128
C1orf228_44701272	0.0721903
C1orf27_186383343	0.0788795
C1orf53_197906297	0.33652
C1orf64_16005447	0.0219211
C1orf94_34200375	0.0924111
C1orf94_34205224	0.0525645
C1orf94_34206701	0.0525645
C4BPA_207124081	0.0567964
C4BPA_207132289	0.0661243
C8A_56870597	0.0938599
C8A_56882890	0.0177183
C8A_56906665	0.0826836
C8A_56910651	0.0932968
C8B_56941690	0.0340272
C8B_56956512	0.0805832
C8B_56962637	0.160631
CA14_150262802	0.0520328
CA6_8974266	0.0256692
CACHD1_64640315	0.0664378
CACHD1_64648439	0.0228846
CACHD1_64660395	0.0206893
CACHD1_64665800	0.0962389
CACHD1_64678056	0.0314935
CACNA1E_181713501	0.0895445
CACNA1E_181715074	0.0895445
CACNA1E_181715847	0.232302
CACNA1E_181717770	0.0336396
CACNA1E_181717963	0.0336396
CACNA1E_181720734	0.0346494
CACNA1E_181727730	0.0655084
CACNA1E_181728534	0.0655084
CACNA1E_181738080	0.0265646
CACNA1E_181766295	0.0511175
CACNA1E_181776982	0.21474
CACNA1E_181787798	0.0661088
CACNA1E_181787813	0.0661088
CACNA1E_181793873	0.154656
CACNA1S_201045260	0.0293992
CACNA1S_201052046	0.0439066
CACNA1S_201057202	0.0391971
CACNA1S_201062892	0.0373036
CACNA1S_201064905	0.0373036
CACNA1S_201073079	0.0154903
CACNA1S_201075044	0.024722
CACNA1S_201075615	0.0245245
CACNA1S_201076847	0.0245245
CACNA1S_201085325	0.0218515
CACNA1S_201092451	0.010446
CADM3_159198407	0.0886777
CADM3_159198600	0.0886777
CAMK1G_209606081	0.0324496
CAMK1G_209607610	0.0238409
CAMSAP2_200846902	0.0542158
CAMSAP2_200854121	0.230289
CAPN2_223717303	0.024999
CAPN2_223751905	0.0151548
CAPN8_223620077	0.0174079
CAPN8_223627724	0.0174113
CAPN9_230765988	0.0470745
CAPN9_230768486	0.0904653
CAPN9_230777272	0.0170719
CAPN9_230786226	0.0807241
CAPZA1_112651619	0.0995753
CAPZA1_112653363	0.0995753
CAPZB_19364629	0.0584658
CAPZB_19382937	0.100358
CASP9_15503585	0.0753944
CASP9_15508091	0.0563289
CASZ1_10665009	0.157085
CASZ1_10700635	0.232436
CATSPER4_26202421	0.0393437
CC2D1B_52362914	0.0368814
CCDC17_45622382	0.03034
CCDC181_169424200	0.0474774
CCDC18_93220863	0.171056
CCDC18_93220867	0.171056
CCDC18_93230530	0.0928261
CCDC18_93259125	0.16844
CCDC190_162867554	0.126451
CCDC27_3753202	0.0330539
CCDC27_3757583	0.0322057
CCDC27_3762848	0.00576962
CCDC27_3764153	0.0158769
CCDC27_3771353	0.00747654
CCDC30_42584058	0.144453
CCDC30_42643638	0.0623072
CD101_117015814	0.101456
CD160_145730718	0.0748331
CD164L2_27382667	0.0215227
CD1C_158293069	0.0107329
CD1D_158180240	0.0028064
CD1D_158180322	0.0028064
CD244_160832115	0.0174464
CD247_167432760	0.0116257
CD2_116762599	0.035301
CD34_207895297	0.0715344
CD34_207899493	0.0309158
CD46_207758143	0.0537956
CD58_116515216	0.0187103
CD5L_157833019	0.0236762
CD84_160550610	0.027215
CDA_20612636	0.0507875
CDA_20617591	0.0529881
CDC14A_100439636	0.0704792
CDC14A_100440104	0.0593734
CDC14A_100463191	0.108573
CDC20_43362872	0.0789687
CDC42BPA_227018929	0.0695119
CDC42BPA_227019264	0.0695119
CDC42BPA_227021472	0.0695119
CDC42BPA_227121062	0.0788819
CDC42SE1_151056441	0.20322
CDC42_22074696	0.123723
CDCA8_37696864	0.0449936
CDCA8_37696870	0.0449936
CDCA8_37700746	0.0246907
CDCA8_37707722	0.0122689
CDK18_205524828	0.0558348
CELA2B_15487686	0.0485341
CELSR2_109256232	0.132551
CELSR2_109256501	0.132551
CELSR2_109256595	0.132551
CELSR2_109261468	0.077121
CELSR2_109262655	0.0356676
CELSR2_109263475	0.274706
CENPF_214622901	0.0571113
CENPF_214651938	0.0802391
CENPF_214659332	0.0576405
CENPS_10435252	0.0754958
CEP104_3816510	0.0266631
CEP104_3824766	0.0228128
CEP104_3826256	0.0175666
CEP104_3846264	0.0305685
CEP170_243159657	0.120402
CEP170_243192029	0.0629978
CEP170_243222182	0.0398272
CEP350_180041466	0.0845714
CEP350_180054362	0.08365
CEP350_180061338	0.0878389
CEP350_180078364	0.262927
CEP85_26256875	0.13971
CEP85_26258363	0.101105
CEP85_26268360	0.107484
CEP85_26268867	0.114164
CEPT1_111146128	0.100487
CFAP45_159879024	0.0462371
CFAP45_159887275	0.0425526
CFAP57_43183589	0.032846
CFHR3_196786609	0.148164
CGN_151519779	0.0357296
CGN_151519817	0.0357296
CHD1L_147271979	0.0173828
CHD1L_147282182	0.099051
CHD1L_147286176	0.093816
CHD1L_147291313	0.0535571
CHD5_6122009	0.0114503
CHD5_6131970	0.0215557
CHD5_6142970	0.00904273
CHD5_6147739	0.0233396
CHD5_6154340	0.0223406
CHD5_6168481	0.0359429
CHI3L1_203183544	0.0273299
CHI3L1_203184075	0.0150128
CHI3L2_111241668	0.0139068
CHIA_111311406	0.0185201
CHIT1_203222459	0.0151706
CHIT1_203227531	0.0183843
CHIT1_203228147	0.0183843
CKS1B_154976167	0.0446245
CLCA1_86475523	0.0290105
CLCA1_86484195	0.0358142
CLCA1_86485177	0.0358142
CLCC1_108936730	0.0313435
CLCN6_11816362	0.0608435
CLCN6_11819486	0.0367406
CLCN6_11823648	0.0144088
CLCN6_11833875	0.0737017
CLCNKB_16054492	0.00895909
CLDN19_42737544	0.0174686
CLEC20A_178488192	0.0205918
CLEC20A_178490990	0.0169171
CLK2_155271130	0.033865
CLSPN_35749392	0.133915
CLSPN_35761789	0.0887945
CLSPN_35763477	0.104327
CLSPN_35768521	0.109984
CLSTN1_9736272	0.149397
CLSTN1_9751274	0.0129031
CLSTN1_9756695	0.0277004
CNIH4_224375138	0.0404136
CNKSR1_26183549	0.0634522
CNN3_94898663	0.0289308
CNST_246636311	0.0587519
CNST_246636464	0.0587519
CNST_246637439	0.0587519
CNST_246637920	0.0587519
CNST_246638067	0.0587519
CNST_246638511	0.0587519
CNST_246640409	0.0587519
CNTN2_205064014	0.0286809
COA7_52697880	0.0534596
COG2_230678776	0.0149636
COG2_230685865	0.0391879
COL11A1_102879077	0.0256875
COL11A1_102912760	0.0345014
COL11A1_102914603	0.0495
COL11A1_102939416	0.03079
COL11A1_102939421	0.03079
COL11A1_103029825	0.0387318
COL16A1_31664365	0.0350629
COL16A1_31669307	0.273758
COL16A1_31671867	0.0285159
COL16A1_31685068	0.0342519
COL16A1_31693642	0.0388231
COL16A1_31700758	0.142866
COL16A1_31701386	0.142866
COL24A1_85732125	0.0840035
COL24A1_85745295	0.143851
COL24A1_85964205	0.0388692
COL24A1_86027527	0.119485
COL8A2_36099702	0.0465338
COL8A2_36099741	0.0465338
COL9A2_40311373	0.0638967
COL9A2_40311768	0.0618017
COL9A2_40316130	0.0324259
COLGALT2_183940388	0.0439443
COLGALT2_183953315	0.0464526
COLGALT2_183959780	0.0389988
COLGALT2_183966653	0.101413
COLGALT2_183974886	0.0459695
COPA_160295120	0.0335376
COPA_160325949	0.173066
COPA_160341014	0.0431107
COQ8A_226964700	0.0160372
COQ8A_226972282	0.0462011
COQ8A_226979385	0.00747413
CR1_207587238	0.0232535
CR1_207587274	0.0232535
CR1_207588626	0.0242381
CR1_207634761	0.102425
CR2_207471744	0.0201085
CR2_207477787	0.0298744
CRABP2_156701077	0.0638451
CREB3L4_153973145	0.0419828
CROCC_16922139	0.0285445
CROCC_16928193	0.04786
CROCC_16933283	0.0656286
CROCC_16938309	0.0337326
CROCC_16945254	0.0482604
CROCC_16968509	0.0487877
CROCC_16969673	0.0340923
CSDE1_114724360	0.0203777
CSF1_109916135	0.0428152
CSF1_109922304	0.272212
CSMD2_33518112	0.0209178
CSMD2_33540135	0.018775
CSMD2_33581724	0.0490478
CSMD2_33601305	0.0183719
CSMD2_33602593	0.020717
CSMD2_33609201	0.0222924
CSMD2_33635379	0.0319475
CSMD2_33660326	0.116378
CSMD2_33715636	0.0186987
CSMD2_33741886	0.032456
CSMD2_33742220	0.032456
CSMD2_33815029	0.112609
CSRP1_201508885	0.0252357
CTH_70414167	0.0358113
CTH_70417853	0.043445
CTH_70424133	0.118
CTPS1_40987301	0.0329987
CTPS1_40987339	0.0329987
CTPS1_40993285	0.051787
CTPS1_40993713	0.051787
CTPS1_40998620	0.0255477
CTRC_15441082	0.0198055
CTSE_206022328	0.0134376
CTSS_150755258	0.103338
CTSS_150762892	0.0822672
CTTNBP2NL_112454233	0.0659225
CTTNBP2NL_112454238	0.0659225
CYB5R1_202965524	0.0547254
CYP2J2_59906863	0.0139164
CYP2J2_59908605	0.00766756
DARS2_173856500	0.063837
DBT_100233649	0.145438
DBT_100242870	0.0717779
DCAF6_168016146	0.136713
DCAF8_160221397	0.109184
DCAF8_160223792	0.0366952
DCAF8_160230273	0.0485649
DCAF8_160238114	0.0883043
DCDC2B_32213478	0.0654478
DCLRE1B_113906899	0.0736303
DCST1_155041248	0.0189119
DCST1_155048288	0.0216688
DCST2_155024029	0.0253828
DCST2_155024682	0.0542437
DDI2_15643183	0.0294515
DDI2_15649679	0.0489835
DDOST_20657740	0.0264641
DDR2_162774244	0.136162
DDX20_111760385	0.0664707
DDX59_200658775	0.0287499
DENND1B_197547006	0.060483
DENND1B_197612260	0.0621304
DENND1B_197654756	0.0726952
DENND2C_114609876	0.118653
DENND2D_111188431	0.040994
DESI2_244667460	0.0691616
DESI2_244686562	0.0691616
DFFB_3863508	0.0728316
DFFB_3869603	0.0255351
DFFB_3870538	0.0427003
DFFB_3872230	0.0427003
DHCR24_54866965	0.0348936
DHCR24_54869949	0.0348936
DHCR24_54872175	0.0789348
DHDDS_26434963	0.0758302
DHDDS_26436215	0.0758302
DHDDS_26437987	0.0758302
DHDDS_26437999	0.0758302
DHDDS_26446143	0.0337847
DHDDS_26463220	0.0367604
DHRS3_12570229	0.0663839
DHX9_182851976	0.0598483
DHX9_182856261	0.389559
DIEXF_209838781	0.0410784
DIO1_53908512	0.0324285
DIRAS3_68047890	0.197003
DISC1-IT1_231941399	0.0181312
DISC1-IT1_231943577	0.0181312
DISP1_222982802	0.0753235
DISP1_222991822	0.0583973
DISP3_11514251	0.104278
DISP3_11520308	0.0128139
DISP3_11522224	0.0441523
DISP3_11523441	0.0441523
DISP3_11530421	0.0447128
DISP3_11530643	0.0447128
DLGAP3_34867398	0.0669564
DLGAP3_34907214	0.363519
DNAH14_225271543	0.0781724
DNAH14_225303656	0.027375
DNAH14_225308096	0.0175455
DNAH14_225332386	0.077651
DNAJB4_78010709	0.1363
DNAJC11_6642030	0.0302578
DNAJC11_6696220	0.0703897
DNAJC16_15559450	0.12895
DNAJC6_65394756	0.0248474
DNAJC6_65404615	0.0359892
DNAJC6_65411205	0.0267498
DNAJC8_28209395	0.0871252
DNAJC8_28211028	0.0656948
DNAJC8_28219939	0.0659807
DNALI1_37562554	0.202065
DNASE2B_84399192	0.0260153
DNASE2B_84402670	0.100193
DNM3_172040917	0.0512757
DNTTIP2_93871133	0.0606443
DOCK7_62621534	0.0564991
DOCK7_62626768	0.114324
DOCK7_62630436	0.114324
DOCK7_62632526	0.0802696
DPH2_43972122	0.118368
DPYD_97376444	0.12876
DR1_93350000	0.163818
DRAM2_111126589	0.0609322
DRAM2_111133177	0.0517455
DRAXIN_11706846	0.0168967
DRAXIN_11708248	0.0168967
DRAXIN_11713588	0.0391685
DSTYK_205161587	0.0709151
DTL_212036570	0.0857193
DTL_212074017	0.124578
DUSP27_167121449	0.0266426
DVL1_1341001	0.0152975
DVL1_1344957	0.0102434
DVL1_1344997	0.0102434
DVL1_1346771	0.0102434
DVL1_1348050	0.0102434
ECE1_21244326	0.0276238
ECE1_21284830	0.0923729
EDEM3_184728105	0.0612732
EDN2_41481293	0.170407
EFCAB14_46696709	0.1334
EFCAB2_245083112	0.0685278
EFHD2_15425667	0.051791
EFNA1_155131053	0.252032
EFNA3_155080581	0.260852
EFNA4_155064559	0.128077
EIF2B3_44878194	0.0621111
EIF4G3_20813274	0.154103
EIF4G3_20886408	0.123021
ELAVL4_50195395	0.0983819
ELAVL4_50198460	0.332796
ELK4_205616864	0.0609896
ELK4_205619113	0.0572455
ELK4_205629571	0.125754
ELK4_205630553	0.125754
ELOA_23748722	0.113195
ELOA_23756858	0.0211076
EMC1_19224225	0.0242947
EMC1_19227088	0.0242947
EMC1_19227230	0.0242947
EMC1_19233834	0.0807563
EMC1_19245622	0.0989456
ENO1_8861652	0.0114674
EPB41_28923068	0.147109
EPB41_28978962	0.147109
EPB41_28988828	0.124159
EPB41_28996349	0.0839077
EPB41_29033447	0.0922531
EPB41_29035650	0.0922531
EPB41_29062210	0.249572
EPB41_29115538	0.100268
EPHA2_16126278	0.0999434
EPHA2_16154796	0.106504
EPHA8_22573175	0.0316286
EPHA8_22598611	0.019952
EPHA8_22600499	0.0122529
EPHB2_22895038	0.0395732
EPHB2_22908892	0.0208851
EPHB2_22911994	0.0185899
EPHX1_225832590	0.0307329
EPHX4_92050263	0.104593
EPRS_219978881	0.0182708
EPRS_219989333	0.0566531
EPRS_219989465	0.0566531
EPS15_51396390	0.110786
EPS15_51401325	0.0893045
EPS15_51403784	0.037997
EPS15_51473011	0.14487
EPS8L3_109758921	0.00926835
EPS8L3_109760268	0.0138498
EPS8L3_109762631	0.025416
ERI3-IT1_44244577	0.240509
ERI3-IT1_44244589	0.240509
ERI3-IT1_44244622	0.240509
ERI3_44319092	0.208814
ERICH3_74619624	0.121695
ERO1B_236232947	0.0309098
ERO1B_236247235	0.0618313
ESPN_6441290	0.0716486
ESPN_6444096	0.0716486
ESPN_6445465	0.0117238
ESPN_6446379	0.106215
ESPN_6450020	0.0938606
ETNK2_204135106	0.0607809
ETNK2_204140210	0.020148
ETNK2_204151470	0.0740496
ETV3L_157097617	0.0199926
EXO1_241852101	0.0528727
EXO1_241854911	0.070153
EXO1_241855013	0.070153
EXO1_241855544	0.070153
EXTL1_26029545	0.0487508
EXTL2_100876032	0.0519725
EYA3_27989128	0.0805404
EYA3_28005569	0.0998549
EYA3_28031221	0.133236
F13B_197057601	0.0112028
F3_94531912	0.0358706
F3_94538655	0.0328485
F5_169528984	0.0329392
F5_169556939	0.0470468
F5_169556955	0.0470468
F5_169586121	0.047589
FAAH_46403739	0.075702
FAAP20_2185513	0.256824
FABP3_31371486	0.0326956
FAF1_50448107	0.169634
FAF1_50559737	0.21607
FAM102B_108603974	0.159086
FAM102B_108610142	0.0535558
FAM129A_184803898	0.0352836
FAM129A_184831533	0.119405
FAM129A_184893773	0.0453536
FAM151A_54613992	0.0400352
FAM159A_52636952	0.0766137
FAM163A_179812058	0.0264475
FAM163A_179812847	0.0306917
FAM183A_43148949	0.0198232
FAM189B_155250160	0.052924
FAM189B_155251341	0.0278131
FAM189B_155251346	0.0278131
FAM20B_179049078	0.0766131
FAM20B_179049702	0.0766131
FAM20B_179051788	0.0927247
FAM20B_179064221	0.16015
FAM20B_179066176	0.062594
FAM213B_2587678	0.0148292
FAM46B_27010085	0.139705
FAM69A_92845179	0.102585
FAM76A_27746243	0.102914
FASLG_172659988	0.0448899
FBLIM1_15767308	0.0372432
FBLIM1_15781175	0.0342336
FBXO28_224155866	0.0636998
FBXO2_11651213	0.0969426
FCAMR_206961631	0.0179698
FCAMR_206967347	0.0238511
FCAMR_206967836	0.0348637
FCER1A_159303249	0.0322384
FCGR2B_161664335	0.0293006
FCGR2B_161665617	0.0293006
FCMR_206907378	0.259166
FCMR_206909026	0.259166
FCRL1_157804353	0.0179475
FCRL1_157807321	0.123314
FCRL2_157748800	0.0238398
FCRL2_157771399	0.0215251
FCRL4_157588439	0.0214889
FCRL5_157535005	0.0330942
FCRL5_157547639	0.089011
FCRL6_159807213	0.0254721
FCRL6_159810520	0.0191494
FCRLB_161723982	0.0180891
FGGY_59345045	0.0323605
FGGY_59664818	0.126363
FGGY_59673033	0.0799489
FHAD1_15349687	0.028904
FHAD1_15361181	0.0261749
FH_241498181	0.0324501
FH_241507206	0.0524392
FLAD1_154984396	0.0886444
FLG2_152358253	0.0185669
FLVCR1_212887817	0.0551488
FLVCR1_212893001	0.143381
FMN2_240109757	0.0422179
FMN2_240209910	0.0382832
FMN2_240209914	0.0382832
FMO1_171269426	0.308466
FMO1_171280005	0.0237456
FMO3_171111938	0.0176823
FMO4_171337094	0.0428627
FMO5_147214258	0.0188949
FNDC7_108720333	0.0615796
FNDC7_108723220	0.074727
FNDC7_108731820	0.0651549
FRRS1_99745209	0.100954
FRRS1_99749001	0.066505
FUBP1_77955535	0.0328663
FUBP1_77956146	0.0328663
FUBP1_77960834	0.0319257
FUBP1_77966148	0.0462886
FUCA1_23866656	0.0181061
GABPB2_151097676	0.101561
GALE_23797418	0.021638
GALNT2_230072090	0.036311
GALNT2_230084288	0.036311
GALNT2_230139733	0.036311
GALNT2_230265216	0.00964608
GALNT2_230272531	0.0326435
GALNT2_230276900	0.0230644
GALNT2_230277637	0.0230644
GATAD2B_153812370	0.0717108
GBA_155236469	0.0268588
GBA_155240488	0.0144964
GBP2_89115435	0.010554
GBP3_89008353	0.0180247
GBP3_89009206	0.0512351
GBP5_89266649	0.0336902
GBP7_89134799	0.164472
GCLM_93901229	0.0686215
GCSAML_247556028	0.0297427
GDAP2_117871576	0.114047
GDAP2_117874445	0.114047
GDAP2_117914909	0.0529614
GDAP2_117928312	0.0841833
GJC2_228153329	0.03178
GJC2_228157611	0.03178
GLIS1_53516290	0.0478891
GLIS1_53525806	0.0477887
GLIS1_53596314	0.0199464
GLMN_92293919	0.0951215
GLRX2_193098280	0.0234825
GLUL_182391428	0.100878
GMEB1_28683975	0.146866
GNAI3_109585330	0.175927
GNAI3_109590201	0.0647831
GNB1_1787490	0.00484334
GNB1_1816040	0.0160669
GNB1_1878957	0.0418814
GNG5_84502057	0.0435542
GNL2_37576093	0.0268929
GNL2_37583693	0.0368763
GNL2_37585960	0.0239064
GNL2_37590944	0.0711109
GNPAT_231264921	0.023418
GON4L_155854817	0.0347103
GPATCH2_217619168	0.128859
GPATCH3_26894619	0.0551993
GPATCH3_26897089	0.0551993
GPATCH3_26898560	0.0623513
GPBP1L1_45631271	0.0974108
GPBP1L1_45633131	0.0974108
GPR157_9108243	0.0681105
GPR161_168090782	0.0138442
GPR161_168100855	0.00815999
GPR3_27392936	0.0894205
GPR61_109540575	0.152603
GPR61_109542131	0.152603
GPSM2_108884672	0.0806587
GPSM2_108925904	0.0824435
GPX7_52604137	0.0411917
GPX7_52604828	0.0411917
GRHL3_24342542	0.0833619
GRIK3_36819582	0.180238
GRIK3_36853857	0.109532
GS1-115G20.1_184410297	0.114795
GSTM3_109738829	0.025565
GTF2B_88890991	0.0715759
H6PD_9246474	0.0273832
H6PD_9263375	0.012322
HAO2_119393730	0.0187557
HCN3_155279414	0.0900434
HCRTR1_31622201	0.0375098
HCRTR1_31624855	0.0238436
HDGF_156744766	0.479018
HDGF_156748288	0.193044
HEATR1_236576028	0.0242692
HEATR1_236581453	0.0203058
HEATR1_236596532	0.0426561
HEATR1_236603457	0.0323085
HECTD3_45007795	0.0629099
HECTD3_45007804	0.0629099
HECTD3_45010351	0.0565794
HEYL_39630397	0.0241272
HEYL_39632984	0.171772
HEYL_39639431	0.171772
HFM1_91379795	0.0616524
HFM1_91397752	0.0750326
HHAT_210401071	0.0142562
HHAT_210402524	0.0142562
HHIPL2_222526343	0.0372648
HHIPL2_222543108	0.0559298
HIPK1_113967194	0.212836
HIPK1_113972671	0.241133
HIVEP3_41521158	0.0561547
HIVEP3_41521345	0.0561547
HMCN1_185925943	0.0692144
HMCN1_185995883	0.0254182
HMCN1_186011207	0.0603729
HMCN1_186046912	0.0371184
HMCN1_186085614	0.0383703
HMCN1_186110023	0.0488897
HMCN1_186122224	0.0328945
HMCN1_186127657	0.0308025
HMCN1_186137285	0.0687107
HMCN1_186137745	0.0646842
HMCN1_186146208	0.0899693
HMCN1_186153099	0.0283565
HMCN1_186172183	0.0369475
HMCN1_186188141	0.0702716
HMGCL_23807373	0.0254841
HMGCL_23810799	0.0287684
HMGCS2_119753767	0.0216397
HMGCS2_119761426	0.0291805
HMGCS2_119763703	0.0291805
HNRNPR_23313750	0.0618251
HNRNPR_23333857	0.0610027
HORMAD1_150717383	0.128601
HP1BP3_20745733	0.0345019
HPCAL4_39689616	0.106032
HS2ST1_86988126	0.107053
HSD17B7_162805152	0.0319308
HSD17B7_162806289	0.097888
HSD3B1_119510484	0.017975
HSPG2_21827321	0.0429955
HSPG2_21856156	0.0218748
HSPG2_21893588	0.0484396
IARS2_220110038	0.113463
IARS2_220141625	0.0126742
IARS2_220144439	0.191241
IFFO2_18910056	0.0361904
IFI16_159016245	0.0114073
IFI16_159019227	0.0056122
IFI44_78654867	0.103332
IFI44_78659899	0.0372654
IFI44_78661455	0.0578673
IFI6_27671105	0.0704874
IFNLR1_24162696	0.0597552
IFNLR1_24165760	0.0597552
IFNLR1_24168196	0.0597552
IFNLR1_24180498	0.0863274
IFNLR1_24186306	0.0569018
IFNLR1_24186386	0.0569018
IGSF3_116612438	0.0332619
IGSF8_160095592	0.136138
IGSF8_160097951	0.136138
IKBKE_206479731	0.0402024
IKBKE_206490693	0.0165103
IL12RB2_67322162	0.0840741
IL12RB2_67331022	0.0750669
IL12RB2_67335869	0.0750669
IL12RB2_67370600	0.0308644
IL12RB2_67370880	0.0308644
IL12RB2_67372897	0.060084
IL12RB2_67374346	0.060084
IL12RB2_67386487	0.0873115
IL12RB2_67386577	0.0873115
IL12RB2_67390718	0.0331325
IL19_206842224	0.0154731
IL22RA1_24134881	0.0570375
IL22RA1_24138102	0.0116211
IL23R_67238393	0.05433
IL23R_67257681	0.02262
IL6R_154430423	0.0199538
ILDR2_166935785	0.0953738
ILDR2_166935789	0.0953738
INPP5B_37877791	0.0382853
INPP5B_37878356	0.0413884
INPP5B_37890855	0.0486883
INPP5B_37940925	0.0267114
INSRR_156848849	0.103394
INSRR_156853616	0.0954769
INSRR_156854469	0.0688415
INSRR_156856628	0.0688415
INTS3_153749106	0.139201
INTS3_153749363	0.139201
INTS3_153762582	0.0250048
INTS7_211942822	0.0306452
INTS7_211944035	0.0306452
INTS7_211944295	0.0306452
INTS7_211946820	0.0332615
INTS7_211950278	0.0332615
INTS7_211974924	0.0774181
IPO13_43956318	0.137823
IPO13_43960777	0.0554396
IPO13_43963937	0.292351
IPO9_201851729	0.0203899
IPP_45744935	0.0842292
IQGAP3_156526676	0.0842589
IQGAP3_156539764	0.0451867
IQGAP3_156545475	0.0146542
IQGAP3_156547042	0.0146542
IQGAP3_156550054	0.0344683
IQGAP3_156550795	0.0151796
IQGAP3_156552330	0.046618
IQGAP3_156561134	0.0198811
IQGAP3_156562851	0.030265
IQGAP3_156570708	0.0614143
ISG20L2_156723728	0.0195212
ITGA10_145901358	0.0887679
ITGB3BP_63442184	0.0741459
ITLN2_160947421	0.0959078
ITPKB_226644489	0.0174178
ITPKB_226646600	0.0174178
ITPKB_226646848	0.0174178
ITPKB_226647709	0.00717506
IVNS1ABP_185307413	0.058659
JAK1_64838781	0.0152004
JAK1_64848185	0.0276205
JAK1_64864159	0.0664832
JAK1_64883595	0.0136152
JAK1_64950614	0.0635547
KANK4_62245834	0.0388143
KANK4_62264542	0.0833485
KAZN_15034559	0.0309442
KAZN_15057000	0.0194677
KAZN_15098854	0.0365601
KCNAB2_6040253	0.0301736
KCNAB2_6040953	0.0608329
KCNAB2_6079116	0.0127159
KCNAB2_6080269	0.0127159
KCNN3_154713737	0.0301878
KCNQ4_40821570	0.138199
KCNQ4_40830664	0.19608
KCNT2_196228531	0.0424808
KCNT2_196429042	0.033456
KCNT2_196490949	0.0446506
KCTD3_215570221	0.0210126
KCTD3_215573450	0.0210126
KCTD3_215584527	0.0865903
KCTD3_215585213	0.0865903
KCTD3_215585567	0.0865903
KCTD3_215586999	0.063012
KCTD3_215611716	0.0197371
KDF1_26953096	0.0694149
KDM4A_43669553	0.0553252
KDM4A_43688409	0.0225165
KDM4A_43689753	0.156011
KDM4A_43689757	0.156011
KDM4A_43693900	0.026236
KDM4A_43697810	0.0145845
KDM5B_202756914	0.0349552
KDM5B_202769372	0.072629
KHDRBS1_32034172	0.101656
KIAA0319L_35435730	0.020774
KIAA0319L_35436543	0.020774
KIAA0319L_35436755	0.020774
KIAA0319L_35436915	0.020774
KIAA0319L_35437223	0.020774
KIAA0319L_35463080	0.15861
KIAA0319L_35475749	0.18897
KIAA1324_109190639	0.0401206
KIAA1324_109191138	0.0401206
KIAA1324_109191142	0.0401206
KIAA1324_109193107	0.0457658
KIAA1522_32767046	0.199194
KIAA1614_180914880	0.0358955
KIAA1614_180915736	0.0358955
KIAA1614_180932095	0.0556439
KIAA1614_180942422	0.0339681
KIF17_20667541	0.058831
KIF17_20683791	0.018183
KIF17_20689121	0.0176786
KIF17_20696624	0.0312825
KIF17_20715012	0.0755896
KIF1B_10258432	0.0425131
KIF1B_10322603	0.030614
KIF1B_10335414	0.0532973
KIF1B_10352504	0.0818838
KIF1B_10359317	0.05462
KIF1B_10363114	0.0537728
KIF21B_200976997	0.0285157
KIF21B_200977475	0.0263475
KIF21B_200987353	0.0364305
KIF26B_245604173	0.0414623
KIF26B_245605137	0.0414623
KIF26B_245611149	0.152081
KIF26B_245700201	0.0406205
KIF2C_44764317	0.0323609
KIFAP3_169960432	0.14685
KIFAP3_169984082	0.0580584
KIRREL_158080502	0.0241992
KIRREL_158087384	0.0593641
KIRREL_158087598	0.0593641
KIRREL_158092104	0.0163782
KLHDC8A_205342196	0.0402333
KLHL12_202895776	0.03689
KLHL17_962617	0.0517586
KLHL20_173774303	0.112427
KLHL20_173781457	0.199595
KLHL21_6601424	0.0884748
KPNA6_32121214	0.148308
KPNA6_32160526	0.0668864
LACTBL1_22955453	0.0792885
LAD1_201383706	0.0148987
LAMB3_209619716	0.0575983
LAMB3_209635032	0.0334124
LAMC1_183106848	0.0658441
LAMC1_183112692	0.0518537
LAMC1_183128144	0.0464071
LAMC1_183132195	0.0808041
LAMC2_183221783	0.0307453
LAMC2_183225552	0.028968
LAMC2_183226696	0.0272119
LAPTM5_30734813	0.0270359
LBR_225412825	0.00967059
LBR_225414043	0.00967059
LBR_225419157	0.01322
LDLRAD1_54009461	0.0275126
LDLRAD1_54009903	0.0275126
LDLRAD1_54012345	0.0143969
LDLRAD1_54017972	0.0601777
LDLRAD2_21819741	0.0902871
LDLRAD2_21821271	0.0902871
LDLRAP1_25556081	0.0329642
LDLRAP1_25556164	0.0329642
LEPROT_65430794	0.0728814
LEPR_65613041	0.0547483
LEPR_65616711	0.048843
LEXM_54813709	0.00810037
LEXM_54814133	0.0205096
LGALS8_236539669	0.00830122
LGR6_202278684	0.0762796
LGR6_202279309	0.0762796
LGR6_202300600	0.016338
LGR6_202302283	0.0265859
LGR6_202307192	0.0482897
LGR6_202314512	0.0795601
LGR6_202314516	0.0795601
LGR6_202315372	0.0305598
LGR6_202317752	0.0305598
LHX4_180268692	0.102753
LHX8_75137719	0.0772885
LHX9_197918121	0.0239468
LHX9_197919737	0.0239468
LIN28A_26411140	0.393812
LIN9_226235541	0.0650883
LINC00272_182410479	0.071951
LINC01352_220831140	0.00128632
LIX1L_145937183	0.0481537
LIX1L_145937187	0.0481537
LMOD1_201898821	0.0347876
LRIG2_113099378	0.0992561
LRIG2_113116171	0.0657766
LRP8_53248052	0.133345
LRP8_53261828	0.0873509
LRP8_53263867	0.0404252
LRRC40_70177688	0.126184
LRRC41_46301105	0.120377
LRRC42_53963208	0.0337615
LRRC47_3781353	0.0879029
LRRC53_74478147	0.0571205
LRRC71_156926878	0.0222708
LRRC71_156928712	0.0163027
LRRC7_70034631	0.0749028
LSM10_36396826	0.0530484
LSM10_36396842	0.0530484
LY9_160817794	0.0412459
LY9_160818129	0.0412459
LYST_235697602	0.104094
LYST_235705584	0.074069
LYST_235715495	0.0440879
LYST_235727372	0.0990809
LYST_235742826	0.0366974
LYST_235758493	0.124273
LYST_235770335	0.0440968
LYST_235813353	0.0901863
LZIC_9934263	0.0444509
MAB21L3_116115680	0.020861
MAB21L3_116123264	0.0163682
MAB21L3_116123990	0.0163682
MAB21L3_116132798	0.0108285
MACF1_39308527	0.117737
MACF1_39309539	0.117737
MACF1_39440947	0.0336704
MAEL_166993398	0.0548853
MAGI3_113615561	0.150012
MAGOH_53235965	0.0663182
MAN1A2_117407431	0.0744208
MAN1A2_117408086	0.0744208
MAN1A2_117503247	0.0890438
MAN1C1_25747046	0.0446277
MAN1C1_25749659	0.0412924
MAN1C1_25754927	0.0321061
MAN1C1_25757068	0.0321061
MANEAL_37797708	0.125366
MAP3K21_233359533	0.0268529
MAP3K6_27360542	0.0177024
MAP3K6_27361867	0.0633408
MAP7D1_36174241	0.345876
MARC1_220799957	0.0170254
MARC2_220756853	0.033005
MARC2_220761621	0.033005
MARK1_220599615	0.102287
MARK1_220654280	0.0451073
MARK1_220661358	0.0451073
MAST2_46020189	0.0400484
MAST2_46020489	0.0400484
MATN1_30715798	0.0852788
MCOLN2_84933096	0.0456697
MCOLN2_84936865	0.0456697
MCOLN2_84939786	0.0932066
MCOLN2_84964638	0.0549562
MCOLN3_85019464	0.0464349
MEAF6_37494139	0.127201
MEAF6_37500925	0.211248
MECR_29197796	0.0356169
MECR_29200755	0.0225772
MECR_29212937	0.0410049
MECR_29213204	0.0410049
MEGF6_3491210	0.00696486
MEGF6_3510140	0.0191114
MEGF6_3511760	0.0397893
MEGF6_3512487	0.0348558
MEGF6_3516779	0.00893101
MEGF6_3517021	0.00893101
MEGF6_3517827	0.00893101
MEGF6_3517836	0.00893101
MEGF6_3522265	0.00893101
METTL11B_170161281	0.135984
METTL11B_170162656	0.135984
METTL13_171783656	0.0371742
METTL13_171787028	0.0403394
METTL13_171788264	0.044693
MEX3A_156079603	0.242022
MFN2_11989122	0.0835765
MFN2_11992107	0.0313796
MFSD14A_100049766	0.0916913
MFSD2A_39965705	0.0786612
MFSD2A_39967415	0.0259017
MFSD4A_205582241	0.0587824
MFSD4A_205584213	0.0412234
MFSD4A_205597144	0.0341584
MIA3_222623350	0.0284622
MIA3_222658435	0.0238327
MIER1_66978288	0.0768936
MIGA1_77807462	0.284417
MIIP_12028242	0.0218742
MINOS1_19624230	0.0948002
MKNK1_46563066	0.123155
MKNK1_46577626	0.0716717
MKNK1_46582268	0.0974877
MLLT11_151067021	0.113042
MMEL1_2596841	0.00523204
MMEL1_2604401	0.0120572
MNDA_158843195	0.00523837
MNDA_158844368	0.00522404
MNDA_158848084	0.00797329
MORN1_2373694	0.00797967
MORN1_2390114	0.00959754
MOV10_112693147	0.0484154
MPL_43347860	0.0367358
MPL_43350613	0.0685063
MPZL1_167766655	0.0525198
MPZL1_167774528	0.148708
MPZ_161307136	0.0467738
MPZ_161308051	0.0790837
MPZ_161309075	0.0790837
MROH7_54669665	0.0240295
MROH7_54671803	0.0282874
MROH7_54695044	0.0375661
MROH7_54708053	0.0389196
MROH9_170962192	0.0401764
MROH9_170967334	0.0259975
MRPL37_54201236	0.0764435
MRPL37_54204828	0.0764435
MRPL37_54205687	0.0803965
MRPL37_54208106	0.0803965
MRPL37_54214784	0.0904391
MRPS14_175016366	0.0369728
MSH4_75805774	0.157204
MSH4_75878770	0.176877
MSTO1_155610087	0.0995558
MTF1_37816083	0.0972608
MTF1_37836032	0.0694892
MTHFR_11799205	0.0292712
MTMR11_149934526	0.0595926
MTOR_11114936	0.0169331
MTOR_11121591	0.0340393
MTOR_11124737	0.0145045
MTOR_11139922	0.10758
MTOR_11140516	0.10758
MTOR_11144589	0.0425538
MTOR_11146559	0.0632368
MTOR_11214868	0.0650426
MTOR_11229356	0.0922911
MTOR_11233931	0.0266931
MTOR_11236228	0.0320129
MTOR_11252333	0.0604684
MTR_236827078	0.0258054
MTR_236843823	0.0350016
MTR_236880625	0.0298236
MTR_236881521	0.019888
MTR_236883633	0.019888
MTR_236889409	0.0270156
MTR_236891037	0.0270156
MTX1_155209943	0.0591925
MUTYH_45330309	0.0261967
MYBPHL_109295612	0.0350716
MYBPHL_109298000	0.0308512
MYOM3_24077200	0.0214254
MYOM3_24079856	0.0214254
MYOM3_24081016	0.0280996
MYOM3_24084836	0.0211482
MYOM3_24086849	0.0265782
MYOM3_24086990	0.0265782
MYOM3_24087010	0.0265782
MYOM3_24095628	0.0502599
MYOM3_24095678	0.0502599
MYOM3_24097705	0.0502599
MYOM3_24102349	0.0475972
MYSM1_58699622	0.0356378
NADK_1763676	0.0198318
NADK_1765114	0.0198318
NASP_45606078	0.0462014
NAV1_201790501	0.084113
NAV1_201812186	0.042
NAV1_201819022	0.0228369
NBL1_19656481	0.021828
NBPF3_21465816	0.0454217
NBPF3_21472159	0.0543239
NCF2_183570268	0.0346261
NDC1_53797591	0.0515688
NDUFS5_39028434	0.034056
NECAP2_16444052	0.0502125
NECAP2_16452582	0.0238048
NEK2_211671739	0.063101
NEK7_198293602	0.288998
NES_156674352	0.110956
NES_156674447	0.110956
NFASC_204952893	0.0165963
NFASC_204973536	0.0211779
NFASC_204974107	0.0211779
NFASC_204992657	0.0837071
NFASC_204993798	0.0837071
NFASC_205004106	0.04765
NFASC_205006069	0.04765
NFASC_205012295	0.0684492
NFASC_205015781	0.0153438
NFIA_61147355	0.213408
NFYC_40770145	0.201159
NID1_235992319	0.0218732
NID1_236012895	0.0347037
NID1_236027063	0.0448709
NIPAL3_24441805	0.0196692
NIPAL3_24445440	0.0583088
NIPAL3_24452273	0.0283671
NKAIN1_31187436	0.0581036
NLRP3_247434019	0.0229551
NOC2L_953552	0.0176187
NOC2L_954881	0.0070288
NOC2L_956042	0.109901
NOC2L_956828	0.0145664
NOL9_6546964	0.115872
NOL9_6552344	0.0654654
NOTCH2_119920538	0.0148456
NOTCH2_119920584	0.0148456
NOTCH2_119924203	0.156378
NOTCH2_119924976	0.156378
NOTCH2_119938197	0.0786828
NOTCH2_119950079	0.0383713
NOTCH2_119959044	0.10385
NPHP4_5874014	0.0128018
NPHP4_5874029	0.0128018
NPHP4_5890468	0.00483622
NPHP4_5906728	0.0046589
NPHP4_5968178	0.0240534
NPHP4_5973650	0.0440812
NPHP4_5976280	0.0440812
NPHP4_5977438	0.0440812
NPHP4_5977531	0.0440812
NPHP4_5979150	0.0201141
NPHP4_5991229	0.00722634
NPL_182812478	0.0478684
NPL_182814131	0.0478684
NR5A2_200041845	0.126163
NRDC_51792180	0.120971
NSUN4_46351304	0.116994
NSUN4_46358676	0.0872855
NT5C1A_39661788	0.0442378
NT5C1A_39663887	0.0495153
NT5C1A_39665812	0.0467057
NT5C1A_39665859	0.0467057
NTRK1_156862146	0.145095
NTRK1_156862155	0.145095
NTRK1_156866479	0.100518
NTRK1_156869785	0.0437839
NUAK2_205312011	0.123477
NUCKS1_205728717	0.0684507
NUDC_26923343	0.0552761
NUF2_163343591	0.0422662
NUF2_163343595	0.0422662
NUF2_163348331	0.0269453
NUF2_163354506	0.0505683
NUP133_229487021	0.0196467
NUP133_229499950	0.0377215
NUP210L_154027656	0.0786358
NUP210L_154027878	0.0786358
NUP210L_154052430	0.205254
NUP210L_154118091	0.0468114
NVL_224275087	0.0346511
NVL_224307289	0.0438353
OBSCN_228210945	0.0465913
OBSCN_228211557	0.0465913
OBSCN_228213925	0.0269028
OBSCN_228222821	0.0723662
OBSCN_228279735	0.0367261
OBSCN_228281492	0.0139217
OBSCN_228354454	0.0259786
OLFML2B_162005760	0.0799911
OLFML2B_162019857	0.035815
OMA1_58532535	0.150721
OR2C3_247532832	0.0505932
ORC1_52382440	0.0426918
ORC1_52388178	0.0416689
ORC1_52393012	0.151424
OSBPL9_51724542	0.11867
OSBPL9_51751574	0.084443
OSBPL9_51753698	0.084443
OSBPL9_51775772	0.0413429
OSBPL9_51776527	0.0413429
OTUD3_19888492	0.0577234
OTUD3_19892312	0.0457431
OTUD3_19897468	0.0341098
OTUD7B_149959437	0.169581
OVGP1_111415484	0.0319959
OVGP1_111417398	0.038087
OVGP1_111419274	0.038087
OVGP1_111420502	0.0278321
OVGP1_111420517	0.0278321
OVGP1_111420531	0.0278321
OVGP1_111421106	0.0278321
OVGP1_111421893	0.02598
PADI1_17231559	0.034805
PADI1_17239604	0.0159789
PADI1_17243627	0.0288187
PADI2_17076210	0.0542096
PADI2_17079434	0.0557105
PADI2_17096173	0.0438572
PADI3_17259863	0.0200977
PADI3_17264496	0.0265279
PADI3_17270696	0.0189036
PADI3_17274317	0.0293757
PADI3_17281320	0.0305242
PADI3_17282732	0.0305242
PADI4_17339054	0.0120933
PADI4_17345738	0.0446852
PADI4_17358713	0.169371
PADI4_17362556	0.128091
PADI6_17380820	0.0177167
PADI6_17381707	0.0210399
PADI6_17389222	0.00940829
PADI6_17391756	0.00940829
PAFAH2_25969058	0.0976349
PAFAH2_25975904	0.0287144
PAFAH2_25993409	0.0532522
PALMD_99693921	0.147751
PANK4_2513039	0.0108992
PAPPA2_176706823	0.108029
PAQR7_25869615	0.0525557
PARK7_7970275	0.0295507
PARK7_7977227	0.0495248
PARP1_226368793	0.0241312
PARP1_226378922	0.015407
PATJ_61762545	0.0676979
PATJ_61793404	0.159193
PATJ_61805000	0.167246
PATJ_61822698	0.0619598
PATJ_61855926	0.127998
PATJ_61877715	0.0787755
PATJ_61903138	0.0611179
PATJ_62109159	0.0887386
PATJ_62116304	0.0742302
PATJ_62125895	0.0654344
PATJ_62126948	0.0654344
PATJ_62127408	0.0654344
PBX1_164795330	0.0580708
PBX1_164796313	0.0580708
PBX1_164800135	0.0921119
PBX1_164802839	0.0921119
PBXIP1_154952148	0.0130074
PCNX2_233016772	0.0432949
PCP4L1_161284042	0.0529805
PCSK9_55060859	0.0208352
PDE4DIP_148863166	0.0722114
PDE4DIP_148937541	0.047839
PDE4DIP_149008953	0.0101371
PDE4DIP_149027800	0.0100579
PDPN_13610652	0.0405281
PEAR1_156896567	0.065475
PEAR1_156897476	0.065475
PEAR1_156905271	0.0283312
PEAR1_156907352	0.00897531
PEAR1_156907807	0.067462
PER3_7785245	0.0433103
PER3_7789525	0.0526077
PER3_7804678	0.0179518
PER3_7819748	0.0749971
PER3_7820080	0.0749971
PER3_7828255	0.0191962
PER3_7828269	0.0191962
PERM1_976641	0.0217323
PEX10_2409305	0.00956349
PEX11B_145916595	0.0754447
PEX14_10542534	0.182047
PFDN2_161100960	0.0466608
PFDN2_161102482	0.0724526
PFKFB2_207061767	0.0573972
PFKFB2_207065293	0.0255997
PFKFB2_207069241	0.046325
PGBD2_248910507	0.0680508
PGBD2_248916066	0.0194342
PGBD5_230326655	0.0269805
PGBD5_230333075	0.00984161
PGBD5_230352444	0.0101357
PGD_10412134	0.0146216
PGD_10414227	0.0331323
PGD_10418560	0.0771102
PGLYRP3_153299639	0.0246475
PGLYRP3_153301498	0.0246475
PGLYRP4_153341993	0.0116649
PGLYRP4_153343278	0.0380413
PGLYRP4_153345546	0.00973853
PGM1_63659212	0.036446
PHACTR4_28387940	0.14195
PHACTR4_28463140	0.0664356
PHACTR4_28488079	0.102991
PHC2_33327347	0.0142161
PHC2_33368719	0.0909566
PHC2_33370757	0.0335429
PHF13_6617811	0.0371712
PHGDH_119736695	0.0142545
PHGDH_119737623	0.0176678
PHLDA3_201468122	0.0842729
PHTF1_113731790	0.0838088
PI4KB_151295100	0.0708303
PI4KB_151308380	0.181204
PI4KB_151308832	0.181204
PIAS3_145855163	0.0346175
PIGR_206931284	0.0809982
PIGV_26792092	0.0716887
PIK3C2B_204426256	0.011118
PIK3C2B_204440466	0.0153629
PIK3C2B_204442213	0.0186133
PIK3C2B_204443770	0.0177043
PIK3C2B_204446924	0.140356
PIK3C2B_204450853	0.074496
PIK3C2B_204451485	0.074496
PIP5K1A_151237719	0.0928159
PIP5K1A_151237929	0.0928159
PIP5K1A_151247270	0.0435184
PKLR_155292083	0.0216013
PKN2_88807083	0.0744664
PKN2_88822878	0.104102
PKP1_201316842	0.0240023
PKP1_201324713	0.0213398
PKP1_201326918	0.0228057
PKP1_201327532	0.0228057
PLA2G2C_20174021	0.0179962
PLA2G2D_20114488	0.0123857
PLA2G4A_186893741	0.0300458
PLA2G4A_186893898	0.0300458
PLA2G4A_186965238	0.0466808
PLCH2_2480504	0.00959541
PLCH2_2480600	0.00959541
PLCH2_2485438	0.00787413
PLCH2_2485793	0.00787413
PLD5_242108336	0.037023
PLEKHA6_204225482	0.0929155
PLEKHA6_204225939	0.0929155
PLEKHA6_204227925	0.0929155
PLEKHA6_204248124	0.024386
PLEKHA6_204249582	0.0541538
PLEKHA6_204260136	0.0309022
PLEKHG5_6471966	0.0322883
PLEKHG5_6472310	0.0322883
PLEKHM2_15718837	0.015472
PLEKHM2_15722639	0.0596232
PLEKHN1_966918	0.0309577
PLEKHN1_966922	0.0309577
PLK3_44803598	0.0595817
PLOD1_11937777	0.051867
PLOD1_11956636	0.0611602
PLOD1_11967558	0.0762823
PLPP3_56524096	0.0892222
PLPPR4_99297978	0.0852054
PLPPR4_99300782	0.0500805
PLXNA2_208042515	0.0304135
PLXNA2_208043690	0.0766112
PLXNA2_208043740	0.0766112
PLXNA2_208081680	0.107237
PLXNA2_208097360	0.0756539
PM20D1_205830619	0.104878
PM20D1_205840716	0.0511601
PMF1_156234245	0.0349605
PMVK_154929850	0.0361077
PODN_53076140	0.0294368
POMGNT1_46192744	0.0656537
POMGNT1_46192777	0.0656537
POU2F1_167396231	0.0839888
PPCS_42458086	0.159517
PPFIA4_203048033	0.0420423
PPFIA4_203053053	0.115997
PPFIA4_203061145	0.0945347
PPFIA4_203071548	0.0819824
PPIE_39739781	0.037412
PPP1R12B_202411920	0.0993658
PPP1R12B_202561450	0.0757049
PPP2R5A_212360349	0.0546497
PQLC2_19313510	0.0218643
PQLC2_19313764	0.0218643
PRAMEF20_13416832	0.0185041
PRCC_156786473	0.0349586
PRCC_156794566	0.0298276
PRDM16_3400455	0.102782
PRDM16_3409558	0.0334511
PRDM16_3417781	0.0775258
PRDM2_13732053	0.0484455
PRDM2_13764172	0.0676902
PRDM2_13808574	0.0518132
PRDX6_173479522	0.0870911
PRDX6_173479756	0.0870911
PRDX6_173481152	0.0870911
PRG4_186309284	0.0504279
PRKAB2_147167219	0.067786
PRKAB2_147171635	0.0860291
PRKACB_84174237	0.122814
PRKACB_84197380	0.0559604
PRKCZ_2138391	0.0173499
PROX1_214002241	0.348075
PROX1_214008648	0.401999
PRPF3_150323429	0.0643522
PRPF3_150336339	0.0645021
PRPF3_150338827	0.0983945
PRPF3_150351314	0.0583005
PRRC2C_171573433	0.0405284
PRUNE1_151010071	0.0672596
PRUNE1_151021944	0.0786586
PRUNE1_151030808	0.048502
PSEN2_226871793	0.0305995
PSEN2_226882429	0.0126769
PSEN2_226891901	0.0190814
PSEN2_226895220	0.0143043
PSMA5_109415423	0.104087
PSMA5_109422229	0.0944901
PSMD4_151258165	0.0705679
PTBP2_96723405	0.236766
PTCH2_44830342	0.071448
PTGFR_78491699	0.12369
PTGFR_78492291	0.12369
PTPN14_214359985	0.0461967
PTPN14_214372892	0.0951867
PTPN14_214376000	0.0951867
PTPN14_214388875	0.0296194
PTPN22_113858627	0.157951
PTPN7_202150653	0.0164223
PTPN7_202154844	0.027952
PTPN7_202155074	0.027952
PTPRF_43547370	0.146008
PTPRF_43548098	0.146008
PTPRF_43551869	0.146008
PTPRF_43553371	0.146008
PTPRF_43564777	0.121903
PTPRF_43575500	0.138227
PTPRF_43578563	0.138227
PTPRF_43592866	0.069123
PTPRF_43593637	0.069123
PTPRF_43594409	0.069123
PTPRF_43596935	0.069123
PTPRF_43602816	0.333721
PTPRF_43606133	0.0247569
PTPRF_43608334	0.1156
PTPRF_43616833	0.0187023
PTPRU_29258990	0.0788636
PTPRU_29305218	0.073761
PTPRU_29305759	0.10943
PTPRU_29312268	0.0254015
PTPRU_29317212	0.0305808
PTPRU_29323966	0.0193902
PUM1_30934904	0.0331558
PUM1_30937274	0.0629022
PYHIN1_158942882	0.00591367
QSOX1_180168227	0.0431486
QSOX1_180170353	0.0431486
QSOX1_180183285	0.204945
QSOX1_180191382	0.017516
RAB13_153985914	0.0738956
RAB25_156064781	0.0561589
RAB25_156067531	0.0424239
RAB29_205771012	0.0272431
RAB29_205772760	0.0638777
RAB3GAP2_220182397	0.0592314
RAB3GAP2_220192174	0.0638066
RAB4A_229286327	0.0412892
RAB4A_229294523	0.0246862
RAB4A_229295516	0.0246862
RAB7B_206001897	0.0468862
RABGAP1L-IT1_174897775	0.0715861
RABGAP1L_174252772	0.102866
RABGAP1L_174273481	0.106389
RABGAP1L_174596205	0.140222
RABGAP1L_174708416	0.114239
RABGAP1L_174869505	0.105209
RABGAP1L_174957830	0.181487
RAD54L_46257237	0.123432
RAD54L_46274842	0.0363211
RALGPS2_178784749	0.0331779
RAP1A_111708971	0.115657
RAP1A_111709117	0.115657
RAP1GAP_21600368	0.0110881
RAP1GAP_21602598	0.050337
RAP1GAP_21606904	0.0270551
RAP1GAP_21612545	0.0224512
RAP1GAP_21612674	0.0224512
RAP1GAP_21657631	0.0638601
RASAL2_178444791	0.112595
RASAL2_178452271	0.158906
RASAL2_178457370	0.122277
RASAL2_178470431	0.182715
RASSF5_206584294	0.0427259
RAVER2_64768391	0.0641987
RAVER2_64768506	0.0641987
RBBP4_32655476	0.03135
RBBP5_205094546	0.11951
RC3H1-IT1_174011662	0.0930216
RC3H1_173940211	0.0349556
RC3H1_173962095	0.0527256
RC3H1_173966455	0.0553912
RC3H1_173970063	0.0553912
RC3H1_173977463	0.0537093
RC3H1_173992141	0.177256
RCC2_17414614	0.0449348
RCC2_17416210	0.0449348
RCC2_17419977	0.0664738
RCC2_17427718	0.0317238
RCC2_17429035	0.0317238
RCC2_17436794	0.0413897
RCC2_17437868	0.0413897
RCOR3_211276038	0.14387
RCOR3_211294378	0.0493545
RCOR3_211297842	0.070247
RCSD1_167633441	0.040001
RCSD1_167694905	0.0270379
RD3_211479628	0.00926786
REG4_119798646	0.0222014
REG4_119803314	0.0289559
REN_204157589	0.0145786
REN_204159595	0.0326162
RERE_8359106	0.0175573
RERE_8663497	0.111434
RGL1_183705057	0.139121
RGL1_183883105	0.142417
RGL1_183895752	0.121924
RGL1_183908640	0.0569112
RGL1_183909055	0.0569112
RGS13_192644020	0.0304425
RGS21_192346123	0.140655
RGS5_163165047	0.057769
RGS7_240809558	0.0402297
RGS8_182666166	0.0705764
RGS8_182670462	0.179413
RGSL1_182458855	0.0471615
RGSL1_182490634	0.0502972
RGSL1_182530712	0.0343808
RGSL1_182544122	0.0754232
RGSL1_182556569	0.033229
RHBG_156376505	0.0626452
RHBG_156379701	0.0155056
RHBG_156381257	0.0155056
RHCE_25385999	0.0317451
RHD_25306477	0.037133
RIIAD1_151714418	0.0181298
RIIAD1_151722912	0.0411765
RIIAD1_151724237	0.0411765
RIMKLA_42391562	0.0855049
RIMKLA_42399807	0.0449477
RIMS3_40636533	0.107993
RIMS3_40636762	0.107993
RIMS3_40637808	0.107993
RIMS3_40645994	0.0838093
RNASEL_182584382	0.0483922
RNASEL_182587597	0.0360219
RNF115_145788611	0.164332
RNF115_145788838	0.164332
RNF220_44615744	0.208652
RNF220_44622455	0.208652
RNF220_44640924	0.355175
RNPC3_103541223	0.0359563
RNPEP_201987363	0.065972
RNPEP_201989350	0.0433876
ROR1_64050503	0.0559675
RORC_151815879	0.248775
RP11-244H3.1_34978230	0.271922
RP11-25K21.6_161601065	0.0836023
RP11-25K21.6_161601641	0.0261973
RP11-25K21.6_161604813	0.0261973
RP11-360D2.1_173636153	0.0900459
RP11-413E1.4_89668112	0.0906918
RP11-452F19.3_222834955	0.0752408
RP11-504A18.1_56250505	0.0352969
RP11-544M22.13_161021287	0.239447
RP11-96L14.8_26167244	0.0365882
RP3-454G6.2_171625991	0.0132869
RP4-535B20.1_65067185	0.194061
RP5-890O3.9_1318102	0.0108479
RPA2_27895296	0.0333395
RPA2_27913370	0.0594333
RPE65_68447043	0.0194844
RPF1_84493099	0.0651045
RPF1_84494010	0.0651045
RPL11_23693750	0.0194909
RPRD2_150443011	0.521923
RPS6KA1_26534186	0.162755
RPS6KA1_26550796	0.0509009
RPS6KA1_26560521	0.0588389
RRNAD1_156731913	0.0217005
RSG1_16233046	0.050734
RSG1_16233380	0.050734
RTCA_100269636	0.090946
RUNX3_24902848	0.0410444
RUNX3_24926142	0.111316
RUSC1_155330131	0.0344288
RWDD3_95245877	0.259387
RXRG_165413937	0.0372249
RYR2_237366268	0.0216297
RYR2_237441917	0.0322872
RYR2_237613823	0.0184403
RYR2_237616706	0.0138927
RYR2_237733486	0.122042
RYR2_237795816	0.0190477
S100A9_153359249	0.00635928
S100PBP_32828356	0.10511
SAMD11_938357	0.0688034
SARS_109224263	0.0516784
SASS6_100126164	0.0453815
SCAMP3_155256811	0.0279432
SCCPDH_246736227	0.049956
SCCPDH_246758781	0.0510724
SCCPDH_246759879	0.0545193
SCCPDH_246765466	0.204892
SCMH1_41028466	0.0696856
SCMH1_41039239	0.0588158
SCMH1_41230554	0.12847
SCP2_52987859	0.127397
SCYL3_169861639	0.0141341
SCYL3_169868330	0.0197932
SDCCAG8_243426215	0.155265
SDE2_225991883	0.0334749
SDE2_225998544	0.0399522
SDF4_1223516	0.0152342
SDF4_1227097	0.0348469
SDF4_1227561	0.0348469
SDHB_17023186	0.0334283
SDHB_17028768	0.0282852
SEC16B_177936761	0.0134776
SEC16B_177948217	0.0434193
SEC16B_177968778	0.071801
SEC22B_120170864	0.0720898
SELENON_25813428	0.0265331
SELP_169590369	0.0226762
SEMA4A_156159861	0.0747806
SERBP1_67429660	0.0894487
SERINC2_31418853	0.0451798
SERINC2_31424530	0.0280459
SERINC2_31426256	0.0176932
SERPINC1_173910921	0.023495
SERPINC1_173913035	0.0279949
SERTAD4_210240458	0.104539
SETDB1_150929706	0.105152
SETDB1_150947542	0.0710711
SF3A3_37984318	0.0546861
SF3A3_37989450	0.026834
SF3A3_37989673	0.0946715
SF3A3_37989688	0.0946715
SF3B4_149924545	0.0285102
SFPQ_35185042	0.543976
SFT2D2_168226293	0.0206202
SFT2D2_168230982	0.0206202
SH2D2A_156811708	0.0242594
SH2D2A_156812378	0.0242594
SH2D2A_156812573	0.0242594
SH2D5_20724783	0.0128668
SH3BP5L_248819006	0.0173191
SH3GLB1_86720673	0.0711054
SHISA4_201890425	0.110121
SIPA1L2_232439006	0.0209248
SIPA1L2_232444206	0.0229533
SIPA1L2_232492782	0.0474744
SKI_2245868	0.0414244
SLAMF6_160488852	0.0493672
SLAMF7_160748131	0.0280137
SLAMF8_159827258	0.0222405
SLC16A1_112949149	0.091161
SLC19A2_169466087	0.0470305
SLC19A2_169470266	0.0631383
SLC19A2_169476231	0.0631383
SLC19A2_169476414	0.0631383
SLC19A2_169483635	0.0505353
SLC1A7_53093751	0.0225499
SLC1A7_53142079	0.0606298
SLC22A15_116036191	0.0277463
SLC25A33_9579520	0.147039
SLC25A33_9579713	0.147039
SLC25A33_9580341	0.0305882
SLC25A33_9580936	0.0305882
SLC25A33_9581154	0.0305882
SLC25A44_156205360	0.0394932
SLC26A9_205917499	0.0788949
SLC26A9_205926230	0.0421711
SLC26A9_205933306	0.179074
SLC26A9_205934239	0.179074
SLC2A7_9007593	0.0175172
SLC2A7_9013972	0.00735981
SLC2A7_9015299	0.0476265
SLC30A2_26042358	0.0399529
SLC30A7_100969537	0.0638985
SLC35A3_100010244	0.0784161
SLC35D1_67006825	0.029574
SLC35D1_67042546	0.0531402
SLC35D1_67050873	0.0707956
SLC35F3_234319814	0.0218094
SLC35F3_234322600	0.0157801
SLC41A1_205804606	0.0780188
SLC44A3_94828463	0.0493675
SLC44A5_75219109	0.0510873
SLC44A5_75233510	0.0412007
SLC44A5_75243740	0.0614723
SLC45A1_8329519	0.0189724
SLC45A1_8336195	0.0379546
SLC45A3_205660956	0.025593
SLC45A3_205662214	0.014966
SLC45A3_205664113	0.0272402
SLC5A9_48235285	0.0167075
SLC6A17_110171720	0.0611389
SLC6A17_110193724	0.0160915
SLC9A1_27110197	0.0390259
SLC9A1_27113629	0.0390259
SLC9A1_27129133	0.080433
SLC9A1_27143395	0.080433
SLC9C2_173505889	0.0428327
SLC9C2_173506570	0.0428327
SLC9C2_173601888	0.0421274
SLC9C2_173602599	0.0421274
SMG5_156251477	0.0913419
SMG5_156252587	0.0301691
SMG5_156252718	0.0301691
SMG5_156268628	0.0135564
SMG5_156272871	0.0202069
SMG5_156272920	0.0202069
SMG5_156281808	0.0874684
SMG7_183516917	0.227459
SMG7_183517473	0.227459
SMG7_183517489	0.227459
SMG7_183538165	0.0462775
SMG7_183540746	0.0401797
SMG7_183541288	0.0671502
SMPDL3B_27955489	0.0263777
SMPDL3B_27955497	0.0263777
SMYD2_214321885	0.0409167
SMYD2_214329534	0.0382567
SMYD2_214335708	0.0235257
SMYD3_245859708	0.0807404
SMYD3_245929511	0.0206318
SMYD3_246017120	0.0726495
SMYD3_246155872	0.0726495
SMYD3_246243529	0.0726495
SMYD3_246331460	0.0734639
SMYD3_246388187	0.0891969
SMYD3_246472909	0.0891969
SNAP47_227761624	0.0514429
SNAP47_227762254	0.0514429
SNRNP40_31289803	0.0467212
SNX27_151661693	0.157279
SNX27_151692302	0.0710125
SNX27_151692310	0.0710125
SNX7_98690132	0.122033
SOAT1_179343090	0.0561176
SORT1_109316962	0.029811
SORT1_109319647	0.0241501
SORT1_109327847	0.0967455
SORT1_109327851	0.0967455
SORT1_109329784	0.0967455
SORT1_109335215	0.0967455
SORT1_109336927	0.090355
SORT1_109345405	0.0497447
SORT1_109345919	0.188004
SORT1_109347785	0.125112
SORT1_109354173	0.0499926
SORT1_109355075	0.0305138
SORT1_109355670	0.05751
SORT1_109368808	0.0582686
SOX13_204083824	0.0854425
SPAG17_117966849	0.12875
SPAG17_118029277	0.0348347
SPAG17_118041597	0.028744
SPATA17_217775035	0.0869233
SPATA1_84547354	0.0714131
SPATA21_16399688	0.0318406
SPOCD1_31791783	0.0190988
SPOCD1_31792085	0.0190988
SPOCD1_31798888	0.0158911
SPRR2G_153150295	0.0132333
SPRR4_152971075	0.038159
SPRTN_231340977	0.0926473
SPTA1_158644506	0.0152503
SPTA1_158649993	0.0107667
SPTA1_158650556	0.0107667
SPTA1_158651550	0.013477
SPTA1_158668098	0.0160788
SPTA1_158671739	0.0187537
SPTA1_158678245	0.0300389
SRGAP2_206417265	0.19256
SRGAP2_206434900	0.0628882
SRGAP2_206442463	0.0494634
SRGAP2_206448388	0.046161
SRRM1_24657302	0.049278
SRSF10_23974468	0.0486396
SRSF10_23974480	0.0486396
SRSF11_70223019	0.0283324
SRSF11_70230049	0.744879
SRSF11_70233547	0.0155147
SRSF11_70235704	0.0453015
SSBP3_54241855	0.0313135
SSX2IP_84663554	0.0567492
SSX2IP_84669560	0.0379052
ST3GAL3_43832828	0.0856309
ST3GAL3_43898446	0.0477537
ST6GALNAC5_77048930	0.137101
ST7L_112545626	0.18934
ST7L_112578034	0.120757
ST7L_112582200	0.17425
STIL_47261262	0.0705286
STIL_47290862	0.112521
STIL_47307878	0.106385
STPG1_24363218	0.0697
STPG1_24369907	0.0582276
STPG1_24369921	0.0582276
STPG1_24373214	0.0582276
STPG1_24373845	0.0784998
STPG1_24379967	0.12406
STPG1_24380121	0.12406
STRIP1_110036809	0.0847166
STRIP1_110037621	0.0847166
STRIP1_110042421	0.0298401
STRIP1_110042493	0.0298401
STRIP1_110043436	0.0175734
STUM_226598449	0.0194864
STUM_226601109	0.0173058
STX12_27793843	0.103782
STX12_27799913	0.103782
STX12_27801184	0.103782
STX12_27804847	0.190972
STX12_27805147	0.190972
STX6_180977906	0.070887
SUCO_172553006	0.0803803
SUCO_172557098	0.0781489
SUSD4_223225578	0.0147166
SV2A_149908362	0.0108
SV2A_149908865	0.0108
SVBP_42810616	0.246042
SVBP_42816202	0.246042
SWT1_185171837	0.164003
SYF2_25228367	0.0253753
SYF2_25228847	0.0253753
SYNC_32696285	0.0552258
SYPL2_109473153	0.142325
SYPL2_109474227	0.142325
SYT2_202598682	0.011047
SYT2_202601635	0.0113194
SYT2_202603521	0.0161984
SYT6_114092938	0.14338
SYTL1_27347382	0.0743478
SYTL1_27348841	0.0452484
SZT2_43403079	0.0783086
TADA1_166858509	0.0100383
TADA1_166866162	0.0898604
TAF13_109066512	0.0772103
TAF1A_222566473	0.0586077
TARBP1_234401923	0.0188177
TARBP1_234412312	0.0195236
TARBP1_234418533	0.0200506
TARBP1_234429350	0.0787582
TARBP1_234458685	0.00936117
TARBP1_234477395	0.0207542
TARDBP_11020300	0.0547852
TARS2_150504103	0.0531115
TARS2_150505458	0.0324902
TAS1R2_18845644	0.0517592
TAS1R2_18847846	0.0517592
TAS1R2_18852276	0.0161911
TAS1R2_18857004	0.0156719
TATDN3_212811405	0.0567918
TATDN3_212813028	0.0565037
TBX19_168291104	0.0250754
TCEA3_23381637	0.0786179
TCEA3_23392990	0.0516269
TCEA3_23393461	0.0516269
TCEA3_23419490	0.0727886
TCEA3_23420890	0.0727886
TCEA3_23423949	0.0727886
TCEA3_23424029	0.0727886
TDRD5_179594085	0.0657091
TDRD5_179634303	0.0533631
TDRD5_179636950	0.0840425
TDRD5_179669064	0.0729658
TDRKH_151778551	0.26362
TDRKH_151779040	0.140427
TEKT2_36087395	0.126071
TESK2_45348617	0.122983
TESK2_45352666	0.122983
TESK2_45411529	0.139179
TEX35_178514566	0.099164
TFAP2E_35592761	0.0556437
TFB2M_246541720	0.0330723
TFB2M_246564526	0.0142487
TGFBR3_91698456	0.124775
TGFBR3_91713529	0.140621
TGFBR3_91718234	0.0544472
TGFBR3_91734467	0.120487
TGFBR3_91734477	0.120487
TGFBR3_91905037	0.0786699
THAP3_6626929	0.0114716
THRAP3_36284923	0.17463
THRAP3_36288752	0.439843
THRAP3_36293345	0.0349483
THRAP3_36293558	0.0349483
TIE1_43302820	0.0527052
TIE1_43307340	0.0680063
TIE1_43319054	0.0143701
TIE1_43321614	0.074813
TIMM17A_201958907	0.0328811
TIPRL_168195061	0.0434503
TM2D1_61682986	0.0442682
TM2D1_61700274	0.112297
TM2D1_61704804	0.120147
TM2D1_61709059	0.120147
TMCO4_19696073	0.0316733
TMCO4_19741034	0.0159967
TMCO4_19743702	0.0159967
TMCO4_19744515	0.0159967
TMCO4_19745392	0.0159967
TMCO4_19747477	0.0343493
TMCO4_19771062	0.044458
TMCO4_19780376	0.0381662
TMED5_93157590	0.127655
TMEM183A_203019287	0.0374393
TMEM201_9600970	0.0433538
TMEM206_212377300	0.0140124
TMEM206_212377455	0.0140124
TMEM206_212385512	0.0148737
TMEM206_212385771	0.0148737
TMEM206_212411719	0.0382293
TMEM206_212414440	0.0382293
TMEM222_27326082	0.170829
TMEM222_27326117	0.170829
TMEM234_32219699	0.046583
TMEM240_1538492	0.0591127
TMEM269_42786357	0.0370573
TMEM269_42789794	0.0370573
TMEM269_42806524	0.0992256
TMEM35B_34983608	0.043031
TMEM39B_32094476	0.0419192
TMEM50A_25352639	0.111577
TMEM50A_25352719	0.111577
TMEM53_44659573	0.0370933
TMEM53_44660564	0.101032
TMEM54_32895143	0.0225388
TMEM54_32895825	0.0778916
TMEM54_32897775	0.0209958
TMEM54_32900092	0.0233386
TMEM57_25450301	0.111456
TMEM57_25491704	0.0436654
TMEM57_25498066	0.0436654
TMEM61_54983934	0.0260572
TMEM61_54989132	0.0269714
TMEM61_54990587	0.0269714
TMEM61_54991290	0.0269714
TMEM63A_225850359	0.038702
TMEM63A_225870131	0.0328089
TMEM69_45691242	0.0717606
TMEM9_201135915	0.0851148
TMEM9_201139287	0.0851148
TNFRSF1B_12189940	0.0434095
TNFRSF25_6462229	0.0390088
TNFRSF25_6465369	0.0136912
TNFRSF8_12121224	0.037468
TNFRSF8_12121849	0.037468
TNNI1_201410469	0.0218838
TNNI3K_74542540	0.0672364
TNNT2_201370078	0.0321885
TNNT2_201372422	0.0159282
TNNT2_201375704	0.0273739
TNN_175098271	0.0413117
TNR_175336431	0.142186
TNR_175356079	0.0424993
TNR_175383612	0.0816584
TNR_175392866	0.106985
TNR_175404535	0.118384
TP53BP2_223785805	0.023879
TP53BP2_223807120	0.0515983
TP53BP2_223820531	0.0494984
TP73_3683532	0.032345
TP73_3700940	0.032345
TPR_186319572	0.0384842
TPR_186339136	0.024711
TRABD2B_47768508	0.0645337
TRABD2B_47770589	0.0645337
TRABD2B_47772923	0.0645337
TRABD2B_47777508	0.066286
TRABD2B_47799020	0.0402394
TRAF3IP3_209756814	0.0475709
TRAF5_211372043	0.0499178
TRIM11_228399545	0.0162251
TRIM17_228409462	0.0685632
TRIM17_228414182	0.00712383
TRIM45_117114110	0.0364055
TRIM45_117114161	0.0364055
TRIM45_117116773	0.0321537
TRIM46_155177871	0.060737
TRIM46_155177962	0.060737
TRIM58_247858908	0.0126997
TRIM67_231201989	0.0229527
TRIM67_231209441	0.0518495
TRIT1_39846649	0.250247
TRIT1_39848157	0.0459609
TRIT1_39851641	0.275392
TRIT1_39855518	0.0998111
TRMT1L_185137441	0.127652
TRNP1_26995400	0.106541
TSNAX_231562071	0.139223
TSPAN1_46181357	0.135347
TSPAN1_46181672	0.135347
TSPAN2_115054861	0.0325793
TSPAN2_115068953	0.0477625
TSTD1_161038744	0.0426165
TTC13_230924067	0.0405777
TTC13_230932052	0.031858
TTC13_230948898	0.0305151
TTC34_2644664	0.00497789
TTC34_2783884	0.0430636
TTC34_2785236	0.0430636
TTC34_2787801	0.0204109
TTC34_2788831	0.0204109
TTC39A_51289504	0.0350534
TTC39A_51310874	0.023847
TTC4_54730022	0.100649
TTC4_54731120	0.100649
TTF2_117076946	0.0389075
TTF2_117085537	0.072524
TTF2_117086202	0.072524
TTLL7_83917478	0.129559
TTLL7_83938471	0.067913
TTLL7_83939932	0.067913
TUFT1_151564462	0.0294532
TUFT1_151569507	0.102435
TUFT1_151573403	0.0279687
TUFT1_151574185	0.0279687
TYW3_74734445	0.0519254
UAP1_162563668	0.0517116
UAP1_162596317	0.0828993
UBAP2L_154251387	0.0799444
UBAP2L_154260830	0.0309548
UBE2J2_1260373	0.0160254
UBE2J2_1262700	0.0160254
UBE2T_202333791	0.0573057
UBE4B_10096047	0.0970515
UBE4B_10144885	0.0323699
UBE4B_10158088	0.0472683
UBE4B_10160130	0.0253366
UBE4B_10160220	0.0253366
UBE4B_10170785	0.0212937
UBE4B_10173030	0.0326715
UBQLN4_156043896	0.0579649
UBQLN4_156044778	0.0593339
UBR4_19075948	0.0316131
UBR4_19083768	0.0212437
UBR4_19088572	0.0434753
UBR4_19093651	0.0298939
UBR4_19093692	0.0298939
UBR4_19106085	0.0246129
UBR4_19106089	0.0246129
UBR4_19122587	0.0280695
UBR4_19138812	0.0730289
UBR4_19141953	0.0343215
UBR4_19147380	0.0173266
UBR4_19186065	0.0314541
UBR4_19199978	0.081056
UBXN11_26283950	0.0494668
UBXN11_26295094	0.0136931
UBXN11_26297142	0.013348
UBXN11_26298832	0.0185473
UCHL5_193024000	0.0408826
UFC1_161155224	0.0811587
UHMK1_162499604	0.0632711
UHMK1_162501581	0.0529868
URB2_229634824	0.0264707
URB2_229647009	0.0146838
URB2_229656062	0.0395084
USH2A_216326341	0.0994063
USH2A_216419200	0.196537
USP1_62448285	0.0924313
USP24_55069566	0.00809534
USP24_55070345	0.00809534
USP24_55072011	0.0326429
USP24_55079803	0.046769
USP24_55087876	0.0278528
USP24_55088290	0.0278528
USP24_55090019	0.0480088
USP24_55090773	0.0480088
USP24_55099480	0.0412351
USP24_55176720	0.0743355
USP24_55184160	0.0671685
USP33_77714975	0.0825887
USP33_77729452	0.0556609
USP48_21690350	0.104056
USP48_21690355	0.104056
USP48_21692151	0.104056
USP48_21729024	0.0128069
USP48_21749185	0.0188587
UTP11_38014320	0.127222
UTP11_38022269	0.155021
UTS2_7847932	0.0312578
VAMP3_7771632	0.0290287
VANGL1_115643016	0.093664
VANGL1_115644034	0.093664
VANGL1_115644862	0.093664
VANGL1_115648392	0.093664
VANGL1_115649955	0.093664
VANGL1_115650043	0.093664
VANGL1_115660208	0.0737516
VANGL1_115682961	0.150627
VANGL2_160416733	0.044006
VANGL2_160420253	0.0999064
VANGL2_160424704	0.0130612
VAV3_107579315	0.0817229
VAV3_107754740	0.0211669
VAV3_107775825	0.029315
VCAM1_100725471	0.0241729
VPS13D_12235190	0.0536354
VPS13D_12241000	0.0536354
VPS13D_12241949	0.0536354
VPS13D_12255504	0.0685698
VPS13D_12262543	0.148692
VPS13D_12278917	0.0542007
VPS13D_12281578	0.0714427
VPS13D_12286408	0.0278364
VPS13D_12302613	0.116787
VPS13D_12311354	0.0930537
VPS13D_12311358	0.0930537
VPS13D_12315197	0.123983
VPS13D_12318723	0.0370664
VPS13D_12319495	0.0370664
VPS13D_12319966	0.0826281
VPS13D_12324659	0.0342759
VPS13D_12328933	0.0548678
VPS13D_12333056	0.07099
VPS13D_12342660	0.0810207
VPS13D_12344469	0.140849
VPS13D_12355085	0.0646732
VPS13D_12369317	0.0248503
VPS13D_12379202	0.0448795
VPS13D_12383930	0.0268731
VPS13D_12384125	0.0268731
VPS13D_12508131	0.0165231
VPS13D_12508375	0.0165231
VSIG8_159861058	0.0730222
VTCN1_117147865	0.0569017
VWA5B1_20310873	0.0221131
VWA5B1_20311497	0.0221131
VWA5B1_20313545	0.0482146
VWA5B1_20318059	0.0246794
VWA5B1_20322771	0.0577844
VWA5B1_20323272	0.0577844
VWA5B1_20337945	0.0763558
VWA5B1_20340590	0.0763558
VWA5B1_20353184	0.0471458
WASF2_27410441	0.100064
WASF2_27417584	0.317191
WDR26_224401410	0.116501
WDR3_117956047	0.0359304
WDR47_109012256	0.0921824
WDR63_85072739	0.0773826
WDR63_85104420	0.125776
WDR63_85104469	0.125776
WDR64_241784458	0.036015
WDR64_241790557	0.0924605
WDR78_66873359	0.071222
WDR78_66891862	0.0477396
WDTC1_27290909	0.124821
WDTC1_27302823	0.0388587
WLS_68140526	0.139669
WNT3A_228057471	0.068287
WRAP73_3637962	0.00965536
WRAP73_3649407	0.00964346
WRAP73_3649804	0.00964346
XKR8_27960500	0.0511056
YARS_32796819	0.0667984
YIPF1_53884718	0.0383844
YIPF1_53889173	0.135912
ZBTB17_15943519	0.101797
ZBTB17_15947803	0.0309889
ZBTB40_22504343	0.200908
ZBTB40_22515327	0.0164322
ZBTB40_22521367	0.0285975
ZBTB48_6582496	0.0305233
ZBTB8B_32481408	0.109776
ZBTB8OS_32642241	0.103167
ZC3H12A_37476292	0.136784
ZC3H12A_37480909	0.0267079
ZCCHC11_52470814	0.0618719
ZCCHC11_52490961	0.0897291
ZCCHC17_31316622	0.104547
ZDHHC18_26829194	0.0336793
ZDHHC18_26849667	0.111747
ZDHHC18_26850099	0.111747
ZDHHC18_26853565	0.0839895
ZFP69B_40451460	0.0756561
ZFP69B_40454756	0.0412647
ZFP69_40488987	0.141088
ZFYVE9_52265163	0.368701
ZFYVE9_52266968	0.469842
ZFYVE9_52301444	0.133867
ZFYVE9_52337218	0.0631393
ZFYVE9_52342141	0.0357903
ZMPSTE24_40271769	0.0760147
ZMYM1_35094521	0.0708121
ZMYM4_35419107	0.104256
ZMYM6_35004839	0.0400258
ZMYM6_35014528	0.0594213
ZMYND12_42442516	0.0446667
ZNF326_89995501	0.0927951
ZNF362_33271510	0.0909428
ZNF362_33271678	0.0909428
ZNF362_33275329	0.0909428
ZNF362_33276936	0.0918099
ZNF362_33277289	0.0918099
ZNF362_33290014	0.0776962
ZNF436_23367442	0.213255
ZNF644_90951216	0.106915
ZNF648_182059893	0.0537919
ZNF691_42850143	0.0653059
ZNF692_248853055	0.0098859
ZNF695_247000096	0.105094
ZNF697_119625074	0.0165165
ZNF697_119625430	0.0165165
ZNF697_119625683	0.0165165
ZP4_237889671	0.00697493
ZSCAN20_33475801	0.0562698
ZSCAN20_33478101	0.0562698
ZSCAN20_33479003	0.0562698
ZSCAN20_33488869	0.0249827
ZSCAN20_33490174	0.045756
ZYG11A_52856545	0.119016
ZYG11B_52777598	0.133017
ZYG11B_52785847	0.0914217
AAK1_69511785	0.0802329
AAK1_69522332	0.0451459
AAK1_69525388	0.059632
AAK1_69531600	0.0667796
AAMP_218267031	0.0286055
ABCA12_214954375	0.204892
ABCA12_214987228	0.308521
ABCA12_215013480	0.0393986
ABCB11_168945046	0.146763
ABCB11_169016297	0.0457759
ABCG8_43839959	0.0650341
ABCG8_43876378	0.0323111
ABI2_203383320	0.164833
ABI2_203398732	0.0626143
AC012358.7_55216266	0.077541
AC020594.5_33556621	0.0505888
AC020594.5_33558610	0.0336836
AC074286.1_177334585	0.0948493
AC079584.3_143603735	0.293955
AC092835.2_95211401	0.0625682
AC092835.2_95211588	0.0625682
AC131097.4_241899523	0.0268386
ACADL_210192363	0.0782118
ACADL_210197036	0.0489396
ACADL_210221008	0.0342828
ACMSD_134862374	0.0576112
ACOXL_110786246	0.033754
ACOXL_110790538	0.033754
ACOXL_110800758	0.0417981
ACP1_270495	0.0347502
ACSL3_222907196	0.100893
ACSL3_222940410	0.0334795
ACTG2_73909457	0.0648898
ACTG2_73917777	0.0457551
ACTR3_113916038	0.062843
ACTR3_113942664	0.0523287
ACTR3_113948291	0.0523287
ACVR1C_157552979	0.0503567
ACVR1_157737964	0.0646434
ACVR1_157774274	0.104373
ACVR1_157778944	0.0663149
ACVR1_157780648	0.183607
ACVR2A_147917976	0.0453147
ACYP2_54124411	0.0802086
ADAM17_9502523	0.0429823
ADAM17_9504319	0.0429823
ADAM23_206543990	0.0653351
ADAM23_206549861	0.163371
ADAM23_206568021	0.0912078
ADAM23_206571685	0.044035
ADCY3_24836393	0.0170409
ADCY3_24836711	0.0170409
ADCY3_24838318	0.0309492
ADCY3_24840031	0.0134971
ADD2_70664643	0.050766
ADD2_70678601	0.0334794
ADD2_70683512	0.0515269
ADD2_70687639	0.0718364
ADD2_70709240	0.0428298
ADGRF3_26313617	0.0531398
ADGRF3_26317129	0.0338136
ADI1_3500540	0.0157083
ADI1_3500556	0.0157083
AFF3_99554870	0.0309184
AFF3_99583183	0.107567
AGAP1_235561585	0.0285443
AGAP1_235561597	0.0285443
AGAP1_235741543	0.0101102
AGAP1_235749672	0.0119579
AGAP1_235822721	0.0740769
AGAP1_235861375	0.0740769
AGAP1_236018501	0.0689891
AGAP1_236048130	0.0117651
AGAP1_236048734	0.0117651
AGBL5_27067423	0.0795344
AGFG1_227528706	0.0597459
AGFG1_227531829	0.197942
AGPS_177514784	0.12377
ALKAL2_281390	0.0139567
ALKAL2_281396	0.0139567
ALKAL2_282510	0.0139567
ALK_29222791	0.0346063
ALK_29229087	0.028928
ALK_29229498	0.028928
ALK_29229663	0.028928
ALK_29237438	0.115189
ALLC_3677594	0.02707
ALLC_3698860	0.0371213
ALS2CR11_201574639	0.0858775
ALS2CR12_201307770	0.0164699
ALS2CR12_201308385	0.0164699
AMMECR1L_127869585	0.131388
AMMECR1L_127873468	0.0222399
ANAPC1_111809949	0.12208
ANAPC1_111834206	0.0345921
ANAPC1_111857288	0.0426927
ANAPC1_111863139	0.0293086
ANAPC1_111882881	0.0694078
ANKAR_189676154	0.0669378
ANKAR_189695669	0.0471184
ANKAR_189698850	0.108432
ANKMY1_240512518	0.0077375
ANKMY1_240528650	0.00836395
ANKRD23_96842511	0.02424
ANKRD36C_95979803	0.0294251
ANKRD36C_95980459	0.0294251
ANKRD36C_95983033	0.0277799
ANKRD39_96856570	0.0745914
ANKRD44_197009290	0.0618134
ANKRD53_70979575	0.0435741
ANO7_241222843	0.0530112
ANTXR1_69044058	0.0496589
ANTXR1_69070561	0.111882
ANTXR1_69075287	0.081494
ANTXR1_69075482	0.081494
ANXA4_69813606	0.0607779
AOX1_200603457	0.0382758
AOX1_200613614	0.0320426
AOX1_200669808	0.0232833
APOB_21018370	0.034199
APOB_21035772	0.0200359
APOB_21038111	0.0211812
ARHGAP25_68812262	0.0316342
ARHGEF33_38935576	0.0401287
ARHGEF33_38956688	0.0576675
ARL5A_151806030	0.0424568
ARL5A_151815386	0.0530609
ARMC9_231210479	0.0444065
ARMC9_231227462	0.0557339
ARMC9_231258825	0.0333468
ARMC9_231262712	0.0435625
ARMC9_231336474	0.0373516
ARPC2_218225867	0.163972
ARPC2_218228669	0.0545354
ARPC2_218253575	0.0354301
ASAP2_9319719	0.0336465
ASAP2_9328168	0.0304506
ASAP2_9373901	0.0160005
ASAP2_9380962	0.0669984
ASAP2_9388041	0.0110467
ASAP2_9392413	0.0277002
ASAP2_9393016	0.0277002
ASAP2_9401475	0.0103691
ASB1_238433985	0.0106536
ASB1_238444036	0.0316176
ASTL_96126085	0.0286866
ASTL_96126730	0.0286866
ASTL_96128914	0.0286866
ASTL_96130245	0.00883876
ASTL_96136534	0.0317835
ASXL2_25755950	0.0283886
ASXL2_25804831	0.0566329
ATAD2B_23762065	0.0845625
ATAD2B_23788711	0.0859334
ATAD2B_23804944	0.102475
ATAD2B_23871316	0.232656
ATG16L1_233256032	0.0128589
ATG16L1_233272584	0.0338043
ATG16L1_233286602	0.0455424
ATG16L1_233289771	0.0455424
ATG16L1_233290579	0.00949211
ATG16L1_233290737	0.00949211
ATG4B_241667653	0.0130406
ATG4B_241668984	0.0120809
ATG4B_241669861	0.0120809
ATIC_215342965	0.026962
ATL2_38310447	0.057165
ATOH8_85759306	0.0477357
ATOH8_85761085	0.0477357
ATP6V1B1_70962205	0.0273306
ATP6V1C2_10724494	0.0292813
ATP6V1C2_10768434	0.0884133
ATP6V1C2_10771361	0.0236546
ATP6V1C2_10779735	0.0132483
ATP6V1C2_10782467	0.0225764
BARD1_214729112	0.212536
BARD1_214730587	0.0593033
BAZ2B_159324507	0.0886847
BAZ2B_159329786	0.0931115
BAZ2B_159411906	0.0915547
BCL2L11_111122302	0.168903
BCL2L11_111139519	0.0380558
BIN1_127050522	0.0402294
BIN1_127065762	0.0283043
BIRC6_32361046	0.105729
BIRC6_32449381	0.0401476
BIRC6_32502636	0.0484205
BIRC6_32530853	0.0421732
BIRC6_32607244	0.0453734
BMPR2_202517938	0.0737077
BOLL_197759187	0.199318
BRE_28242098	0.0562528
BRE_28327749	0.133313
C2orf15_99144589	0.0537014
C2orf40_106066784	0.023655
C2orf49_105341700	0.0234245
C2orf50_11140171	0.0417336
C2orf54_240892193	0.0036164
C2orf54_240894013	0.0036164
C2orf61_47121757	0.21339
C2orf70_26576532	0.011644
C2orf71_29066687	0.094137
C2orf76_119311744	0.050482
C2orf76_119312177	0.050482
C2orf80_208169587	0.0433593
C2orf80_208179548	0.036314
C2orf81_74408702	0.0776477
C2orf82_232873321	0.036023
CAB39_230810845	0.0207923
CACNB4_151975131	0.082355
CAD_27220300	0.0300903
CAD_27223487	0.0685029
CAD_27229546	0.0648857
CAPN13_30731597	0.0170241
CAPN13_30738600	0.0789
CAPN13_30744619	0.113227
CAPN13_30747428	0.0765417
CAPN13_30760515	0.0650136
CAPN14_31178725	0.0386575
CAPN14_31189137	0.0269183
CAPN14_31189721	0.0683661
CAPN14_31192266	0.0180174
CAPN14_31192279	0.0180174
CAPN14_31192467	0.0180174
CARF_202952468	0.137248
CATIP_218364557	0.0270122
CCDC138_108791428	0.0258154
CCDC138_108813472	0.0298065
CCDC148_158339366	0.0378175
CCDC150_196664245	0.0748759
CCDC150_196720758	0.0324115
CCDC150_196723661	0.0386837
CCDC173_169676933	0.110571
CCDC88A_55343108	0.0652208
CCDC93_117939382	0.0409403
CCDC93_117944855	0.0252039
CCDC93_117974574	0.0163532
CCDC93_117975382	0.0258374
CCDC93_117975544	0.0258374
CCDC93_117979079	0.0374006
CCDC93_118003685	0.0465358
CCDC93_118012963	0.0427649
CD28_203729478	0.062102
CD28_203734665	0.127135
CD8B_86843053	0.0286414
CD8B_86855230	0.0160871
CD8B_86857838	0.0160871
CDK15_201834836	0.0738977
CDK15_201891270	0.136499
CDKL4_39189346	0.0630917
CEBPZ_37215224	0.026834
CEBPZ_37221176	0.0323027
CEBPZ_37227400	0.0256971
CEP68_65079476	0.0301512
CERKL_181565029	0.0598978
CERS6_168691396	0.0670225
CFAP221_119559631	0.061151
CFAP221_119612047	0.0893837
CFAP221_119627488	0.022
CFAP36_55530311	0.0807371
CFAP65_219003646	0.0215493
CFAP65_219017936	0.0494301
CFAP65_219021046	0.0268994
CGREF1_27115672	0.101023
CHAC2_53771731	0.0634106
CHN1_174806993	0.0640509
CHN1_174811764	0.126282
CHN1_174812041	0.126282
CHN1_174918716	0.0841577
CHN1_174946479	0.0866476
CHPF_219542697	0.0930957
CHRNA1_174748429	0.0408827
CHRNA1_174759834	0.0769845
CHRNA1_174760989	0.0769845
CHRNG_232542190	0.0170605
CHRNG_232543207	0.03575
CHST10_100394011	0.0101083
CHST10_100395685	0.0131156
CHST10_100395696	0.0131156
CHST10_100409323	0.028188
CKAP2L_112743342	0.0460874
CKAP2L_112744851	0.0460874
CKAP2L_112750224	0.0622001
CKAP2L_112755005	0.0144549
CKAP2L_112755278	0.0144549
CLASP1_121365888	0.00928094
CLASP1_121398132	0.0245019
CLASP1_121448643	0.0164928
CLASP1_121454400	0.0419704
CLASP1_121454411	0.0419704
CLASP1_121527108	0.0236028
CLASP1_121529017	0.0179966
CLEC4F_70809423	0.023323
CLEC4F_70812972	0.0319591
CLHC1_55227934	0.114054
CLHC1_55231475	0.0404094
CLIP4_29145086	0.0413585
CLIP4_29168054	0.064219
CMPK2_6862360	0.00747546
CNGA3_98390742	0.00989804
CNGA3_98392670	0.042788
CNNM3_96820622	0.0196255
CNNM3_96823426	0.0196255
CNNM4_96802362	0.0663718
CNNM4_96808491	0.0663718
CNPPD1_219173972	0.0271829
COBLL1_164688778	0.196309
COBLL1_164699183	0.0450182
COBLL1_164704879	0.0283995
COBLL1_164729177	0.0501177
COL3A1_188996029	0.0414641
COL3A1_188998839	0.0241555
COL3A1_189010107	0.0237155
COL4A3_227301995	0.0746095
COL4A3_227302793	0.0746095
COL4A4_227009510	0.0170926
COL4A4_227011527	0.0176254
COL4A4_227085971	0.0212978
COL4A4_227090042	0.0676743
COL4A4_227095108	0.0174793
COL4A4_227095749	0.0174793
COL4A4_227107700	0.0242957
COL5A2_189071115	0.0233005
COL6A3_237344888	0.146124
COL6A3_237352338	0.00977652
COL6A3_237359526	0.0178326
COL6A3_237359737	0.0178326
COL6A3_237373420	0.00542141
COL6A3_237376559	0.00807938
COL6A3_237395355	0.0444534
COLEC11_3605087	0.0142751
COLEC11_3609145	0.0142751
COLEC11_3610899	0.0142751
COLEC11_3611158	0.0142751
COLEC11_3612422	0.0142751
COLEC11_3639477	0.00710213
COPS9_240132544	0.00506188
COPS9_240134428	0.00345746
COX5B_97647270	0.0938128
CPO_206958101	0.0253103
CPO_206959390	0.05524
CPS1_210573477	0.215612
CPS1_210579035	0.0922914
CPS1_210584669	0.0930333
CPS1_210605487	0.0484946
CPS1_210638853	0.270716
CPSF3_9425983	0.0234531
CPSF3_9433076	0.0159391
CREB1_207561427	0.0993059
CREB1_207563367	0.0993059
CREB1_207567293	0.0993059
CRIM1_36426220	0.0883671
CRIM1_36512057	0.0513994
CRIM1_36541454	0.0196922
CRIM1_36545436	0.0547243
CRIPT_46617777	0.0463195
CROCC2_240920724	0.015057
CROCC2_240925605	0.0146936
CROCC2_240929695	0.00588798
CROCC2_240930494	0.0149607
CROCC2_240947622	0.00646679
CROCC2_240957139	0.00168147
CROCC2_240963247	0.104552
CROCC2_240965189	0.00689139
CROCC2_240965379	0.00689139
CSRNP3_165678111	0.0254489
CTLA4_203868791	0.10014
CTNNA2_80580234	0.0965056
CWC22_179984352	0.0870004
CYP1B1_38073962	0.0290069
CYP26B1_72145044	0.327654
CYP26B1_72146032	0.327654
CYP26B1_72146619	0.327654
CYP26B1_72146838	0.327654
CYP26B1_72147115	0.327654
CYP27C1_127191474	0.0465
CYP27C1_127197547	0.030684
CYP27C1_127198689	0.030684
CYS1_10060736	0.0332383
CYS1_10061526	0.0332383
CYTIP_157431479	0.114217
D2HGDH_241738267	0.0559607
D2HGDH_241744677	0.0117581
D2HGDH_241753177	0.0251859
D2HGDH_241754188	0.0251859
DAPL1_158803746	0.121935
DAPL1_158804954	0.0768376
DAPL1_158807363	0.0811792
DARS_135923799	0.111097
DARS_135930481	0.0889387
DARS_135984877	0.16215
DBI_119369175	0.0349491
DCAF17_171477891	0.109413
DCAF17_171477895	0.109413
DCTN1_74362315	0.0388327
DDX18_117816160	0.0350077
DDX18_117820498	0.0164349
DDX1_15594880	0.035221
DDX1_15605638	0.026325
DDX1_15605865	0.026325
DGKD_233447486	0.00645814
DGUOK_73941189	0.0787536
DGUOK_73951450	0.0656688
DGUOK_73956861	0.0656688
DHX57_38803176	0.0567365
DHX57_38815837	0.0455585
DHX57_38819374	0.102161
DHX57_38843276	0.0644645
DHX57_38866686	0.0663782
DHX57_38875023	0.108679
DIS3L2_232130500	0.141495
DIS3L2_232135161	0.0455998
DNAH6_84600667	0.110014
DNAH6_84604227	0.110014
DNAH6_84611084	0.0746376
DNAH6_84671038	0.0400675
DNAH6_84673295	0.0446648
DNAH6_84680943	0.0499872
DNAH6_84707449	0.044066
DNAH6_84720633	0.0371175
DNAH6_84782624	0.0720394
DNAH6_84814587	0.0166766
DNAH7_195776225	0.0484163
DNAH7_195814008	0.0680913
DNAH7_195852808	0.0775166
DNAH7_195862775	0.0204555
DNAH7_195876850	0.0876393
DNAH7_195923464	0.0580787
DNAH7_196021696	0.0829453
DNAH7_196022017	0.0829453
DNAH7_196023538	0.0829453
DNAJB2_219283681	0.0437417
DNAJC10_182727034	0.066106
DNAJC10_182748375	0.0793554
DNAJC10_182753026	0.0531471
DNAJC27_24951969	0.070779
DNER_229586237	0.0212491
DNMT3A_25236737	0.0247333
DNMT3A_25244404	0.0675025
DNMT3A_25268238	0.0833631
DNMT3A_25280126	0.107138
DNPEP_219378774	0.0441801
DOCK10_224796665	0.0520503
DOCK10_224849385	0.0629658
DOCK10_224849852	0.0605808
DPP10_115750192	0.0633735
DPP4_162011096	0.150616
DPP4_162012049	0.0653534
DPP4_162034120	0.483683
DPYSL5_26929046	0.0390781
DQX1_74519350	0.0650031
DRC1_26431364	0.0309901
DRC1_26443485	0.0423261
DRC1_26456097	0.0207066
DTNB_25383656	0.044527
DTNB_25384034	0.060273
DTNB_25432519	0.0510445
DTNB_25433436	0.0143758
DTNB_25494557	0.087186
DTYMK_241684501	0.0310701
DUSP11_73765271	0.0481473
DUSP11_73765357	0.0481473
DUSP19_183086922	0.0531647
DYNC1I2_171725388	0.359196
DYNC2LI1_43780390	0.105962
DYNC2LI1_43787113	0.0897612
DYSF_71561551	0.154473
DYSF_71592105	0.143182
DYSF_71594028	0.143182
DYSF_71599679	0.022865
DYSF_71612416	0.269568
DYSF_71672158	0.100721
DYSF_71676110	0.0428485
DYSF_71681252	0.0234581
DYSF_71682845	0.0741494
DYTN_206694601	0.0458551
E2F6_11454327	0.0223314
EDAR_108923609	0.0382559
EFEMP1_55921589	0.143104
EFR3B_25133354	0.053413
EFR3B_25136733	0.0242871
EHBP1_62827460	0.167317
EHBP1_62952179	0.0711042
EHBP1_62990461	0.238827
EHBP1_63038497	0.292177
EHD3_31261941	0.0443435
EIF2AK2_37133510	0.142949
EIF2AK2_37135963	0.0292166
EIF4E2_232551847	0.0352368
EIF5B_99368193	0.048464
ELMOD3_85366423	0.0459663
ELMOD3_85367489	0.0459663
EMILIN1_27080730	0.0649306
EML6_54788364	0.0983317
EML6_54820201	0.053187
EML6_54848125	0.046074
EML6_54949502	0.0109278
EML6_54963689	0.0186444
EMX1_72920304	0.146522
EN1_118845671	0.106415
EPAS1_46378232	0.0284271
EPB41L5_120077536	0.0396267
EPB41L5_120085630	0.0840546
EPB41L5_120127619	0.0975786
EPC2_148769636	0.073374
EPCAM_47384685	0.0305776
EPHA4_221438300	0.266564
EPHA4_221441827	0.266564
EPHA4_221446321	0.146214
ERBB4_211664099	0.136142
ERBB4_211719357	0.0822359
ERBB4_212502541	0.0954163
ERCC3_127271822	0.0241743
ERCC3_127288401	0.0107485
ESPNL_238101585	0.00509291
EVX2_176082723	0.193053
EVX2_176082949	0.193053
EXOC6B_72180026	0.101234
EXOC6B_72499381	0.104445
EXOC6B_72629795	0.152501
EXOC6B_72763824	0.127101
FABP1_88127539	0.0186223
FAHD2A_95404080	0.0156175
FAM117B_202726159	0.0551935
FAM117B_202755497	0.13319
FAM126B_200988865	0.0661024
FAM161A_61837944	0.181217
FAM168B_131053015	0.0178152
FAM168B_131062664	0.0362389
FAM228B_24093893	0.17202
FAM49A_16560118	0.179033
FAM49A_16620763	0.047165
FAP_162199493	0.125713
FAP_162220194	0.184715
FARP2_241432450	0.0188418
FARP2_241438790	0.0244688
FARP2_241459559	0.0166154
FARP2_241466382	0.0609339
FARP2_241466388	0.0609339
FARP2_241478202	0.194293
FARP2_241486929	0.0313043
FARP2_241490334	0.01175
FARSB_222616890	0.0519746
FARSB_222625228	0.0544509
FARSB_222629424	0.0431356
FARSB_222631962	0.0512972
FARSB_222644884	0.0864442
FARSB_222646800	0.0864442
FASTKD2_206769915	0.0554527
FBLN7_112161537	0.0291164
FBXO36-IT1_229945164	0.0740131
FBXO41_73267467	0.0282364
FER1L5_96685205	0.0162486
FER1L5_96689539	0.0459738
FER1L5_96690398	0.0159931
FEZ2_36580474	0.0218049
FEZ2_36593167	0.0611898
FEZ2_36595287	0.0611898
FEZ2_36595566	0.0611898
FHL2_105382995	0.0208547
FIGLA_70789958	0.041746
FKBP1B_24060713	0.108188
FMNL2_152543296	0.0781139
FMNL2_152548087	0.0781139
FMNL2_152577229	0.0476346
FMNL2_152580739	0.0598584
FMNL2_152608012	0.0399062
FMNL2_152608725	0.0399062
FMNL2_152611395	0.0399062
FMNL2_152614136	0.0447837
FMNL2_152615742	0.0243024
FMNL2_152630429	0.0664443
FMNL2_152631948	0.0664443
FMNL2_152642637	0.148046
FN1_215431363	0.185791
FNDC4_27492851	0.0840117
FOSL2_28410224	0.0821495
FSHR_48964813	0.0604179
FSHR_48985190	0.112775
FSIP2_185761736	0.0276429
FSIP2_185786653	0.0154788
GAD1_170845049	0.182522
GAL3ST2_241800482	0.0179223
GAL3ST2_241800740	0.0179223
GAL3ST2_241802828	0.020672
GALNT3_165752358	0.0422804
GALNT5_157301992	0.105746
GALNT5_157306499	0.0303358
GAREM2_26174977	0.105593
GCC2_108452195	0.0911838
GCC2_108464083	0.145504
GCFC2_75680463	0.080299
GCFC2_75689777	0.0402692
GCFC2_75691635	0.0604972
GCFC2_75697471	0.0613426
GCFC2_75701062	0.0613426
GDF7_20668177	0.094102
GEN1_17760414	0.0534779
GEN1_17777786	0.0419317
GFPT1_69342458	0.0315142
GFPT1_69349228	0.0504527
GFPT1_69355747	0.0675018
GFPT1_69369557	0.0625038
GFPT1_69372568	0.0590103
GIGYF2_232725143	0.0973592
GIGYF2_232792270	0.0373965
GIGYF2_232794503	0.0373965
GIGYF2_232807781	0.0329393
GIGYF2_232808604	0.0329393
GIGYF2_232832789	0.134025
GIGYF2_232839603	0.0843232
GIGYF2_232842660	0.0292629
GKN1_68975156	0.0954578
GLB1L_219241521	0.0410673
GLI2_120793295	0.0534858
GLI2_120972948	0.0870199
GLI2_120978813	0.0331643
GLS_190896623	0.099637
GLS_190897259	0.099637
GMCL1_69837430	0.0970764
GMCL1_69848705	0.0742475
GMCL1_69858931	0.0933177
GMCL1_69873200	0.104613
GMPPA_219503833	0.0429634
GPAT2_96032977	0.00868315
GPAT2_96034584	0.00868315
GPC1_240449049	0.0110102
GPC1_240463120	0.0107317
GPD2_156569285	0.0519677
GPN1_27639361	0.0737715
GPN1_27647710	0.10658
GPR155_174438132	0.145756
GPR155_174470583	0.0855741
GRB14_164499005	0.228823
GREB1_11562190	0.0293692
GREB1_11585701	0.0432423
GREB1_11589773	0.0237867
GREB1_11594516	0.0289397
GREB1_11611617	0.00754942
GREB1_11624256	0.028814
GREB1_11624934	0.028814
GREB1_11635920	0.0153455
GREB1_11636617	0.0153455
GRHL1_10000262	0.0162559
GRHL1_9993830	0.0203508
GTF2A1L_48671413	0.0589216
GTF3C2_27326893	0.0486325
GTF3C2_27334339	0.0189768
GTF3C2_27342659	0.137716
GTF3C3_196781287	0.0611221
GULP1_188478759	0.0379698
HAAO_42783867	0.0341905
HAAO_42785941	0.0341905
HAAO_42790990	0.0281764
HAAO_42791015	0.0281764
HADHA_26192036	0.0213451
HADHA_26197080	0.0265358
HADHA_26197913	0.0368632
HADHA_26212868	0.0362159
HADHA_26232477	0.0662881
HADHB_26256457	0.0856098
HADHB_26258624	0.0856098
HADHB_26260440	0.0856098
HAT1_171981747	0.136236
HCG2040054_47528188	0.0138931
HDAC4_239059748	0.0210317
HDAC4_239082363	0.00726746
HDAC4_239087241	0.016547
HDAC4_239093121	0.0825279
HDAC4_239095847	0.00511245
HDAC4_239122663	0.0277631
HDAC4_239135630	0.00946706
HDAC4_239136687	0.00946706
HDAC4_239137376	0.00946706
HDAC4_239143681	0.00568784
HDAC4_239150713	0.0188288
HDAC4_239273498	0.0233975
HDAC4_239316354	0.0233975
HDLBP_241235957	0.00678431
HDLBP_241243132	0.0163415
HDLBP_241253268	0.0196807
HDLBP_241259160	0.0580242
HEATR5B_37001371	0.0443123
HEATR5B_37006242	0.0798341
HEATR5B_37007855	0.024575
HEATR5B_37007885	0.024575
HEATR5B_37011845	0.0581308
HEATR5B_37039940	0.0633585
HEATR5B_37072359	0.0412797
HEATR5B_37081088	0.0562067
HECW2_196321064	0.0559068
HECW2_196337779	0.0377432
HIBCH_190251927	0.0290037
HIBCH_190253521	0.114286
HIBCH_190317797	0.0364006
HJURP_233839061	0.00851556
HJURP_233839307	0.00851556
HJURP_233839625	0.00851556
HJURP_233843384	0.00949725
HJURP_233844521	0.0144543
HJURP_233844539	0.0144543
HJURP_233846940	0.0100228
HJURP_233847218	0.0100228
HK2_74862783	0.0610448
HK2_74872161	0.0618053
HK2_74885671	0.0704219
HK2_74889717	0.0380463
HOXD13_176094306	0.243882
HOXD3_176166547	0.308043
HS1BP3_20622026	0.0206649
HS1BP3_20641538	0.0182046
HS1BP3_20642822	0.0182046
HS1BP3_20647306	0.009249
HS1BP3_20648804	0.009249
HS1BP3_20650139	0.009249
HSPD1_197492884	0.0366766
HTR2B_231111777	0.0626101
ICA1L_202823132	0.0766155
ICA1L_202828046	0.0907256
IFIH1_162311080	0.0967263
IFT172_27472605	0.0831573
IFT172_27480939	0.0493002
IFT172_27488896	0.0847667
IGFBP2_216635788	0.0908188
IGFBP5_216678593	0.021068
IHH_219059847	0.117264
IL18R1_102358462	0.0166624
IL18R1_102386628	0.0136305
IL18RAP_102422546	0.0191663
IL18RAP_102445850	0.0170364
IL18RAP_102446058	0.0170364
IL1A_112781990	0.024874
IL1R1_102153740	0.0128362
IL1R1_102153776	0.0128362
IL1R2_102022822	0.0129106
IL1RL1_102338835	0.0337397
IL1RL2_102188755	0.00902609
IL1RL2_102222412	0.0161906
IL1RL2_102222607	0.0161906
IL1RL2_102225001	0.0161906
IL1RN_113128598	0.022351
IL1RN_113128740	0.022351
IL1RN_113129336	0.022351
IL36B_113028285	0.0242591
IL36RN_113061237	0.0102513
IL36RN_113062122	0.0102513
ILKAP_238179590	0.0199551
ILKAP_238187497	0.0248853
ILKAP_238193823	0.0339456
ILKAP_238202456	0.0209568
ING5_241702328	0.0365384
ING5_241703882	0.0365384
ING5_241722679	0.056703
ING5_241723586	0.0122207
ING5_241724173	0.0122207
INO80D_206018983	0.0695963
INO80D_206051707	0.0699748
INO80D_206057547	0.0863957
INPP1_190363468	0.036417
INPP4A_98533765	0.0301326
INPP4A_98534376	0.0301326
INPP4A_98538519	0.0222969
INPP4A_98571264	0.0121078
INPP4A_98571388	0.0121078
INPP4A_98571809	0.0121078
INPP5D_233125087	0.0199874
INPP5D_233130364	0.0337718
INPP5D_233133074	0.0530591
INPP5D_233174307	0.0603732
INPP5D_233177049	0.0603732
INPP5D_233201304	0.0258361
IQCA1_236330692	0.0390931
IQCA1_236342379	0.0775136
ITGA4_181484230	0.0921412
ITGAV_186625273	0.0172814
ITGAV_186642005	0.0502682
ITGB1BP1_9408909	0.0441034
ITM2C_230870529	0.0349102
ITM2C_230873165	0.0349102
ITSN2_24205863	0.0519803
ITSN2_24216797	0.0695932
ITSN2_24218851	0.0214067
ITSN2_24220272	0.0214067
ITSN2_24258173	0.0272208
ITSN2_24281952	0.0910878
ITSN2_24294903	0.0506038
ITSN2_24306496	0.0470968
IWS1_127486316	0.0921962
IWS1_127499941	0.0405307
KANSL1L_210028011	0.048488
KANSL1L_210030082	0.0393415
KANSL1L_210110026	0.190182
KANSL3_96611225	0.0358574
KANSL3_96611238	0.0358574
KANSL3_96617510	0.0507297
KANSL3_96637437	0.0836992
KCMF1_85033492	0.0934449
KCMF1_85037848	0.0329653
KCMF1_85046870	0.041311
KCNH7_162505033	0.124285
KCNIP3_95376635	0.0385802
KCNIP3_95377125	0.0385802
KCNJ13_232775509	0.0767086
KCTD18_200499645	0.164257
KHK_27088957	0.0309627
KHK_27092004	0.0309627
KHK_27093662	0.0984768
KHK_27096951	0.0425777
KIAA1211L_98825339	0.0162613
KIAA1841_61072479	0.0884793
KIAA1841_61081424	0.0810007
KIAA1841_61082948	0.0459051
KIAA1841_61086971	0.0903619
KIDINS220_8786441	0.014616
KIDINS220_8812218	0.0180687
KIF1A_240718694	0.00818519
KIF1A_240722681	0.0102725
KIF1A_240723590	0.0213942
KIF1A_240733388	0.0451867
KIF1A_240742483	0.00634945
KIF1A_240765862	0.0109304
KIF1A_240783816	0.00515188
KIF5C_148926103	0.140463
KIF5C_148983253	0.0745471
KLF11_10047149	0.030487
KLHL23_169736870	0.0766752
KLHL29_23692442	0.0302378
KLHL29_23693670	0.0105721
KLHL29_23703184	0.155548
KLHL29_23703531	0.0552094
KLHL29_23704849	0.0129186
KLHL30_238145216	0.0177456
KYNU_142879424	0.0401641
LBX2_74499865	0.102541
LCLAT1_30527034	0.0996349
LCT_135814173	0.0417
LCT_135831022	0.0417772
LGALSL_64454863	0.19973
LHCGR_48726985	0.122323
LHCGR_48731541	0.120693
LIMS1_108671180	0.059933
LINC00116_110213624	0.0191649
LINC00116_110216073	0.081785
LINC00116_110218213	0.0958571
LINC00116_110220879	0.0858388
LINC00116_110220950	0.0858388
LMAN2L_96708051	0.0381826
LMAN2L_96734115	0.267335
LNPK_175935707	0.20524
LNPK_175943378	0.150819
LNPK_175984809	0.117625
LONRF2_100298450	0.0209445
LONRF2_100303276	0.0285905
LPIN1_11771025	0.0173578
LPIN1_11784499	0.0109138
LPIN1_11786151	0.0107291
LPIN1_11786907	0.0107291
LPIN1_11786915	0.0107291
LPIN1_11786987	0.0107291
LPIN1_11788958	0.0700454
LPIN1_11802403	0.0527049
LRP1B_140320930	0.0433018
LRP1B_140332974	0.0532247
LRP1B_140361658	0.0261677
LRP1B_140371570	0.0310732
LRP1B_140444720	0.0337249
LRP1B_141014696	0.151096
LRP2_169133889	0.135295
LRP2_169140676	0.0402119
LRP2_169146994	0.0424558
LRP2_169171875	0.0324788
LRP2_169189765	0.0324742
LRP2_169205768	0.0779195
LRP2_169213442	0.0434486
LRP2_169258943	0.0686789
LRP2_169272470	0.0395838
LRP2_169288528	0.0821137
LRP2_169292435	0.0500495
LRPPRC_43932694	0.178363
LRPPRC_43947863	0.181173
LRRFIP1_237755029	0.0119897
LRRFIP1_237759529	0.061613
LRRFIP1_237761364	0.0663663
LTBP1_33245494	0.102516
LTBP1_33292958	0.067835
LTBP1_33300632	0.0714473
LTBP1_33364880	0.131409
LY75_159893537	0.0393252
LYG1_99290619	0.094545
LYPD6B_149205552	0.0550113
LYPD6B_149205563	0.0550113
M1AP_74562103	0.128997
M1AP_74645087	0.103385
MAL_95050893	0.0334614
MAP2_209698521	0.203663
MAP3K19_134984625	0.0610299
MAP3K20_173207504	0.125906
MAP3K20_173229535	0.185542
MAP3K20_173238746	0.144598
MAP3K20_173261503	0.029575
MAP3K20_173262244	0.029575
MAP3K2_127327049	0.053331
MAP3K2_127332320	0.083352
MAP3K2_127333838	0.083352
MAP4K3_39293555	0.156762
MAP4K3_39293750	0.156762
MAP4K4_101859488	0.28622
MAP4K4_101873455	0.350849
MAP4K4_101887353	0.173472
MARCH7_159751447	0.0385752
MARCO_118981957	0.0310441
MATN3_19994514	0.0451769
MATN3_20008488	0.0364665
MATN3_20009838	0.0364665
MATN3_20011961	0.0364665
MBD5_148487557	0.080046
MBOAT2_8872953	0.03705
MCFD2_46906394	0.0741833
MCFD2_46914416	0.038763
MCM6_135841722	0.0390571
MCM6_135851242	0.0548027
MCM6_135856999	0.0760879
MCM6_135872627	0.0274373
MDH1_63598250	0.0482138
MEMO1_31886787	0.188732
MERTK_111945498	0.0350806
MERTK_112003794	0.049014
MERTK_112026568	0.0269876
METAP1D_172075617	0.492405
METAP1D_172078700	0.245596
METTL8_171337600	0.102993
MFF_227328520	0.0451708
MFSD2B_24010357	0.0406155
MFSD2B_24010928	0.0406155
MFSD2B_24014802	0.043353
MFSD6_190488474	0.0631043
MFSD9_102735680	0.0238246
MFSD9_102736262	0.0238246
MGAT4A_98636668	0.0289682
MGAT4A_98640286	0.0382025
MGAT4A_98644053	0.0257846
MGAT4A_98645183	0.0257846
MGAT5_134186989	0.0642054
MGAT5_134342519	0.147927
MGAT5_134425734	0.0251416
MGAT5_134428120	0.0251416
MGAT5_134448357	0.0205161
MLPH_237526354	0.0149395
MLPH_237540728	0.0206194
MLPH_237546843	0.0207954
MMADHC_149581944	0.0580343
MMADHC_149582326	0.0479655
MOB4_197521246	0.0769584
MOB4_197538992	0.0881455
MOGAT1_222691567	0.0381184
MOGAT1_222693800	0.0381184
MPHOSPH10_71141484	0.0134581
MPP4_201649169	0.0807497
MPP4_201677652	0.055572
MPP4_201696233	0.0198672
MROH2A_233791272	0.0129407
MROH2A_233792955	0.017117
MROH2A_233796163	0.0622662
MROH2A_233804348	0.0701026
MROH2A_233809008	0.0183874
MROH2A_233829855	0.0127893
MROH2A_233831064	0.0127893
MRPL19_75651954	0.142951
MRPL30_99194643	0.0711813
MRPL35_86199997	0.0615654
MRPS5_95107392	0.0259196
MRPS5_95107630	0.0259196
MRPS5_95110325	0.0453639
MRPS9_105081104	0.171648
MSH2_47411726	0.054269
MSH2_47464411	0.083992
MSH2_47477090	0.0387635
MSTN_190060819	0.229431
MTA3_42601010	0.0896712
MTA3_42640125	0.0979596
MTHFD2_74211083	0.0727668
MTHFD2_74212544	0.094986
MTIF2_55241133	0.0628661
MTIF2_55253173	0.074212
MTIF2_55257355	0.0580116
MTX2_176328099	0.199407
MXD1_69917337	0.162492
MYO1B_191344930	0.111307
MYO1B_191345967	0.111307
MYO1B_191392491	0.0212939
MYO1B_191405517	0.11452
MYO1B_191416029	0.0204554
MYO3B_170399957	0.14365
MYO3B_170465008	0.0346935
MYO7B_127569968	0.0581826
MYO7B_127579464	0.0139362
MYO7B_127607808	0.0120335
MYT1L_1909903	0.0103735
NBAS_15184398	0.0447747
NBAS_15234256	0.121692
NBAS_15309465	0.0552802
NBAS_15381567	0.0382637
NBAS_15394538	0.0208623
NBAS_15417119	0.0242258
NBAS_15423562	0.0348546
NBAS_15558243	0.0544619
NBAS_15558254	0.0544619
NBAS_15561111	0.0232186
NBEAL1_203104543	0.170887
NBEAL1_203176391	0.0824472
NBEAL1_203185689	0.0845815
NCAPH_96344662	0.0401352
NCAPH_96346533	0.0401352
NCAPH_96350676	0.0401352
NCAPH_96353196	0.0114179
NCAPH_96353590	0.388158
NCAPH_96354985	0.0193954
NCAPH_96363814	0.0699186
NCK2_105876184	0.0239698
NCKAP5_132725901	0.0510095
NCKAP5_132786137	0.0324043
NCKAP5_132863424	0.105301
NCKAP5_132873935	0.122961
NCKAP5_133565033	0.092237
NCL_231459628	0.0133294
NCOA1_24694091	0.0761434
NDUFA10_240006744	0.0114485
NDUFA10_240017121	0.00864762
NDUFA10_240019005	0.00989699
NDUFS1_206138758	0.088822
NDUFS1_206143431	0.035382
NEB_151526497	0.0336382
NEB_151534492	0.126459
NEB_151541702	0.0505959
NEB_151547295	0.032599
NEB_151575499	0.0475301
NEB_151617610	0.0318139
NEB_151628956	0.0274754
NEB_151670323	0.0409815
NEB_151725624	0.129281
NEMP2_190521311	0.0876641
NFU1_69398922	0.0834739
NGEF_232925116	0.0243391
NGEF_232925142	0.0243391
NGEF_232925259	0.0243391
NHEJ1_219105205	0.191315
NIF3L1_200893594	0.0818167
NIFK_121736181	0.0110141
NMI_151273268	0.0346809
NMI_151283031	0.053947
NMS_100482137	0.0206709
NOL10_10669746	0.173111
NOL10_10673662	0.0479562
NOL10_10682818	0.0182082
NOL10_10689250	0.0515412
NOP58_202267070	0.0729252
NOSTRIN_168803976	0.0645954
NOSTRIN_168805225	0.0645954
NOSTRIN_168832629	0.092929
NOSTRIN_168846950	0.0483241
NOSTRIN_168848110	0.0483241
NOSTRIN_168862542	0.0561336
NPAS2_100883001	0.0551167
NPAS2_100931997	0.0748398
NPAS2_100935130	0.0987283
NPAS2_100967348	0.0172287
NPAS2_100968715	0.047435
NRBP1_27435555	0.566542
NT5DC4_112725884	0.0357328
NT5DC4_112725903	0.0357328
NTSR2_11659845	0.0219348
OBSL1_219553417	0.0447304
OLA1_174208507	0.169569
ORC2_200918877	0.0547008
ORC4_147973708	0.0472284
OSBPL6_178317365	0.0548745
OSBPL6_178318779	0.0548745
OTOF_26465176	0.0287336
OTOF_26470486	0.0318206
OTOF_26475572	0.0270952
OTOF_26475588	0.0270952
OTOF_26488980	0.0273352
OTOF_26503971	0.0432013
PAPOLG_60758045	0.114686
PAPOLG_60784392	0.095875
PAPOLG_60788463	0.0899104
PARD3B_204663601	0.08792
PARD3B_205119619	0.0988373
PARD3B_205179450	0.0815901
PASK_241124133	0.0171785
PASK_241125779	0.0171785
PASK_241130619	0.0180456
PASK_241136364	0.0123081
PASK_241138273	0.0155035
PASK_241139410	0.00989817
PASK_241142011	0.0044868
PAX8_113221325	0.104149
PAX8_113222593	0.104149
PDCD1_241851418	0.00077573
PDCD1_241857117	0.00567399
PDE11A_177681212	0.108119
PDE11A_177820449	0.099365
PDE11A_177847084	0.10341
PDE6D_231733564	0.0641529
PDIA6_10793285	0.0257032
PDK1_172559256	0.0936368
PDK1_172590353	0.0740834
PDK1_172591274	0.0740834
PELI1_64097061	0.0804861
PER2_238250149	0.012775
PER2_238251116	0.0111883
PER2_238262768	0.0156853
PER2_238267510	0.0202341
PER2_238272249	0.0368612
PFN4_24116369	0.0832575
PFN4_24118608	0.0832575
PGAP1_196842440	0.0555304
PGAP1_196902019	0.0605359
PIKFYVE_208286432	0.0791549
PIKFYVE_208288110	0.0791549
PIKFYVE_208301594	0.0508518
PIKFYVE_208311569	0.124928
PIKFYVE_208335055	0.0431131
PIKFYVE_208337883	0.0355687
PKP4_158583955	0.0811658
PKP4_158635638	0.0987249
PKP4_158664207	0.139497
PLA2R1_159984478	0.101752
PLA2R1_160021662	0.0920546
PLB1_28530265	0.0268501
PLB1_28539761	0.0316984
PLB1_28545200	0.0222171
PLB1_28549648	0.0286252
PLB1_28564966	0.0247569
PLB1_28568794	0.0276473
PLB1_28572654	0.0276473
PLB1_28576872	0.0530667
PLB1_28586384	0.0198894
PLB1_28588533	0.0198894
PLB1_28602521	0.0256893
PLB1_28605287	0.0148225
PLB1_28607125	0.0454868
PLB1_28611579	0.0454868
PLCD4_218617729	0.0632345
PLCD4_218622227	0.0645855
PLCD4_218630540	0.0247738
PLCL1_198087210	0.0314278
PLEKHA3_178485491	0.0997385
PLEKHA3_178495095	0.0581202
PLEKHB2_131123451	0.0301315
PLEKHH2_43638378	0.100786
PLEKHH2_43640331	0.100786
PLEKHH2_43695633	0.0703022
PLEKHH2_43716025	0.0834885
PLEKHH2_43724140	0.0515554
PLEKHH2_43743664	0.102316
PMS1_189868099	0.117519
PNO1_68173052	0.0727644
PNPT1_55643642	0.0690842
PNPT1_55654453	0.0756371
PNPT1_55678516	0.0778267
PNPT1_55679957	0.0635262
PNPT1_55693079	0.0748625
POLR1A_86044846	0.0167595
POLR1A_86054039	0.0106725
POLR1A_86070344	0.04579
POLR1A_86095035	0.057496
POLR1A_86098835	0.0251732
POLR1A_86100216	0.0652616
POLR1A_86101612	0.0652616
POLR1B_112559991	0.0840225
POLR1B_112567541	0.0623897
POLR1B_112567934	0.0623897
POLR1B_112574054	0.0231503
POLR2D_127851779	0.033741
POMC_25167426	0.0634449
POTEF_130126403	0.0983481
POTEF_130127904	0.0138186
PPIG_169607749	0.0946491
PPM1B_44217436	0.0673032
PPP1CB_28796937	0.178886
PPP1CB_28797133	0.178886
PPP1R1C_182034484	0.0903808
PPP1R1C_182061200	0.0903808
PPP1R21_48457881	0.118769
PPP1R21_48460968	0.0983445
PPP1R21_48461066	0.0983445
PPP1R21_48463325	0.0682192
PPP1R21_48489403	0.0635558
PPP1R7_241160581	0.0128634
PPP3R1_68187389	0.0361943
PPP4R3B_55569655	0.0839894
PQLC3_11159073	0.0121476
PREPL_44327313	0.0611185
PRKCE_45895953	0.0672589
PRKCE_46003022	0.199401
PRKCE_46149986	0.0353345
PRKD3_37266246	0.0760041
PROC_127427892	0.0192663
PROM2_95280379	0.0277862
PRR30_27138782	0.0616291
PRSS56_232524974	0.0337116
PSD4_113180696	0.0182651
PSD4_113187914	0.060039
PSMD14_161388959	0.189025
PSMD1_231057986	0.0653882
PSMD1_231062098	0.053317
PSMD1_231070313	0.0649688
PSMD1_231073379	0.112106
PSMD1_231076312	0.0573776
PSME4_53890377	0.0595083
PSME4_53899531	0.0328689
PSME4_53903572	0.0221116
PSME4_53903818	0.0221116
PSME4_53913870	0.0911176
PSME4_53934303	0.0477533
PSME4_53938279	0.0384211
PTCD3_86124667	0.0162256
PTCD3_86125234	0.0252634
PTCD3_86128635	0.0227406
PTMA_231709399	0.0915905
PTPN18_130358683	0.0171095
PTPN4_119929830	0.088099
PTPN4_119954962	0.0550182
PTPN4_119971541	0.136696
PTPRN_219306657	0.043508
PUM2_20285213	0.0397602
PUS10_60945327	0.044196
PUS10_60951417	0.0735857
PUS10_60964709	0.100441
PXDN_1661986	0.0073472
PXDN_1673932	0.00749486
PXDN_1675092	0.00749486
QPCT_37360151	0.113801
QPCT_37371781	0.0650735
R3HDM1_135622352	0.0916871
R3HDM1_135645763	0.0956949
R3HDM1_135717006	0.0659758
RAB17_237581799	0.00670581
RAB17_237584333	0.00670581
RAB3GAP1_135122869	0.132757
RAB3GAP1_135129732	0.0684724
RALB_120279224	0.0238617
RAPGEF4_172966066	0.20333
RAPGEF4_172983231	0.121675
RAPGEF4_172985308	0.0184352
RAPGEF4_172987797	0.0940381
RAPGEF4_173014763	0.0415473
RAPGEF4_173019593	0.104885
RAPGEF4_173029905	0.203139
RAPGEF4_173032859	0.14545
RAPH1_203454232	0.0610027
RAPH1_203459576	0.0962601
RAPH1_203491527	0.0940498
RBM44_237822372	0.0287674
RBM44_237825840	0.0249947
RBM44_237829079	0.0519813
RBM45_178113654	0.0325116
RBM45_178122395	0.0629574
RBMS1_160275971	0.0543898
RBMS1_160318488	0.0805469
RDH14_18559286	0.13539
REG3A_79157396	0.0154209
REL_60892170	0.101285
REL_60894213	0.101285
REL_60897469	0.0871084
RETSAT_85350273	0.0241394
RFX8_101412114	0.051099
RHBDD1_226989800	0.0809686
RIF1_151412012	0.030539
RIF1_151460320	0.0412711
RIF1_151468308	0.188951
RMDN2_37993589	0.0573776
RMDN2_37996574	0.0573776
RNASEH1_3550666	0.0110969
RNASEH1_3553827	0.0606286
RNF103_86620764	0.071099
RNF144A_7018267	0.0157851
RNF144A_7021866	0.0108671
RNF144A_7028299	0.00711339
RNF144A_7029597	0.00711339
RNF149_101289740	0.041049
RNF25_218668826	0.0921295
RNPEPL1_240570135	0.0116635
RP11-507M3.1_24144570	0.102462
RP11-811O14.1_224714366	0.0336129
RPE_210014391	0.0277725
RPE_210018044	0.0463537
RPIA_88698684	0.0870902
RSAD2_6881193	0.0191242
RSAD2_6887822	0.0118246
RTKN_74431382	0.0493862
RTKN_74435083	0.0717901
RTKN_74439311	0.0717901
RUFY4_218072060	0.0509584
RUFY4_218076065	0.0144694
RUFY4_218077744	0.0201636
SAG_233319395	0.0213571
SAG_233340295	0.0286919
SAP130_127943693	0.04667
SAP130_127995867	0.0287859
SAP130_128016971	0.0698269
SATB2_199373604	0.0907382
SATB2_199419497	0.148777
SCG2_223599890	0.168317
SCLY_238083847	0.100582
SCN2A_165309163	0.53479
SCN2A_165324775	0.0409526
SCN2A_165329350	0.162707
SCN2A_165368164	0.041134
SCN3A_165141622	0.0839099
SCN3A_165162853	0.16019
SCN3A_165163893	0.407286
SCN3A_165168567	0.0457573
SCN7A_166443166	0.0277023
SCN7A_166468686	0.0388757
SCN9A_166240786	0.0268021
SCN9A_166275972	0.0319313
SCN9A_166304383	0.0557332
SCRN3_174399423	0.11136
SCRN3_174425536	0.138978
SCTR_119441895	0.0339475
SCTR_119448557	0.0395474
SCTR_119449049	0.0234559
SCTR_119451171	0.0234559
SCTR_119463359	0.0341682
SCTR_119473801	0.0196873
SDC1_20204712	0.0254129
SELENOI_26358342	0.0856591
SELENOI_26374888	0.0805099
SELENOI_26377043	0.0604623
SEMA4F_74655013	0.0790249
SEPT10_109562293	0.0499972
SEPT10_109565052	0.0390309
SERPINE2_224028450	0.0504724
SESTD1_179182759	0.0683828
SF3B1_197416935	0.042908
SFXN5_72967162	0.0623856
SFXN5_72971200	0.0624783
SFXN5_72971951	0.13874
SFXN5_73045853	0.112951
SGO2_200534066	0.0510647
SGO2_200536928	0.103516
SGO2_200570280	0.0543768
SH3BP4_235013864	0.0147049
SH3BP4_235039570	0.0174429
SH3BP4_235040725	0.0174429
SH3BP4_235047026	0.0125493
SH3BP4_235053110	0.013371
SH3YL1_234519	0.0541839
SIX2_45007664	0.0439148
SLC1A4_65017606	0.0442083
SLC23A3_219163072	0.0554512
SLC25A12_171831773	0.165234
SLC25A12_171835547	0.324355
SLC25A12_171837638	0.131877
SLC30A3_27262250	0.100333
SLC30A6_32169617	0.0441239
SLC35F5_113722821	0.0958978
SLC35F5_113725043	0.0840444
SLC35F5_113734773	0.134453
SLC35F5_113746380	0.0757322
SLC38A11_164909592	0.0952538
SLC39A10_195730615	0.032961
SLC3A1_44307380	0.1092
SLC40A1_189578218	0.0652856
SLC4A10_161900779	0.0594628
SLC4A3_219637544	0.121282
SLC4A5_74228941	0.0228108
SLC4A5_74234932	0.0199187
SLC4A5_74235261	0.0594553
SLC4A5_74242365	0.0713602
SLC4A5_74246608	0.0713602
SLC4A5_74255244	0.0275215
SLC4A5_74331727	0.0887214
SLC4A5_74340719	0.0317285
SLC5A6_27202136	0.0290041
SLC5A7_107987211	0.0331946
SLC5A7_107992777	0.0569388
SLC5A7_107994200	0.0361465
SLC5A7_108005682	0.0164089
SLC9A2_102659879	0.018611
SLC9A2_102664681	0.018611
SLC9A2_102704822	0.0313769
SLC9A2_102706135	0.0198284
SLC9A4_102521323	0.0274469
SMARCAL1_216423807	0.0732543
SMARCAL1_216433877	0.0290587
SMARCAL1_216447552	0.0726786
SMARCAL1_216481105	0.0397071
SMC6_17675431	0.054598
SMC6_17695962	0.0418587
SMC6_17701688	0.0396283
SMC6_17719627	0.0395118
SMC6_17726778	0.0508743
SMC6_17731405	0.0312479
SMC6_17733992	0.0327408
SMC6_17739248	0.0565735
SMC6_17747175	0.0457379
SMPD4_130171528	0.0592358
SMYD1_88089086	0.0294503
SMYD1_88096940	0.0728691
SMYD1_88109957	0.0421411
SMYD1_88109962	0.0421411
SMYD5_73221784	0.050225
SMYD5_73222367	0.0303617
SMYD5_73223808	0.0778913
SNED1_241034374	0.021724
SNED1_241039528	0.00627343
SNED1_241044529	0.0602469
SNED1_241067512	0.00554151
SNED1_241068090	0.00985566
SNED1_241080871	0.121887
SNED1_241082248	0.0182712
SNRNP200_96277460	0.0348283
SNRNP200_96291942	0.0244304
SNRNP200_96298996	0.0468837
SNRNP27_69895053	0.015306
SNTG2_1239679	0.0168965
SNTG2_1309044	0.0114173
SNTG2_1310626	0.0114173
SOS1_39002642	0.0650165
SOS1_39067086	0.094305
SOS1_39080406	0.104256
SP100_230444880	0.0176367
SP100_230448242	0.0120265
SP100_230468087	0.0287685
SP100_230499777	0.027783
SP100_230511672	0.141973
SP100_230513436	0.141973
SP110_230207600	0.0381034
SP110_230218684	0.015693
SP140_230245807	0.00916496
SP140_230248454	0.0401087
SP140_230249149	0.0245527
SPAG16_213300519	0.0924396
SPAST_32071042	0.0959458
SPAST_32144791	0.0691105
SPATS2L_200460045	0.0988109
SPEG_219444419	0.293952
SPEG_219444425	0.293952
SPEG_219446758	0.284286
SPEG_219464239	0.066781
SPOPL_138560175	0.0687416
SPOPL_138568350	0.0652917
SPP2_234069795	0.0177625
SPRED2_65379828	0.0382985
SPTBN1_54621277	0.0769906
SPTBN1_54623317	0.0538002
SPTBN1_54627917	0.0311096
SPTBN1_54641872	0.0624456
SPTBN1_54647060	0.0179573
SPTBN1_54648083	0.0228184
SPTBN1_54650054	0.0115189
SPTBN1_54657783	0.02143
SRBD1_45419196	0.239745
SRBD1_45562200	0.0752266
SRBD1_45581363	0.0706081
SRBD1_45603935	0.0593984
SRD5A2_31531065	0.0387083
SSB_169800637	0.0464689
ST3GAL5_85863160	0.0190754
ST6GAL2-IT1_106823805	0.0371133
ST6GAL2_106833391	0.04778
ST6GAL2_106837449	0.0326244
ST6GAL2_106838497	0.0326244
STAM2_152142911	0.0722559
STAM2_152150319	0.0795172
STAT1_191011600	0.0380761
STAT1_191012907	0.0380761
STAT1_191013333	0.0380761
STAT4_191038800	0.0861945
STAT4_191063505	0.0680779
STK11IP_219604381	0.0976404
STK11IP_219605039	0.0976404
STK11IP_219612986	0.0184415
STK25_241496753	0.00887512
STK25_241503861	0.00998142
STK25_241506330	0.00998142
STK25_241507739	0.00998142
STK25_241507857	0.00998142
STK36_218682802	0.113061
STK36_218683204	0.113061
STK36_218691151	0.0456137
STK39_167957836	0.0556735
STK39_168016474	0.143558
STK39_168060481	0.084188
STK39_168075335	0.0561903
STRADB_201472610	0.0567788
STRN_36855551	0.0740611
SUCLG1_84425137	0.0469038
SUCLG1_84439338	0.071712
SUCLG1_84442901	0.0651579
SULT1C2_108294681	0.0273529
SULT1C4_108378991	0.0304857
SULT6B1_37181365	0.0282148
SULT6B1_37182207	0.0282148
TACR1_75050715	0.0183235
TAF1B_9916129	0.0374668
TANC1_159174917	0.0193888
TANC1_159176717	0.0993466
TANC1_159180929	0.0255796
TANC1_159186786	0.0545689
TANC1_159194255	0.0629986
TANC1_159195084	0.0129593
TANC1_159197466	0.154589
TANC1_159223911	0.0443591
TANK_161203650	0.157519
TBC1D8_101033865	0.0126622
TBC1D8_101054470	0.0215871
TBC1D8_101058607	0.0215871
TCF7L1_85306025	0.0245037
TDRD15_21135435	0.0653485
TEKT4_94876033	0.00946667
TET3_74082900	0.0205525
TET3_74083582	0.0205525
TET3_74093417	0.0227114
TFCP2L1_121238444	0.0129104
TFCP2L1_121240638	0.0272754
TFCP2L1_121241058	0.0272754
TFCP2L1_121244673	0.00987374
TFCP2L1_121248427	0.0526976
TGFA_70460478	0.0606075
TGFA_70465855	0.0841197
TGFBRAP1_105273371	0.0208034
TGFBRAP1_105296596	0.017953
THADA_43231825	0.127508
THADA_43552832	0.0768437
THADA_43579807	0.0539007
THAP4_241593317	0.0739782
THAP4_241603248	0.0198741
THAP4_241615697	0.0595277
THAP4_241634696	0.017776
THAP4_241636486	0.017776
THNSL2_88178714	0.0216643
THSD7B_137231954	0.172342
THSD7B_137405960	0.0410507
THSD7B_137619614	0.0306292
TIA1_70236201	0.0750961
TLK1_171112055	0.108548
TM4SF20_227370320	0.0231062
TMEFF2_192186284	0.137661
TMEM131_97770933	0.0463228
TMEM131_97771956	0.0463228
TMEM131_97815606	0.0521915
TMEM131_97841012	0.0341162
TMEM163_134717121	0.125171
TMEM17_62504293	0.125491
TMEM198_219545734	0.0805379
TMEM198_219548993	0.0495692
TMEM237_201629610	0.062899
TMEM237_201629614	0.062899
TMEM237_201632378	0.0636361
TMEM247_46480250	0.0172521
TMEM37_119435038	0.0286696
TMEM87B_112078103	0.0969764
TMEM87B_112082876	0.0178765
TMEM87B_112097510	0.0541896
TMEM87B_112110682	0.0472341
TNS1_217815774	0.0740045
TNS1_217817024	0.0740045
TNS1_217833269	0.0570313
TNS1_217886646	0.0641479
TNS1_217900200	0.0432659
TOGARAM2_29034140	0.0174595
TOGARAM2_29037054	0.0635566
TOGARAM2_29037842	0.0635566
TP53I3_24083508	0.0293359
TPO_1422808	0.0817354
TPO_1434245	0.00803933
TPO_1434858	0.00803933
TPO_1477696	0.0142924
TPO_1482498	0.0142924
TRAF3IP1_238344180	0.0192409
TRAF3IP1_238353713	0.0406636
TRAF3IP1_238354967	0.0406636
TRAPPC12_3422255	0.011566
TRAPPC12_3457402	0.0312875
TRAPPC12_3462244	0.0377337
TRAPPC12_3463658	0.0377337
TRAPPC12_3463943	0.0377337
TRAPPC12_3464527	0.0377337
TRIP12_229779238	0.0150857
TRIP12_229782779	0.0150857
TRIP12_229791506	0.0395879
TRIP12_229830902	0.0257736
TRPM8_233926984	0.0313075
TRPM8_233928643	0.0313075
TRPM8_233945243	0.0398082
TRPM8_233947031	0.0212157
TRPM8_233947035	0.0212157
TRPM8_233962104	0.0247052
TRPM8_233965488	0.00695194
TRPM8_233981551	0.0135944
TRPM8_234007920	0.014291
TRPM8_234014895	0.014503
TSGA10_99019388	0.0380031
TSGA10_99067952	0.0553869
TSSC1_3196801	0.103165
TSSC1_3343315	0.0444527
TTC21B_165904718	0.0529594
TTC21B_165941281	0.0323441
TTC27_32634637	0.0421806
TTC27_32634960	0.0421806
TTC27_32666598	0.075084
TTC27_32672109	0.0642677
TTC27_32672169	0.0642677
TTC27_32673780	0.071726
TTC27_32820414	0.0829223
TTC7A_46947044	0.0517367
TTC7A_46953591	0.0386415
TTC7A_46953777	0.0386415
TTC7A_47027081	0.0284379
TTC7A_47040787	0.0702897
TTC7A_47052946	0.0500878
TTLL4_218740462	0.0550623
TTLL4_218754075	0.0395496
TTL_112496027	0.0536338
TTL_112521340	0.104753
TTL_112521833	0.104753
TTN_178804950	0.150637
TUBA4A_219252284	0.194418
TXNDC9_99328843	0.0473459
TXNDC9_99331978	0.0473459
TYW5_199950721	0.087327
TYW5_199951686	0.087327
UBE2E3_180996639	0.0849365
UBE2F_238021870	0.0198793
UBE2F_238025172	0.0198793
UBE2F_238027264	0.0202397
UBE2F_238038784	0.0185085
UBR3_169892558	0.134932
UBR3_169919172	0.119212
UBR3_169927253	0.132773
UBR3_169929728	0.069257
UBXN4_135751129	0.0828108
UBXN4_135755463	0.0841356
UBXN4_135778523	0.0560462
UGGT1_128093475	0.0466722
UGGT1_128118817	0.048181
UGGT1_128135239	0.0646932
UGGT1_128154221	0.0390608
UGGT1_128179615	0.0267434
UGT1A1_233766362	0.030239
UNC50_98614313	0.062306
UNC50_98614469	0.062306
UNC50_98614785	0.062306
UNC80_209788909	0.0890925
UPP2_158103967	0.134606
UPP2_158104293	0.134606
USP34_61226268	0.146783
USP34_61248237	0.0434801
USP34_61314000	0.177117
USP34_61315409	0.0388175
USP34_61391203	0.0635254
USP37_218465587	0.0524665
USP37_218483028	0.102736
USP37_218496033	0.0745188
USP37_218549361	0.0508123
USP39_85627408	0.0583398
USP40_233479944	0.0159292
USP40_233480015	0.0159292
USP40_233480122	0.0159292
USP40_233491478	0.0216144
USP40_233497583	0.0253971
USP40_233529069	0.0228267
USP40_233530582	0.0544198
USP40_233554143	0.0534605
USP40_233559415	0.0151967
UXS1_106098947	0.0102246
UXS1_106109109	0.0134333
UXS1_106110646	0.0134333
UXS1_106111390	0.0134333
UXS1_106112285	0.0134333
UXS1_106117645	0.0231743
VAMP5_85591388	0.105559
VIL1_218431716	0.0305184
VIL1_218437568	0.0357167
VIT_36774916	0.0500243
VIT_36775897	0.0460445
VPS54_63914509	0.0681566
VPS54_63920228	0.0839222
VPS54_63949313	0.0977825
VPS54_63971409	0.0766878
VRK2_58131585	0.317295
VSNL1_17627169	0.0529921
VSNL1_17652887	0.0140928
VWA3B_98117164	0.0598163
WDCP_24035401	0.0733691
WDFY1_223909448	0.0358183
WDPCP_63436881	0.503368
WDR12_202906501	0.135186
WDR33_127715042	0.0996878
WDR33_127715727	0.0996878
WDR33_127727015	0.0489322
WDR33_127727019	0.0489322
WDR33_127766607	0.048653
WDR35_19946066	0.0370668
WDR35_19974773	0.0566462
WDR35_19977924	0.0745818
WDR35_19984301	0.11514
WDR35_19985034	0.11514
WDR35_19986682	0.11514
WDR43_28906888	0.0318118
WDR43_28927524	0.104284
WDR75_189446717	0.0264703
WDR75_189448126	0.0264703
WDR75_189471584	0.030199
WDSUB1_159251140	0.0541576
WDSUB1_159258173	0.0495493
WNT10A_218881466	0.0936559
WNT10A_218882867	0.11733
XDH_31336832	0.0157904
XDH_31338662	0.0247762
XDH_31339811	0.0167614
XDH_31344869	0.0222948
XDH_31344874	0.0222948
XDH_31344879	0.0222948
XDH_31355031	0.130705
XDH_31371987	0.0200223
XDH_31397847	0.0157023
XRCC5_216114486	0.0486243
XRCC5_216121929	0.0992987
XRCC5_216121933	0.0992987
XRCC5_216124614	0.0563615
XRCC5_216141480	0.0420275
XRCC5_216144338	0.0420275
XRCC5_216161763	0.0411723
XRCC5_216193534	0.133336
ZAP70_97725929	0.0228102
ZAP70_97728451	0.0228102
ZAP70_97736545	0.0318175
ZAP70_97736979	0.0318175
ZC3H15_186495564	0.0908127
ZC3H8_112250574	0.0380984
ZEB2_144404472	0.711226
ZNF142_218646348	0.0292472
ZNF142_218656510	0.016266
ZNF2_95177271	0.0309043
ZNF2_95178361	0.0416061
ZNF385B_179445271	0.0505979
ZNF638_71353460	0.163815
ZNF638_71361103	0.0698947
ZNF638_71367397	0.0528127
ZNF638_71404619	0.0257447
ZNF638_71406048	0.0737814
ZRANB3_135204202	0.096647
ZRANB3_135206054	0.096647
ZRANB3_135217088	0.12271
ZRANB3_135226452	0.0727744
ZRANB3_135347514	0.0481479
AADAC_151815965	0.0179344
AADAC_151819330	0.0582505
ABCC5_183947135	0.0423685
ABCC5_183949917	0.159756
ABCC5_183967900	0.0237866
ABCC5_183978975	0.0342081
ABCC5_184017049	0.0766366
ABCC5_184017137	0.0766366
ABHD10_111982656	0.0710691
ABHD10_111983464	0.0710691
ABHD10_111986076	0.0710691
ABHD10_111987715	0.0439556
ABHD5_43692357	0.0897858
ABHD5_43699070	0.0897858
ABHD5_43704480	0.0395188
ABHD5_43706225	0.0395188
ABHD6_58267187	0.0615356
ABHD6_58268981	0.0398567
ABHD6_58289216	0.0442039
ABI3BP_100751946	0.0345351
ABI3BP_100799223	0.0550737
ABI3BP_100899780	0.0337695
ABI3BP_100901973	0.0337695
ACAA1_38132921	0.0213104
ACAD11_132604977	0.0421215
ACAD11_132627620	0.0559967
ACAD11_132638124	0.113568
ACAD11_132640506	0.0382657
ACAD11_132643268	0.0483581
ACAD9_128885533	0.13718
ACAD9_128901536	0.028015
ACAP2_195417845	0.0970487
ACOX2_58512354	0.0850221
ACOX2_58529556	0.0138111
ACOX2_58532633	0.0310074
ACPP_132333492	0.029912
ACTL6A_179569009	0.0714946
ACTR8_53869439	0.0183584
ADAMTS9_64533565	0.0635169
ADAMTS9_64566067	0.120274
ADAMTS9_64647578	0.0654605
ADCY5_123291836	0.0175768
ADCY5_123330024	0.0440925
AHSG_186614627	0.0195863
ALAS1_52202398	0.0741934
ALCAM_105547123	0.0218731
ALCAM_105547775	0.109234
ALDH1L1_126125208	0.0103978
ALDH1L1_126132369	0.010966
ALDH1L1_126135935	0.00965577
ALDH1L1_126147296	0.0177531
ALS2CL_46677839	0.0160186
ALS2CL_46678612	0.0184634
ANKRD28_15677954	0.0914443
ANKRD28_15689536	0.105569
ANKRD28_15709924	0.0498514
ANKRD28_15723940	0.0382333
ANKRD28_15801395	0.0968284
ANKRD28_15855585	0.0968284
APEH_49675153	0.0277861
APEH_49680486	0.0320882
APOD_195569323	0.023362
APOD_195575963	0.057292
APOD_195579124	0.057292
APPL1_57245009	0.0735922
ARHGAP31_119386771	0.0883002
ARHGAP31_119390076	0.0883002
ARHGAP31_119404737	0.0471278
ARHGEF26_154190165	0.0211962
ARHGEF26_154192008	0.0318871
ARHGEF26_154220492	0.0556791
ARHGEF26_154254643	0.0253516
ARHGEF3_56732740	0.0623706
ARL6_97785781	0.0603966
ARMC8_138233187	0.0793961
ARMC8_138234537	0.0793961
ARMC8_138265039	0.0404239
ARMC8_138289361	0.0456596
ARMC8_138289424	0.0456596
ARMC8_138290461	0.0456596
ARMC8_138291922	0.0333604
ARMC8_138295715	0.0333604
ARPC4-TTLL3_9814884	0.0927846
ARPC4_9793361	0.0533438
ARPC4_9793432	0.0533438
ARPP21_35740062	0.101652
ASB14_57290197	0.0740646
ATG3_112557492	0.0842733
ATG7_11358327	0.0518351
ATP11B_182836284	0.0921407
ATP11B_182897251	0.0449069
ATP11B_182897514	0.0734642
ATP11B_182917637	0.167777
ATP13A3_194424927	0.0642648
ATP13A3_194424931	0.0642648
ATP13A3_194425026	0.0642648
ATP13A3_194470363	0.0851247
ATP13A4_193441789	0.267049
ATP13A4_193446829	0.0431761
ATP13A4_193460024	0.0196351
ATP13A4_193460931	0.0196351
ATP13A5_193314787	0.0123085
ATP13A5_193318510	0.0452001
ATP13A5_193330551	0.0674989
ATP1B3_141897226	0.0794817
ATP2B2_10346377	0.0174071
ATP2B2_10355110	0.0388438
ATP2B2_10380847	0.117937
ATP2B2_10403804	0.0306116
ATP2C1_130937283	0.0725173
ATP2C1_130975281	0.0520738
ATP2C1_130995355	0.0643606
ATP2C1_130998575	0.0225514
ATP6V1A_113805710	0.106082
ATRIP_48461012	0.0517307
ATR_142494493	0.071673
ATR_142508302	0.0846566
ATR_142514748	0.0625843
ATR_142515638	0.0538618
ATXN7_63993045	0.0144635
AZI2_28329871	0.0548221
B4GALT4_119219577	0.0204458
B4GALT4_119221584	0.0204458
B4GALT4_119229097	0.0243676
B4GALT4_119231322	0.043132
B4GALT4_119236791	0.0544725
BBX_107523720	0.762191
BBX_107746891	0.0586165
BBX_107799838	0.102672
BCL6_187725191	0.0310476
BCL6_187725292	0.0310476
BCL6_187725309	0.0310476
BCL6_187725326	0.0310476
BCL6_187725373	0.0310476
BCL6_187725828	0.0949546
BCL6_187731516	0.0522413
BDH1_197532647	0.0348986
BFSP2_133470273	0.0394312
BOC_113250251	0.027629
BOC_113274325	0.0173911
BOC_113275001	0.130606
BOC_113275113	0.130606
BOC_113276829	0.130606
BOC_113278321	0.0310771
BOC_113282513	0.0227036
BSN_49667207	0.0409212
BSN_49667506	0.0409212
BTLA_112467272	0.0261266
C3orf18_50563970	0.0442891
C3orf20_14683403	0.0176705
C3orf20_14684528	0.0335985
C3orf20_14703560	0.0277439
C3orf49_63828079	0.104866
C3orf52_112087121	0.0271471
C3orf52_112109875	0.0311233
CACNA1D_53496006	0.340375
CACNA1D_53666885	0.151344
CACNA1D_53723302	0.0243587
CACNA1D_53740058	0.0468606
CACNA1D_53744929	0.0248932
CACNA1D_53746684	0.0118001
CACNA1D_53801831	0.064147
CACNA2D2_50369276	0.167984
CACNA2D2_50376710	0.044608
CACNA2D2_50381585	0.182748
CACNA2D2_50384620	0.202099
CACNA2D3_54838486	0.0410217
CACNA2D3_54871290	0.0887062
CADPS_62477117	0.247169
CADPS_62497474	0.278291
CADPS_62498916	0.278291
CADPS_62515361	0.711985
CADPS_62532776	0.235624
CADPS_62554552	0.0672162
CADPS_62557726	0.0561008
CAMK1_9763482	0.0439886
CAMK1_9763687	0.0439886
CAMP_48224260	0.0187223
CAND2_12797435	0.0499037
CAND2_12797866	0.0499037
CAND2_12798464	0.0499037
CAND2_12808091	0.0840314
CAND2_12809677	0.0840314
CAND2_12818684	0.0117669
CAPN7_15207239	0.053476
CAPN7_15207373	0.053476
CAPN7_15227294	0.0492637
CASR_122257079	0.0643481
CBLB_105682483	0.102993
CBLB_105684460	0.102993
CCDC12_46978201	0.0939231
CCDC13_42730649	0.0672216
CCDC13_42731116	0.0672216
CCDC13_42740346	0.0150797
CCDC14_123949770	0.0894131
CCDC174_14652521	0.0340247
CCDC191_114004785	0.0300171
CCDC191_114009122	0.175587
CCDC191_114045663	0.0713523
CCDC80_112631319	0.0810137
CCR4_32953140	0.0195639
CD200R1L_112826910	0.0927772
CD200R1L_112828834	0.0151805
CD200R1_112930614	0.00875094
CD200_112343538	0.0510566
CD80_119535711	0.134491
CD80_119538079	0.119513
CD86_122111624	0.0970012
CD86_122112478	0.0970012
CDC25A_48159238	0.0315853
CDC25A_48159810	0.136704
CDCP1_45089753	0.0296568
CDCP1_45090466	0.0296568
CDCP1_45118127	0.0318007
CDHR4_49792801	0.0567037
CDV3_133586859	0.280212
CELSR3_48639106	0.0224962
CELSR3_48649471	0.142081
CELSR3_48649475	0.142081
CELSR3_48656629	0.0389548
CEP63_134489806	0.0594952
CEP63_134539441	0.0942333
CEP70_138535680	0.0648229
CEP97_101760076	0.0819229
CFAP100_126395787	0.0211267
CFAP100_126416046	0.00791948
CFAP100_126422525	0.0192207
CFAP44_113363720	0.0669661
CFAP44_113379682	0.0386971
CFAP44_113401489	0.103878
CFAP44_113426420	0.151666
CHCHD6_126728768	0.0455249
CHCHD6_126958048	0.0578411
CHDH_53820160	0.0175369
CHDH_53820232	0.0175369
CHL1_325793	0.0615277
CHL1_382955	0.0351958
CHRD_184385859	0.055176
CHST13_126538793	0.0327791
CHST13_126541265	0.0327791
CIDEC_9872009	0.0472036
CLASP2_33543683	0.032715
CLCN2_184349779	0.124726
CLDN11_170419701	0.0201969
CLDN11_170419798	0.0201969
CLEC3B_45030768	0.025563
CLSTN2_140465205	0.0326215
CLSTN2_140563817	0.0161585
CMSS1_100165160	0.103002
CMTM6_32498829	0.0479305
CMTM8_32367819	0.0231365
CNOT10_32712282	0.037185
CNOT10_32763289	0.0728102
CNTN3_74266676	0.0284188
CNTN3_74296570	0.031018
CNTN3_74363006	0.0253203
CNTN3_74365782	0.0890376
CNTN4_2883727	0.110432
CNTN6_1221051	0.0949957
CNTN6_1402836	0.0342551
CNTN6_1403155	0.0342551
COL6A5_130378804	0.0254552
COL6A5_130379246	0.0254552
COL6A5_130395812	0.0279495
COL6A5_130439415	0.0679939
COL6A6_130598068	0.0357991
COL6A6_130599990	0.0530119
COL7A1_48588151	0.0222135
COL7A1_48588155	0.0222135
COL7A1_48588216	0.0222135
COL7A1_48594209	0.0229925
COLQ_15452460	0.00869835
COLQ_15461651	0.0426298
COLQ_15474487	0.0499371
COLQ_15489036	0.0221865
COPG1_129266702	0.0185914
COPG1_129270478	0.0292816
COPG1_129272046	0.0228353
CPNE4_131555827	0.0750718
CPNE4_131581842	0.0286262
CPNE4_131582797	0.0286262
CPNE4_132284728	0.0780552
CPNE4_132284732	0.0780552
CPNE9_9713296	0.0652639
CPNE9_9716425	0.0338444
CP_149180972	0.0193937
CP_149183067	0.0328131
CP_149209954	0.0336266
CP_149214208	0.0539355
CRBN_3169222	0.0304488
CRBN_3178236	0.0239841
CRTAP_33121681	0.0370713
CRTAP_33141805	0.103697
CRYBG3_97895371	0.0405693
CRYBG3_97896862	0.0427934
CRYGS_186540673	0.035387
CRYGS_186544216	0.035387
CSPG5_47572364	0.127842
CSRNP1_39145311	0.0544636
CSRNP1_39146807	0.190754
CTDSPL_37959025	0.0579599
CTDSPL_37964291	0.0579599
CYB561D2_50351694	0.120031
CYB561D2_50351698	0.120031
CYB561D2_50352752	0.15503
DAZL_16594778	0.0659507
DAZL_16599868	0.0385186
DBR1_138169208	0.0534041
DCAF1_51416976	0.057922
DCAF1_51423356	0.0759613
DCBLD2_98817562	0.0440532
DCBLD2_98823613	0.0297738
DCBLD2_98825414	0.0883294
DCUN1D1_182952549	0.0901683
DENND6A_57633078	0.0586443
DENND6A_57637211	0.0688198
DENND6A_57660948	0.124454
DGKG_186255301	0.0270893
DGKG_186257272	0.0270893
DGKG_186261482	0.0415586
DGKG_186270791	0.055237
DHX30_47809700	0.0717223
DHX30_47810344	0.0717223
DHX30_47849449	0.0612178
DHX36_154276433	0.064259
DHX36_154289394	0.039289
DHX36_154290843	0.0283521
DHX36_154303502	0.029567
DHX36_154309990	0.0411131
DHX36_154310479	0.0411131
DLEC1_38060114	0.0303981
DLEC1_38103823	0.107414
DLEC1_38111516	0.0276624
DLEC1_38120087	0.0105299
DLEC1_38120816	0.0129136
DLG1_197084255	0.0685473
DNAH1_52317761	0.0265037
DNAH1_52317765	0.0265037
DNAH1_52323480	0.0384012
DNAH1_52328722	0.0819454
DNAH1_52344330	0.115532
DNAH1_52347704	0.0292327
DNAH1_52349929	0.0251919
DNAH1_52350214	0.0279549
DNAH1_52350219	0.0279549
DNAH1_52354750	0.0185666
DNAH1_52360806	0.0227064
DNAH1_52367112	0.0332056
DNAH1_52367506	0.0332056
DNAH1_52398848	0.076329
DNAH1_52400193	0.0214624
DNAJB11_186571388	0.0905217
DNAJC13_132522611	0.0473169
DNAJC13_132528103	0.0264268
DNASE1L3_58200482	0.0526332
DNASE1L3_58203127	0.0730768
DNASE1L3_58205850	0.0322826
DNASE1L3_58209655	0.0346783
DOCK3_51274938	0.0725628
DOCK3_51277537	0.117419
DOCK3_51325222	0.124843
DOCK3_51334301	0.0560376
DOCK3_51341812	0.0744357
DOCK3_51360861	0.0591892
DOCK3_51377471	0.1005
DOCK3_51378998	0.1005
DPH3_16262232	0.0356589
DPPA2_109309936	0.0542726
DPPA4_109332784	0.0141572
DRD3_114132816	0.075772
DTX3L_122567187	0.0407903
DZIP1L_138065978	0.0247239
DZIP1L_138066877	0.0247239
DZIP1L_138078605	0.0217181
DZIP1L_138083704	0.0380933
DZIP1L_138084682	0.161127
DZIP1L_138087237	0.0292649
DZIP1L_138095050	0.0813275
DZIP1L_138095068	0.0813275
DZIP1L_138100357	0.217664
DZIP3_108654444	0.135879
DZIP3_108661694	0.135879
DZIP3_108664132	0.0780595
EAF2_121854454	0.136195
ECE2_184250506	0.0532877
ECE2_184255818	0.0532877
ECE2_184285947	0.0384764
ECT2_172754371	0.0406784
ECT2_172779009	0.0725687
ECT2_172782714	0.0527951
ECT2_172811014	0.0587531
EDEM1_5194111	0.0342942
EDEM1_5202862	0.0407579
EDEM1_5212275	0.00897669
EEFSEC_128313514	0.0693436
EEFSEC_128402980	0.0566167
EFCAB12_129427839	0.0560279
EFCC1_129003493	0.0131702
EFCC1_129038591	0.0491582
EFHB_19918550	0.0214021
EIF2B5_184139111	0.115615
EIF2B5_184139785	0.115615
EIF2B5_184139801	0.115615
EIF2B5_184141151	0.0897864
EIF4E3_71699471	0.0933686
EIF4G1_184331235	0.0241732
EIF5A2_170893733	0.0643406
ELP6_47497047	0.0170263
EMC3_9972645	0.0581403
EMC3_9974527	0.0503011
EMC3_9984623	0.0626238
EMC3_9985389	0.0626238
ENTPD3_40388710	0.0696102
ENTPD3_40427089	0.0517452
EOGT_68989284	0.0660438
EOGT_68995872	0.0660438
EPHA6_97115337	0.0738547
EPHB3_184574567	0.140607
EPHB3_184575796	0.140607
ERC2_55893388	0.140454
ERC2_56009116	0.074095
ESYT3_138444226	0.0320633
ESYT3_138455033	0.022077
ESYT3_138455061	0.022077
ESYT3_138458887	0.0332497
ETV5_186049357	0.0508419
EXOG_38503810	0.0505373
EXOSC7_44990294	0.0287937
FAIM_138609228	0.031515
FAIM_138610411	0.031515
FAM19A1_68539146	0.0397238
FAM208A_56629790	0.0432416
FAM3D_58642595	0.0290293
FAM3D_58646331	0.0325984
FAM3D_58653428	0.024609
FANCD2_10042199	0.0585825
FANCD2_10043048	0.025456
FANCD2_10097774	0.132745
FBLN2_13615330	0.010268
FBLN2_13616045	0.010268
FBLN2_13626322	0.0437068
FBLN2_13630497	0.0129668
FBLN2_13630502	0.0129668
FBLN2_13636293	0.0134189
FBLN2_13637303	0.01672
FBXL2_33374499	0.0151296
FBXO45_196571103	0.0670054
FBXO45_196582128	0.0878284
FETUB_186650686	0.0383578
FGD5_14911998	0.0328216
FGD5_14918558	0.0150725
FGD5_14920103	0.0219864
FGD5_14926428	0.0571193
FHIT_59933315	0.100565
FHIT_60000109	0.100565
FHIT_60014291	0.0921942
FHIT_60276905	0.0921942
FHIT_60480118	0.0921942
FHIT_60576067	0.109936
FHIT_60795414	0.109936
FLNB_58099043	0.138951
FLNB_58115825	0.0350038
FLNB_58120746	0.0325802
FLNB_58124076	0.0400343
FLNB_58147342	0.0183449
FLNB_58157760	0.0998404
FLNB_58162273	0.0812065
FNDC3B_172328808	0.0595015
FOXP1_70963480	0.278759
FOXP1_71042271	0.427767
FOXP1_71047172	0.558971
FOXP1_71049312	0.558971
FOXP1_71151037	0.209479
FOXP1_71283655	0.0252827
FOXP1_71433835	0.178557
FOXP1_71555316	0.157285
FOXP1_71559481	0.157285
FOXP1_71575815	0.157285
FRMD4B_69197138	0.0320277
FXR1_180948272	0.216332
FYCO1_45921874	0.0218975
FYCO1_45928655	0.0433328
FYCO1_45929477	0.0433328
FYCO1_45961622	0.017871
FYCO1_45964510	0.0193478
FYCO1_45975510	0.0216788
FYTTD1_197751675	0.0800857
GABRR3_98020744	0.0723019
GABRR3_98023792	0.0723019
GALNT15_16226981	0.0484374
GBE1_81496335	0.0729526
GBE1_81691610	0.0918564
GFM1_158648204	0.0402074
GFM1_158664159	0.0517428
GFM1_158685765	0.0741025
GHRL_10288972	0.00819939
GHSR_172445794	0.0658848
GK5_142169073	0.0615332
GK5_142212452	0.0717835
GLB1_33003925	0.0533473
GLB1_33021891	0.0989634
GLB1_33047993	0.0344447
GLB1_33053090	0.0239145
GLB1_33057801	0.0247632
GLB1_33059007	0.033341
GLB1_33068970	0.0381968
GNAI2_50245655	0.0893859
GNAT1_50192538	0.0338916
GNB4_179418931	0.061741
GOLGA4_37286455	0.0682373
GOLGA4_37288056	0.0682373
GOLGA4_37301392	0.0790146
GOLGA4_37333955	0.0687961
GOLGA4_37343723	0.0870117
GOLIM4_168028529	0.0378946
GOLIM4_168032226	0.0473178
GOLIM4_168047196	0.0502657
GORASP1_39099838	0.00798003
GORASP1_39105888	0.0143315
GPD1L_32144308	0.0406961
GPD1L_32165293	0.0361544
GPR156_120169560	0.087729
GPR156_120177209	0.0582667
GPR156_120180241	0.0582667
GPR156_120192562	0.0896266
GPR171_151199561	0.0503846
GPR87_151296527	0.0623607
GRAMD1C_113941150	0.0868992
GRIP2_14502368	0.0446044
GRIP2_14509053	0.0315946
GRIP2_14509249	0.0315946
GRIP2_14509586	0.0315946
GRIP2_14511585	0.014313
H1FOO_129543514	0.0266626
H1FOO_129547262	0.0266626
H1FOO_129550176	0.013613
HACD2_123495142	0.109315
HACL1_15565347	0.0527353
HACL1_15584197	0.0475199
HCLS1_121635572	0.0473465
HCLS1_121637442	0.0900621
HDAC11_13503504	0.0142318
HEG1_124999325	0.0777934
HEMK1_50576927	0.0865722
HGD_120628896	0.150154
HGD_120634445	0.143611
HGD_120644988	0.287303
HGD_120679184	0.209305
HHATL_42698562	0.0873933
HLTF_149048513	0.0731702
HMCES_129304488	0.032529
HPS3_149142298	0.0563129
HPS3_149148928	0.0536873
HPS3_149161096	0.0510691
HPS3_149170342	0.0572678
HRASLS_193267716	0.0744289
HTR3C_184053679	0.0530286
HTR3D_184035521	0.063234
HTR3D_184037830	0.039927
HYAL1_50300875	0.0379786
HYAL1_50301355	0.0690266
IFT122_129450998	0.245419
IFT122_129451626	0.245419
IFT122_129470930	0.0630257
IFT122_129485489	0.0681764
IFT122_129486713	0.0681764
IFT122_129489018	0.0430486
IFT122_129497660	0.142316
IFT57_108164856	0.190306
IFT57_108217261	0.0589255
IFT80_160271568	0.127109
IFT80_160330598	0.167417
IFT80_160380455	0.108875
IGF2BP2_185646820	0.0183512
IGF2BP2_185648677	0.0121201
IGF2BP2_185654860	0.037429
IGF2BP2_185656247	0.037429
IGF2BP2_185657759	0.0193945
IGSF10_151451271	0.0289553
IL17RC_9923837	0.0414857
IL17RC_9932571	0.0335541
IL17RD_57102292	0.0320108
IL17RD_57104441	0.0301891
IL17RD_57169819	0.0823365
IL17RE_9909127	0.0216502
IL17RE_9912050	0.0420153
IL1RAP_190623776	0.170393
IL20RB_136984403	0.0666884
IL20RB_136986914	0.0666884
IL20RB_136987016	0.0666884
IL20RB_136994591	0.0721705
IL20RB_136995115	0.0721705
IL5RA_3100307	0.0386622
IL5RA_3109592	0.0429154
IMPG2_101243268	0.0591272
IMPG2_101272450	0.128626
IMPG2_101275417	0.073574
IMPG2_101275469	0.073574
IP6K1_49735594	0.0379681
IQCB1_121771220	0.0993002
IQCB1_121795704	0.126845
IQCG_197890069	0.0301011
IQCG_197938456	0.0663395
IQSEC1_12912470	0.0191466
IQSEC1_12916815	0.00794463
IQSEC1_12938759	0.0205208
IQSEC1_12938959	0.0205208
IQSEC1_12939650	0.0205208
IRAK2_10211893	0.0463697
IRAK2_10219636	0.0476169
IRAK2_10222538	0.0402498
IRAK2_10234383	0.054992
IRAK2_10235229	0.0607407
IRAK2_10235280	0.0607407
IRAK2_10238260	0.0607407
IRAK2_10238746	0.0607407
ISY1_129131268	0.0188926
ISY1_129157353	0.0625911
ISY1_129159758	0.0286843
ITGA9_37472270	0.040037
ITGA9_37501603	0.0227256
ITGA9_37526267	0.0593117
ITGA9_37527068	0.0593117
ITGA9_37746922	0.142075
ITGA9_37783501	0.0762291
ITGB5_124773220	0.0518075
ITGB5_124812806	0.0408186
ITGB5_124814826	0.0408186
ITGB5_124815862	0.0408186
ITGB5_124841686	0.0373368
ITGB5_124842803	0.0373368
ITIH1_52781795	0.0284155
ITIH3_52800963	0.0411628
ITIH4_52817807	0.0141843
ITPR1_4669551	0.0385599
ITPR1_4669557	0.0385599
ITPR1_4681343	0.0240595
ITPR1_4686708	0.00944982
ITPR1_4692720	0.0267921
ITPR1_4702333	0.0127476
ITPR1_4704625	0.0220333
ITPR1_4760295	0.075672
ITPR1_4770574	0.0286136
ITPR1_4773079	0.0286136
ITPR1_4794863	0.0519942
ITPR1_4806101	0.0514438
KALRN_124659680	0.0865126
KALRN_124665977	0.0786779
KALRN_124697454	0.0722468
KALRN_124701254	0.0335115
KALRN_124716119	0.0401798
KAT2B_20099070	0.0655816
KCNAB1_156532431	0.0337828
KIAA1143_44755689	0.15465
KIAA1143_44755700	0.15465
KIAA1257_128988050	0.0143419
KIAA1524_108570666	0.190013
KIF15_44800544	0.0681769
KIF15_44806094	0.0506022
KIF15_44813331	0.0470052
KIF15_44841977	0.047324
KIF15_44845201	0.270928
KIF9_47234957	0.127486
KIF9_47235298	0.127486
KIF9_47236264	0.0274164
KIF9_47237867	0.126799
KIF9_47268549	0.0690415
KLF15_126343996	0.017724
KLF15_126345835	0.017724
KLF15_126350134	0.017724
KLF15_126351473	0.017724
KLF15_126351613	0.017724
KLHL18_47321905	0.0685108
KLHL18_47332410	0.0322717
KLHL18_47334056	0.0211531
KLHL18_47340291	0.0527543
KLHL18_47340323	0.0527543
KLHL40_42687367	0.0389074
KPNA1_122449036	0.136873
KPNA1_122462939	0.0629592
KPNA4_160520870	0.0651318
KRBOX1_42941713	0.0252579
KY_134605230	0.0139332
KY_134622917	0.0296572
KY_134626209	0.0906698
KY_134626341	0.0906698
KY_134646363	0.0993131
LAMB2_49130050	0.0527877
LAMP3_183139697	0.0319561
LARS2_45480385	0.041006
LARS2_45485497	0.041006
LARS2_45489998	0.0126268
LARS2_45493932	0.0224276
LARS2_45517501	0.0105234
LARS2_45542635	0.01215
LHFPL4_9502854	0.0639828
LIMD1_45660716	0.0387702
LIMD1_45668950	0.026541
LIMD1_45672559	0.026541
LIMD1_45672572	0.026541
LIMD1_45674194	0.0165281
LIPH_185509002	0.042068
LIPH_185511146	0.042068
LIPH_185515002	0.0688228
LIPH_185515016	0.0688228
LMCD1_8549170	0.0445322
LMLN_197975596	0.0735366
LMLN_197982367	0.0675899
LMLN_197994491	0.107148
LMLN_198036212	0.0463777
LMOD3_69121059	0.0512003
LPP_188475685	0.0782968
LPP_188519786	0.0649132
LPP_188872543	0.167415
LRCH3_197838466	0.136881
LRCH3_197844260	0.0582571
LRCH3_197852934	0.102874
LRIG1_66384350	0.00866159
LRIG1_66400624	0.0510471
LRRC2_46540612	0.0327794
LRRC31_169851151	0.0496737
LRRC31_169865721	0.0354935
LRRC58_120332863	0.0589933
LRRFIP2_37069246	0.0965859
LRRFIP2_37077929	0.065424
LRRFIP2_37093579	0.0821546
LRRFIP2_37117045	0.0814906
LRTM1_54919555	0.0427235
LRTM1_54925358	0.0360108
LSG1_194657867	0.103812
LSG1_194670297	0.0144901
LTF_46443716	0.0156148
LTF_46449017	0.0218923
LTF_46463086	0.0218705
LXN_158672075	0.0353391
LYZL4_42404209	0.0427126
MAATS1_119710815	0.0748412
MAGI1-IT1_65930074	0.0701911
MAGI1_65358646	0.51019
MAGI1_65432629	0.0363894
MAGI1_65449650	0.0871598
MAGI1_65451534	0.0871598
MAGI1_65930074	0.0701911
MAGI1_65960024	0.0683166
MAP3K13_185434539	0.0864172
MAP3K13_185435867	0.0864172
MAP3K13_185440320	0.131306
MAP3K13_185464619	0.0567815
MAP3K13_185473993	0.0268137
MAP4_47853531	0.0445599
MAP4_47854492	0.0445599
MAP4_47868650	0.0794848
MAP4_47871329	0.0233905
MAP4_47921024	0.0782515
MAP4_48070761	0.11105
MAP6D1_183820099	0.0478671
MAP6D1_183821891	0.0478671
MAPKAPK3_50641433	0.057811
MASP1_187224687	0.0206604
MASP1_187253468	0.0226891
MASP1_187290567	0.177584
MBD4_129438251	0.0514862
MCCC1_183035466	0.0407818
MCCC1_183047278	0.0714584
MCCC1_183051718	0.0714584
MCF2L2_183193232	0.0462165
MCF2L2_183223910	0.0503429
MCF2L2_183291719	0.0545957
MCF2L2_183311298	0.0698463
MCF2L2_183318323	0.074457
MCF2L2_183318328	0.074457
MCM2_127606458	0.0447169
MCM2_127608327	0.00958568
MCM2_127615815	0.0138232
MED12L_151121537	0.0379317
MED12L_151124360	0.0958091
MED12L_151158866	0.0233004
MED12L_151162534	0.00888288
MED12L_151163291	0.00888288
MED12L_151163754	0.00888288
MED12L_151372188	0.100621
MELTF_197027365	0.0293153
MFN1_179351249	0.0581114
MFN1_179358030	0.0938611
MFN1_179375820	0.0694012
MFN1_179387693	0.0427057
MFN1_179391204	0.0450467
MFSD1_158802373	0.0228677
MFSD1_158808955	0.0468338
MFSD1_158821177	0.0547803
MFSD1_158825686	0.061676
MGLL_127693309	0.0123018
MGLL_127721663	0.0780885
MINDY4B_150900115	0.0548484
MLF1_158604064	0.100405
MLH1_37042105	0.0297689
MLH1_37044276	0.0870709
MLH1_37044706	0.0870709
MLH1_37045171	0.0870709
MLH1_37045365	0.0870709
MLH1_37049974	0.0259189
MME_155171342	0.0411567
MON1A_49911416	0.0374072
MORC1_108983987	0.0884243
MORC1_109033506	0.0152168
MORC1_109064404	0.0756459
MORC1_109098386	0.0424943
MORC1_109112628	0.0510364
MRAS_138398730	0.0393751
MRAS_138399795	0.0393751
MRPL3_131494099	0.0445153
MRPL3_131498387	0.0317012
MRPL3_131498457	0.0317012
MRPL47_179597284	0.0671011
MRPL47_179601282	0.0346416
MRPS25_15057274	0.0788543
MRPS25_15064495	0.0469426
MST1R_49890095	0.0296415
MTMR14_9649826	0.0371576
MTMR14_9656913	0.0348928
MTMR14_9660053	0.0348928
MTMR14_9667414	0.0403547
MTMR14_9669594	0.100163
MTMR14_9683810	0.021806
MTMR14_9690678	0.0695913
MTMR14_9698011	0.0607775
MTMR14_9698209	0.0607775
MUC13_124908891	0.0286825
MUC20_195727381	0.0615534
MUC4_195749121	0.0790877
MUC4_195749277	0.0790877
MUC4_195759402	0.0341547
MUC4_195770934	0.0422398
MYH15_108382458	0.140341
MYH15_108389813	0.0475419
MYH15_108393579	0.167468
MYH15_108437777	0.0491384
MYH15_108492235	0.0683966
MYLK_123619505	0.128492
MYLK_123631817	0.0431323
MYLK_123665779	0.028727
MYLK_123687632	0.0662021
MYLK_123697773	0.0681964
MYLK_123737587	0.0184767
MYLK_123737842	0.0184767
MYLK_123832184	0.0599695
MYLK_123879617	0.0509792
MYLK_123880789	0.0509792
MYRIP_40256890	0.191077
MYRIP_40257344	0.191077
NAA50_113723169	0.0602984
NBEAL2_47000593	0.0161779
NBEAL2_47003456	0.025413
NDUFB5_179622980	0.0794504
NEK10_27115008	0.0711368
NEK10_27202025	0.0516576
NEK4_52745798	0.0837425
NEK4_52752790	0.290054
NEK4_52766618	0.0565731
NEPRO_113015646	0.0719775
NGLY1_25731937	0.12036
NGLY1_25739409	0.0503673
NGLY1_25739882	0.0773181
NGLY1_25744576	0.0773181
NGLY1_25745402	0.0773181
NISCH_52455218	0.0944602
NISCH_52455419	0.0944602
NIT2_100335683	0.0566161
NIT2_100336609	0.0566161
NIT2_100354439	0.0305355
NLGN1_174060993	0.0963753
NLGN1_174280199	0.0229807
NME9_138325034	0.0234662
NPHP3-ACAD11_132707741	0.0429685
NPHP3-ACAD11_132710676	0.0576921
NR1D2_23947903	0.0911628
NR1D2_23959643	0.0683151
NR1I2_119808203	0.0157095
NR1I2_119809223	0.0157095
NR2C2_15034059	0.0156888
NR2C2_15035588	0.0467875
NT5DC2_52533501	0.0699912
NUP210_13322870	0.051033
NUP210_13325998	0.0180825
NUP210_13332864	0.0140772
NUP210_13333220	0.0140772
NUP210_13342231	0.0103359
NUP210_13347089	0.0357609
NUP210_13372722	0.00777685
NUP210_13374094	0.00906626
NUP210_13374818	0.00906626
NUP210_13391487	0.0193966
NUP210_13394693	0.0193966
NXPE3_101817554	0.0763648
NXPE3_101817697	0.0763648
OGG1_9751733	0.043409
OPA1_193618546	0.305109
OPA1_193618561	0.305109
OSBPL10_31754052	0.0527175
OTOL1_161501282	0.182092
OTOL1_161502549	0.0319116
OXNAD1_16287954	0.0840905
OXNAD1_16298631	0.0814971
OXSR1_38195376	0.0948243
OXSR1_38197240	0.0948243
OXSR1_38216857	0.0470588
OXSR1_38234759	0.126288
OXSR1_38240351	0.0632204
OXSR1_38250567	0.0372522
P3H2_189960628	0.0207862
PAK2_196787389	0.0982351
PAK2_196807119	0.0795498
PARL_183835237	0.0430713
PARP14_122695098	0.0486683
PARP14_122695265	0.0486683
PARP14_122698864	0.0424076
PARP14_122705742	0.0561351
PARP14_122715874	0.0247896
PARP14_122716553	0.0247896
PARP14_122722798	0.0907457
PARP15_122611644	0.074816
PARP15_122619690	0.0246258
PARP15_122620593	0.0361681
PARP15_122630219	0.0700982
PARP15_122632084	0.0700982
PARP3_51943646	0.0182745
PARP9_122530631	0.0716983
PARP9_122531121	0.0716983
PARP9_122550860	0.0468031
PARP9_122554274	0.0756444
PBRM1_52556003	0.524065
PBRM1_52560192	0.524065
PBRM1_52589297	0.171688
PBRM1_52605978	0.061931
PBRM1_52639933	0.0611887
PBRM1_52651289	0.0572289
PCCB_136251341	0.0525522
PCCB_136253943	0.0525522
PCCB_136254117	0.0525522
PCCB_136258902	0.0454669
PCCB_136297786	0.0431331
PCCB_136327873	0.0243707
PCCB_136327961	0.0243707
PCNP_101585170	0.0608684
PCOLCE2_142832471	0.0740934
PCYT1A_196286565	0.0755881
PDCD6IP_33854458	0.0761198
PDCD6IP_33856295	0.102462
PDCD6IP_33857097	0.102462
PDIA5_123102375	0.0478509
PDIA5_123102693	0.273801
PDIA5_123107924	0.0578442
PDIA5_123113399	0.0269682
PDIA5_123121414	0.0719248
PDIA5_123122709	0.0719248
PDIA5_123123570	0.0719248
PDIA5_123146327	0.0149897
PDIA5_123147778	0.0149897
PDIA5_123159518	0.0934771
PEX5L_179809196	0.0533417
PEX5L_179809868	0.0450061
PEX5L_179812308	0.0437368
PFKFB4_48523930	0.0136505
PFKFB4_48553862	0.03776
PHC3_170098896	0.184002
PHC3_170125961	0.1821
PHC3_170135109	0.0829235
PHC3_170180955	0.110995
PHF7_52413514	0.048906
PHLDB2_111949307	0.135388
PHLDB2_111953660	0.0563829
PHLDB2_111966376	0.051504
PHLDB2_111966439	0.051504
PIK3CB_138683882	0.044779
PIK3CB_138686881	0.140693
PIK3CB_138704316	0.115098
PIK3CB_138741474	0.0685821
PIK3R4_130682791	0.0191136
PIK3R4_130743746	0.0577218
PLA1A_119620907	0.0299558
PLA1A_119628571	0.0335248
PLCD1_38017668	0.0223218
PLCD1_38018240	0.0223218
PLCD1_38020609	0.051566
PLCH1_155550907	0.0294435
PLCH1_155584578	0.03454
PLCH1_155584888	0.03454
PLD1_171603718	0.0509233
PLD1_171608300	0.0625111
PLD1_171661761	0.0500348
PLD1_171695862	0.0667675
PLD1_171709940	0.0357002
PLD1_171732019	0.0519813
PLS1_142665030	0.109064
PLS1_142694370	0.204575
PLS1_142695546	0.0735932
PLSCR1_146525251	0.045294
PLSCR2_146451852	0.0110227
PLXNA1_126990229	0.00719424
PLXNA1_126998469	0.0339916
PLXNA1_127004547	0.0112658
PLXNA1_127006944	0.00849506
PLXNA1_127006960	0.00849506
PLXNA1_127023046	0.0425274
PLXNB1_48406267	0.0214463
PLXND1_129557355	0.049348
PLXND1_129566259	0.0412711
PLXND1_129576547	0.0541666
PLXND1_129580678	0.0223678
PLXND1_129587871	0.0252151
POC1A_52123532	0.022811
POC1A_52130627	0.0491725
POC1A_52140756	0.029939
POC1A_52142408	0.029939
POC1A_52148568	0.0391074
PODXL2_127668352	0.0290207
PODXL2_127668823	0.0395193
PODXL2_127669697	0.014251
POLQ_121468898	0.070966
POLQ_121471398	0.070966
POLQ_121495369	0.332812
POLQ_121525436	0.12353
PPP2R3A_136103764	0.0623371
PPP4R2_73035160	0.0563454
PRICKLE2_64152818	0.059478
PRICKLE2_64157851	0.0130132
PRICKLE2_64158384	0.0130132
PRICKLE2_64159207	0.0130132
PRICKLE2_64160288	0.0586909
PROS1_93932739	0.0976373
PROS1_93945187	0.0976373
PROS1_93947919	0.0976373
PRRT3_9950502	0.0881591
PSMD6_64022073	0.0215803
PTPN23_47397382	0.0963882
PTPN23_47399068	0.0963882
PTPRG_62256080	0.163516
PTPRG_62256201	0.163516
PTPRG_62280949	0.152806
PXK_58402571	0.0362538
PXK_58404725	0.0491243
PXYLP1_141292240	0.0308417
QARS_49102773	0.0185894
QTRT2_114057653	0.0659451
QTRT2_114060283	0.0659451
RAB6B_133840838	0.0153689
RAB7A_128805433	0.0945831
RAB7A_128808826	0.0435828
RABL3_120690526	0.0927858
RAD18_8889310	0.117197
RAD54L2_51564477	0.114198
RAD54L2_51636486	0.224805
RAD54L2_51637773	0.0692406
RAD54L2_51642027	0.0460279
RAD54L2_51645407	0.0735291
RAD54L2_51660258	0.0402657
RAF1_12610653	0.0677754
RARB_25594158	0.105286
RASA2_141559349	0.39946
RASA2_141576724	0.111666
RASA2_141576736	0.111666
RASA2_141611243	0.0812477
RASSF1_50331879	0.0771606
RBM5_50089544	0.0891501
RBM5_50096306	0.0718872
RBM5_50105867	0.0524522
RBM6_49992602	0.133752
RBM6_50049980	0.0530562
RBM6_50063127	0.0549141
RBM6_50067558	0.0831294
RBP1_139518206	0.0718459
RBSN_15077327	0.0294758
RETNLB_108756417	0.0169319
RETNLB_108756762	0.013766
RFC4_186796997	0.0617254
RFT1_53092715	0.0738243
RFT1_53115100	0.0614712
RFT1_53126430	0.049516
RHO_129530143	0.0138714
RIOX2_97951517	0.0301661
RNF123_49703995	0.0184746
RNF168_196484135	0.0550265
ROBO1_78629076	0.0235333
ROBO2_77559359	0.168532
ROBO2_77559364	0.168532
ROBO2_77562356	0.168532
ROBO2_77590465	0.145089
RP11-231I13.2_70312474	0.206529
RP11-298C2.1_71283655	0.0252827
RP11-383G6.3_142470768	0.152273
RP11-509I21.2_46617602	0.0488899
RP11-949J7.8_49425729	0.0708559
RP13-794C1.1_48461012	0.0517307
RP5-966M1.6_52832518	0.0355878
RPN1_128624354	0.0562852
RPN1_128645171	0.0710108
RPP14_58308170	0.0246327
RPSA_39411861	0.0905339
RRP9_51933781	0.0158261
RRP9_51938283	0.0163308
RTP2_187701092	0.00964578
RTP4_187369355	0.0230571
RTP4_187369537	0.0230571
RTP4_187370184	0.0230571
RTP4_187370261	0.0230571
RUBCN_197681549	0.0335567
RUBCN_197683942	0.0360279
RUVBL1_128099585	0.0940515
RUVBL1_128121604	0.0256642
RUVBL1_128122148	0.0256642
RYK_134201235	0.0388118
SATB1_18381106	0.230605
SATB1_18383208	0.230605
SATB1_18395063	0.325269
SCAP_47415408	0.0127197
SCAP_47418843	0.0189731
SCAP_47420331	0.0194982
SCAP_47424486	0.0133829
SCAP_47430895	0.0796134
SCN10A_38702237	0.0536197
SCN10A_38713605	0.0835734
SCN10A_38751049	0.0521337
SCN10A_38792359	0.0311718
SCN11A_38875406	0.0842895
SCN11A_38895764	0.0220585
SCN11A_38904723	0.0335423
SCN11A_38908440	0.0187059
SCN5A_38552489	0.0311232
SCN5A_38566101	0.022077
SCN5A_38566261	0.022077
SCN5A_38584148	0.0531486
SCN5A_38586495	0.0228417
SCN5A_38587794	0.0620324
SCN5A_38600059	0.0878863
SCN5A_38603025	0.0878863
SCN5A_38605032	0.0178992
SCN5A_38606305	0.0241404
SCN5A_38608765	0.0198716
SCN5A_38608771	0.0198716
SCN5A_38612703	0.161336
SEC13_10304643	0.0298302
SEC13_10315679	0.0337126
SEC62_169968590	0.099486
SELENOK_53891256	0.0406689
SELENOT_150626358	0.0368166
SEMA3B_50271635	0.0907347
SEMA3F_50176240	0.0888885
SEMA3F_50177327	0.139857
SEMA3F_50184135	0.0155813
SEMA3F_50186520	0.0437424
SEMA3F_50187013	0.0618413
SEMA5B_122945410	0.133509
SEMA5B_122946155	0.133509
SENP7_101327193	0.0338454
SENP7_101365116	0.0463456
SETD2_47063608	0.0557618
SETD5_9466320	0.169718
SETMAR_4315566	0.05994
SFMBT1_52918835	0.043403
SFMBT1_52923305	0.0504682
SFMBT1_52928771	0.0578168
SFMBT1_52929353	0.0578168
SFMBT1_52930846	0.0532569
SH3BP5_15266313	0.0285963
SH3BP5_15269255	0.0285963
SHOX2_158100096	0.100961
SHQ1_72813192	0.0842607
SHQ1_72821625	0.117519
SHQ1_72825893	0.0974058
SIDT1_113612061	0.0204559
SIDT1_113613651	0.0416113
SI_164988502	0.0129421
SI_165019229	0.021144
SI_165044040	0.02914
SI_165044045	0.02914
SLC12A8_125084793	0.043276
SLC12A8_125111612	0.0260279
SLC12A8_125116070	0.0260279
SLC15A2_121896728	0.0557897
SLC15A2_121916565	0.0834356
SLC22A13_38275250	0.0643255
SLC22A14_38315236	0.0152624
SLC25A20_48858893	0.0717783
SLC25A20_48891715	0.068591
SLC25A20_48892104	0.0634176
SLC25A26_66229476	0.0686092
SLC25A26_66369860	0.0102069
SLC25A26_66376166	0.036406
SLC25A38_39386874	0.0196939
SLC25A38_39395387	0.029939
SLC26A6_48630310	0.0422536
SLC26A6_48634515	0.0404012
SLC26A6_48634620	0.0404012
SLC26A6_48634730	0.0404012
SLC26A6_48634748	0.0404012
SLC2A2_171016735	0.0383967
SLC2A2_171018406	0.0383967
SLC2A2_171022455	0.0415121
SLC38A3_50205622	0.120971
SLC41A3_126007428	0.0255843
SLC41A3_126007495	0.0255843
SLC41A3_126019065	0.108103
SLC41A3_126025908	0.00986332
SLC41A3_126026557	0.0569735
SLC51A_196228616	0.0281607
SLC51A_196231229	0.0220055
SLC51A_196232308	0.0220055
SLC6A11_10822732	0.0404926
SLC6A11_10829330	0.0549998
SLC6A11_10928155	0.0270729
SLC6A11_10933637	0.0248017
SLC6A11_10937380	0.0174289
SLC6A1_11016044	0.0195072
SLC6A20_45763128	0.0152488
SLC6A20_45776712	0.0113975
SLC6A20_45778077	0.0113975
SLC6A20_45780312	0.0262608
SLC6A20_45782345	0.0332453
SLC6A6_14445715	0.0596951
SLC6A6_14474187	0.0249531
SLC6A6_14483572	0.0590714
SLC7A14_170483522	0.0798659
SLC9C1_112180869	0.0393463
SLC9C1_112220739	0.0271856
SLC9C1_112284422	0.0944792
SLC9C1_112288611	0.0730435
SLCO2A1_133947922	0.0784073
SLCO2A1_133950493	0.0129106
SLCO2A1_133951393	0.0264029
SLMAP_57847007	0.0734263
SLMAP_57863582	0.077087
SLMAP_57914296	0.0705807
SMARCC1_47637947	0.0207801
SMARCC1_47735628	0.112216
SMARCC1_47737568	0.0391809
SMC4_160406462	0.0767992
SMC4_160423759	0.0692455
SMC4_160424809	0.0202368
SNRK_43338473	0.0971565
SNTN_63654470	0.0447164
SNX4_125469233	0.120597
SNX4_125479629	0.0678705
SNX4_125498395	0.0633068
SPICE1_113462928	0.106098
SPICE1_113498537	0.0541035
SPINK8_48320422	0.0809538
SPINK8_48320744	0.0809538
SRGAP3_8993283	0.0305035
SRGAP3_9048219	0.0439267
SRGAP3_9058559	0.0173311
SRPRB_133807914	0.0615275
SRPRB_133816558	0.0863527
SS18L2_42589891	0.0759475
SS18L2_42590633	0.0759475
SSUH2_8623865	0.0144005
SSUH2_8631179	0.014395
SSUH2_8632951	0.021027
SSUH2_8649730	0.0379541
ST3GAL6_98788906	0.020411
ST6GAL1_187044324	0.0372445
ST6GAL1_187049682	0.0372445
ST6GAL1_187050938	0.0372445
ST6GAL1_187073158	0.025507
STAB1_52506498	0.0312766
STAB1_52521121	0.0252592
STAB1_52521294	0.0252592
STAG1_136344606	0.0767725
STAG1_136349421	0.0854157
STAG1_136367559	0.079761
STT3B_31619241	0.0824884
STT3B_31620776	0.0595587
STT3B_31627186	0.0575476
STXBP5L_121044606	0.0416151
STXBP5L_121121247	0.103867
SUCLG2_67622684	0.0810699
SUMF1_4416575	0.0800301
SUMF1_4416686	0.0800301
SUMF1_4447541	0.0891647
SYN2_12141090	0.0521413
SYN2_12168767	0.048802
SYN2_12188339	0.0768342
TADA3_9791557	0.0626177
TAMM41_11843040	0.0708532
TATDN2_10275958	0.0421482
TBC1D23_100290469	0.0506429
TBC1D23_100304677	0.0656315
TBC1D5_17163628	0.0155076
TBC1D5_17166259	0.0155076
TBC1D5_17167879	0.0498268
TBC1D5_17376279	0.172189
TBC1D5_17383756	0.188218
TBL1XR1_177028021	0.0291404
TBL1XR1_177053375	0.043304
TBL1XR1_177072960	0.0426813
TCAIM_44404324	0.0295143
TCTEX1D2_196294661	0.101623
TCTEX1D2_196316285	0.0269923
TFDP2_141962965	0.042064
TFDP2_142098539	0.0713398
TFRC_196055659	0.0543585
TF_133765489	0.0419197
TF_133771075	0.0386765
TGM4_44898629	0.0564961
TGM4_44906545	0.0566616
THPO_184376767	0.207823
THRB_24123378	0.0454282
TIGIT_114306244	0.0465451
TIMMDC1_119515938	0.0507099
TIMP4_12157148	0.0619489
TIPARP_156696423	0.143271
TKT_53238966	0.0400995
TLR9_52224421	0.0143888
TM4SF18_149328818	0.030642
TMCC1_129832881	0.108683
TMCC1_129858503	0.108683
TMEM108_133039452	0.108802
TMEM108_133040962	0.108802
TMEM110_52851197	0.0243038
TMEM39A_119452687	0.0840917
TMEM39A_119461667	0.0794372
TMEM40_12735825	0.115768
TMEM40_12743205	0.057523
TMEM43_14140630	0.0209664
TMEM44_194605451	0.0202611
TMEM44_194610798	0.0202611
TMEM44_194619890	0.0175598
TMEM44_194632149	0.0515161
TMPRSS7_112075863	0.042115
TMPRSS7_112079852	0.0188993
TNIK_171110647	0.0413689
TNIK_171128442	0.0321952
TNIK_171139760	0.170515
TNIK_171158434	0.0425387
TNIK_171173031	0.0440908
TNK2_195873081	0.0193049
TNK2_195887203	0.0203229
TOP2B_25604252	0.0852847
TOP2B_25614452	0.0321639
TOPAZ1_44288320	0.0418209
TOPAZ1_44326823	0.0512977
TOPBP1_133659179	0.0629921
TP63_189872658	0.0190258
TP63_189893464	0.0580268
TPRA1_127574499	0.00847564
TPRA1_127576184	0.0192102
TPRA1_127577733	0.0216819
TRAIP_49829916	0.0778577
TRAIP_49831319	0.0311473
TRAIP_49833073	0.0763046
TRAIP_49842570	0.319102
TRAIP_49844182	0.0605784
TRAIP_49844340	0.0605784
TRAK1_42181950	0.0323487
TRAK1_42190564	0.0186547
TRANK1_36837701	0.0415606
TRANK1_36854629	0.0543778
TRANK1_36859710	0.0473585
TRANK1_36864573	0.0417199
TRANK1_36864577	0.0417199
TRANK1_36890130	0.027701
TRANK1_36894987	0.0265706
TRANK1_36899532	0.0444304
TRAT1_108830624	0.0610322
TRAT1_108848996	0.0526385
TRH_129975620	0.0168345
TRIM42_140680711	0.0214855
TRIM59_160449295	0.0356612
TRNT1_3128814	0.0259041
TRPC1_142782709	0.104516
TRPC1_142803335	0.0551029
TSEN2_12494304	0.0584863
TSEN2_12494522	0.0584863
TSEN2_12499189	0.0352961
TSEN2_12499570	0.0352961
TTC21A_39121291	0.0316858
TTC21A_39123531	0.0316858
TTC21A_39129914	0.027543
TTC21A_39136704	0.0327928
TTLL3_9824380	0.0478304
TTLL3_9826169	0.0340744
TXNRD3_126613706	0.0319747
TXNRD3_126617497	0.0833926
TXNRD3_126622713	0.147335
U2SURP_143056128	0.106018
UBA3_69059309	0.0558603
UBA5_132664146	0.106997
UBA7_49813647	0.097869
UBE2E1_23887483	0.0539564
UBP1_33398728	0.0120285
UBXN7_196357639	0.118259
ULK4_41248574	0.0211494
ULK4_41914160	0.0275639
UPK1B_119190022	0.0341133
UQCRC1_48605295	0.0220334
UROC1_126489098	0.0173655
UROC1_126489832	0.0202133
UROC1_126490056	0.0202133
UROC1_126495014	0.0132389
UROC1_126495978	0.0132389
UROC1_126499147	0.0141675
UROC1_126504483	0.0201685
UROC1_126516844	0.014547
USF3_113667593	0.0671136
USP13_179726819	0.0426038
USP13_179753629	0.060003
USP19_49109738	0.088484
USP19_49112629	0.055025
USP4_49307187	0.0746267
VILL_37998838	0.0365448
VIPR1_42514858	0.047951
VIPR1_42524769	0.0485255
VIPR1_42525721	0.0485255
VIPR1_42531613	0.0351181
VIPR1_42532123	0.0567097
VPS8_184826056	0.0748932
VPS8_184850781	0.217935
VPS8_184852336	0.217935
VPS8_184915316	0.0960133
VPS8_184935964	0.0836456
VPS8_184936162	0.0836456
VWA5B2_184231800	0.0397929
VWA5B2_184239280	0.0288962
WDR48_39083448	0.0412862
WDR82_52268208	0.169532
WNT5A_55470986	0.104929
WNT7A_13878560	0.0625042
WNT7A_13878771	0.0625042
XIRP1_39191664	0.0435082
XPC_14156872	0.0120719
XPC_14167529	0.0150289
XPC_14172681	0.00986874
XPC_14172725	0.00986874
XPC_14173910	0.02197
XRN1_142349198	0.103348
XRN1_142368625	0.0849869
XRN1_142413400	0.0724079
XRN1_142440950	0.133226
XXYLT1_195091965	0.0402706
XXYLT1_195163840	0.0486371
XXYLT1_195246957	0.0611242
XYLB_38348406	0.0242087
XYLB_38373340	0.0225554
XYLB_38400172	0.0473932
YEATS2_183715490	0.0444502
YEATS2_183755652	0.0386531
YEATS2_183756475	0.0386531
ZBBX_167304340	0.0477028
ZBBX_167366779	0.0775721
ZBTB11_101658853	0.0732634
ZBTB20_114459578	0.252426
ZBTB38_141429243	0.0525289
ZBTB47_42660624	0.0445749
ZBTB47_42662425	0.0222654
ZDHHC19_196207155	0.0495561
ZDHHC19_196208263	0.0275441
ZDHHC23_113953135	0.0437067
ZDHHC3_44933576	0.0520218
ZIC1_147412829	0.0523973
ZIC4_147390217	0.094534
ZKSCAN7_44569036	0.0175517
ZMAT3_179025926	0.0610456
ZNF148_125280335	0.0960818
ZNF148_125283056	0.0960818
ZNF148_125322742	0.112313
ZNF197_44630275	0.170705
ZNF197_44631005	0.170705
ZNF445_44449927	0.0189295
ZNF445_44457474	0.038331
ZNF619_40479004	0.0416945
ZNF620_40510849	0.0768765
ZNF660_44588773	0.0562446
ZNF860_31983565	0.081691
ZPLD1_102386274	0.0630169
ZPLD1_102476912	0.0864368
ZXDC_126439467	0.0268983
ZXDC_126462454	0.0116502
ZXDC_126469139	0.0091276
ZXDC_126473870	0.00917678
ZXDC_126474296	0.00917678
AADAT_170069353	0.023472
ABCE1_145127089	0.0521205
ABCG2_88110236	0.0260938
ABHD18_128014324	0.0932209
ABLIM2_8008710	0.00877621
ABLIM2_8008917	0.00877621
ABLIM2_8047767	0.0207021
ABLIM2_8048362	0.0207021
AC078852.2_1358325	0.117737
AC107072.2_76639483	0.171057
ACOX3_8371191	0.0267849
ACOX3_8388038	0.00866728
ACOX3_8388176	0.00866728
ACOX3_8394383	0.0343975
ACSL1_184762721	0.0310715
ACSL1_184763553	0.024469
ACSL1_184765330	0.0382301
ACSL1_184766027	0.0294866
ACSL1_184766335	0.0294866
ACSL1_184767818	0.0124573
ACSL1_184770047	0.0858445
ACSL1_184778597	0.0178617
ACSL1_184780637	0.0366035
ADAMTS3_72307413	0.181136
ADD1_2903875	0.0146164
ADD1_2906633	0.313685
ADD1_2907186	0.313685
ADD1_2910216	0.0501999
ADD1_2926991	0.105866
ADD1_2927517	0.105866
ADGRA3_22417413	0.0334794
ADGRL3_61981020	0.118886
ADGRL3_61982505	0.118886
ADH4_99124691	0.063866
ADH5_99073563	0.0463247
ADH6_99210664	0.0966839
ADH6_99218525	0.0727096
ADH7_99418449	0.037317
ADH7_99418461	0.037317
AFAP1_7765497	0.0060291
AFAP1_7767598	0.0060291
AFAP1_7797831	0.0323515
AFAP1_7801251	0.00675622
AFAP1_7818231	0.0129661
AFF1_87046092	0.0760556
AFF1_87111495	0.0467428
AFF1_87124893	0.0331755
AFM_73485277	0.0707403
AFP_73446886	0.0362882
ALPK1_112433275	0.016583
ALPK1_112434123	0.016583
AMBN_70602312	0.0465913
AMBN_70604692	0.0265572
AMBN_70605284	0.0265572
ANAPC4_25380137	0.035125
ANAPC4_25409658	0.0285782
ANK2_113274380	0.0713149
ANK2_113311048	0.0481268
ANK2_113342124	0.0510882
ANK2_113376328	0.0775614
ANK2_113378885	0.0775614
ANKRD17_73119000	0.0583928
ANKRD17_73124430	0.0342344
ANKRD17_73152513	0.0717563
ANKRD17_73152777	0.0717563
ANKRD50_124673360	0.051746
ANTXR2_80034704	0.14272
ANXA3_78575607	0.0507564
ANXA3_78583837	0.0344805
ANXA3_78584822	0.0344805
ANXA3_78601265	0.119949
AP1AR_112260192	0.0204939
AP1AR_112260494	0.0204939
APBB2_40823381	0.0255311
APBB2_40823804	0.0110527
APBB2_40824906	0.0110527
APBB2_40829557	0.0218671
APBB2_40841766	0.0595639
APBB2_41195726	0.0843606
ARAP2_36081061	0.0275824
ARAP2_36125654	0.0398452
ARAP2_36125665	0.0398452
ARAP2_36129676	0.0565254
ARAP2_36163708	0.0406866
AREG_74447779	0.0232694
ARFIP1_152857535	0.110609
ARFIP1_152867524	0.0909827
ARHGAP10_147739990	0.0504687
ARHGAP10_148063774	0.0265695
ARHGAP10_148064050	0.0265695
ARHGEF38_105645707	0.0396068
ARHGEF38_105661768	0.0836281
ARL9_56508662	0.0439702
ART3_76079140	0.0934856
ART3_76104347	0.0396491
ASIC5_155844386	0.11098
ATP10D_47513341	0.0375762
ATP10D_47580317	0.0594322
ATP8A1_42444874	0.0354107
ATP8A1_42546779	0.0340842
BANK1_102022284	0.0469634
BBS7_121833582	0.0411785
BBS7_121845242	0.0590053
BEND4_42122787	0.16713
BST1_15712357	0.0115158
C4orf17_99523053	0.0556692
C4orf32_112175857	0.108105
C4orf33_129095293	0.091888
C4orf33_129104452	0.118246
C4orf50_5976000	0.0138395
C4orf50_5990895	0.00896461
C4orf50_5992079	0.00896461
CAMK2D_113531661	0.0316527
CAMK2D_113760560	0.34185
CASP6_109691035	0.0374063
CASP6_109700691	0.0195013
CBR4_169006251	0.0809569
CC2D2A_15509863	0.0376879
CC2D2A_15529174	0.0302443
CC2D2A_15581961	0.113027
CC2D2A_15587583	0.0177476
CCDC158_76328532	0.0611113
CCKAR_26489016	0.0430405
CD38_15818524	0.123946
CD38_15822761	0.123946
CDKL2_75597630	0.0580536
CDKL2_75599649	0.0395919
CDS1_84607464	0.0332442
CDS1_84634763	0.053537
CDS1_84637166	0.033259
CDS1_84641754	0.0425873
CENPE_103123148	0.174231
CENPE_103148736	0.0291387
CENPE_103149538	0.0443762
CENPE_103177325	0.0332307
CEP44_174298964	0.0428681
CEP44_174312432	0.0434253
CFAP97_185182709	0.0562781
CFI_109766200	0.034504
CHRNA9_40336457	0.0512918
CLOCK_55436084	0.0288132
CLOCK_55438617	0.0617925
CLOCK_55448967	0.0610019
CLOCK_55466173	0.0577722
CNOT6L_77722044	0.0850755
CNOT6L_77723199	0.0850755
CNOT6L_77776150	0.0826596
COL25A1_108860100	0.0563001
COL25A1_108897067	0.0384992
COL25A1_108940249	0.0365365
COMMD8_47462971	0.0229239
COMMD8_47462978	0.0229239
COQ2_83278734	0.155306
CORIN_47642185	0.0470219
CORIN_47678234	0.0182967
COX18_73059669	0.0384414
COX18_73067731	0.0330073
CPEB2_15004866	0.0469242
CPEB2_15008336	0.139859
CPE_165487174	0.0514638
CPE_165487178	0.0514638
CPLX1_791821	0.00329526
CPZ_8599397	0.0119165
CPZ_8615519	0.0466206
CRMP1_5821952	0.0150931
CRMP1_5839917	0.0149626
CRMP1_5840723	0.0149626
CRMP1_5843803	0.0148573
CRMP1_5843807	0.0148573
CRMP1_5858885	0.00929101
CSN2_69960179	0.0410335
CTBP1_1212786	0.0402413
CTBP1_1223753	0.0492444
CTSO_155928759	0.0407781
CWH43_49001556	0.0544406
CWH43_49035554	0.0404712
CXCL13_77608919	0.0282689
CYP2U1_107949151	0.0285138
CYP2U1_107949953	0.0504388
CYP4V2_186199227	0.0362041
DCHS2_154377596	0.0952939
DCHS2_154378172	0.0952939
DCK_70997595	0.0605481
DCK_70997651	0.0605481
DCLK2_150235851	0.0860039
DCLK2_150240537	0.0573804
DCLK2_150241031	0.0573804
DCLK2_150255484	0.0696433
DCTD_182893165	0.453093
DCUN1D4_51854955	0.0857826
DDX60L_168401157	0.0521692
DDX60L_168406524	0.0346444
DDX60L_168431455	0.0457159
DDX60L_168454705	0.0399242
DGKQ_968125	0.0451811
DGKQ_968168	0.0451811
DGKQ_968983	0.0103554
DNAJB14_99901393	0.128252
DNAJB14_99907408	0.111408
DNAJB14_99908419	0.111408
DOK7_3475030	0.0134495
DOK7_3488704	0.00287058
DOK7_3491736	0.00953579
DOK7_3492248	0.00953579
EDNRA_147535282	0.155839
EGF_109980620	0.0437289
EGF_109994338	0.0743786
ELF2_139064579	0.0574934
ELF2_139096686	0.133633
ELMOD2_140530415	0.0622101
ELMOD2_140539252	0.0789692
ELOVL6_110171466	0.050333
ENAM_70635144	0.0236817
ENOPH1_82453668	0.0606933
ENPEP_110490637	0.0349694
ENPEP_110545340	0.0391293
EPGN_74308939	0.0495853
ETFDH_158693408	0.0397836
ETNPPL_108744988	0.0160071
EVC2_5617274	0.00939209
EVC2_5618063	0.00939209
EVC2_5620648	0.0104219
EVC2_5624648	0.012506
EVC2_5625954	0.011597
EVC2_5694733	0.0107182
EVC2_5696224	0.0107182
EVC2_5696640	0.0107182
EVC_5712749	0.0301978
EVC_5731105	0.0168997
EVC_5740814	0.0410854
EVC_5742225	0.0460599
EVC_5801839	0.0123079
EXOC1_55877756	0.123483
EXOC1_55882000	0.134371
EXOSC9_121805947	0.0467169
F11_186270521	0.0363516
F11_186271508	0.0363516
FAM114A1_38930372	0.0841304
FAM13A_88730176	0.0212377
FAM13A_88739306	0.0598069
FAM13A_88753618	0.0503371
FAM149A_186153380	0.0135041
FAM149A_186163363	0.0187032
FAM149A_186169413	0.0647601
FAM160A1_151585733	0.136863
FAM160A1_151586220	0.136863
FAM160A1_151588532	0.29816
FAM160A1_151640802	0.0658899
FAM175A_83476883	0.177774
FAM175A_83484559	0.0154414
FAM175A_83484635	0.0154414
FAM184B_17658647	0.0227763
FAM193A_2636205	0.0329675
FAM193A_2644685	0.0190623
FAM193A_2650128	0.0414615
FAM193A_2693160	0.0365679
FAM193A_2693381	0.0365679
FAM193A_2694254	0.0166648
FAM193A_2697589	0.00572003
FAM198B_158130304	0.04338
FAM47E_76274726	0.0340495
FAM53A_1642856	0.0246873
FAM53A_1644058	0.0246873
FAT1_186610133	0.0318657
FAT1_186613368	0.0491344
FAT1_186622867	0.0903786
FAT1_186630923	0.0184553
FAT1_186631442	0.0184553
FAT4_125410814	0.070573
FAT4_125410992	0.070573
FAT4_125417583	0.0769114
FAT4_125475937	0.0660244
FBXL5_15636968	0.260045
FBXW7_152347208	0.202735
FGB_154566302	0.073002
FGB_154569956	0.0314637
FGF5_80271755	0.0491996
FGFBP1_15936814	0.0211533
FGFBP1_15938502	0.00491163
FHDC1_152969769	0.046391
FIP1L1_53389635	0.0625858
FNIP2_158829475	0.0245639
FNIP2_158830601	0.0245639
FNIP2_158860930	0.0178573
FNIP2_158883891	0.0606759
FRAS1_78266322	0.0812458
FRAS1_78279425	0.0492476
FRAS1_78282156	0.0792828
FRAS1_78335668	0.0891188
FRAS1_78366810	0.085428
FRAS1_78370840	0.102569
FRAS1_78373103	0.0255982
FRAS1_78373939	0.0255982
FRAS1_78380764	0.0967398
FRAS1_78413648	0.123218
FRAS1_78421861	0.0237253
FRAS1_78430773	0.0480964
FREM3_143623834	0.0511997
FRYL_48510405	0.0324786
FRYL_48511300	0.0302801
FRYL_48547239	0.0365678
FRYL_48560965	0.0206096
FRYL_48572928	0.0302131
FRYL_48589934	0.0610768
FRYL_48590958	0.0334521
FRYL_48591032	0.0334521
FRYL_48591036	0.0334521
FRYL_48601056	0.134224
FSTL5_161539625	0.035806
GAB1_143409267	0.118055
GAB1_143439151	0.0905887
GABRA4_46971235	0.0366001
GAK_879225	0.00609446
GAK_879559	0.00609446
GAK_883505	0.030555
GAK_889792	0.0060442
GAK_897310	0.0173655
GAK_909590	0.0177009
GAK_912838	0.0184064
GALNT7_173265515	0.0860589
GALNT7_173300638	0.12507
GAR1_109818706	0.0546308
GATB_151714091	0.081408
GATB_151717713	0.144633
GATB_151718163	0.144633
GC_71756630	0.018255
GLRB_157147765	0.0400065
GNPDA2_44709208	0.0525681
GPAT3_83538851	0.046865
GPR78_8585013	0.0108022
GPR78_8586462	0.0108022
GPR78_8586737	0.0108022
GRIA2_157333520	0.039372
GRK4_3005121	0.0411941
GRK4_3009784	0.0104505
GRK4_3021668	0.0133424
GRK4_3021931	0.0133424
GRK4_3026035	0.0534908
GRK4_3030963	0.0205459
GRPEL1_7062744	0.00883438
GRPEL1_7067702	0.0174174
GSTCD_105725375	0.0915626
GSTCD_105843229	0.0844105
GUCY1B3_155805532	0.028814
GUF1_44689635	0.0611178
GUF1_44692793	0.0264885
HADH_108022070	0.0562451
HELQ_83423357	0.0864019
HELQ_83441560	0.062371
HELQ_83441887	0.062371
HELQ_83443899	0.0487266
HERC3_88706425	0.047312
HERC5_88459223	0.0509972
HERC5_88477722	0.167559
HERC5_88487651	0.0322054
HERC6_88387950	0.0623914
HERC6_88393203	0.0619275
HERC6_88431034	0.0303559
HERC6_88441368	0.0694317
HHIP-AS1_144645702	0.389365
HHIP_144658578	0.14717
HHIP_144716058	0.040687
HPF1_169736933	0.0234996
HPF1_169756127	0.0238836
HPSE_83309596	0.0474
HSD17B13_87316889	0.0418887
HSPA4L_127807752	0.0529201
HSPA4L_127826034	0.0508864
HTRA3_8292756	0.0162822
HTT_3107750	0.0495558
HTT_3113471	0.0495558
HTT_3115719	0.0124836
HTT_3120104	0.0368703
HTT_3120540	0.0368703
HTT_3135846	0.0207792
HTT_3140459	0.0264117
HTT_3144842	0.0250556
HTT_3160156	0.00876476
HTT_3172792	0.024098
HTT_3174874	0.0358767
HTT_3184872	0.0168185
HTT_3199617	0.0120987
HTT_3207064	0.0290505
HTT_3215288	0.0121817
HTT_3218644	0.00544235
HTT_3231496	0.0207615
HTT_3239605	0.0580681
HTT_3239782	0.0580681
IBSP_87811099	0.0284539
IL15_141727683	0.053609
INPP4B_142085100	0.0485374
INTU_127657807	0.136047
INTU_127679485	0.152538
INTU_127705899	0.0697018
INTU_127708470	0.0684335
IRF2_184391841	0.0355418
JADE1_128842855	0.0804365
JAKMIP1_6054417	0.0180424
JAKMIP1_6055197	0.0180424
JAKMIP1_6083689	0.0297715
JAKMIP1_6107087	0.014958
KCNIP4_20732807	0.0387101
KDR_55106187	0.0456421
KDR_55110804	0.0406955
KDR_55111213	0.0406955
KDR_55120243	0.0346807
KIAA0232_6791044	0.039689
KIAA0232_6860451	0.0159014
KIAA0232_6879253	0.0353827
KIAA0922_153473415	0.103048
KIAA0922_153474506	0.0610546
KIAA0922_153606040	0.0288367
KIAA0922_153613395	0.0363266
KIAA0922_153617649	0.0363266
KIAA0922_153621350	0.0312082
KIAA0922_153626992	0.0114387
KIAA1109_122153554	0.107022
KIAA1109_122209091	0.10068
KIAA1109_122210280	0.0659054
KIAA1109_122220103	0.0334026
KIAA1109_122222134	0.0596784
KIAA1109_122252430	0.15266
KIAA1109_122252550	0.15266
KIAA1109_122272081	0.0617655
KIAA1109_122281488	0.0426474
KIAA1109_122285521	0.0583619
KIAA1109_122309645	0.067565
KIAA1109_122324210	0.113581
KIAA1211_56320575	0.106131
KIAA1211_56323322	0.106131
KIT_54696825	0.0816579
KIT_54708969	0.011964
KLF3_38687242	0.0748733
KLF3_38688185	0.0748733
KLF3_38691022	0.099201
KLF3_38694551	0.099201
KLHL2_165311206	0.0411935
KLHL2_165312212	0.0424815
KLHL5_39079580	0.118954
KLHL8_87178857	0.0408082
KLHL8_87181167	0.0408082
KLKB1_186251411	0.0492405
KLKB1_186254565	0.0156303
LAP3_17594393	0.0371707
LAP3_17604251	0.0555663
LARP1B_128079915	0.12907
LARP1B_128119198	0.079467
LARP1B_128177265	0.0760867
LARP1B_128203495	0.095331
LARP1B_128206840	0.0927075
LDB2_16590494	0.148502
LEF1_108074860	0.0963607
LETM1_1815038	0.00747248
LETM1_1823195	0.0164512
LETM1_1843265	0.0373964
LETM1_1844348	0.0373964
LETM1_1845224	0.0373964
LGI2_25015557	0.0949568
LGI2_25016988	0.0949568
LIAS_39463523	0.0552081
LIN54_82934260	0.0528838
LIN54_82941725	0.0311863
LINC01216_100661982	0.0269946
LNX1_53497435	0.0727805
LNX1_53507605	0.211186
LRBA_150282831	0.0176062
LRBA_150909058	0.109528
LRBA_150929160	0.115819
LRP2BP_185369729	0.0380751
LRPAP1_3513326	0.00597843
LRPAP1_3513893	0.00597843
LRPAP1_3514527	0.00597843
LRPAP1_3520450	0.00650223
LRPAP1_3524258	0.00650223
LRPAP1_3525618	0.0144699
LRPAP1_3527544	0.0144699
LRPAP1_3528618	0.0144699
LRPAP1_3530004	0.0144699
LRPAP1_3530057	0.0144699
LRPAP1_3531961	0.0144699
LYAR_4271905	0.0298997
LYAR_4275248	0.0367077
LYAR_4282705	0.00886651
LYAR_4286883	0.0257603
MAEA_1305596	0.0154841
MAEA_1325919	0.109665
MAML3_139728738	0.127354
MAN2B2_6585936	0.0213697
MAN2B2_6587896	0.020186
MAN2B2_6598910	0.01969
MAN2B2_6600579	0.01969
MAN2B2_6604713	0.0454358
MANBA_102639121	0.0420111
MANBA_102654224	0.0570676
MANBA_102658033	0.106299
MANBA_102672591	0.0332123
MANBA_102726874	0.168258
MEPE_87837570	0.0523381
METAP1_99030161	0.0704762
METTL14_118694118	0.0447883
METTL14_118705242	0.0294804
METTL14_118706623	0.0725826
MFAP3L_170011602	0.0553435
MFAP3L_170011631	0.0553435
MFSD7_682668	0.0238985
MFSD7_685125	0.0183088
MFSD7_686398	0.0433319
MFSD7_686740	0.00277628
MFSD8_127938003	0.0997427
MGST2_139694989	0.0852064
MGST2_139698637	0.209779
MGST2_139700434	0.209779
MMAA_145641991	0.0595431
MMAA_145645731	0.0845346
MND1_153350689	0.0638168
MOB1B_70980520	0.0524788
MSANTD1_3247491	0.0921776
MSANTD1_3250146	0.0334765
MSANTD1_3250751	0.0334765
MSMO1_165331421	0.0268387
MSMO1_165338539	0.0741877
MTTP_99577018	0.0767229
MTTP_99589551	0.0988011
MTTP_99596939	0.0746725
MTTP_99612412	0.0550706
MTTP_99619410	0.0504393
N4BP2_40062200	0.0727605
N4BP2_40106866	0.0802711
N4BP2_40110993	0.0852601
N4BP2_40117307	0.147179
N4BP2_40134617	0.0954964
NAA11_79320152	0.103833
NAA15_139340696	0.0639732
NAA15_139360817	0.0821151
NAA15_139376261	0.0622284
NAAA_75914488	0.0324386
NAF1_163141930	0.0481684
NAF1_163145981	0.0465521
NAT8L_2062368	0.0128244
NAT8L_2063049	0.0128244
NCAPG_17817037	0.051684
NCAPG_17818488	0.0798277
NDNF_121041983	0.0452804
NEIL3_177361707	0.024874
NEK1_169479604	0.150104
NEK1_169582942	0.0508198
NEK1_169589019	0.0690113
NEK1_169589023	0.0690113
NELFA_1985202	0.0219451
NELFA_1986670	0.00690561
NFKB1_102581756	0.0315229
NFKB1_102595756	0.048827
NFKB1_102606445	0.0402441
NFXL1_47855653	0.0585046
NFXL1_47877273	0.0446602
NFXL1_47906333	0.0729655
NFXL1_47913118	0.0361204
NIPAL1_48017815	0.0628498
NIPAL1_48022633	0.0628498
NIPAL1_48025008	0.0628498
NIPAL1_48034836	0.0474786
NKX3-2_13543192	0.0147683
NKX6-1_84497064	0.0422089
NMU_55599521	0.0518597
NMU_55609279	0.113681
NMU_55609282	0.113681
NMU_55635605	0.0716639
NOP14_2939683	0.00981353
NOP14_2955651	0.0166415
NOP14_2962472	0.13668
NPNT_105937513	0.0653524
NSD2_1902500	0.0160989
NSD2_1931308	0.0642328
NSD2_1935049	0.0642328
NSD2_1937193	0.0137205
NSUN7_40774574	0.176736
NSUN7_40801227	0.0729
NUDT9_87445238	0.0840215
NUP54_76146840	0.176609
OCIAD2_48897950	0.0454125
OCIAD2_48902538	0.0561242
ODAM_70202024	0.0183082
OSTC_108654251	0.0508752
OTOP1_4211651	0.0433984
OTUD4_145145609	0.0245808
OTUD4_145152834	0.0446537
OTUD4_145156051	0.0324549
OTUD4_145164540	0.0513734
PABPC4L_134201515	0.0256229
PAICS_56452619	0.01894
PALLD_168710042	0.0415475
PALLD_168894013	0.0765842
PAPSS1_107688692	0.0346408
PAPSS1_107689897	0.0346408
PAQR3_78928826	0.0891649
PAQR3_78935517	0.039123
PCGF3_738109	0.0146085
PCGF3_764788	0.00247682
PDCL2_55565377	0.15253
PDE5A_119509995	0.0630688
PDE5A_119514148	0.0486072
PDE5A_119520306	0.037273
PDE6B_634379	0.0238885
PDE6B_659918	0.0357743
PDE6B_660777	0.0124322
PDGFC_156765962	0.0692076
PDGFRA_54270914	0.0235459
PDGFRA_54280287	0.0487294
PDGFRA_54287386	0.0263663
PDGFRA_54287927	0.0238274
PDLIM3_185520765	0.101857
PDLIM5_94600750	0.0848656
PDS5A_39864463	0.0477042
PDS5A_39895496	0.0732354
PDS5A_39976829	0.308715
PGM2_37828862	0.0409533
PGM2_37835233	0.0312967
PI4K2B_25257036	0.074315
PI4K2B_25268999	0.0297496
PIGG_507369	0.0235342
PIGG_508252	0.0145352
PIGG_513996	0.0305351
PIGG_514881	0.0305351
PIGG_516475	0.00862793
PIGG_517397	0.00862793
PIGG_528196	0.0117635
PKD2_88051868	0.0268805
PKD2_88051880	0.0268805
PKD2_88053109	0.0638711
PLK4_127892222	0.0421113
POLN_2084299	0.0118622
POLN_2158904	0.0199493
POLN_2171435	0.0258615
POLN_2176760	0.00832526
POLR2B_57001280	0.0560595
POLR2B_57008789	0.0424205
POLR2B_57027641	0.0861014
PPA2_105443242	0.0511917
PPA2_105449447	0.0580739
PPARGC1A_23825551	0.217541
PPARGC1A_23836940	0.187674
PPARGC1A_23882202	0.187674
PPAT_56403705	0.0714555
PPAT_56407432	0.0686814
PPEF2_75864323	0.0401012
PPEF2_75889305	0.0166849
PPID_158718670	0.0902936
PPM1K_88263045	0.0331865
PPP2R2C_6331414	0.0233857
PPP2R2C_6372902	0.0186754
PPP3CA_101033922	0.0200203
PPP3CA_101035005	0.0200203
PPP3CA_101164070	0.0582027
PRDM5_120783283	0.0264012
PRIMPOL_184650708	0.034132
PRIMPOL_184664316	0.0623671
PRIMPOL_184672591	0.0562892
PRIMPOL_184681014	0.0341767
PRIMPOL_184682653	0.064141
PRIMPOL_184688784	0.0297348
PRIMPOL_184688926	0.0297348
PRKG2_81172009	0.0791854
PRMT9_147658042	0.0344031
PRMT9_147664181	0.0996908
PRMT9_147666765	0.0996908
PRMT9_147667629	0.0996908
PRMT9_147673953	0.0512225
PRMT9_147674845	0.0512225
PRMT9_147677567	0.0512225
PRMT9_147679602	0.0512225
PROM1_15987774	0.0365355
PROM1_15994121	0.0415583
PROM1_16008242	0.0376745
PROM1_16008389	0.0376745
PROM1_16016280	0.0227541
PRSS12_118308780	0.0477179
PRSS48_151279403	0.11422
PRSS48_151280365	0.0450114
PRSS48_151290754	0.0869906
PTPN13_86598889	0.093583
QDPR_17502904	0.0238007
RAP1GDS1_98287464	0.117097
RAP1GDS1_98367490	0.0842834
RAP1GDS1_98419744	0.129193
RAP1GDS1_98419748	0.129193
RAP1GDS1_98435258	0.108201
RAPGEF2_159315230	0.0600051
RASGEF1B_81429894	0.0486414
RASGEF1B_81457789	0.140953
RASSF6_73583797	0.0354604
RBM47_40437675	0.0430739
RCHY1_75492215	0.0496751
RELL1_37646659	0.0286753
RELL1_37648129	0.0733513
REST_56917819	0.0618846
REST_56917867	0.0618846
RFC1_39295963	0.0511577
RFC1_39300572	0.0262362
RFC1_39300578	0.0262362
RFC1_39301912	0.0262362
RFC1_39317192	0.109085
RFC1_39351658	0.0684456
RGS12_3366775	0.0779069
RGS12_3381436	0.0779069
RGS12_3429660	0.0268596
RHOH_40207733	0.0629092
RNF175_153711334	0.0285169
RNF175_153718350	0.0452088
RNF175_153719329	0.0452088
RNF175_153752994	0.0302903
RNF175_153757265	0.0302903
RNF212_1073876	0.0244706
RNF212_1074797	0.0244706
RNF212_1079733	0.00474393
RNF212_1082835	0.0367229
RNF212_1085492	0.0367229
RNF212_1086052	0.106794
RNF4_2493824	0.045129
RNF4_2500393	0.0329802
RP11-499E18.1_102419539	0.151899
RPS3A_151102680	0.0473138
RWDD4_183647351	0.0551335
RWDD4_183647960	0.0551335
RWDD4_183656144	0.0167445
RXFP1_158601747	0.0464626
RXFP1_158605289	0.0417712
RXFP1_158611878	0.0141253
RXFP1_158630154	0.031912
RXFP1_158638827	0.0530229
RXFP1_158646226	0.0410157
SCLT1_128891265	0.135678
SDAD1_75972168	0.0525716
SDAD1_75972383	0.0525716
SDAD1_75989673	0.0906072
SEC24B_109511644	0.0446981
SEC24D_118767044	0.0934995
SEC24D_118800015	0.0346304
SEC31A_82853057	0.0370427
SEC31A_82874947	0.0671262
SEL1L3_25787740	0.0554373
SEL1L3_25789885	0.0245498
SEL1L3_25804840	0.083452
SEL1L3_25820407	0.123533
SEL1L3_25830262	0.131656
SEPSECS_25127635	0.111119
SEPSECS_25146028	0.0775155
SEPT11_77000860	0.0637117
SEPT11_77005855	0.109884
SEPT11_77011621	0.109884
SEPT11_77012442	0.0543309
SEPT11_77027996	0.0272218
SEPT11_77028153	0.0272218
SEPT11_77033649	0.217065
SETD7_139531482	0.0658131
SGCB_52034206	0.047442
SGCB_52037980	0.047442
SH3BP2_2821025	0.0145906
SH3D19_151154499	0.116531
SH3D19_151167879	0.154426
SH3D19_151187713	0.0904432
SH3D19_151187717	0.0904432
SH3RF1_169130400	0.0698851
SH3RF1_169270100	0.178888
SH3TC1_8200445	0.00523277
SH3TC1_8202947	0.00523277
SH3TC1_8202954	0.00523277
SH3TC1_8237818	0.00920945
SHISA3_42399227	0.132938
SHROOM3_76735130	0.0665596
SHROOM3_76737468	0.0665596
SHROOM3_76776903	0.11081
SLBP_1700369	0.0128496
SLBP_1704619	0.121194
SLBP_1710270	0.121194
SLBP_1711533	0.121194
SLC10A6_86833090	0.0412596
SLC10A7_146513839	0.116036
SLC25A31_127769484	0.0811994
SLC25A31_127772694	0.0811994
SLC2A9_9982263	0.0190694
SLC30A9_42060035	0.0872402
SLC30A9_42080766	0.0684051
SLC4A4_71451687	0.0261222
SLC4A4_71561654	0.0912897
SLC9B2_103030454	0.0638398
SLC9B2_103074284	0.0724512
SLIT2_20523707	0.0835585
SLIT2_20527865	0.387459
SLIT2_20531489	0.0294903
SLIT2_20590380	0.0622126
SMAD1_145540232	0.0827873
SMAD1_145542853	0.141047
SMAD1_145555924	0.0635992
SMARCA5_143534276	0.0730531
SMARCAD1_94273416	0.0291898
SMARCAD1_94285202	0.0261753
SNX25_185329844	0.113712
SNX25_185341944	0.0236085
SNX25_185351809	0.0303083
SNX25_185352744	0.0303083
SNX25_185352748	0.0303083
SORBS2_185589030	0.00703738
SORBS2_185614201	0.0155232
SORBS2_185630940	0.0865292
SORBS2_185650706	0.0885933
SORBS2_185689753	0.0714991
SORCS2_7606570	0.025163
SORCS2_7660963	0.0105612
SORCS2_7662919	0.0314301
SORCS2_7675864	0.0135681
SORCS2_7684803	0.0178767
SORCS2_7697068	0.0257841
SORCS2_7698273	0.0202493
SORCS2_7701362	0.0202493
SORCS2_7702791	0.0202493
SORCS2_7703715	0.0219304
SORCS2_7704950	0.0103247
SORCS2_7707462	0.0103247
SORCS2_7709417	0.0103247
SORCS2_7712631	0.0103247
SORCS2_7713482	0.00737879
SORCS2_7718010	0.0133493
SORCS2_7725580	0.00929491
SORCS2_7729240	0.0293132
SORCS2_7732179	0.00803741
SPARCL1_87481387	0.0521545
SPATA18_52055826	0.0401051
SPATA18_52059667	0.0401051
SPATA18_52059853	0.0401051
SPATA18_52061633	0.0253502
SPATA4_176190684	0.0306349
SPATA5_122927514	0.0465395
SPATA5_122927519	0.0465395
SPATA5_122930841	0.0478835
SPATA5_123022115	0.150156
SPOCK3_166737710	0.102753
SRP72_56482459	0.0655979
STAP1_67576942	0.0752271
STAP1_67592270	0.03617
STATH_70000663	0.00133808
STIM2_27008733	0.0862766
STIM2_27017031	0.0768393
STOX2_184008891	0.0411759
STX18-IT1_4477527	0.035824
STX18_4424060	0.00785787
SULT1E1_69842811	0.0213661
SULT1E1_69844797	0.0340381
SYNPO2_119027987	0.149022
TACC3_1726195	0.0180003
TACC3_1743986	0.0301657
TADA2B_7048500	0.0177102
TAPT1_16166927	0.0238792
TAPT1_16189354	0.0275271
TBC1D14_6917537	0.0264968
TBC1D14_6962191	0.0278603
TBC1D14_7010968	0.0127169
TBC1D14_7011440	0.0127169
TBC1D19_26683502	0.111644
TBC1D19_26749608	0.0755483
TBC1D1_38045624	0.0525309
TBC1D1_38091359	0.0315032
TBC1D1_38100758	0.0403447
TBC1D1_38125708	0.0461288
TBC1D1_38134238	0.0365164
TBC1D9_140633236	0.0316491
TBC1D9_140669296	0.0228074
TBC1D9_140677147	0.0224717
TBC1D9_140677571	0.0224717
TBCK_106250760	0.0488832
TBCK_106251435	0.0488832
TECRL_64306229	0.0468435
TEC_48139176	0.0267882
TEC_48146015	0.0371624
TEC_48150288	0.0415828
TEC_48151083	0.0970518
TEC_48158009	0.0612663
TENM3_182593821	0.12258
TENM3_182739412	0.154405
TENM3_182789925	0.173178
TENM3_182796565	0.229494
THAP9_82911834	0.112499
THAP9_82916623	0.112499
THEGL_56597326	0.0904816
TIFA_112281374	0.0427068
TIGD4_152774419	0.0632491
TLL1_166002135	0.0425589
TLL1_166008717	0.0476599
TLL1_166071266	0.107977
TMEM128_4239914	0.0279585
TMEM128_4242717	0.0119282
TMEM144_158217755	0.0316215
TMEM144_158244699	0.0397018
TMEM144_158245403	0.0397018
TMEM156_38969245	0.078664
TMEM165_55420235	0.0465781
TMEM33_41937357	0.0618311
TMPRSS11A_67917635	0.0314182
TMPRSS11A_67927124	0.0849578
TMPRSS11D_67872182	0.0489281
TMPRSS11E_68456205	0.0563217
TMPRSS11F_68064033	0.245844
TMPRSS11F_68067724	0.0291402
TMPRSS11F_68069134	0.0355335
TMPRSS11F_68072719	0.0161086
TNIP2_2747217	0.0236475
TNIP3_121147678	0.0583559
TNIP3_121148461	0.0583559
TRAPPC11_183666785	0.0626445
TRAPPC11_183692753	0.0389483
TRAPPC11_183696119	0.0292738
TRAPPC11_183702514	0.0299584
TRAPPC11_183703664	0.0299584
TRAPPC11_183709350	0.0275361
TRIM2_153322549	0.051992
TRIM2_153334286	0.109637
TRIM61_164973872	0.0970594
TRIML1_188141400	0.0305651
TRMT44_8448438	0.0133239
TRMT44_8468841	0.00674169
TRPC3_121909505	0.0781369
TRPC3_121927023	0.120062
TRPC3_121930523	0.120062
TSPAN5_98478235	0.0244667
TSPAN5_98486452	0.0672304
TTC29_146874446	0.0818463
TTC29_146906060	0.0696911
TXK_48083220	0.0683959
UBA6_67627348	0.0638168
UBA6_67638448	0.163557
UBA6_67639884	0.0527572
UBA6_67645453	0.042767
UBA6_67674327	0.0455622
UBA6_67677843	0.051412
UBE2D3_102800859	0.0279928
UBE2D3_102801256	0.0279928
UCHL1_41258758	0.0669096
UFSP2_185408648	0.0602824
UFSP2_185412263	0.0602824
UGDH_39504656	0.0876374
UGDH_39504664	0.0876374
UGT2A3_68948009	0.0315285
UGT2B4_69490843	0.0065313
UGT8_114665459	0.0202082
UNC5C_95169942	0.186202
USP38_143216970	0.076536
USP46_52602478	0.0197895
USP53_119247465	0.0339834
USP53_119265145	0.0592876
USP53_119291481	0.0452704
UVSSA_1348566	0.0183516
UVSSA_1354428	0.00596366
UVSSA_1360898	0.117737
UVSSA_1368451	0.0825836
UVSSA_1368671	0.0825836
UVSSA_1371064	0.0825836
UVSSA_1375631	0.00851429
UVSSA_1383071	0.206075
VEGFC_176687552	0.0674133
WDFY3_84695069	0.0165679
WDFY3_84757875	0.115429
WDFY3_84783930	0.0308678
WDFY3_84800904	0.0296543
WDFY3_84816036	0.0399842
WDR17_176113300	0.0447532
WDR17_176133894	0.0234773
WDR17_176136603	0.0333477
WDR17_176144752	0.036958
WDR17_176148695	0.0306424
WDR17_176169661	0.0413434
WDR17_176173159	0.0642107
WDR17_176174272	0.0279495
WDR19_39225446	0.0379572
WDR19_39254214	0.0576544
WDR19_39276878	0.0198117
WDR1_10078457	0.00910685
WDR1_10085631	0.00770277
WDR1_10098827	0.0152382
WDR1_10100357	0.0237252
WFS1_6294387	0.00725403
WFS1_6296716	0.00839418
WFS1_6300182	0.00839418
WWC2_183282277	0.0158044
WWC2_183314452	0.00665717
YTHDC1_68314906	0.0326784
YTHDC1_68316692	0.040629
YTHDC1_68316703	0.040629
ZAR1_48491944	0.0116234
ZAR1_48492146	0.0116234
ZBTB49_4301035	0.0345415
ZBTB49_4305798	0.0399146
ZBTB49_4313246	0.0124149
ZBTB49_4316481	0.0213401
ZFYVE28_2339134	0.0149581
ZGRF1_112610352	0.0316665
ZNF141_338613	0.0948007
ZNF141_343182	0.0948007
ZNF141_343509	0.0948007
ZNF330_141225808	0.0645074
ZNF330_141226706	0.0645074
ZNF330_141226716	0.0645074
ZNF330_141229914	0.104177
ZNF518B_10457047	0.0629936
ZNF595_54100	0.0365204
ZNF721_473754	0.130124
ZNF732_304687	0.133271
ZNF827_145765906	0.05121
ZNF827_145769721	0.05121
ZNF827_145892603	0.13083
ABLIM3_149211553	0.0794554
ABLIM3_149230391	0.135075
ABLIM3_149231238	0.0336156
ABLIM3_149245504	0.025
ABLIM3_149245541	0.025
ABLIM3_149246230	0.025
ABLIM3_149248227	0.0296578
ABLIM3_149256209	0.0368645
AC138517.6_139471292	0.0469129
ACOT12_81368929	0.0400948
ACOT12_81388397	0.0476045
ACSL6_131963648	0.0185405
ACSL6_131966201	0.0185405
ACSL6_131969885	0.0453602
ACSL6_131977547	0.0317139
ACSL6_131989049	0.0431813
ACSL6_131993534	0.0181936
ADAM19_157481154	0.0193693
ADAM19_157493643	0.0187442
ADAM19_157506447	0.0652101
ADAM19_157507566	0.0829667
ADAMTS12_33588852	0.0510163
ADAMTS12_33643192	0.0248158
ADAMTS12_33649903	0.0824606
ADAMTS16_5193322	0.0396095
ADAMTS16_5194548	0.0396095
ADAMTS16_5305656	0.0285331
ADAMTS16_5317947	0.0210898
ADAMTS19_129681734	0.0931036
ADAMTS2_179125518	0.0210061
ADAMTS2_179127334	0.0124726
ADAMTS2_179127904	0.0124726
ADAMTS2_179131824	0.0156237
ADAMTS2_179133142	0.0125419
ADAMTS2_179139510	0.00751877
ADAMTS2_179139572	0.00751877
ADAMTS2_179344511	0.126345
ADAMTS2_179344566	0.126345
ADAMTS2_179344615	0.126345
ADAMTS6_65300362	0.149183
ADCY2_7414557	0.0516235
ADCY2_7707495	0.0195031
ADCY2_7823203	0.00802189
ADGRV1_90622524	0.11226
ADGRV1_90652861	0.0555907
ADGRV1_90680949	0.117122
ADGRV1_90695814	0.0244385
AFAP1L1_149302298	0.0199907
AFAP1L1_149318134	0.0387904
AFAP1L1_149319851	0.0355505
AFAP1L1_149320717	0.0399991
AFAP1L1_149330908	0.0509794
AFF4_132887637	0.0553953
AFF4_132932640	0.0959969
AGGF1_77052469	0.0466076
AGXT2_35000167	0.011922
AGXT2_35034308	0.032491
AGXT2_35039648	0.0349512
AGXT2_35040947	0.0581225
AGXT2_35046788	0.0581225
AHRR_370585	0.0221323
AHRR_426577	0.013396
ALDH7A1_126546905	0.0439249
ALDH7A1_126547946	0.0439249
ANKDD1B_75657599	0.0502995
ANKHD1_140447634	0.257606
ANKHD1_140482472	0.113393
ANKHD1_140483002	0.226635
ANKH_14749335	0.0355505
ANKH_14750306	0.0355505
ANKH_14801217	0.0612668
ANKRD31_75081587	0.10604
ANKRD31_75087113	0.0610009
ANKRD31_75138747	0.0787048
ANKRD31_75189613	0.121823
ANKRD31_75198124	0.0584096
ANKRD31_75223955	0.178216
ANXA6_151112322	0.0333804
ANXA6_151116668	0.0333804
ANXA6_151127593	0.0332471
ANXA6_151131090	0.0196414
AP3B1_78115291	0.0412098
AP3B1_78124464	0.140678
AP3B1_78176109	0.0615093
AP3B1_78177899	0.0332703
APBB3_140560958	0.123293
APC_112775379	0.0993798
APC_112792976	0.0898575
APC_112796309	0.0898575
APC_112820150	0.0954626
APC_112837067	0.0429229
ARAP3_141661472	0.0375242
ARAP3_141664532	0.067907
ARHGAP26_142782647	0.100015
ARHGAP26_142883705	0.0439356
ARHGAP26_142900951	0.0443758
ARHGAP26_143215060	0.0637492
ARHGEF28_73751674	0.0209289
ARHGEF28_73777128	0.0201513
ARHGEF28_73852036	0.080735
ARHGEF28_73852513	0.080735
ARHGEF28_73887302	0.0321629
ARHGEF37_149608668	0.0517362
ARHGEF37_149609546	0.0517362
ARHGEF37_149617055	0.0490639
ARHGEF37_149620275	0.0323104
ARHGEF37_149628646	0.024866
ARL10_176368046	0.0919245
ARL10_176369374	0.0226367
ARL14EPL_116057233	0.0593855
ARL15_53946848	0.128989
ARRDC3_91380260	0.260324
ARSB_78900313	0.0880605
ARSB_78967231	0.0935388
ATG12_115839696	0.0274974
ATP10B_160590422	0.0345338
ATP10B_160604261	0.0560496
B4GALT7_177603363	0.068793
B4GALT7_177603899	0.068793
BDP1_71494017	0.0496484
BHMT2_79070067	0.0404147
BHMT2_79077322	0.0404147
BHMT_79117282	0.0500878
BNIP1_173161968	0.0229284
BNIP1_173162144	0.0229284
BNIP1_173163456	0.0229284
BOD1_173614915	0.0179049
BRD8_138156728	0.218043
BRD8_138158872	0.218043
BRD8_138162308	0.096648
BRD8_138172329	0.0711654
BRD9_871124	0.0113716
BRD9_871221	0.0113716
BRD9_871359	0.0113716
BRD9_890680	0.0082787
BTNL3_180989371	0.0127456
BTNL3_180990809	0.0127456
BTNL3_180991821	0.0127456
BTNL3_180996449	0.0426535
BTNL8_180910062	0.0465231
BTNL9_181052762	0.016912
C1QTNF2_160349974	0.0503785
C1QTNF3_34031709	0.0475946
C1QTNF3_34033509	0.0247166
C5orf22_31552159	0.0371127
C5orf24_134847186	0.0937955
C5orf42_37122803	0.0944414
C5orf42_37171340	0.0281116
C5orf42_37181986	0.0473609
C5orf42_37203323	0.0450154
C5orf42_37221510	0.0392153
C5orf42_37245628	0.171631
C6_41143040	0.0535646
C7_40933381	0.0638298
C7_40942153	0.0914677
C7_40967378	0.102064
CAMK2A_150228380	0.0329622
CAMK2A_150234465	0.0382539
CAMK2A_150240586	0.163146
CAMK2A_150245896	0.119886
CAMK2A_150247285	0.119886
CAMK2A_150248122	0.0541336
CAMK2A_150252861	0.0553033
CAMK2A_150253619	0.064919
CANX_179718148	0.0286887
CANX_179726360	0.0837832
CAST_96766297	0.0248591
CATSPER3_135009614	0.0186871
CCDC112_115269885	0.0594859
CCDC112_115269890	0.0594859
CCDC125_69304997	0.0888524
CCDC125_69305595	0.0888524
CCDC125_69312629	0.255231
CCDC127_213723	0.0623318
CCDC152_42798930	0.0699293
CCDC192_127705088	0.108948
CCDC69_151186632	0.0241023
CCDC69_151201730	0.0503207
CCDC69_151204911	0.0503207
CCNJL_160253923	0.02804
CCNJL_160259771	0.036645
CCNJL_160259815	0.036645
CCNJL_160277362	0.0645146
CCT5_10251724	0.023665
CCT5_10252343	0.023665
CCT5_10260360	0.00558777
CDC20B_55127766	0.0200009
CDC20B_55133777	0.081582
CDC23_138189375	0.122101
CDC23_138207430	0.0681909
CDH6_31319766	0.123497
CDH9_26885277	0.0667707
CDH9_26890019	0.062966
CDHR2_176576344	0.0157321
CDHR2_176576911	0.0157321
CDHR2_176590828	0.0432989
CDHR2_176593240	0.0275958
CDHR2_176593880	0.0275958
CDK7_69252150	0.179844
CDKL3_134313410	0.104559
CDKN2AIPNL_134404653	0.119148
CDKN2AIPNL_134408736	0.119148
CDO1_115815812	0.0374382
CENPH_69198451	0.0707213
CENPH_69202406	0.0707213
CENPK_65525882	0.0651759
CENPK_65560001	0.108345
CEP120_123371276	0.134621
CEP120_123371581	0.134621
CEP120_123378118	0.053355
CEP120_123386853	0.0426735
CEP120_123391557	0.0291106
CEP120_123394518	0.0343468
CEP120_123418710	0.024196
CEP72_623484	0.0372086
CEP72_638494	0.00759685
CEP72_640994	0.0125539
CEP72_642701	0.0125539
CEP72_643668	0.0125539
CEP72_647115	0.0082631
CEP72_648222	0.0540158
CETN3_90406491	0.0592538
CHD1_98891550	0.043199
CHD1_98897670	0.048507
CHSY3_129907393	0.0575395
CKMT2_81264284	0.0626784
CKMT2_81264474	0.0626784
CLINT1_157803862	0.0537474
CLPTM1L_1321844	0.0174352
CLPTM1L_1321892	0.0174352
CLPTM1L_1322205	0.0174352
CLPTM1L_1329451	0.0146563
CLPTM1L_1331913	0.15872
CLPTM1L_1341988	0.0159406
CLPTM1L_1342157	0.0159406
CLTB_176395395	0.0315078
CLTB_176398256	0.0493977
CLTB_176411306	0.0645811
CLTB_176412392	0.0645811
CMYA5_79790781	0.0300681
CNOT6_180573868	0.056499
CNOT8_154875058	0.0506713
COL23A1_178247884	0.0416222
COL23A1_178250243	0.0637514
COL23A1_178253713	0.0263879
COL23A1_178257151	0.033899
COL4A3BP_75380088	0.0516151
COL4A3BP_75408993	0.0676847
COL4A3BP_75419194	0.0933173
COMMD10_116291391	0.101327
CREBRF_173085084	0.251096
CREBRF_173127761	0.0669396
CRHBP_76957248	0.0790167
CSF1R_150055464	0.0159202
CSF1R_150056384	0.0153196
CSF1R_150064659	0.0427546
CSF1R_150072603	0.0261162
CSF1R_150076631	0.0116386
CSF1R_150076823	0.0116386
CSF1R_150079121	0.00646367
CSF2_132075607	0.0951743
CSNK1A1_149512044	0.062061
CSNK1A1_149516194	0.29908
CSNK1A1_149517924	0.29908
CSNK1G3_123579219	0.0836583
CTC-308K20.2_172956972	0.0383787
CTC-441N14.4_122181196	0.17288
CTNND2_10975814	0.0622962
CTNND2_11022519	0.102295
CTNND2_11115445	0.0476764
CWC27_64769607	0.0891132
CYFIP2_157285208	0.0756746
CYFIP2_157296958	0.0391909
CYFIP2_157301914	0.0179246
CYFIP2_157308568	0.0346969
CYFIP2_157310740	0.12589
CYFIP2_157360621	0.0245753
CYFIP2_157361335	0.0245753
CYFIP2_157391815	0.0242209
DAB2_39381008	0.138632
DAP_10721043	0.040896
DBN1_177463648	0.0303227
DCP2_113008558	0.0274548
DCP2_113008621	0.0274548
DCTN4_150715836	0.0314841
DCTN4_150724838	0.106113
DCTN4_150756636	0.0635905
DDX41_177512876	0.0882687
DDX46_134785140	0.395135
DDX46_134816072	0.0614389
DDX46_134823488	0.0931087
DDX46_134823952	0.0931087
DDX4_55738729	0.0261627
DEPDC1B_60602441	0.0413683
DHX29_55256993	0.0662132
DHX29_55285611	0.0785842
DHX29_55289755	0.0734081
DIAPH1_141575229	0.0589049
DIAPH1_141580637	0.0605145
DMGDH_79025703	0.0644247
DMGDH_79032898	0.0906683
DMGDH_79044162	0.0228496
DMGDH_79055671	0.0355626
DMXL1_119129172	0.399099
DMXL1_119165013	0.0493518
DNAH5_13693568	0.0395239
DNAH5_13751633	0.0264674
DNAH5_13767984	0.0526342
DNAH5_13776816	0.0220263
DNAH5_13843762	0.0398943
DNAH5_13846251	0.0278066
DNAH5_13848553	0.0278066
DNAH5_13896915	0.0817376
DNAH5_13920741	0.018861
DNAJC18_139421842	0.111242
DNAJC18_139428271	0.0682151
DNAJC18_139437302	0.158935
DNAJC21_34931760	0.0435354
DOCK2_169674266	0.0538671
DOCK2_169716064	0.0717852
DOCK2_169982892	0.102496
DOCK2_169984050	0.120045
DOCK2_169984381	0.120045
DOCK2_170018958	0.0924491
DOCK2_170035206	0.0679214
DOCK2_170037877	0.0776279
DOCK2_170050722	0.0550391
DOCK2_170074973	0.0519888
DOK3_177505624	0.0238778
DPYSL3_147394247	0.0113394
DPYSL3_147397901	0.0198293
DPYSL3_147397967	0.0198293
DPYSL3_147399660	0.0217033
DPYSL3_147413113	0.0338456
DROSHA_31408504	0.140531
DROSHA_31424799	0.161295
DROSHA_31497711	0.033527
DROSHA_31505927	0.101232
DROSHA_31513182	0.0529362
DROSHA_31528196	0.0258491
EBF1_158701835	0.10467
EBF1_158708916	0.211706
EBF1_158713300	0.0828029
EBF1_159099237	0.247888
EDIL3_84248353	0.0596821
EFCAB9_172200297	0.0115919
EFNA5_107498902	0.190697
EGFLAM_38350915	0.0267793
EGFLAM_38408015	0.0339608
EGFLAM_38418617	0.0286068
EGFLAM_38430852	0.169961
EGFLAM_38451187	0.0378865
EIF4E1B_176643080	0.118735
ELL2_95900153	0.0748693
ELL2_95915670	0.0742398
ELOVL7_60792333	0.0587496
EPB41L4A_112169387	0.0365774
EPB41L4A_112196171	0.0385316
ERAP1_96789638	0.0389429
ERAP2_96880610	0.0309099
ERAP2_96897964	0.04012
ERAP2_96905243	0.0638976
ERBIN_66018934	0.154471
ERBIN_66042829	0.0497764
EXOC3_454404	0.0079355
EXOC3_459167	0.0169707
EXOC3_460385	0.0120048
EXOC3_464099	0.0231054
EXOC3_464151	0.0231054
EXOC3_464203	0.0231054
FAF2_176493841	0.150463
FAF2_176504593	0.0395431
FAM114A2_154003078	0.0623137
FAM114A2_154003088	0.0623137
FAM114A2_154009047	0.0623137
FAM151B_80520043	0.0864345
FAM159B_64692033	0.042367
FAM169A_74834895	0.0464033
FAM170A_119632495	0.0188199
FAM172A_93779384	0.24463
FAM173B_10229421	0.065172
FAM193B_177520335	0.0179972
FAM193B_177530834	0.0742622
FAM193B_177536745	0.046268
FAM193B_177538307	0.0664128
FAM81B_95394460	0.0540619
FAT2_151517964	0.029267
FAT2_151519198	0.029267
FAT2_151536813	0.0587321
FBN2_128287632	0.0322711
FBN2_128303466	0.0394135
FBN2_128311987	0.0464985
FBN2_128315750	0.0278576
FBN2_128342482	0.02278
FBN2_128351040	0.0668411
FBN2_128361055	0.171575
FBN2_128534826	0.164911
FBXL7_15928897	0.0556875
FBXL7_15935152	0.0556875
FBXO38_148410522	0.038837
FBXO4_41931558	0.0865283
FBXO4_41934074	0.123207
FBXW11_171994346	0.105268
FCHO2_73081586	0.0609447
FCHSD1_141644727	0.103006
FCHSD1_141648308	0.0380035
FCHSD1_141649337	0.193267
FCHSD1_141650605	0.203078
FER_109044578	0.0414803
FER_109044582	0.0414803
FLT4_180610025	0.0102805
FNIP1_131702935	0.0675498
FNIP1_131705275	0.0528428
FNIP1_131719697	0.0859815
FSTL4_133219568	0.0308189
G3BP1_151802981	0.0397741
GABRA6_161691107	0.0493762
GABRG2_162145435	0.039235
GABRP_170791034	0.0319657
GALNT10_154294588	0.0949441
GALNT10_154294675	0.0949441
GALNT10_154295594	0.039904
GALNT10_154296372	0.039904
GALNT10_154310695	0.0740105
GALNT10_154313160	0.0740105
GALNT10_154331725	0.102142
GALNT10_154406441	0.031116
GALNT10_154411469	0.0133989
GDF9_132863075	0.0251063
GDNF_37837772	0.100059
GEMIN5_154903453	0.0204921
GEMIN5_154910898	0.0548808
GEMIN5_154930329	0.0664582
GFM2_74748566	0.0681483
GFM2_74757860	0.163525
GFM2_74758324	0.163525
GFPT2_180311469	0.0387208
GFPT2_180324541	0.164745
GLRA1_151823699	0.0643723
GLRA1_151827001	0.0643723
GM2A_151257390	0.062311
GM2A_151258417	0.062311
GM2A_151259076	0.062311
GPBP1_57233762	0.106852
GPBP1_57237807	0.111125
GPX3_151024684	0.0385718
GPX3_151026342	0.0244673
GPX3_151027430	0.0583816
GRAMD3_126472701	0.0187812
GRAMD3_126473140	0.0187812
GRAMD3_126485492	0.0287416
GRIA1_153648064	0.0305171
GRM6_178990850	0.0165805
GRM6_178991613	0.0378371
GRPEL2_149346597	0.0559209
GRXCR2_145864887	0.0722472
GRXCR2_145866805	0.0987346
H2AFY_135335239	0.0630846
H2AFY_135342517	0.0630846
H2AFY_135342715	0.0630846
HAVCR1_157031247	0.0148599
HAVCR1_157042763	0.0618194
HAVCR1_157047903	0.0618194
HAVCR2_157101669	0.0367951
HDAC3_141627058	0.0355357
HEXB_74686257	0.025893
HEXB_74693924	0.0685847
HK3_176882162	0.0214781
HK3_176882245	0.0214781
HK3_176884743	0.0364988
HK3_176895568	0.0572422
HK3_176897953	0.0258517
HMGCR_75352551	0.036749
HMGCS1_43296735	0.0642915
HMGXB3_150040677	0.0407882
HMGXB3_150044446	0.0139099
HMGXB3_150045299	0.0139099
HMGXB3_150050785	0.0167015
HMMR_163478609	0.0525649
HMMR_163482253	0.0290588
HMP19_174104716	0.0301109
HNRNPH1_179620582	0.452456
HOMER1_79440880	0.0716921
HOMER1_79447409	0.0589037
HOMER1_79448126	0.0589037
HRH2_175684659	0.0202894
HSD17B4_119497098	0.05223
HSPA4_133088343	0.0321845
HSPA4_133101582	0.0411021
HTR4_148549355	0.0324464
ICE1_5449602	0.0344865
ICE1_5459562	0.00925538
ICE1_5466177	0.0128284
ICE1_5473306	0.0160943
IK_140659215	0.14916
IL12B_159330301	0.053359
IL17B_149375201	0.0308927
IL31RA_55872083	0.0390054
IL31RA_55897456	0.108713
IL31RA_55905820	0.0298508
IL31RA_55910832	0.0325613
IL31RA_55914574	0.0246865
IL5_132542813	0.0437084
IL7R_35864416	0.0409224
IPO11_62444439	0.0878207
IPO11_62469963	0.0497421
IPO11_62528386	0.0589861
IPO11_62594285	0.0580467
IQGAP2_76622499	0.0443711
IQGAP2_76636043	0.0615664
IQGAP2_76637778	0.0357921
IQGAP2_76658104	0.0308509
IQGAP2_76672802	0.0469515
ISL1_51389255	0.142127
ITGA1_52896491	0.0498309
ITGA1_52897354	0.0498309
ITGA1_52920840	0.0328232
ITGA2_53037220	0.0565984
ITGA2_53057893	0.0342981
ITGA2_53080288	0.0248839
ITK_157214816	0.0590197
ITK_157226919	0.0646056
ITK_157239112	0.020054
JADE2_134555542	0.0855998
JADE2_134569935	0.0302361
JADE2_134573330	0.0302361
JADE2_134577788	0.0589125
JAKMIP2_147617367	0.0319231
JAKMIP2_147633057	0.0886178
JMY_79309837	0.0382932
KCNIP1_170720719	0.0303204
KCNIP1_170732560	0.0529019
KCNIP1_170734864	0.0373677
KCNN2_114361688	0.238594
KDM3B_138381409	0.0837283
KDM3B_138381413	0.0837283
KDM3B_138423503	0.0681918
KIAA0141_141927209	0.0517358
KIAA0141_141930150	0.0952913
KIAA0141_141933960	0.0543138
KIAA0141_141938206	0.0348573
KIAA0825_94387998	0.106563
KIAA0825_94397259	0.0936654
KIAA0825_94403097	0.0936654
KIAA0825_94466459	0.342684
KIAA0825_94476183	0.14842
KIAA0825_94476270	0.14842
KIAA1191_176358839	0.0434891
KIF2A_62350697	0.0636968
KIF2A_62355557	0.0590074
KLHL3_137634263	0.0549741
KLHL3_137635064	0.0549741
KLHL3_137697918	0.111136
LARP1_154803971	0.052822
LARS_146136595	0.163447
LARS_146149969	0.0653723
LARS_146150019	0.0653723
LARS_146175073	0.0596018
LARS_146179148	0.064072
LARS_146181902	0.064072
LCP2_170267992	0.0255584
LCP2_170283622	0.0275336
LCP2_170289164	0.01532
LCP2_170292800	0.01532
LIFR_38483996	0.0221258
LIFR_38484127	0.0221258
LIFR_38490560	0.0186183
LIFR_38492997	0.0186183
LIFR_38493979	0.0203929
LIX1_97096051	0.142278
LMBRD2_36104248	0.0926941
LMBRD2_36106475	0.0528543
LMBRD2_36110147	0.126015
LMNB1_126799399	0.0655777
LMNB1_126810139	0.0468809
LMNB1_126813349	0.03625
LNPEP_96994202	0.041462
LNPEP_97002453	0.0572556
LNPEP_97020165	0.0762586
LNPEP_97023769	0.0263502
LNPEP_97024299	0.0263502
LOX_122067674	0.0327472
LPCAT1_1464005	0.0336097
LPCAT1_1472605	0.0200069
LPCAT1_1473106	0.0200069
LPCAT1_1473350	0.0200069
LPCAT1_1477693	0.0084747
LPCAT1_1477762	0.0084747
LPCAT1_1481863	0.0100804
LPCAT1_1482959	0.0100804
LPCAT1_1487177	0.016094
LSM11_157744648	0.161133
LSM11_157745878	0.161133
LVRN_115987710	0.0627496
LVRN_116001516	0.0437028
LVRN_116003932	0.0383781
LVRN_116020821	0.0472118
MAML1_179770722	0.0168605
MAML1_179771946	0.0169796
MAN2A1_109713857	0.0510264
MAN2A1_109820183	0.0506867
MAN2A1_109835149	0.0954368
MAN2A1_109848370	0.0925983
MAN2A1_109851607	0.0925983
MAN2A1_109866433	0.0245409
MAP3K1_56865564	0.203382
MAP3K1_56885835	0.0345674
MAPK9_180241411	0.0286697
MAPK9_180245314	0.081173
MARCH6_10381773	0.0554082
MARCH6_10397978	0.0424702
MARCH6_10410028	0.0267285
MAST4_67112885	0.046982
MAST4_67124921	0.116109
MAST4_67143688	0.0844028
MAST4_67148483	0.0979848
MAST4_67150583	0.0799623
MAST4_67161147	0.0257969
MCCC2_71597642	0.0271925
MCCC2_71598059	0.0271925
MCCC2_71632465	0.0406514
MCCC2_71647880	0.051818
MCCC2_71648232	0.051818
MCC_113027899	0.0207519
MCC_113044134	0.027857
MCC_113050363	0.014911
MCIDAS_55223256	0.0215633
MCTP1_94913043	0.0474859
MEF2C_88760426	0.182764
MEGF10_127292269	0.106552
MEGF10_127340007	0.0431766
MEGF10_127420320	0.063212
MEGF10_127420341	0.063212
MEGF10_127420820	0.063212
MEGF10_127442738	0.0807362
MEGF10_127454223	0.0311825
MEIKIN_131916430	0.105221
MIER3_56933641	0.0269492
MOCS2_53101746	0.0493135
MRNIP_179848492	0.182269
MRNIP_179857709	0.034891
MROH2B_41012797	0.0197233
MROH2B_41033950	0.104364
MROH2B_41058745	0.038399
MRPL22_154952188	0.113579
MRPL22_154954131	0.113579
MRPS36_69224704	0.10544
MSH3_80673125	0.0551219
MSH3_80762126	0.0649418
MSH3_80790679	0.0545848
MSH3_80864639	0.174407
MTMR12_32232302	0.0235372
MTMR12_32242455	0.0313496
MTMR12_32248248	0.0421395
MTMR12_32253378	0.0408987
MTMR12_32268079	0.0528897
MTRR_7887223	0.0171573
MTRR_7889421	0.0128163
MTRR_7890098	0.0128163
MTRR_7898715	0.0138785
MYO10_16674125	0.0208764
MYO10_16703914	0.0354739
MYOZ3_150663812	0.0312431
NADK2_36200659	0.14568
NADK2_36207365	0.181001
NAIP_71021599	0.068328
NDFIP1_142120503	0.097825
NDST1_150527616	0.0511195
NDST1_150538867	0.105279
NIM1K_43279051	0.0356959
NIPAL4_157460907	0.0440007
NIPAL4_157460911	0.0440007
NIPAL4_157462273	0.0440007
NIPAL4_157462771	0.0440007
NIPAL4_157464487	0.0336108
NIPAL4_157466016	0.0336108
NIPAL4_157466322	0.0336108
NIPAL4_157466810	0.0336108
NIPAL4_157471545	0.0277356
NIPBL_36948759	0.117955
NIPBL_36959446	0.0720695
NIPBL_36975232	0.0933348
NIPBL_37015518	0.0836643
NIPBL_37044145	0.102996
NIPBL_37048353	0.267645
NLN_65789248	0.104347
NLN_65812129	0.153408
NME5_138132606	0.0702502
NME5_138133044	0.0702502
NME5_138136891	0.0702502
NNT_43621807	0.0576468
NNT_43622027	0.0576468
NR3C1_143312409	0.0552322
NR3C1_143389347	0.0771088
NRG2_139849035	0.0306769
NRG2_139852096	0.0544383
NRG2_139855337	0.0786394
NSA2_74772420	0.0650366
NSD1_177248078	0.319185
NSD1_177280563	0.0648749
NSD1_177293337	0.0422463
NSUN2_6600616	0.00737388
NSUN2_6600914	0.00737388
NSUN2_6606517	0.034691
NSUN2_6624057	0.00584372
NUDT12_103554303	0.0752807
NUDT12_103557774	0.0347906
NUP155_37336731	0.0703805
NUP155_37349637	0.0470777
NUP155_37351938	0.0797326
OCLN_69508168	0.121994
OSMR_38876820	0.0179747
OSMR_38917892	0.0291767
OTP_77632523	0.385369
OTP_77632602	0.385369
OTP_77637665	0.363242
OTULIN_14666737	0.0602186
OTULIN_14670746	0.0602186
OTULIN_14689926	0.0257207
OXCT1_41737173	0.0941083
OXCT1_41800286	0.0825993
OXCT1_41861864	0.0319143
OXCT1_41869191	0.0311287
P4HA2_132194226	0.0349019
P4HA2_132205175	0.0742444
P4HA2_132207407	0.0742444
P4HA2_132207969	0.0542163
P4HA2_132209430	0.0657763
P4HA2_132209448	0.0657763
PAIP1_43528484	0.0298083
PAIP1_43540068	0.0388715
PAIP1_43543346	0.0598692
PAIP2_139363723	0.0843005
PAIP2_139364420	0.101771
PAM_102949261	0.0600431
PAPD4_79613246	0.0600184
PAPD4_79616702	0.0600184
PAPD7_6740919	0.0150292
PAPD7_6752363	0.00550866
PAPD7_6752551	0.00550866
PAPD7_6753638	0.0104478
PARP8_50796660	0.0415038
PCBD2_134910263	0.0409728
PCDH12_141949098	0.106422
PCSK1_96402258	0.0680196
PCSK1_96410257	0.3063
PCSK1_96422131	0.0329277
PCYOX1L_149360641	0.0327167
PDCD6_308043	0.0435847
PDE4D_58992837	0.0530914
PDE4D_59186317	0.0512159
PDE6A_149863439	0.0315315
PDE6A_149864063	0.0315315
PDE6A_149934189	0.0580788
PDE8B_77407882	0.015616
PDE8B_77419520	0.0469856
PDE8B_77421294	0.0267641
PDGFRB_150118029	0.0249219
PDGFRB_150126988	0.0387976
PDGFRB_150128002	0.0387976
PDGFRB_150131391	0.138935
PDGFRB_150132094	0.0437786
PDLIM4_132260239	0.140713
PDLIM4_132262054	0.140713
PDLIM7_177491420	0.239898
PDLIM7_177493104	0.0570941
PDLIM7_177494428	0.0570941
PDZD2_31999891	0.0398663
PDZD2_32050294	0.083083
PDZD2_32051086	0.083083
PGGT1B_115213626	0.0825926
PGGT1B_115233910	0.0386382
PGGT1B_115241742	0.056041
PHAX_126602484	0.0234046
PHAX_126604406	0.0584333
PHAX_126606974	0.0584333
PHAX_126622767	0.0422402
PHYKPL_178222202	0.104976
PIK3R1_68294501	0.0483495
PITX1_135030682	0.100096
PJA2_109345052	0.0681506
PKD2L2_137922320	0.0534877
PKD2L2_137936074	0.0741122
PLAC8L1_146102888	0.0736899
PLEKHG4B_153828	0.0779798
PLEKHG4B_181808	0.0283933
PLK2_58456718	0.0569239
PLPP1_55533182	0.11327
POC5_75687278	0.0496184
POC5_75689285	0.0718463
POC5_75689327	0.0718463
POC5_75702203	0.155676
POC5_75714641	0.0622407
POLK_75580596	0.0774828
POLK_75581179	0.0774828
PPARGC1B_149825562	0.0621393
PPARGC1B_149825682	0.0621393
PPARGC1B_149826371	0.0621393
PPARGC1B_149831694	0.0142844
PPARGC1B_149832558	0.0142844
PPARGC1B_149837251	0.0302228
PPARGC1B_149838823	0.0302228
PPIP5K2_103123060	0.0342849
PPIP5K2_103131856	0.0418253
PPIP5K2_103140055	0.144697
PPIP5K2_103141358	0.144697
PPIP5K2_103146303	0.144697
PPIP5K2_103146402	0.144697
PPIP5K2_103173470	0.06656
PPIP5K2_103181230	0.212225
PPP2R2B_146597441	0.0228327
PPP2R2B_146599947	0.0228327
PPP2R2B_146693990	0.12827
PPWD1_65568661	0.0573661
PRDM6_123095178	0.108369
PRDM9_23517985	0.0308506
PRKAA1_40782444	0.112138
PRR7_177449410	0.0965638
PRRC1_127531950	0.0455062
PRRC1_127532413	0.0455062
PRRC1_127533299	0.0455062
PSD2_139821253	0.0445996
PTCD2_72327141	0.0418284
PTTG1_160424951	0.0512544
RAD1_34912240	0.0469801
RAD50_132581952	0.0588742
RAD50_132597597	0.0759965
RAD50_132598776	0.0759965
RAD50_132638886	0.0542288
RAD50_132640115	0.0542288
RAI14_34767050	0.0876091
RAI14_34804079	0.112781
RAI14_34806481	0.112781
RAI14_34825580	0.035389
RANBP17_171069954	0.152685
RANBP17_171153493	0.152685
RANBP17_171199458	0.153761
RANBP17_171240926	0.107699
RANBP17_171294168	0.391261
RANBP3L_36264296	0.0679925
RANBP3L_36265610	0.0831372
RAPGEF6_131428019	0.086464
RAPGEF6_131454637	0.0547087
RAPGEF6_131468737	0.0452656
RAPGEF6_131469870	0.0452656
RAPGEF6_131471033	0.0452656
RAPGEF6_131498841	0.0649754
RAPGEF6_131629235	0.0679576
RARS_168487552	0.00902624
RASA1_87353468	0.112486
RASGEF1C_180112103	0.0138443
RASGEF1C_180112546	0.0138443
RASGEF1C_180116917	0.0222899
RASGEF1C_180126116	0.0630375
RASGEF1C_180135850	0.0208837
RASGRF2_81067879	0.0619503
RASGRF2_81208176	0.0325986
RASGRF2_81213532	0.0251727
RBM22_150693561	0.0318971
RBM27_146223273	0.0637041
RFESD_95648759	0.0729357
RGS14_177363123	0.0588317
RGS14_177369717	0.0681635
RGS7BP_64595047	0.129132
RHOBTB3_95733776	0.0887167
RHOBTB3_95750744	0.0538152
RHOBTB3_95759346	0.0420857
RHOBTB3_95763346	0.0420857
RICTOR_38956440	0.0522121
RICTOR_38960724	0.0806373
RICTOR_38963260	0.0555566
RICTOR_38965985	0.0349296
RICTOR_39026038	0.105901
RIOK2_97175216	0.0550618
RIOK2_97182279	0.0353838
RNF130_179962875	0.0569407
RNF130_179967114	0.0734375
RNF130_179973192	0.0412413
RNF145_159190433	0.0599377
RNF44_176531752	0.0396193
RPL26L1_172961983	0.0370257
RUFY1_179562966	0.0532283
RUFY1_179563474	0.0532283
RUFY1_179564281	0.0532283
RUFY1_179570748	0.10412
S100Z_76876901	0.0509296
SAP30L_154451089	0.141833
SAR1B_134622820	0.0828491
SCGB3A2_147881250	0.0173433
SDHA_219042	0.0289599
SDHA_224339	0.0362832
SDHA_252847	0.099527
SDHA_254770	0.0346875
SDHA_255098	0.0346875
SEC24A_134669879	0.0713202
SEC24A_134673330	0.116172
SEC24A_134676746	0.096452
SEC24A_134679864	0.137688
SEC24A_134717978	0.0877079
SEMA5A_9053995	0.00567881
SEMA6A_116473272	0.0595455
SEMA6A_116473863	0.0595455
SEPT8_132765027	0.0443721
SERINC5_80177108	0.0246326
SFXN1_175525042	0.0344211
SGTB_65711464	0.0604755
SH3PXD2B_172340603	0.0417641
SH3PXD2B_172350589	0.0483059
SH3PXD2B_172354238	0.0657093
SH3PXD2B_172354356	0.0657093
SH3PXD2B_172374359	0.0284201
SH3PXD2B_172381628	0.0284201
SH3PXD2B_172439346	0.0524875
SH3RF2_146048933	0.0505384
SH3TC2_149040822	0.0604824
SH3TC2_149048228	0.0719345
SIL1_139043147	0.0871717
SIMC1_176318817	0.0894483
SIMC1_176322888	0.0981766
SIMC1_176324441	0.0981766
SIMC1_176337744	0.0396832
SIMC1_176340572	0.0396832
SKIV2L2_55325473	0.0520287
SKIV2L2_55342552	0.0703047
SKIV2L2_55385424	0.0536137
SKIV2L2_55406565	0.0556466
SKIV2L2_55420360	0.0317893
SLC12A2_128114210	0.0562723
SLC12A2_128155732	0.0534069
SLC12A2_128161020	0.083295
SLC12A7_1052488	0.0216957
SLC12A7_1052982	0.0216957
SLC12A7_1057952	0.0120661
SLC12A7_1060226	0.0120661
SLC12A7_1067123	0.0210141
SLC12A7_1067655	0.0210141
SLC12A7_1073843	0.0289987
SLC12A7_1078231	0.0109856
SLC12A7_1086478	0.00991183
SLC12A7_1105071	0.00879454
SLC22A4_132315687	0.0413412
SLC22A4_132321352	0.0413412
SLC22A4_132328108	0.0414049
SLC22A4_132336161	0.10317
SLC22A5_132370911	0.0425774
SLC22A5_132371584	0.0425774
SLC23A1_139374148	0.0330155
SLC23A1_139379354	0.0378019
SLC25A46_110748677	0.036402
SLC25A48_135839954	0.0536363
SLC27A6_129030616	0.0335677
SLC30A5_69101996	0.0599625
SLC30A5_69119477	0.0676294
SLC36A1_151461495	0.0302081
SLC36A1_151463398	0.0302081
SLC36A1_151465785	0.0273524
SLC36A1_151481473	0.0459083
SLC36A1_151484181	0.0459083
SLC36A1_151486385	0.0459083
SLC36A2_151343160	0.0508897
SLC36A2_151343991	0.0400692
SLC36A3_151281252	0.0292713
SLC36A3_151283655	0.0292713
SLC36A3_151301520	0.0351875
SLC38A9_55646956	0.10631
SLC38A9_55647223	0.10631
SLC4A9_140363971	0.11851
SLC4A9_140365680	0.0432784
SLC4A9_140368049	0.101387
SLC4A9_140371857	0.0950438
SLC6A18_1228017	0.0192632
SLC6A18_1229827	0.0192632
SLC6A19_1202442	0.00856666
SLC6A19_1210147	0.0169216
SLC6A19_1218544	0.0102146
SLC6A19_1221610	0.0676563
SLC6A3_1401105	0.00589819
SLC6A3_1405158	0.011499
SLC6A3_1405891	0.011499
SLC6A3_1406389	0.0180515
SLC6A3_1406665	0.0180515
SLC6A3_1413407	0.0239484
SLC6A3_1413963	0.0239484
SLC6A3_1416631	0.0570023
SLC6A3_1422062	0.0109578
SLC6A3_1442209	0.00885222
SLC6A3_1443312	0.00714727
SLC6A7_150194580	0.0702897
SLC6A7_150196536	0.0373054
SLC6A7_150199536	0.0282718
SLC6A7_150202892	0.0561402
SLC9A3_487579	0.0144462
SLCO4C1_102242116	0.0991601
SLCO4C1_102243733	0.0991601
SLCO4C1_102294716	0.0263857
SLF1_94665693	0.084501
SLF1_94669358	0.0692143
SLF1_94687212	0.0879245
SLF1_94687226	0.0879245
SLIT3_168673043	0.0261429
SLIT3_168724344	0.0256733
SLU7_160405293	0.0306524
SMAD5_136148045	0.0999147
SMAD5_136160479	0.0555306
SMAD5_136164289	0.0636526
SMAD5_136165963	0.0636526
SMAD5_136173317	0.0692395
SMIM23_171786188	0.0455511
SNCAIP_122443105	0.0336098
SNX24_122999807	0.130719
SNX24_123007577	0.0994568
SNX2_122801099	0.0586304
SNX2_122821094	0.0540222
SPARC_151670431	0.0312953
SPATA9_95653247	0.0673424
SPDL1_169598075	0.0680541
SPDL1_169598692	0.0524439
SPEF2_35693070	0.0371081
SPEF2_35755912	0.0255575
SPINK13_148269918	0.014841
SPINK13_148281281	0.0960342
SPINK1_147829922	0.0402204
SPINK5_148068093	0.0284349
SPINK5_148106706	0.017331
SPINK5_148122424	0.0249239
SPINK5_148127896	0.0248679
SPOCK1_136984925	0.0496868
SPOCK1_137498687	0.119682
SPRY4_142317025	0.178123
SQSTM1_179826290	0.0320548
SQSTM1_179833569	0.0370441
SRD5A1_6659603	0.0206377
SRFBP1_122023660	0.0565918
SSBP2_81421441	0.0407864
SSBP2_81472563	0.098827
SSBP2_81473896	0.041269
STK10_172060978	0.0676524
STK10_172086125	0.022922
STK10_172090997	0.0128068
STK10_172096279	0.0122771
STK32A_147236202	0.08118
STK32A_147236830	0.08118
SUB1_32599566	0.0455891
SV2C_76291185	0.0520355
SV2C_76291469	0.0810826
SV2C_76297665	0.0376194
TBC1D9B_179897770	0.0362698
TCERG1_146448157	0.0676846
TCERG1_146454563	0.0676846
TCERG1_146471215	0.0673694
TCOF1_150358435	0.0473802
TCOF1_150360162	0.0473802
TCOF1_150361679	0.0250803
TCOF1_150365799	0.0640776
TCOF1_150374172	0.0235948
TENM2_168095076	0.0964516
TENM2_168119604	0.197886
TENM2_168126326	0.38607
TENM2_168192723	0.21145
TENM2_168194071	0.21145
TENM2_168198810	0.102897
TENM2_168227067	0.3871
TENM2_168261733	0.353912
TERT_1266214	0.00405719
TERT_1276787	0.0788297
TERT_1281330	0.00671627
TEX43_126633228	0.0468949
TGFBI_136038642	0.0433385
TGFBI_136050845	0.0281711
THBS4_80059099	0.0228521
THBS4_80059115	0.0228521
THBS4_80074755	0.0399935
THBS4_80080414	0.0170974
THG1L_157732614	0.0446068
THOC3_175964302	0.0571724
TIMD4_156948881	0.0184422
TIMD4_156951889	0.0251067
TMEM232_110626703	0.0550614
TNIP1_151031701	0.0235627
TNIP1_151039547	0.0193597
TNIP1_151048448	0.0148939
TNIP1_151051253	0.0270104
TNIP1_151053682	0.0178586
TNIP1_151057149	0.0671753
TNPO1_72849485	0.0820561
TNPO1_72903549	0.0440615
TRIM23_65616920	0.0609925
TRIM36_115135626	0.0189583
TRIM7_181204482	0.0104525
TRIO_14197835	0.0497618
TRIO_14290333	0.036828
TRIO_14291318	0.0246898
TRIO_14296006	0.0580465
TRIO_14298765	0.0345134
TRIO_14304305	0.0345134
TRIO_14365067	0.0283691
TRIO_14367174	0.0122135
TRIO_14377809	0.0151636
TRIO_14390559	0.0287967
TRIO_14404536	0.0324219
TRIO_14467421	0.0129382
TRIO_14480121	0.0239435
TRIO_14492896	0.0546873
TRIO_14501697	0.0192263
TRIO_14501761	0.0192263
TRIO_14506605	0.00773101
TRIP13_903978	0.0376038
TRPC7_136225485	0.0247835
TRPC7_136226855	0.0334366
TRPC7_136250363	0.142742
TSPAN17_176648086	0.0381715
TSPAN17_176650747	0.0381715
TSPAN17_176652059	0.0667126
TSPAN17_176652555	0.0667126
TSPAN17_176656015	0.0258325
TSPAN17_176656421	0.0333168
TTC23L_34866553	0.144294
TTC23L_34899285	0.071035
TTC37_95504859	0.0414568
TTC37_95521089	0.0905692
UBLCP1_159266557	0.0941779
UIMC1_176907470	0.126167
UNC5A_176864475	0.058552
UNC5A_176867830	0.058552
UNC5A_176874766	0.0246065
UNC5A_176875942	0.0246065
VDAC1_133974027	0.0901716
VDAC1_133974630	0.0901716
VDAC1_133991760	0.105794
VDAC1_133992739	0.0815203
WDR41_77438404	0.0544468
WDR70_37394728	0.0710795
WDR70_37697617	0.148232
WDR70_37698434	0.195215
WNT8A_138084885	0.10422
WWC1_168404653	0.0934976
WWC1_168455255	0.0211474
WWC1_168468812	0.09936
YTHDC2_113527400	0.0762516
YTHDC2_113531068	0.0762516
YTHDC2_113560858	0.13419
YTHDC2_113562575	0.050112
YTHDC2_113591451	0.0749161
ZFP62_180856137	0.0445893
ZFP62_180860039	0.0445893
ZFR_32395621	0.0764002
ZFR_32399548	0.043485
ZFR_32402546	0.0416475
ZFR_32409654	0.0637364
ZFR_32417854	0.0530375
ZFR_32419127	0.0530375
ZFYVE16_80475230	0.032812
ZMAT2_140704215	0.142839
ZNF346-IT1_177051981	0.0413347
ZNF346_177042463	0.156056
ZNF346_177043275	0.156056
ZNF366_72449609	0.124354
ZNF366_72458248	0.0769622
ZSWIM6_61524880	0.239001
ZSWIM6_61525146	0.239001
ZSWIM6_61531111	0.0634803
ZSWIM6_61540841	0.0687265
ABCC10_43434397	0.0398357
ABCC10_43434470	0.0398357
ABCC10_43440381	0.0541252
ABHD16A_31689757	0.0920188
ABHD16A_31697285	0.0810431
ABRACL_139033281	0.0585429
ABRACL_139033404	0.0585429
ACAT2_159768771	0.0878279
ADAT2_143429478	0.0480783
ADGB_146728385	0.0180501
ADGB_146736304	0.0398322
ADGRB3_69337780	0.122429
ADGRF1_47004232	0.0629513
ADGRF1_47011767	0.0327553
ADGRF1_47015043	0.0249972
ADGRF1_47028084	0.0148481
ADGRF1_47028152	0.0148481
ADGRF1_47028816	0.0148481
ADGRF4_47712978	0.0212986
ADGRF4_47716050	0.0350319
ADGRF5_46880102	0.0254912
ADGRG6_142307661	0.135535
ADGRG6_142402580	0.0376809
AFDN_167905183	0.0109114
AFDN_167920121	0.00622387
AFDN_167949216	0.0120617
AGPAT4_161147038	0.00906417
AGPAT4_161147636	0.00906417
AIG1_143244196	0.101566
AK9_109529898	0.0672145
AK9_109531769	0.0672145
AK9_109546543	0.0823513
ALDH5A1_24532285	0.00681415
ALDH8A1_134943129	0.0209928
ANKRD6_89611989	0.042861
ANKRD6_89612185	0.042861
ANKS1A_34967758	0.09611
ANKS1A_34985476	0.0374461
ANKS1A_34988892	0.0374461
ANKS1A_35054041	0.080425
ANKS1A_35085647	0.0101261
ARFGEF3_138290978	0.0193793
ARFGEF3_138296591	0.0267659
ARFGEF3_138296608	0.0267659
ARFGEF3_138313500	0.0165412
ARFGEF3_138320729	0.0210999
ARFGEF3_138335401	0.0248327
ARHGAP18_129599541	0.054551
ARHGAP18_129601348	0.0695716
ARHGAP18_129608582	0.060175
ARHGAP18_129636111	0.0954844
ARHGAP18_129638946	0.07457
ARID1B_157034582	0.0723219
ARID1B_157171497	0.169032
ARID1B_157190592	0.0221404
ARID1B_157192514	0.0221404
ARMC12_35741050	0.0537658
ARMC2_108897246	0.0774953
ARMC2_108905212	0.0821197
ARMC2_108911418	0.052892
ARMC2_108960926	0.0201807
ARMC2_108973266	0.0347372
ARMT1_151465131	0.0216791
ASCC3_100514927	0.310387
ASCC3_100627391	0.265353
ASCC3_100803853	0.0756181
ASF1A_118895367	0.113569
ASF1A_118904434	0.0709474
ATAT1_30627421	0.127026
ATF6B_32116367	0.0364521
ATF6B_32121203	0.0780725
ATF6B_32121822	0.0384176
ATXN1_16758648	0.346019
ATXN1_16760033	0.346019
BAG2_57183085	0.0291663
BAG6_31642585	0.0219788
BAG6_31642589	0.0219788
BCLAF1_136272645	0.0547552
BCLAF1_136284888	0.0358268
BLOC1S5_8063839	0.0412512
BMP5_55756222	0.141606
BRPF3_36199160	0.109756
BRPF3_36202683	0.213449
BRPF3_36205419	0.110257
BTBD9_38593746	0.0355797
BTN2A2_26386470	0.0259989
BTNL2_32398388	0.0530356
BTNL2_32399882	0.0530356
BVES_105134400	0.0721298
C2_31942650	0.0352435
C6orf106_34612169	0.115497
C6orf10_32370001	0.0355649
C6orf132_42110544	0.0443591
C6orf141_49553601	0.039133
C6orf141_49554061	0.039133
C6orf163_87362570	0.0692782
C6orf222_36334008	0.0175712
C6orf62_24712410	0.0405496
C6orf89_36918726	0.0662504
CAGE1_7332695	0.152005
CAP2_17551810	0.0380499
CAPN11_44165167	0.0419644
CARMIL1_25424369	0.0389167
CARMIL1_25494850	0.0255784
CARMIL1_25499229	0.0402745
CASP8AP2_89849177	0.081201
CCDC167_37484635	0.0288862
CCDC170_151579477	0.0875507
CCHCR1_31143780	0.0224321
CCND3_41939675	0.319756
CD109_73780230	0.0738206
CD109_73807559	0.082702
CD109_73819362	0.0627153
CD164_109374685	0.047739
CD164_109374759	0.047739
CD2AP_47596108	0.0853519
CDC40_110194303	0.0789708
CDC40_110216020	0.0705975
CDC40_110218452	0.0836904
CDC5L_44392515	0.115319
CDC5L_44403686	0.0876907
CDC5L_44406136	0.0555847
CDC5L_44420752	0.131173
CDK19_110617970	0.124236
CDK19_110620887	0.124236
CDK19_110675430	0.127802
CDKAL1_20764946	0.0504428
CDSN_31118820	0.0381747
CENPQ_49481367	0.0732823
CENPQ_49482800	0.0732823
CENPQ_49482899	0.0732823
CENPW_126340607	0.0793743
CENPW_126341930	0.0793743
CEP162_84221813	0.043138
CEP57L1_109151007	0.124185
CEP85L_118468018	0.0354411
CEP85L_118492046	0.188549
CEP85L_118591198	0.138051
CFAP206_87411823	0.0458376
CFB_31948652	0.050735
CLIC1_31735871	0.122556
CMTR1_37462459	0.0304669
CMTR1_37476528	0.0237752
CMTR1_37476808	0.0237752
CMTR1_37478626	0.0191632
CNKSR3_154417292	0.0210128
CNKSR3_154424716	0.0478606
CNKSR3_154435894	0.0533886
CNKSR3_154441209	0.0533886
CNPY3_42930503	0.0904688
CNPY3_42930760	0.0904688
COL11A2_33163895	0.0267076
COL11A2_33189644	0.233717
COL12A1_75105366	0.0595382
COL12A1_75116592	0.0959509
COL12A1_75123687	0.0519245
COL12A1_75126501	0.0361879
COL12A1_75145707	0.123664
COL12A1_75203604	0.25076
COL12A1_75205012	0.25076
COL19A1_69935446	0.0977123
COL19A1_70174675	0.0748729
COL9A1_70277494	0.0330129
COL9A1_70280622	0.0330129
COL9A1_70281565	0.0718562
COX7A2_75238764	0.0583534
CPNE5_36742624	0.0146639
CPNE5_36745725	0.0295193
CPNE5_36745739	0.0295193
CPNE5_36793754	0.102157
CPNE5_36823390	0.0471316
CRISP1_49842624	0.0459249
CUL9_43198560	0.0658654
CUL9_43203707	0.069751
CUL9_43203713	0.069751
CUL9_43215852	0.0214477
CUL9_43219340	0.0306336
CYB5R4_83861232	0.0524749
CYB5R4_83862782	0.0524749
CYB5R4_83908720	0.147566
CYB5R4_83917822	0.0410425
CYB5R4_83919250	0.0745177
CYB5R4_83936910	0.0608491
CYP39A1_46626848	0.0532587
DAAM2_39869923	0.0200996
DAAM2_39870218	0.0200996
DACT2_168312160	0.0521005
DACT2_168315728	0.0521005
DCBLD1_117537074	0.0694726
DCBLD1_117538483	0.0814089
DDO_110406779	0.0299761
DDO_110407146	0.0299761
DDO_110409050	0.046126
DDO_110410509	0.046126
DDR1_30898660	0.0360172
DDX39B_31539388	0.0628663
DEK_18258615	0.0478115
DHX16_30658861	0.0359433
DHX16_30659389	0.0359433
DLL1_170284635	0.0141586
DNAH8_38764996	0.189121
DNAH8_38783946	0.0533534
DNAH8_38784130	0.0533534
DNAH8_38814787	0.0521689
DNAH8_38835469	0.0535685
DNAH8_38836900	0.0535685
DNAH8_38862871	0.0766888
DNAH8_38876547	0.0728721
DNAH8_38905695	0.054086
DNAH8_38933716	0.0603941
DNAH8_38987850	0.076324
DOPEY1_83124261	0.088838
DOPEY1_83126210	0.143782
DSP_7563061	0.0345372
DSP_7567194	0.0584163
DST_56470583	0.0444897
DST_56471596	0.0204215
DST_56480472	0.0750717
DST_56559758	0.027987
DST_56579078	0.114156
DST_56636708	0.0354102
DTNBP1_15528080	0.0117309
DUSP22_305122	0.0238144
DUSP22_310430	0.0238144
DUSP22_347497	0.026805
E2F3-IT1_20438692	0.224944
E2F3_20480675	0.116881
ECI2_4119551	0.0329448
ECI2_4124640	0.0329448
ECI2_4128036	0.0311768
ECT2L_138846493	0.0371793
ECT2L_138852906	0.0423204
ECT2L_138853875	0.0423204
EFHC1_52466479	0.0451039
ELOVL2_10995310	0.0226958
ELOVL4_79925340	0.059888
ENPP1_131829860	0.116959
ENPP1_131850178	0.047799
ENPP1_131858612	0.0459761
ENPP3_131635674	0.0604617
ENPP3_131642119	0.0345251
ENPP3_131654255	0.0230193
ENPP5_46166858	0.0287642
EPB41L2_130888321	0.083833
EPB41L2_130896315	0.0498872
EPB41L2_130900804	0.0258301
EPM2A_145538132	0.0886597
EPM2A_145546531	0.0886597
ERMARD_169773745	0.00361596
ERMARD_169776931	0.0448581
ERVFRD-1_11111262	0.118724
ESR1_152096625	0.024601
ETV7_36369278	0.0604455
EXOC2_689464	0.038037
EYA4_133509678	0.142798
EYS_63788602	0.133511
EYS_64437996	0.0316084
EYS_65493145	0.0187039
EZR_158773786	0.0350012
EZR_158781491	0.0341608
EZR_158786566	0.0891247
F13A1_6223500	0.160465
FAM120B_170391695	0.0147666
FAM120B_170394025	0.0147666
FAM120B_170394165	0.0147666
FAM120B_170401792	0.104853
FAM135A_70535479	0.0516432
FAM135A_70557887	0.0462591
FAM184A_118971771	0.0491414
FAM184A_118972467	0.0491414
FAM184A_119016495	0.0864341
FAM217A_4071650	0.0347785
FAM217A_4075208	0.026958
FAM217A_4078622	0.037484
FAM26F_116461554	0.0283733
FAM65B_24866822	0.0320055
FANCE_35459167	0.0360989
FARS2_5292078	0.061639
FBXL4_98899765	0.205816
FBXL4_98901675	0.205816
FBXL4_98921330	0.0819453
FBXO9_53080383	0.0609478
FGD2_37006493	0.0485845
FGD2_37006964	0.0485845
FGD2_37008502	0.0485845
FGD2_37008813	0.0485845
FGFR1OP_167015519	0.0166672
FGFR1OP_167016570	0.0166672
FGFR1OP_167036255	0.0357561
FHL5_96614972	0.0614272
FIG4_109794431	0.0423263
FILIP1_75353810	0.076966
FKBP5_35577296	0.0465614
FKBP5_35640426	0.0994598
FKBP5_35651162	0.118422
FLOT1_30730251	0.0290041
FLOT1_30733615	0.0771977
FLOT1_30735477	0.0771977
FNDC1_159222799	0.0241354
FNDC1_159231033	0.0265946
FNDC1_159251211	0.0763582
FOXF2_1393534	0.0706279
FOXO3_108674631	0.0758516
FOXP4_41578945	0.0786729
FOXP4_41584600	0.0786729
FOXP4_41588894	0.0244206
FOXP4_41589080	0.0244206
FOXP4_41594193	0.233167
FRK_116002701	0.101329
FRS3_41771631	0.0614326
FRS3_41772634	0.080581
FYN_111685184	0.110524
FYN_111705280	0.117522
GABBR1_29625048	0.0957645
GABBR1_29630805	0.186424
GABRR1_89198618	0.0261055
GABRR2_89260987	0.0652068
GABRR2_89269861	0.0286884
GABRR2_89270316	0.0286884
GCLC_53516491	0.0202435
GCLC_53520569	0.0202435
GCM1_53148221	0.0479313
GFRAL_55352498	0.070114
GINM1_149567434	0.0617388
GINM1_149573564	0.0842001
GLO1_38686735	0.0390248
GLP1R_39057089	0.0210235
GLP1R_39065097	0.100564
GLP1R_39067412	0.0804088
GLTSCR1L_42795041	0.105015
GLYATL3_49512513	0.0251758
GLYATL3_49514281	0.0251758
GLYATL3_49524118	0.0284975
GMDS_1731415	0.0386016
GMNN_24775296	0.0327274
GMNN_24776492	0.0327274
GMPR_16274269	0.056437
GMPR_16278338	0.0262743
GMPR_16278705	0.0262743
GMPR_16281210	0.0193666
GMPR_16292667	0.0198723
GNL1_30548855	0.0195502
GNL1_30548859	0.0195502
GNL1_30552846	0.0205332
GOPC_117573756	0.0485065
GPLD1_24429746	0.0130774
GPLD1_24446094	0.0149503
GPLD1_24457397	0.0146614
GPLD1_24467274	0.0683503
GPLD1_24486449	0.0155509
GPRC6A_116801946	0.0617619
GPX5_28531558	0.0233125
GPX5_28532319	0.03656
GPX5_28532590	0.0250591
GPX5_28533697	0.0250591
GPX6_28505802	0.0532711
GPX6_28515210	0.0293043
GRIK2_101623383	0.104964
GRM4_34027535	0.041148
GSTA3_52904609	0.0161028
GSTA4_52985583	0.0152521
HACE1_104745303	0.0826717
HACE1_104747244	0.0826717
HACE1_104750733	0.122758
HACE1_104774584	0.0577921
HBS1L_134992519	0.0628029
HDDC2_125297482	0.0511784
HEY2_125750857	0.217296
HINT3_125969315	0.0936399
HIVEP1_12062671	0.043656
HIVEP1_12080424	0.043656
HIVEP2_142760818	0.0619585
HLA-DQA1_32641846	0.0152785
HLA-DQA2_32745076	0.00931737
HLA-DQA2_32745665	0.0146841
HMGA1_34241403	0.0383691
HMGA1_34241749	0.0383691
HS3ST5_114063041	0.103952
HSP90AB1_44249351	0.0268167
IBTK_82173808	0.0523566
ICK_53005640	0.0266528
ICK_53010184	0.0180541
ICK_53013199	0.0231318
ICK_53035082	0.0398121
IGF2R_160041397	0.0130099
IGF2R_160045685	0.0274959
IGF2R_160049598	0.013818
IGF2R_160054193	0.0668524
IGF2R_160057797	0.00625584
IGF2R_160069677	0.079029
IGF2R_160070392	0.012933
IGF2R_160079037	0.00493098
IGF2R_160091567	0.202084
IL17F_52238201	0.0340051
IL17F_52239950	0.0536878
IL20RA_137010529	0.0434206
IL22RA2_137152878	0.0441311
IMPG1_75950338	0.0488633
IMPG1_76022542	0.0454307
IP6K3_33726219	0.254649
IP6K3_33728816	0.0282914
IP6K3_33732125	0.0282914
IRF4_403405	0.0605614
ITPR3_33620576	0.0357528
ITPR3_33657257	0.0271257
ITPR3_33682308	0.0246061
IYD_150392946	0.0230778
IYD_150393436	0.0230778
JARID2_15362339	0.0851727
JARID2_15365826	0.0851727
JARID2_15492474	0.0118612
JARID2_15509429	0.0252584
JARID2_15511745	0.0134454
JARID2_15512653	0.015
JARID2_15512744	0.015
KCNK17_39312625	0.0203784
KCNK5_39196242	0.0782953
KCNQ5_73077121	0.142707
KCTD20_36470742	0.0587358
KCTD20_36472149	0.0587358
KDM1B_18160522	0.0302187
KDM1B_18199514	0.027884
KDM1B_18213507	0.0247383
KIAA0319_24552258	0.0288587
KIAA0319_24555811	0.0702739
KIAA0319_24559990	0.0339936
KIAA0319_24576600	0.0417971
KIF13A_17781004	0.0213852
KIF13A_17781523	0.0448161
KIF13A_17807399	0.0423249
KIF13A_17851093	0.0155972
KIF25_168040013	0.0127835
KIF25_168042274	0.0195257
KIF6_39337885	0.0449381
KIFC1_33403588	0.198207
KLC4_43069386	0.0597159
KLC4_43072678	0.0696989
KLHDC3_43018830	0.165224
KLHL32_97122461	0.20414
KLHL32_97131083	0.216765
KPNA5_116683132	0.108137
KPNA5_116692655	0.0919235
L3MBTL3_130015744	0.120646
L3MBTL3_130016062	0.120646
L3MBTL3_130016791	0.222544
L3MBTL3_130054174	0.035112
L3MBTL3_130079833	0.0222618
LAMA2_129264897	0.0911579
LAMA2_129350684	0.0613408
LAMA2_129399250	0.0324814
LAMA4_112157468	0.0961579
LAMA4_112163004	0.0409291
LAMA4_112181337	0.0807904
LAMA4_112186285	0.0209543
LATS1_149678681	0.0783733
LCA5_79492751	0.0544249
LEMD2_33782553	0.0849481
LEMD2_33785247	0.103508
LHFPL5_35812015	0.0309826
LPA_160541673	0.00802058
LPA_160542104	0.00802058
LPA_160557010	0.00782822
LRP11_149822715	0.0327552
LRP11_149837933	0.0317211
LTV1_143851358	0.187423
LY6G6C_31720249	0.0634305
MAK_10791202	0.0535075
MAK_10818059	0.0638042
MAK_10819156	0.0290739
MAP3K4_161084306	0.00754304
MAP3K4_161091322	0.0145826
MAP3K4_161108346	0.0127477
MAP3K4_161116103	0.0134641
MAP3K5_136659572	0.0833456
MAP3K5_136694565	0.0424762
MAP3K5_136699587	0.0333803
MAP3K5_136710751	0.0486111
MAP3K7_90533378	0.0905472
MAP7_136357988	0.0492417
MAP7_136367427	0.0702881
MAP7_136377939	0.142598
MAPK13_36132306	0.0305852
MAPK13_36133386	0.0454081
MAPK14_36103032	0.0413886
MB21D1_73442375	0.0779921
MBOAT1_20103385	0.0262976
MBOAT1_20107165	0.0262976
MBOAT1_20117087	0.0659254
MBOAT1_20152181	0.0601918
MCM3_52279726	0.0371554
MCUR1_13794273	0.0459193
MDC1_30706196	0.0428553
MDFI_41643261	0.0800838
MDFI_41651496	0.0171557
MDFI_41652087	0.0171557
MDFI_41652550	0.0171557
MDGA1_37649434	0.0567138
MDGA1_37650488	0.0848461
MDGA1_37650565	0.0848461
MDGA1_37658028	0.0591214
MDGA1_37658173	0.0591214
MDN1_89772917	0.0317019
MDN1_89780392	0.0256217
MED20_41908680	0.020837
MED23_131596879	0.0634793
MED23_131606288	0.0575045
MED23_131622447	0.0316273
MEP1A_46834542	0.0680722
MEP1A_46836904	0.0163023
MICA_31412682	0.0138863
MICB_31508295	0.0161302
MLIP_54265746	0.045706
MLN_33798214	0.0263179
MLN_33798731	0.0263179
MLN_33803748	0.0564245
MMS22L_97167203	0.0478729
MMS22L_97173456	0.088592
MMS22L_97229576	0.0545821
MMS22L_97230075	0.0545821
MMS22L_97233287	0.0322677
MMS22L_97254910	0.0552415
MMS22L_97254915	0.0552415
MMS22L_97262804	0.0552415
MOXD1_132325968	0.0626419
MPIG6B_31724388	0.0379153
MRPS18A_43676709	0.156177
MRPS18A_43680605	0.163892
MRPS18A_43686487	0.173077
MRPS18A_43687481	0.173077
MRS2_24409008	0.056305
MRS2_24413167	0.0844877
MTCH1_36975604	0.0297749
MUC21_30987893	0.0634654
MUC22_31031974	0.0236926
MUC22_31033189	0.0753694
MUT_49441424	0.0437699
MYLIP_16129735	0.156278
MYLK4_2749914	0.0437833
MYO6_75832017	0.0606982
MYO6_75835666	0.0681791
MYO6_75837487	0.0639408
MYO6_75840372	0.0639408
MYO6_75844820	0.0658488
MYO6_75873763	0.0457124
NCR2_41336662	0.0340369
NCR2_41341222	0.0340369
NEDD9_11187466	0.0400483
NFYA_41091429	0.0887488
NHSL1_138428863	0.100844
NKAIN2_123951653	0.076438
NOL7_13619940	0.0909243
NOTCH4_32204513	0.097237
NOTCH4_32206915	0.097237
NOTCH4_32219490	0.0256844
NOTCH4_32221325	0.021319
NQO2_3010414	0.12175
NQO2_3011423	0.12175
NQO2_3012001	0.12175
NQO2_3014328	0.0194571
NR2E1_108166941	0.317398
NR2E1_108167879	0.317398
NR2E1_108168400	0.317398
NR2E1_108171787	0.0690291
NR2E1_108174058	0.0690291
NRM_30690523	0.0396505
NRN1_6004063	0.148007
NT5E_85461938	0.023701
NT5E_85488154	0.0315739
NT5E_85489387	0.0315739
NUDT3_34293995	0.0567482
NUDT3_34295237	0.0567482
NUDT3_34295412	0.0567482
NUDT3_34295858	0.104053
NUP153_17624943	0.0247033
NUP153_17646438	0.0415133
NUP43_149731840	0.101338
NUP43_149735711	0.101338
NUP43_149736729	0.0990297
NUP43_149738972	0.0417286
NUP43_149743313	0.0515501
NUS1_117705987	0.0461634
OGFRL1_71290090	0.128783
OGFRL1_71299675	0.085491
OPN5_47791732	0.027696
OPN5_47811388	0.0634509
ORC3_87607547	0.0629752
ORC3_87618855	0.0957065
ORC3_87661776	0.0593792
OSTM1_108045349	0.077607
PAK1IP1_10695547	0.0322715
PCMT1_149791287	0.0823043
PCMT1_149792346	0.0823043
PDCD2_170577903	0.0233047
PDE10A_165380871	0.0113427
PDE10A_165383412	0.0113427
PDE10A_165388515	0.0147977
PDE7B_136149297	0.0858945
PEX6_42967083	0.0589234
PGBD1_28300605	0.0281658
PGC_41742537	0.0151818
PGC_41742994	0.0151818
PGC_41743595	0.0130546
PGM3_83186295	0.0237434
PHACTR2_143757454	0.0674616
PHACTR2_143757712	0.0674616
PHACTR2_143763805	0.0345563
PHACTR2_143764192	0.0345563
PHACTR2_143768695	0.0670077
PHF1_33414005	0.047512
PHF3_63693698	0.0480146
PHF3_63704782	0.0655214
PHIP_78999320	0.0357685
PI16_36962449	0.040926
PIM1_37173661	0.210965
PKHD1_51619723	0.141677
PKHD1_51621663	0.141677
PKHD1_51774818	0.0894897
PKHD1_51855134	0.0928836
PKHD1_51908681	0.0308671
PKHD1_52048852	0.0376506
PKHD1_52055429	0.018076
PKHD1_52079411	0.147999
PLA2G7_46710866	0.0266392
PLAGL1_143947186	0.0182691
PLEKHG1_150803587	0.0474789
PLG_160714687	0.008247
PLG_160714702	0.008247
PLG_160715887	0.0200538
PLG_160722157	0.0262065
PLG_160734481	0.0272924
PM20D2_89151597	0.0876192
PNISR_99423607	0.0739523
PNLDC1_159817972	0.010546
POLH_43586588	0.0920823
POLH_43606570	0.0994583
POLR1C_43517740	0.0343657
POPDC3_105167691	0.142231
POPDC3_105168662	0.142231
PPIL4_149517041	0.075297
PPIL4_149519441	0.0644104
PPIL6_109432308	0.0511099
PPP1R10_30606314	0.0292545
PPP2R5D_42987270	0.203997
PRDM13_99609011	0.166774
PRDM1_106090356	0.334548
PRDM1_106106824	0.107039
PREP_105281980	0.0585182
PREP_105281984	0.0585182
PREP_105284542	0.100332
PREP_105330170	0.0604334
PRICKLE4_41782161	0.0492674
PRIM2_57535089	0.0477544
PRIM2_57603488	0.1909
PRL_22288085	0.064807
PRPH2_42700612	0.0520618
PRR3_30558952	0.124012
PRRC2A_31624014	0.0406382
PRSS16_27250965	0.0325447
PSORS1C3_31174556	0.0266591
PSORS1C3_31174640	0.0266591
PTCRA_42916925	0.0537213
PTCRA_42922808	0.0537213
PTK7_43141475	0.077212
PTK7_43141572	0.077212
PTK7_43158647	0.0496052
PXDC1_3726831	0.00903277
PXDC1_3727733	0.0143931
PXDC1_3744084	0.0110304
QRSL1_106656257	0.0884469
RAB23_57208364	0.0767082
RAB44_36721009	0.0289117
RANBP9_13626660	0.0236581
RANBP9_13629474	0.0236581
RANBP9_13686812	0.0983298
RARS2_87544473	0.0898453
RARS2_87557686	0.108569
RBM24_17286833	0.292492
RCAN2_46247280	0.0334365
REPS1_138908226	0.0765061
REPS1_138910233	0.135727
REPS1_138917243	0.0729632
REPS1_138946456	0.0662228
REPS1_138973058	0.0719881
REV3L_111344402	0.084569
REV3L_111364943	0.345822
REV3L_111383993	0.180492
RFX6_116915905	0.122341
RFX6_116917689	0.0558368
RHAG_49608387	0.0465522
RHAG_49618405	0.0281792
RIMS1_72244876	0.23454
RIMS1_72251665	0.102834
RING1_33211727	0.0645801
RIOK1_7390939	0.036396
RIOK1_7391876	0.036396
RIPK1_3086632	0.0387747
RMND1_151425669	0.0364177
RMND1_151430304	0.0176785
RNASET2_166952384	0.0328296
RNF144B_18457505	0.0549688
RNF39_30073614	0.0738056
RNF39_30074784	0.0738056
RNF39_30075058	0.0738056
RNF8_37355013	0.0799632
RNF8_37371871	0.140428
RNF8_37374451	0.140428
RNF8_37374455	0.140428
ROS1_117317433	0.0451792
ROS1_117338694	0.0840925
ROS1_117362141	0.0548621
ROS1_117384585	0.0280787
ROS1_117397659	0.0260956
ROS1_117402153	0.0260956
ROS1_117404455	0.0470497
ROS1_117413622	0.0526977
RP1-111D6.3_149224718	0.169524
RP1-240B8.3_61679868	0.957828
RP1-257A7.4_13282530	0.0200578
RP11-307P5.1_147718190	0.107747
RP11-307P5.1_147737222	0.13041
RP3-425C14.5_122473263	0.0587714
RPF2_110997104	0.057068
RPF2_110997119	0.057068
RPF2_111006084	0.0660245
RPF2_111020337	0.0896257
RPP40_5002398	0.0431231
RPS6KA2-IT1_166464912	0.00956962
RPS6KA2_166418498	0.0117492
RPS6KA2_166423622	0.132612
RPS6KA2_166457467	0.0378393
RPS6KA2_166532350	0.00538265
RRAGD_89385284	0.0589895
RREB1_7135807	0.1206
RREB1_7211291	0.0353381
RSPH3_158996781	0.0775289
RSPH9_43666702	0.181138
RSPH9_43667941	0.181138
RSPO3_127153219	0.0911866
RTN4IP1_106619397	0.109238
RUNX2_45440364	0.174065
SAMD3_130179286	0.0212373
SAMD3_130181919	0.0212373
SASH1_148524718	0.170658
SASH1_148541457	0.0333237
SAYSD1_39108628	0.04381
SCAF8_154794445	0.0535325
SCAF8_154815496	0.0523525
SCML4_107748288	0.0277359
SCUBE3_35245033	0.0782644
SEC63_107901590	0.0649163
SENP6_75634482	0.0811949
SERAC1_158128624	0.0335247
SERAC1_158149192	0.0494606
SERAC1_158149869	0.0494606
SERPINB1_2839334	0.0203562
SERPINB6_2953186	0.0142754
SESN1_109091225	0.130862
SHPRH_145911720	0.0224727
SHPRH_145923836	0.0231144
SHPRH_145926965	0.0290807
SHPRH_145936895	0.0311199
SHPRH_145942007	0.0435095
SIM1_100448874	0.0107018
SIM1_100449699	0.0685697
SIM1_100451999	0.0964443
SIM1_100464399	0.153647
SIRT5_13581457	0.0331767
SIRT5_13588071	0.0564078
SLC16A10_111176743	0.108697
SLC16A10_111220660	0.0454983
SLC17A2_25915954	0.0245588
SLC17A3_25854826	0.0471308
SLC17A3_25855089	0.0471308
SLC17A3_25858493	0.0552005
SLC17A4_25774897	0.0205257
SLC17A5_73612762	0.0904334
SLC17A5_73642413	0.0616007
SLC17A5_73645288	0.0757981
SLC17A5_73647159	0.0757981
SLC18B1_132776570	0.0509479
SLC22A16_110425411	0.0414447
SLC22A16_110426556	0.0414447
SLC22A16_110445064	0.0622983
SLC22A1_160130660	0.022331
SLC22A1_160130800	0.022331
SLC22A1_160133818	0.012942
SLC22A1_160135405	0.0262708
SLC22A1_160154704	0.0323698
SLC22A1_160154983	0.0177397
SLC22A23_3353096	0.0235666
SLC22A2_160243188	0.0150796
SLC22A2_160245629	0.029044
SLC22A3_160399169	0.0589558
SLC22A3_160405784	0.0589558
SLC22A3_160447315	0.0116318
SLC22A3_160447346	0.0116318
SLC22A3_160450572	0.0591945
SLC22A7_43300549	0.0321854
SLC22A7_43303989	0.0427622
SLC25A27_46658527	0.0937602
SLC26A8_35954620	0.0242245
SLC2A12_134004745	0.0579223
SLC35B3_8425289	0.0710224
SLC35B3_8428680	0.0367335
SLC35B3_8428974	0.0367335
SLC35F1_118281652	0.0542975
SMLR1_130831533	0.066381
SMOC2_168527381	0.0111174
SMOC2_168652406	0.00811198
SMPDL3A_122799256	0.031906
SNRNP48_7598169	0.130538
SNRPC_34758188	0.0683845
SNX14_85521443	0.070117
SNX9_157873968	0.0447481
SNX9_157906047	0.024329
SNX9_157922124	0.0567899
SOD2_159685254	0.0383509
SPATS1_44375445	0.108892
SPATS1_44376139	0.108892
SPDEF_34541602	0.0305814
SRPK1_35837317	0.070907
STK19_31979292	0.0722988
STK38_36496588	0.044701
STK38_36520716	0.0751698
STMND1_17114798	0.0311835
STXBP5_147266105	0.0436592
STXBP5_147346894	0.10527
STXBP5_147383238	0.0398478
SUPT3H_44911463	0.170217
SUPT3H_45187067	0.13395
SYCP2L_10924253	0.16167
SYCP2L_10927181	0.0219368
SYCP2L_10927902	0.121417
SYNCRIP_85618401	0.0438233
SYNCRIP_85640684	0.330671
SYNCRIP_85641674	0.591542
SYNE1_152131777	0.364584
SYNE1_152139010	0.0199246
SYNE1_152219639	0.0666322
SYNE1_152234858	0.0658155
SYNE1_152234871	0.0658155
SYNE1_152266210	0.0452581
SYNE1_152271192	0.0376998
SYNE1_152279455	0.03769
SYNE1_152306200	0.0444232
SYNE1_152313811	0.0484072
SYNE1_152329241	0.0187474
SYNE1_152334446	0.0624967
SYNE1_152345331	0.0351982
SYNE1_152357411	0.0199838
SYNE1_152372076	0.016121
SYNE1_152376950	0.0523741
SYNE1_152385861	0.0252084
SYNE1_152390558	0.0214199
SYNE1_152395906	0.0515186
SYNE1_152415282	0.0220434
SYNE1_152452659	0.0127504
SYNE1_152461855	0.031996
SYNGAP1_33449299	0.315344
TAB2_149372434	0.064094
TAF11_34880579	0.0792505
TAF8_42073946	0.03642
TAPBP_33306674	0.0505004
TBC1D22B_37286235	0.07495
TBC1D22B_37288220	0.0343026
TBC1D22B_37315540	0.0467755
TBC1D32_121106243	0.0397135
TBC1D7_13323830	0.0205778
TBP_170567824	0.0333028
TBP_170571724	0.0191806
TBP_170572108	0.0191806
TBX18_84752664	0.0762292
TCTE3_169743392	0.0445139
TCTE3_169745572	0.0322697
TFAP2B_50821476	0.362694
TFB1M_155259231	0.0119023
TFEB_41689002	0.0215106
TFEB_41690022	0.0277215
TFEB_41710646	0.0532487
TFEB_41710916	0.0532487
TFEB_41729066	0.0581537
THBS2_169227369	0.00824465
THBS2_169237495	0.0323129
TIAM2_155132929	0.0395532
TIAM2_155177327	0.024247
TIAM2_155245032	0.0153492
TJAP1_43498666	0.0415496
TMEM14C_10726475	0.0188822
TMEM151B_44271625	0.151502
TMEM151B_44271854	0.151502
TMEM181_158608206	0.0574095
TMEM181_158626054	0.00758613
TMEM242_157323254	0.0411617
TNFAIP3_137876975	0.0181914
TNXB_32057638	0.0064636
TNXB_32085067	0.0100192
TNXB_32095357	0.0225442
TPD52L1_125254112	0.0747002
TPMT_18132330	0.0231451
TPMT_18136045	0.0229466
TPMT_18139427	0.013925
TRAM2_52506162	0.0125085
TREM2_41160838	0.0262804
TREML1_41152252	0.0273097
TREML2_41195652	0.0205707
TRERF1_42232450	0.0326288
TRERF1_42243190	0.0689801
TRERF1_42243489	0.0781396
TRIM10_30154787	0.0109048
TRIM10_30156745	0.0185937
TRIM10_30157813	0.0221897
TRIM10_30158774	0.0166288
TRIM15_30168131	0.0125477
TRIM15_30170019	0.0167284
TRIM27_28922076	0.0743837
TRIM38_25969812	0.0248158
TRIM39_30337549	0.233714
TRMT11_125987198	0.056681
TRMT11_125998025	0.0845065
TRMT11_126009333	0.051436
TRMT11_126012499	0.0874501
TTBK1_43244621	0.0608137
TTBK1_43245191	0.0608137
TTBK1_43254156	0.0272947
TTBK1_43259932	0.025561
TTBK1_43262535	0.025561
TTK_80039051	0.05879
TTLL2_167339168	0.00691622
TULP4_158505986	0.0274348
TXLNB_139255220	0.0649957
TXLNB_139259364	0.0430274
TXNDC5_7895847	0.0177084
TXNDC5_7901294	0.00947424
TXNDC5_7907771	0.0207466
TXNDC5_7908157	0.0207466
TXNDC5_7909722	0.0207466
T_166167036	0.015966
UBR2_42632386	0.157448
UBR2_42647939	0.0411413
UBR2_42690293	0.019928
UBR2_42690793	0.019928
UFL1_96541046	0.0443172
UFL1_96542429	0.0443172
UHRF1BP1_34871332	0.0354604
ULBP3_150068821	0.00635369
UNC5CL_41030829	0.0184562
UNC93A_167292744	0.00677517
UNC93A_167295034	0.0108065
UNC93A_167295104	0.0108065
UNC93A_167296373	0.0130315
UNC93A_167296487	0.0130315
UNC93A_167297195	0.0130315
UNC93A_167299989	0.00979395
UNC93A_167300941	0.00979395
UNC93A_167304961	0.00479506
UNC93A_167312655	0.0222921
USP45_99437856	0.0739954
USP45_99444786	0.0830562
USP45_99505294	0.0532639
UTRN_144447935	0.0313362
UTRN_144454520	0.0290618
UTRN_144513784	0.0395429
UTRN_144531642	0.0422349
UTRN_144799370	0.0344844
VARS2_30918050	0.0232902
VARS_31782907	0.032696
VEGFA_43773108	0.363128
VNN1_132683550	0.0206206
VPS52_33266919	0.0336779
VTA1_142195295	0.0606467
WDR27_169640747	0.0107222
WDR46_33279674	0.0521242
WDR46_33280252	0.0837342
WRNIP1_2771674	0.0376034
WRNIP1_2780397	0.0234876
WRNIP1_2781840	0.0234876
WTAP_159747285	0.0427419
WTAP_159752302	0.36699
WTAP_159753329	0.36699
XPO5_43528974	0.0255687
XPO5_43531387	0.0306865
XPO5_43561321	0.0601501
XPO5_43563793	0.0715237
XPO5_43565954	0.160678
ZBED9_28577640	0.0906836
ZBED9_28583020	0.090137
ZBTB24_109474281	0.0195776
ZBTB24_109478228	0.0559862
ZBTB2_151370104	0.0265412
ZDHHC14_157408396	0.0465407
ZDHHC14_157651491	0.0108861
ZFAND3_38073049	0.159936
ZNF184_27469193	0.071392
ZNF311_29000290	0.0699521
ZNF318_43366680	0.0460604
ZNF451_57134475	0.0504294
ZNF451_57139313	0.0537764
ZNF451_57142809	0.0909061
ZNF451_57160802	0.0575569
ZNF76_35289775	0.0500769
AASS_122125448	0.0829903
ABCA13_48235135	0.0481006
ABCA13_48235783	0.0481006
ABCA13_48243863	0.00928042
ABCA13_48247709	0.00771332
ABCA13_48280005	0.00977918
ABCA13_48314032	0.026885
ABCA13_48374700	0.0423918
ABCA13_48510287	0.00783092
ABCA13_48524143	0.0107374
ABCB1_87508947	0.0446843
ABCB1_87520506	0.0187181
ABCB1_87534552	0.0395349
ABCB1_87550838	0.0450986
ABCB4_87419673	0.0130697
ABCB4_87440707	0.0445919
ABCB4_87448610	0.100072
ABCB5_20753576	0.0375021
ABCB5_20753661	0.0375021
ABCF2_151223582	0.0225372
ABCF2_151224338	0.0571664
AC000120.7_92204503	0.1458
AC005160.3_40783480	0.0161318
AC005281.1_12538758	0.0474608
ACTR3B_152834367	0.0221798
ADAM22_87966374	0.0991864
ADAM22_88126153	0.0393426
ADAM22_88128374	0.0393426
ADAP1_899614	0.0131309
ADAP1_899759	0.0131309
ADAP1_928819	0.0314699
ADAP1_934500	0.0314699
ADCK2_140678061	0.0401069
ADCY1_45649063	0.0171874
ADCY1_45649252	0.0171874
ADCY1_45661546	0.0135605
ADCY1_45706698	0.0143943
ADCY1_45709872	0.0104968
ADCY1_45710474	0.0104968
ADCYAP1R1_31085902	0.0153486
ADCYAP1R1_31086626	0.042921
ADCYAP1R1_31089643	0.0711168
AGAP3_151132156	0.098424
AGAP3_151135388	0.132257
AGBL3_134989469	0.0531516
AGBL3_135035438	0.10661
AGBL3_135081530	0.076131
AGFG2_100559387	0.0439396
AGFG2_100560701	0.0439396
AGK_141611639	0.0325042
AGK_141634219	0.0199977
AGR2_16796038	0.0273627
AGR2_16800381	0.025069
AHCYL2_129403959	0.074406
AHCYL2_129410507	0.16532
AHCYL2_129414897	0.148044
AHCYL2_129418997	0.148044
AHCYL2_129419636	0.148044
AKAP9_91993310	0.0579815
AKAP9_91997393	0.0973093
AKAP9_92027483	0.0727589
AKAP9_92027559	0.0727589
AKAP9_92098075	0.0676561
AKR1B10_134529410	0.0072379
AKR1B15_134567481	0.0270274
AKR1B15_134579267	0.010468
AKR1B1_134455971	0.0150697
AKR1B1_134456098	0.0150697
AKR1B1_134458579	0.0150697
AKR1D1_138099061	0.0947815
AKR1D1_138116488	0.0367597
ALKBH4_102464076	0.034521
AMPH_38422697	0.0388204
AMPH_38474880	0.0245945
AMPH_38493285	0.0262997
AMZ1_2711533	0.0250784
ANKRD7_118240970	0.0562551
ANLN_36441531	0.0415477
AOAH_36531754	0.0385815
AP1S1_101155327	0.0608526
AP1S1_101157120	0.115068
AP1S1_101159564	0.128682
AP5Z1_4776306	0.0230021
AP5Z1_4780989	0.0230021
AP5Z1_4786671	0.0105369
ARHGEF5_144379866	0.0259128
ARMC10_103093539	0.0595624
ARPC1A_99335505	0.0771157
ARPC1A_99349362	0.0748485
ARPC1A_99361603	0.0360229
ASB4_95532164	0.0920433
ASB4_95532872	0.0920433
ASL_66081076	0.0389615
ASL_66092401	0.0213362
ASNS_97859574	0.0281117
ATP5J2_99460849	0.0346135
ATP6V0A4_138711693	0.0373396
ATP6V0A4_138733927	0.0514779
ATP6V0A4_138757390	0.0280112
ATP6V0E2_149874380	0.0454181
ATP6V0E2_149878352	0.0684833
ATXN7L1_105777036	0.111536
AUTS2_70767093	0.076534
AUTS2_70789567	0.094174
AVL9_32526746	0.156717
AZGP1_99975320	0.0430546
BAIAP2L1_98327476	0.0497099
BAIAP2L1_98360594	0.054775
BAZ1B_73443091	0.183657
BAZ1B_73444600	0.022925
BAZ1B_73445095	0.022925
BAZ1B_73449689	0.0199758
BAZ1B_73459851	0.0461246
BAZ1B_73462405	0.0461246
BAZ1B_73496874	0.0385279
BAZ1B_73509842	0.0459708
BBS9_33149285	0.0852014
BBS9_33348962	0.208547
BCAP29_107593705	0.0818249
BCAP29_107595190	0.0548285
BCL7B_73556570	0.0239872
BLVRA_43766169	0.0599844
BLVRA_43799887	0.175962
BMPER_33968361	0.0845453
BMPER_33968794	0.0845453
BMPER_34054572	0.0380529
BMPER_34056925	0.0433158
BRAF_140749725	0.0552352
BRI3_98283854	0.0234929
BZW2_16679188	0.0819626
C1GALT1_7237630	0.0554985
C7orf26_6592769	0.0477386
C7orf26_6593791	0.0477386
C7orf26_6599724	0.0198959
C7orf26_6601437	0.0206875
C7orf31_25140059	0.160396
C7orf31_25164016	0.106343
C7orf33_148615325	0.0440816
C7orf50_1000783	0.0279999
C7orf50_1065513	0.0479008
C7orf50_1077404	0.0238821
C7orf57_48040635	0.0337511
C7orf57_48043323	0.00768332
C7orf72_50130497	0.013198
CACNA2D1_81950622	0.0776603
CACNA2D1_81995074	0.022431
CACNA2D1_82062318	0.0388032
CADPS2_122473488	0.131559
CADPS2_122741954	0.061956
CADPS2_122866905	0.061956
CALCR_93472243	0.052831
CALD1_134932541	0.0865862
CALD1_134943187	0.0571855
CALD1_134945361	0.0571855
CALU_128761605	0.0629324
CAMK2B_44235536	0.0307132
CAMK2B_44243008	0.0195513
CAMK2B_44247361	0.0163749
CAMK2B_44258994	0.0179443
CAPZA2_116891855	0.0882334
CAPZA2_116896030	0.0672469
CARD11_2944632	0.024146
CASD1_94523039	0.0808062
CASD1_94526870	0.0808062
CASD1_94528077	0.0549337
CASD1_94528740	0.064657
CBLL1_107745394	0.0884348
CBLL1_107745628	0.0884348
CCDC136_128794044	0.157002
CCDC136_128796348	0.0784172
CCDC136_128797182	0.0784172
CCDC136_128797675	0.0784172
CCDC136_128801184	0.0784172
CCDC136_128807109	0.0583214
CCDC146_77171596	0.0967641
CCDC146_77193316	0.0967641
CCDC146_77258884	0.0373433
CCDC146_77275228	0.0277868
CCDC146_77294458	0.0549713
CCL24_75812804	0.0447189
CCT6A_56057821	0.0412408
CD36_80486965	0.00483515
CDCA7L_21902608	0.0361328
CDHR3_105877353	0.0299442
CDK13_40091588	0.0634552
CDK13_40093357	0.0279462
CDK6_92730625	0.132527
CEP41_130410346	0.130269
CEP41_130412005	0.112355
CFAP69_90274790	0.0472019
CFTR_117532398	0.0493505
CFTR_117612275	0.0522632
CHCHD3_133031783	0.145862
CHN2_29496390	0.106697
CHN2_29511167	0.0416341
CLCN1_143320847	0.0216643
CLEC2L_139541803	0.0310261
CLEC5A_141934413	0.0369069
CLIP2_74290666	0.0642402
CLIP2_74355191	0.0297888
CLIP2_74356408	0.0297888
CLIP2_74357103	0.055532
CLIP2_74377634	0.032188
CLIP2_74387678	0.0325961
CLIP2_74397355	0.0450835
CLIP2_74397512	0.0450835
CNOT4_135417763	0.0662653
CNOT4_135437589	0.0862295
CNPY1_155505225	0.0236822
COA1_43643231	0.0153808
COA1_43643369	0.0153808
COA1_43644895	0.0153808
COA1_43653599	0.0605192
COBL_51024894	0.0168646
COBL_51081344	0.0269158
COBL_51266381	0.0294475
COG5_107207635	0.0612817
COL1A2_94426293	0.0387224
COL1A2_94426388	0.0387224
COL26A1_101546921	0.0149285
COL26A1_101548533	0.0220047
COL26A1_101549351	0.0214459
COL26A1_101550879	0.0214459
COL28A1_7359746	0.0580985
COL28A1_7535065	0.10442
COPG2_130560781	0.100929
COPG2_130664356	0.0547837
CPA1_130387088	0.0316768
CPA2_130269954	0.0232261
CPA2_130270437	0.0232261
CPA2_130271163	0.040021
CPA2_130287146	0.043349
CPA4_130296860	0.200376
CPED1_121138345	0.062644
CPSF4_99449934	0.0182203
CPVL_29035576	0.0947743
CPVL_29066685	0.0511333
CPVL_29070167	0.0511333
CPVL_29095934	0.114509
CRCP_66122301	0.0681225
CRCP_66122739	0.0681225
CREB5_28817910	0.144273
CRHR2_30655119	0.0284008
CRHR2_30656152	0.076341
CRHR2_30661104	0.0273093
CROT_87348657	0.0376278
CROT_87360207	0.0749675
CROT_87373897	0.0741082
CROT_87396133	0.12182
CRYGN_151437503	0.070985
CTB-13L3.1_90464930	0.130741
CTTNBP2_117766347	0.0307353
CUX1_102174050	0.0492031
CUX1_102193707	0.0765249
CUX1_102274726	0.0246303
CYP2W1_986167	0.00802
CYP3A43_99837089	0.0161368
CYP3A43_99856182	0.00812478
CYP3A43_99860082	0.00645993
CYP3A4_99782707	0.0188209
CYP3A5_99677004	0.00904534
CYTH3_6166510	0.065765
CYTH3_6168780	0.065765
CYTH3_6174189	0.0424043
CYTH3_6181372	0.0232883
DAGLB_6410419	0.023107
DAGLB_6419390	0.0184275
DAGLB_6424291	0.0222861
DAGLB_6425223	0.0106745
DAGLB_6427272	0.0875278
DAGLB_6431274	0.0210686
DAGLB_6431864	0.0210686
DAGLB_6433401	0.014975
DAGLB_6435137	0.0217875
DBF4_87887797	0.174726
DBNL_44049876	0.0208514
DDC_50466683	0.00954654
DDC_50473960	0.0156187
DDC_50475061	0.0156187
DDC_50528699	0.0137983
DENND2A_140526047	0.0176407
DENND2A_140526234	0.0176407
DGKB_14582354	0.024789
DGKB_14626247	0.055237
DGKI_137571710	0.0859899
DGKI_137577918	0.0300416
DGKI_137656738	0.0352489
DGKI_137727420	0.0819334
DLX5_97022460	0.262996
DLX5_97023490	0.262996
DLX6_97008605	0.229967
DMTF1_87175322	0.0714661
DNAAF5_756399	0.0215158
DNAAF5_757708	0.00903174
DNAAF5_758049	0.00903174
DNAAF5_758641	0.00903174
DNAAF5_762031	0.01167
DNAAF5_774891	0.0226159
DNAAF5_776642	0.0187503
DNAAF5_779659	0.0187503
DNAAF5_785458	0.0285562
DNAH11_21560707	0.143113
DNAH11_21569664	0.0290275
DNAH11_21618930	0.119399
DNAH11_21619522	0.0120546
DNAH11_21690446	0.048604
DNAH11_21711523	0.0301419
DNAH11_21738476	0.0228477
DNAH11_21739476	0.0170369
DNAH11_21746991	0.0218077
DNAH11_21807807	0.121116
DNAH11_21854233	0.205558
DNAH11_21864427	0.0419204
DNAH11_21881501	0.233303
DNAH11_21898739	0.0112581
DNAJB6_157383441	0.00719084
DNAJB6_157409793	0.0542325
DNAJB6_157415650	0.0245306
DOCK4_111731181	0.0523312
DOCK4_111734967	0.0587325
DOCK4_111746731	0.038742
DOCK4_111754929	0.0605296
DOCK4_111755352	0.0605296
DOCK4_111765659	0.147726
DOCK4_111780546	0.0949326
DOCK4_111840089	0.0541502
DOCK4_111943074	0.0419028
DOCK4_111943366	0.0419028
DOCK4_111984510	0.0349924
DPP6_154796446	0.0399294
DPP6_154799159	0.0399294
DPP6_154801894	0.00835569
DPP6_154804311	0.0164235
DPP6_154804594	0.0164235
DPP6_154868608	0.0532852
DPP6_154888365	0.0821275
DPY19L1_34952407	0.0247262
DPY19L1_34953481	0.0247262
DPY19L1_34953485	0.0247262
DPY19L1_34957086	0.0453536
DPY19L1_34958324	0.0551564
DPY19L1_34967990	0.0388667
DTX2_76464814	0.0784131
DTX2_76491607	0.0299292
DTX2_76493557	0.0264879
DTX2_76505236	0.00673707
DUS4L_107564998	0.063622
DYNC1I1_95983763	0.166217
EEPD1_36283443	0.0131746
EFCAB10_105569059	0.0493569
EFCAB10_105574383	0.0678978
EGFR_55142159	0.0355195
EGFR_55155828	0.0139046
EGFR_55183002	0.0178094
EIF2AK1_6049050	0.0516017
EIF3B_2367801	0.0266678
EIF3B_2368452	0.0266678
EIF4H_74188404	0.0186644
EIF4H_74191080	0.0377894
ELMO1_37224824	0.0254238
ELMO1_37230789	0.0659821
ELMO1_37315152	0.0510491
ELN_74033183	0.0792207
ELN_74040292	0.0859206
ELN_74053626	0.0323983
EN2_155461698	0.042325
EPHA1_143408042	0.0677541
EPHA1_143408112	0.0677541
EPHB4_100806784	0.0177031
EPHB4_100812994	0.06315
EPHB4_100820595	0.025079
EPHB4_100822054	0.025079
EPHB4_100826345	0.159302
EPHB6_142869232	0.0317952
ESYT2_158734665	0.0187682
ESYT2_158735865	0.0206616
ESYT2_158745270	0.0304091
ESYT2_158764931	0.0109846
ESYT2_158766735	0.0109846
ESYT2_158767852	0.022002
ESYT2_158772813	0.022002
ESYT2_158793904	0.0267917
EVX1_27244148	0.235669
EXOC4_133724660	0.106851
EXOC4_134002867	0.0730497
EZH2_148810750	0.0218056
EZH2_148821681	0.0461016
EZH2_148830114	0.0381917
EZH2_148830132	0.0381917
EZH2_148832870	0.100836
EZH2_148832988	0.100836
FAM185A_102750199	0.115967
FAM185A_102753862	0.194985
FAM185A_102757716	0.194985
FAM185A_102772989	0.114091
FAM185A_102801510	0.170117
FAM20C_237153	0.0173707
FAM20C_246559	0.0128201
FAM20C_252642	0.0162484
FAM20C_255794	0.0162484
FAM20C_259332	0.00696878
FAM221A_23682761	0.0567139
FAM221A_23691271	0.0885078
FAM3C_121360419	0.0275847
FAM3C_121376554	0.0431718
FAM3C_121382597	0.0248267
FAM71F1_128727448	0.0351
FAM71F1_128729725	0.0351
FBXL13_102813889	0.105679
FBXL13_102883178	0.0980995
FBXL13_102905978	0.143328
FBXL13_102926961	0.0588572
FBXL18_5502183	0.0446573
FBXO24_100595492	0.0403789
FIS1_101240002	0.0575294
FIS1_101244379	0.170424
FKBP14_30024968	0.0574964
FKBP9_32975946	0.0147576
FKBP9_32976273	0.0147576
FKBP9_32977487	0.0534335
FKBP9_32984560	0.0731852
FKBP9_32986802	0.0731852
FKBP9_32989515	0.0385618
FKBP9_32990902	0.0385618
FKBP9_32994867	0.0385618
FLNC_128835045	0.16819
FLNC_128835253	0.16819
FLNC_128836111	0.123479
FLNC_128845616	0.0395422
FOXK1_4756932	0.0602261
FOXK1_4757816	0.0375432
FOXK1_4760223	0.0101465
GAL3ST4_100163783	0.0840651
GAL3ST4_100164007	0.0840651
GALNT11_152100796	0.0411061
GALNTL5_151968622	0.048155
GALNTL5_152011015	0.0406149
GARS_30601024	0.067114
GARS_30613343	0.121032
GARS_30616717	0.0630834
GATSL2_75018709	0.0161885
GATSL2_75019310	0.0204666
GATSL2_75023092	0.0450818
GBAS_55978723	0.0718476
GCK_44147140	0.0256547
GET4_889578	0.00939994
GET4_890589	0.00939994
GET4_893418	0.0479735
GET4_893447	0.0479735
GET4_893482	0.0479735
GET4_893581	0.0479735
GET4_893613	0.0479735
GET4_893648	0.0479735
GHRHR_30964552	0.0272995
GLI3_41971732	0.0913419
GNA12_2731963	0.0142082
GNA12_2832004	0.0390914
GNAT3_80491745	0.0308706
GNAT3_80494069	0.0308706
GNGT1_93908085	0.041493
GPC2_100176365	0.281102
GPNMB_23248595	0.0364051
GPNMB_23260206	0.0778265
GRB10_50595346	0.011337
GRB10_50671498	0.00430818
GRB10_50674367	0.00430818
GRB10_50704033	0.00904981
GRB10_50710734	0.00904981
GRID2IP_6509548	0.02184
GRID2IP_6516890	0.0818765
GSAP_77326062	0.0755691
GSAP_77355990	0.0991783
GSAP_77362112	0.0266145
GSAP_77380252	0.0329951
GTF2IRD1_74514874	0.0521495
GTF2IRD1_74529078	0.0938473
GTF2IRD1_74532844	0.0332616
GTF2IRD1_74535392	0.0217276
GTF2IRD1_74535529	0.0217276
GTF2IRD1_74545014	0.0433974
GTF2I_74706061	0.0903962
GTF2I_74709492	0.0247903
GTF2I_74737550	0.0146752
GTPBP10_90351118	0.120422
GTPBP10_90352667	0.120422
GUSB_65963891	0.0297505
GUSB_65968529	0.0198126
HECW1_43443631	0.0784943
HECW1_43493846	0.0360008
HECW1_43507460	0.0602474
HECW1_43554154	0.0174763
HEPACAM2_93192530	0.0662757
HEPACAM2_93221713	0.0924119
HERPUD2_35638604	0.137884
HIBADH_27538471	0.18794
HIBADH_27543338	0.177658
HIBADH_27630339	0.237365
HIP1_75546421	0.0539874
HIP1_75549031	0.0454439
HIP1_75554614	0.0488481
HIP1_75573441	0.0309043
HIPK2_139598616	0.0289848
HIPK2_139629900	0.0551878
HIPK2_139631824	0.0603025
HIPK2_139675467	0.0603025
HOXA3_27118904	0.409435
HUS1_47965758	0.012278
HUS1_47975524	0.015357
ICA1_8141380	0.0338443
ICA1_8219693	0.062218
IFRD1_112459616	0.0384854
IGF2BP3_23318423	0.0680737
IGF2BP3_23319404	0.111426
IKZF1_50324839	0.0394196
IKZF1_50391505	0.0174645
IKZF1_50394357	0.0199438
IMMP2L_111081500	0.0946018
IMMP2L_111422258	0.0946018
IMPDH1_128399220	0.0826354
IMPDH1_128406352	0.202376
INMT_30752963	0.0133429
INSIG1_155299063	0.0593884
INSIG1_155307345	0.00838821
INTS1_1476657	0.0621397
INTS1_1476952	0.0119778
INTS1_1482086	0.00705582
INTS1_1502028	0.00566851
IQCA1L_151192552	0.0299862
IQCA1L_151194598	0.0212888
IQCA1L_151196827	0.00869431
IQCE_2565426	0.0737789
IQCE_2568762	0.0168352
IQCE_2571370	0.0231936
IQCE_2571882	0.0337989
IQCE_2573133	0.0131375
IQCE_2575491	0.0166556
IQCE_2575575	0.0166556
IQCE_2594850	0.00890847
IQCE_2595208	0.017969
IQCE_2604713	0.0194461
IQCE_2608201	0.0225593
KBTBD2_32874002	0.0674483
KCCAT333_17449462	0.0657121
KCNH2_150952255	0.0192767
KCP_128881153	0.0778569
KDM7A_140100048	0.049275
KDM7A_140100052	0.049275
KDM7A_140123567	0.0620445
KDM7A_140132731	0.0696798
KEL_142953464	0.0132806
KEL_142958066	0.0475121
KEL_142960190	0.047916
KIAA0895_36388376	0.0646585
KIAA1147_141668796	0.0195249
KIAA1324L_86911820	0.0380589
KIAA1324L_86917603	0.0273745
KIAA1324L_86942440	0.0547799
KIAA1324L_86947957	0.0634755
KIAA1549_138853640	0.0312167
KIAA1549_138853897	0.0312167
KIAA1549_138853909	0.0312167
KIAA1549_138915702	0.0154796
KLHDC10_130121821	0.0606452
KLHDC10_130121987	0.0606452
KLRG2_139481622	0.0569428
KMT2C_152233267	0.0521945
KMT2C_152249718	0.0156956
KMT2C_152272841	0.0332831
KMT2E_105079938	0.086815
KPNA7_99181331	0.0440073
KPNA7_99202356	0.0615166
KRBA1_149724037	0.0114278
KRIT1_92230558	0.113662
LAMB1_107951425	0.0229781
LAMB4_108032264	0.0376332
LAMB4_108095164	0.101863
LAMB4_108106675	0.0554537
LANCL2_55374832	0.0830634
LANCL2_55392305	0.0507667
LANCL2_55396256	0.0507667
LANCL2_55400384	0.0358335
LAT2_74216359	0.0145536
LAT2_74226706	0.0502264
LIMK1_74101561	0.0277379
LMTK2_98164533	0.026396
LMTK2_98185937	0.0371482
LRGUK_134143267	0.0187107
LRGUK_134198826	0.0347815
LRGUK_134258706	0.0400941
LRGUK_134263340	0.0400941
LRRC61_150328185	0.11358
LRRC72_16527126	0.0866904
LRRC72_16533236	0.0342204
LRWD1_102469393	0.0275499
LSM5_32489640	0.0102195
LUC7L2_139363021	0.249046
LUC7L2_139364250	0.249046
MACC1_20155500	0.0342554
MAD1L1_1880280	0.0508923
MAD1L1_1886090	0.0508923
MAD1L1_1985670	0.0300046
MAD1L1_2048907	0.0498661
MAD1L1_2214878	0.0254803
MAD1L1_2216723	0.00923596
MAD1L1_2220009	0.0120539
MAGI2_78197898	0.0958439
MAGI2_78994320	0.0855437
MALSU1_23307566	0.115196
MDFIC_114923313	0.121397
MDH2_76054224	0.0368941
MEST_130503434	0.0409926
MEST_130504426	0.228549
MET_116758288	0.105352
MET_116767455	0.146026
MET_116769352	0.146026
MGAM_142007740	0.072612
MGAM_142031106	0.0190813
MGAM_142033276	0.0302848
MGAM_142035554	0.0200814
MGAM_142035771	0.0200814
MGAM_142038769	0.0552995
MGAM_142056691	0.0191487
MICALL2_1448831	0.00988769
MICALL2_1448924	0.00988769
MICALL2_1449070	0.00988769
MICALL2_1457975	0.0231799
MINDY4_30784977	0.0211193
MINDY4_30789791	0.0482639
MINDY4_30828864	0.0785861
MINDY4_30838995	0.0555339
MINDY4_30853227	0.0738662
MINDY4_30856958	0.0430593
MINDY4_30865229	0.0603518
MINDY4_30881740	0.0519172
MKRN1_140476299	0.0515509
MKRN1_140477688	0.0515509
MLXIPL_73595969	0.0899945
MLXIPL_73622783	0.0667385
MMD2_4913334	0.0432829
MMD2_4919444	0.0179983
MMD2_4919770	0.0179983
MOGAT3_101197496	0.0627696
MOGAT3_101198491	0.0352231
MPP6_24618783	0.119866
MPP6_24685792	0.049736
MRM2_2239707	0.0268293
MRPS17_55954057	0.0220535
MRPS17_55954244	0.0220535
MUC17_101050435	0.0218674
MUC17_101052364	0.0139453
MUC17_101052432	0.0139453
MUC3A_100951756	0.00836102
MYL10_101623365	0.0731464
MYO1G_44967435	0.0132389
MYO1G_44971933	0.0212
MYO1G_44972021	0.0212
NAPEPLD_103125781	0.0612322
NAT16_101176928	0.038104
NCAPG2_158645754	0.0128476
NCAPG2_158660323	0.0201223
NCAPG2_158661959	0.0201223
NCAPG2_158662480	0.0185666
NCAPG2_158665491	0.0492462
NCAPG2_158673363	0.035426
NCAPG2_158683744	0.0162995
NCAPG2_158688892	0.0243641
NCAPG2_158701350	0.125744
NCF1_74785180	0.0453525
NCF1_74786528	0.0433852
NCF1_74788774	0.0542725
NDUFA4_10934090	0.0421699
NDUFA5_123553253	0.0722658
NFE2L3_26181883	0.0279131
NME8_37867283	0.072774
NME8_37868991	0.0355302
NOBOX_144398665	0.0194876
NOBOX_144400387	0.0224679
NOBOX_144401744	0.0351218
NOD1_30426848	0.0199126
NOD1_30427392	0.0199126
NOD1_30434787	0.024818
NOM1_156952290	0.00704117
NOM1_156961204	0.00678745
NOM1_156962367	0.015866
NOM1_156967431	0.00998546
NOS3_150994933	0.0598566
NPSR1_34847315	0.0224377
NPSR1_34848400	0.0224377
NPTX2_98620557	0.0356873
NPTX2_98621160	0.0356873
NPTX2_98628282	0.0187029
NPVF_25225937	0.0385248
NPVF_25228094	0.22842
NRCAM_108179314	0.0381602
NRCAM_108234376	0.0883481
NRCAM_108234775	0.0901117
NSUN5_73304036	0.032513
NSUN5_73307260	0.0967673
NUB1_151345284	0.0505647
NUB1_151367507	0.0207701
NUDCD3_44389322	0.0302468
NUDCD3_44473181	0.0461522
NUP205_135603257	0.0483599
NUP205_135604575	0.0282262
NUP205_135607795	0.0563265
NUP205_135609783	0.0563265
NUP205_135627474	0.0325475
NUP205_135636570	0.0390647
NUP205_135637400	0.0390647
NYAP1_100491499	0.0477847
OGDH_44674035	0.027049
OGDH_44700672	0.0150338
OGDH_44702269	0.0765719
OGDH_44702528	0.0765719
ORAI2_102436051	0.0276168
ORAI2_102438718	0.0723123
ORAI2_102444223	0.038688
ORAI2_102446370	0.038688
ORC5_104191869	0.071515
OSBPL3_24803521	0.0220337
OSBPL3_24831633	0.052474
OSBPL3_24850378	0.0457965
OSBPL3_24876952	0.0640298
OSBPL3_24964535	0.0651835
PARP12_140025582	0.0191213
PARP12_140038238	0.0229488
PARP12_140053911	0.0618959
PARP12_140060487	0.0166632
PAXIP1_154987394	0.0638899
PCLO_82803253	0.0257944
PCLO_82833169	0.0349445
PCLO_82840604	0.0289374
PCLO_82842864	0.13058
PDAP1_99397761	0.0123631
PDE1C_31823611	0.0250501
PDE1C_31825757	0.0276883
PDE1C_31830395	0.0701257
PDE1C_31850060	0.0511502
PDGFA_515066	0.102776
PDGFA_518551	0.216169
PDIA4_149006977	0.00687791
PDIA4_149007541	0.00687791
PDIA4_149019270	0.0282595
PDIA4_149025240	0.02812
PEG10_94657233	0.19479
PEG10_94658037	0.19479
PEX1_92514766	0.0546629
PEX1_92519160	0.0442289
PHF14_10986738	0.161198
PHTF2_77845824	0.1155
PHTF2_77950138	0.0294313
PIK3CG_106880133	0.0805177
PILRA_100373918	0.044452
PILRB_100358564	0.0716053
PILRB_100361382	0.09472
PKD1L1_47800909	0.00569442
PKD1L1_47807071	0.00940983
PKD1L1_47808438	0.0153475
PKD1L1_47814920	0.00793177
PKD1L1_47826069	0.0320766
PKD1L1_47829601	0.0234201
PKD1L1_47829758	0.0234201
PKD1L1_47832006	0.00698043
PKD1L1_47832885	0.00698043
PKD1L1_47832894	0.00698043
PKD1L1_47837437	0.0101957
PKD1L1_47843685	0.00423397
PKD1L1_47866156	0.0107373
PKD1L1_47867002	0.113781
PKD1L1_47890763	0.00711304
PLEKHA8_30049115	0.082925
PLOD3_101207396	0.0274309
PLOD3_101207823	0.0226463
PLOD3_101212788	0.0567742
PLOD3_101216616	0.0643243
PLXNA4_132130909	0.0176641
PLXNA4_132135225	0.0619424
PLXNA4_132143702	0.0516603
PLXNA4_132143917	0.0516603
PLXNA4_132144371	0.0516603
PLXNA4_132146763	0.078744
PLXNA4_132164418	0.0295775
PLXNA4_132166852	0.0441834
PLXNA4_132178172	0.0670812
PLXNA4_132193833	0.0403511
PLXNA4_132205022	0.0413941
PLXNA4_132205635	0.0413941
PLXNA4_132208855	0.0413941
PMPCB_103305162	0.0713604
PMS2_6004416	0.090311
PMS2_6005535	0.090311
PNPLA8_108491002	0.065224
PNPLA8_108494622	0.0616853
PNPLA8_108497177	0.104585
PNPLA8_108523325	0.0516958
PODXL_131508607	0.0172415
PODXL_131509690	0.0214678
POLR2J2_102670802	0.318367
PON1_95299248	0.0749836
PON1_95306488	0.0371198
PON2_95423791	0.190905
PON3_95392821	0.0493658
POR_75979107	0.0529034
POT1_124866192	0.0669783
POT1_124903260	0.0788203
POU6F2_39460427	0.0871149
POU6F2_39461038	0.413737
PPP1R17_31687912	0.0567241
PPP1R9A_95251548	0.0519495
PPP1R9A_95286843	0.101071
PRKAG2_151567363	0.144534
PRKAG2_151576614	0.0266952
PRKAG2_151782751	0.0125054
PRKAR1B_557675	0.0282537
PRKAR1B_584615	0.0165134
PRKAR2B_107141801	0.0525643
PRKAR2B_107145697	0.0525643
PRKRIP1_102400424	0.0482033
PRKRIP1_102404921	0.0507295
PRSS37_141839542	0.0367077
PTCD1_99426320	0.223894
PTCD1_99434658	0.0479285
PTPN12_77604573	0.069465
PTPN12_77607679	0.0722951
PTPN12_77629249	0.0391087
PTPRN2_158134666	0.00433757
PTPRZ1_122052879	0.0446279
PUS7_105458902	0.0524496
PUS7_105460307	0.06057
PUS7_105463176	0.0476526
PUS7_105505492	0.0334324
RABGEF1_66795389	0.103881
RABGEF1_66796214	0.0219873
RABGEF1_66797711	0.0356525
RAC1_6388648	0.0449
RAC1_6389465	0.0449
RAC1_6399264	0.0599793
RADIL_4817545	0.0108023
RADIL_4818259	0.0108023
RADIL_4820975	0.0108023
RALA_39688027	0.0517258
RAMP3_45162748	0.0882007
RAMP3_45177147	0.0882007
RAMP3_45177214	0.0882007
RAPGEF5_22125887	0.0705671
RAPGEF5_22137291	0.0282134
RAPGEF5_22140310	0.0858527
RBAK_5062359	0.0613278
RBM28_128331696	0.0737899
RBM28_128332897	0.0737899
RBM28_128342819	0.0427925
RBM33_155773838	0.0128268
RCC1L_75054365	0.021596
RCC1L_75055311	0.021596
RCC1L_75055434	0.021596
RCC1L_75063639	0.0178473
RCC1L_75067435	0.0375469
RELN_103547700	0.158216
RELN_103551329	0.132896
RELN_103555210	0.0630671
RELN_103569591	0.110684
RELN_103573303	0.121363
RELN_103610874	0.0797522
RELN_103839921	0.0935731
RELN_103897152	0.0935731
RFC2_74235716	0.00700699
RFC2_74238707	0.00755405
RFC2_74247494	0.0873506
RFC2_74253380	0.0504278
RHBDD2_75886320	0.0240746
RINT1_105532673	0.0698283
RINT1_105533376	0.049659
RINT1_105540978	0.0445703
RNF216-IT1_5672626	0.0349949
RNF216_5672626	0.0349949
RNF216_5726520	0.0518327
RNF32_156676190	0.0148631
RP11-638I8.1_45864979	0.00613094
RP11-638I8.1_45869425	0.0475189
RP9_33105622	0.0664726
RSBN1L_77769984	0.0487734
RUNDC3B_87813065	0.0776203
SCIN_12644499	0.0653545
SCIN_12649617	0.0277679
SCRN1_29935564	0.0298215
SDK1_3963143	0.0631368
SDK1_3963226	0.0631368
SDK1_3963309	0.0631368
SDK1_3963392	0.0631368
SDK1_3963475	0.0631368
SDK1_3964823	0.0631368
SDK1_3965642	0.0631368
SDK1_4016143	0.0546454
SDK1_4076942	0.0396599
SDK1_4131230	0.0586821
SDK1_4156093	0.010421
SDK1_4158915	0.0466592
SDK1_4183145	0.0388292
SDK1_4234183	0.0123319
SDK1_4234899	0.0123319
SDK1_4236758	0.0123319
SEC61G_54753029	0.0156135
SEMA3A_83985697	0.142788
SEMA3C_80806610	0.0449361
SEMA3D_85018571	0.115052
SEMA3D_85074275	0.0658161
SEMA3E_83386138	0.0253228
SEPT14_55844443	0.0730768
SEPT7_35872523	0.0896789
SEPT7_35884359	0.0693755
SH2B2_102314044	0.0803382
SH2B2_102320757	0.0150779
SHH_155808820	0.258582
SKAP2_26670459	0.206719
SKAP2_26727203	0.130197
SLC12A9_100861735	0.0529671
SLC13A1_123128946	0.0489908
SLC13A1_123171305	0.123055
SLC13A4_135706600	0.0170281
SLC13A4_135725230	0.0395325
SLC25A40_87871127	0.119279
SLC26A3_107786729	0.0702873
SLC26A3_107788071	0.0524633
SLC26A4_107703243	0.0612873
SLC26A4_107712491	0.0758811
SLC26A5_103389532	0.0610528
SLC26A5_103394982	0.0404541
SLC26A5_103395956	0.0404541
SLC26A5_103398324	0.0841238
SLC26A5_103411231	0.052546
SLC26A5_103413267	0.0343689
SLC29A4_5294313	0.0576192
SLC29A4_5295234	0.0206677
SLC29A4_5301307	0.0228927
SLC29A4_5301609	0.0228927
SLC29A4_5301749	0.0228927
SLC35B4_134304624	0.0225119
SLC37A3_140369892	0.0806876
SLC37A3_140381888	0.0747567
SMURF1_99034942	0.0536756
SMURF1_99039762	0.0186928
SND1_127694729	0.0809059
SND1_127699077	0.174677
SND1_127906294	0.103564
SND1_128081762	0.0612368
SNX13_17822564	0.0682646
SNX13_17848646	0.0639579
SNX13_17868681	0.0422803
SNX13_17912248	0.114786
SNX8_2263412	0.0123818
SNX8_2271335	0.00774434
SNX8_2271773	0.00774434
SP4_21481681	0.0428692
SP8_20786386	0.564622
SRPK2_105128019	0.0282144
SRPK2_105128078	0.0282144
SRRT_100877663	0.053332
SRRT_100886207	0.0339705
SSC4D_76391784	0.0454099
ST7_117189570	0.629351
ST7_117210737	0.233121
STARD3NL_38214954	0.0345346
STK17A_43621881	0.0232409
STK31_23787498	0.0781725
STK31_23787730	0.0781725
STRA8_135246821	0.0256778
STRA8_135247491	0.0256778
STRA8_135254948	0.0330629
STRIP2_129434665	0.0858417
STRIP2_129436258	0.0858417
STRIP2_129437494	0.0858417
STRIP2_129451410	0.188702
STRIP2_129451965	0.0794997
STRIP2_129452215	0.0794997
STRIP2_129455127	0.061676
STRIP2_129457011	0.217464
STRIP2_129459276	0.0629161
STRIP2_129469627	0.0852989
STRIP2_129485063	0.0947429
STX1A_73701721	0.0533797
STX1A_73702398	0.0533797
STX1A_73705612	0.0963303
STX1A_73706322	0.0963303
STX1A_73708309	0.0963303
STYXL1_75997670	0.0723629
STYXL1_76006427	0.0393301
STYXL1_76023041	0.0291684
SUGCT_40191158	0.078467
SUGCT_40221725	0.105007
SUGCT_40681597	0.120975
SUGCT_40741530	0.120975
SUMF2_56077350	0.0362318
SUN1_837198	0.0114805
SUN1_841518	0.0237587
SUN1_842691	0.0197284
SUN1_844816	0.0663966
SUN1_851153	0.0184615
SUN1_861287	0.0158706
SVOPL_138626873	0.0103133
SYPL1_106104157	0.0630811
TAX1BP1_27828510	0.115959
TBRG4_45103605	0.214963
TBX20_35241596	0.0524669
TBX20_35249224	0.0133769
TBX20_35250662	0.0654213
TBXAS1_139778561	0.0629056
TBXAS1_139780193	0.0629056
TBXAS1_139780483	0.0629056
TBXAS1_139953650	0.0310779
TBXAS1_139958097	0.0970079
TBXAS1_140012981	0.0263035
TCAF1_143857448	0.0146483
TCAF1_143857474	0.0146483
TECPR1_98217846	0.065
TECPR1_98236506	0.0358862
TFEC_115954958	0.0483983
THSD7A_11461563	0.0745269
TMEM106B_12217206	0.0396254
TMEM106B_12219975	0.0395584
TMEM120A_75993169	0.0212919
TMEM130_98849445	0.0314239
TMEM176B_150794071	0.0271469
TMEM184A_1552836	0.0246173
TMEM209_130171103	0.100051
TMEM209_130197414	0.12872
TMEM248_66950523	0.0611498
TNPO3_128975993	0.0487309
TNPO3_128989444	0.0642724
TNRC18_5322594	0.0191088
TNRC18_5338864	0.0915922
TNRC18_5349597	0.214898
TNRC18_5371710	0.022658
TNRC18_5390677	0.0303067
TNS3_47284414	0.0135156
TNS3_47290804	0.0135156
TNS3_47293455	0.0138053
TNS3_47298945	0.0159045
TNS3_47345649	0.0134599
TNS3_47398670	0.130805
TNS3_47415206	0.023087
TNS3_47434546	0.0274837
TNS3_47472989	0.0164868
TNS3_47517316	0.019065
TNS3_47536682	0.0411786
TNS3_47563592	0.0411786
TRIM24_138573936	0.0289828
TRIM4_99903634	0.0723843
TRIP6_100869303	0.072827
TRPV5_142931098	0.010112
TRRAP_98892810	0.0244492
TRRAP_98898358	0.0418965
TRRAP_98940815	0.0233485
TRRAP_98952780	0.035945
TRRAP_98953781	0.0078101
TRRAP_98962839	0.0164234
TRRAP_98972935	0.0104
TRRAP_98982670	0.0091604
TRRAP_99004554	0.0169762
TRRAP_99008859	0.0109972
TSGA13_130681089	0.0595668
TSGA13_130684053	0.0467472
TSPAN12_120847495	0.0717845
TTC26_139135653	0.0382037
TTC26_139138240	0.0536538
TTC26_139164937	0.047989
TTC26_139168012	0.0302907
TTYH3_2651590	0.012939
TTYH3_2652009	0.012939
TTYH3_2653470	0.01285
TTYH3_2656710	0.00926214
TTYH3_2660468	0.0716188
TWISTNB_19700422	0.077476
TWISTNB_19700438	0.077476
UBE2D4_43945634	0.0521291
UBE2D4_43951102	0.0362734
UBE2H_129835160	0.0409575
UBE2H_129835647	0.0409575
UBE2H_129836340	0.0409575
UBE3C_157172963	0.0190369
UBE3C_157177762	0.0387929
UBE3C_157178655	0.0387929
UBE3C_157220536	0.0236702
UBE3C_157252786	0.0461012
UBE3C_157260523	0.0972599
UBN2_139259108	0.0256552
UBN2_139273013	0.0509171
UBN2_139292909	0.0404273
UMAD1_7795493	0.112715
UMAD1_7852615	0.1141
UPK3B_76512085	0.0114846
UPK3B_76513725	0.014401
UPK3B_76514618	0.0151136
UPP1_48102789	0.0145548
USP42_6106172	0.0803767
USP42_6111065	0.0803767
USP42_6113197	0.0371302
USP42_6115203	0.0371302
USP42_6146936	0.0304899
USP42_6153085	0.0182749
VIPR2_159143746	0.0193163
VKORC1L1_65935166	0.115898
VOPP1_55496537	0.00600539
VPS41_38747175	0.0337521
VPS41_38755012	0.0254098
VPS41_38755016	0.0254098
VPS41_38829018	0.137181
VSTM2A_54544503	0.143072
VSTM2A_54545920	0.00889574
WBSCR17_71409699	0.0601755
WBSCR17_71417601	0.0827527
WBSCR22_73696462	0.0075
WDR60_158875081	0.0415654
WDR60_158876960	0.0235251
WDR60_158879050	0.0235251
WDR60_158909737	0.0514571
WDR60_158913637	0.00844278
WDR60_158918668	0.0640319
WDR60_158921141	0.0361862
WDR60_158922653	0.00868266
WDR60_158941731	0.156255
WIPF3_29886223	0.0209781
WIPI2_5221787	0.0145311
WIPI2_5223316	0.0191892
WNT16_121330462	0.111614
WNT2_117318808	0.339899
WNT2_117320420	0.339899
WNT2_117322469	0.346896
YAE1D1_39567409	0.146705
YWHAG_76352508	0.0660628
ZAN_100768887	0.0324119
ZAN_100774003	0.100584
ZAN_100781229	0.0569089
ZAN_100797210	0.0276047
ZC3HAV1L_139027050	0.0107677
ZC3HAV1L_139029747	0.0373642
ZC3HAV1_139056605	0.0519596
ZC3HAV1_139084400	0.0301953
ZC3HAV1_139085193	0.0301953
ZCWPW1_100415717	0.0468121
ZKSCAN1_100022459	0.0731775
ZKSCAN1_100027429	0.0675764
ZKSCAN5_99516828	0.0718235
ZMIZ2_44749149	0.0283701
ZMIZ2_44752288	0.0283701
ZMIZ2_44757376	0.0448246
ZNF12_6693656	0.0124073
ZNF12_6694742	0.0124073
ZNF12_6698207	0.045172
ZNF282_149207117	0.0182102
ZNF282_149211722	0.0243799
ZNF316_6640954	0.0668871
ZNF398_149126753	0.168329
ZNF3_100074748	0.0485212
ZNF425_149114645	0.0649342
ZNF425_149114823	0.0649342
ZNF467_149766825	0.0486568
ZNF467_149767728	0.0486568
ZNF467_149769333	0.0290242
ZNF655_99561254	0.198004
ZNF735_64216111	0.0403477
ZNF746_149475512	0.0196627
ZNF746_149493592	0.016247
ZNF775_150380587	0.0191152
ZNF777_149456251	0.0582721
ZNF777_149457190	0.0582721
ZNF783_149278707	0.0385937
ZNF786_149080046	0.124747
ZNF789_99473505	0.0417274
ZNF862_149840606	0.0653491
ZNF862_149845482	0.0217603
ZNF862_149853067	0.0485398
ZNF862_149863027	0.0112794
ZP3_76431495	0.0186183
ZSCAN21_100058297	0.0701945
ZYX_143389627	0.0188705
AC138647.1_141516441	0.00632358
ADAM18_39639495	0.0539555
ADAM2_39768805	0.0203463
ADAM2_39769172	0.0203463
ADAM2_39823481	0.0304905
ADAM2_39830624	0.0703216
ADAM32_39161548	0.046272
ADAM7_24466599	0.0142405
ADAM7_24471437	0.0363787
ADAM9_39072709	0.0770956
ADAMDEC1_24386831	0.0326151
ADAMDEC1_24394713	0.0214059
ADAMDEC1_24399602	0.016554
ADCK5_144379309	0.0287346
ADCK5_144388944	0.0360442
ADCY8_130785219	0.0131034
ADGRA2_37830252	0.0159712
ADGRA2_37836292	0.0160474
ADGRA2_37837035	0.0160474
ADGRA2_37837082	0.0160474
ADGRB1_142476333	0.0483867
ADGRB1_142489789	0.00914404
ADGRB1_142524593	0.00621413
ADGRB1_142532307	0.0327044
ADGRB1_142533630	0.00494631
ADGRB1_142534133	0.00494631
ADGRB1_142535793	0.00494631
ADHFE1_66444095	0.0301045
ADHFE1_66467173	0.0853633
ADRB3_37964452	0.0213863
ADRB3_37964484	0.0213863
AGO2_140533891	0.0297349
AGO2_140540702	0.00974664
AGO2_140550416	0.00724451
AGO2_140550506	0.00724451
AGO2_140556286	0.0138067
AGO2_140558755	0.0131241
AGO2_140561189	0.00910711
AGO2_140561527	0.00910711
AGO2_140628414	0.0189874
AGPAT5_6750692	0.021554
ANGPT2_6515029	0.0658151
ANGPT2_6516391	0.0658151
ANGPT2_6520190	0.0162139
ANK1_41660563	0.074941
ANK1_41663557	0.0201217
ANK1_41666083	0.0705979
ANK1_41670783	0.0139029
ANK1_41697469	0.00648385
ANK1_41702251	0.0666123
ANK1_41715259	0.0459983
ANK1_41719372	0.0209698
ANK1_41719995	0.0289333
ANK1_41725555	0.0100249
ANK1_41726064	0.0137268
ANK1_41727425	0.0339982
ANXA13_123691900	0.0952565
ANXA13_123697966	0.0160045
ANXA13_123698217	0.0160045
AP3M2_42164143	0.0108737
ARFGEF1_67200725	0.0301375
ARFGEF1_67211774	0.0523293
ARHGAP39_144532591	0.0190754
ARHGEF10_1861389	0.0192984
ARHGEF10_1881121	0.037866
ARHGEF10_1882454	0.037866
ARHGEF10_1883623	0.0144556
ARHGEF10_1898261	0.0121647
ARHGEF10_1907964	0.00993935
ARHGEF10_1925234	0.00827486
ARHGEF10_1930829	0.00929729
ARHGEF10_1955853	0.0418235
ARMC1_65618917	0.095837
ASAH1_18082714	0.0311888
ASAP1_130130344	0.0162261
ASAP1_130132519	0.0162261
ASAP1_130133342	0.0162261
ASPH_61646954	0.0113292
ASPH_61653515	0.0289214
ATAD2_123324036	0.0691016
ATAD2_123354990	0.1036
ATAD2_123372011	0.0455593
ATP6V1B2_20198171	0.0916807
ATP6V1C1_103057641	0.0847123
ATP6V1H_53795994	0.0721447
ATP6V1H_53831454	0.039991
ATP6V1H_53833817	0.0356939
BIN3_22624163	0.0485988
BIN3_22638891	0.105958
BLK_11547357	0.00643102
BLK_11547371	0.00643102
BLK_11553955	0.0491184
BLK_11561669	0.0208349
BMP1_22179263	0.0843944
BMP1_22209219	0.0232106
BNIP3L_26409713	0.0585783
BOP1_144271655	0.132255
C8orf37_95263806	0.0712928
C8orf44_66677640	0.094134
C8orf44_66678583	0.0795917
C8orf74_10699754	0.0220794
C8orf76_123234339	0.131845
C8orf76_123235495	0.131845
CA13_85262575	0.0803473
CA3_85440458	0.0633056
CA8_60228348	0.0340092
CA8_60229070	0.0340092
CA8_60229077	0.0340092
CALB1_90069302	0.073479
CCDC25_27737611	0.0365977
CCDC25_27769854	0.0594527
CCDC25_27770178	0.0594527
CCDC25_27770450	0.0594527
CCDC25_27771555	0.0594527
CDCA2_25460171	0.011346
CDH17_94164689	0.019945
CDH17_94171379	0.0427385
CHD7_60796283	0.058388
CHD7_60808020	0.176021
CHD7_60833637	0.064123
CHD7_60857673	0.0331756
CHD7_60859837	0.0331756
CHMP7_23257400	0.0224302
CHMP7_23259660	0.0680118
CHRNA2_27462150	0.0114755
CLN8_1769904	0.0107505
CLN8_1773236	0.0337231
CLN8_1773363	0.0337231
CLN8_1777350	0.0337231
CLU_27600751	0.0248372
CLU_27606922	0.0584094
CNGB3_86652251	0.0880789
CNGB3_86668754	0.031151
COL14A1_120211902	0.0483559
COL14A1_120265055	0.0737248
COL14A1_120285620	0.053293
COL14A1_120300551	0.0249873
COL14A1_120311632	0.0494978
COL14A1_120315680	0.018028
COL14A1_120342750	0.0785133
COL22A1_138590139	0.0147247
COL22A1_138605925	0.0102334
COL22A1_138680708	0.0109217
COL22A1_138701624	0.00812496
COL22A1_138752021	0.0228636
COL22A1_138762189	0.0100226
COL22A1_138776665	0.00723911
COL22A1_138778521	0.0121434
COL22A1_138809113	0.0085143
COL22A1_138812184	0.0186971
COL22A1_138822643	0.0133418
COLEC10_119105216	0.0127983
COLEC10_119105609	0.0127983
COPS5_67048590	0.19842
COX6C_99888219	0.0530065
CPQ_97024493	0.118995
CPSF1_144401724	0.0226215
CSGALNACT1_19420677	0.0372417
CSGALNACT1_19420688	0.0372417
CSMD1_2942232	0.00713281
CSMD1_2950372	0.0127065
CSMD1_2968226	0.0172292
CSMD1_2978544	0.0151482
CSMD1_3108985	0.0316615
CSMD1_3142851	0.0181109
CSMD1_3145823	0.0181109
CSMD1_3155567	0.0099765
CSMD1_3216752	0.0227817
CSMD1_3366639	0.0086219
CSMD1_3390497	0.0122453
CSMD1_3399724	0.00856888
CSMD1_3399730	0.00856888
CSMD3_112235258	0.0312142
CSMD3_112308439	0.0476059
CSMD3_112555121	0.0386294
CSPP1_67094578	0.164408
CSPP1_67104874	0.0826508
CSPP1_67113510	0.0909741
CSPP1_67163613	0.0418667
CTSB_11852475	0.0289202
CYHR1_144450885	0.128914
CYHR1_144453042	0.0181336
CYP7B1_64617265	0.148191
CYP7B1_64621974	0.148191
DCAF13_103417231	0.0516867
DCAF13_103432285	0.0593398
DCAF13_103433246	0.0617736
DCTN6_30179334	0.0678778
DECR1_90036618	0.096595
DEFA4_6936566	0.00219454
DENND3_141137379	0.0063935
DENND3_141137602	0.0063935
DENND3_141154898	0.0525425
DENND3_141166925	0.00543866
DENND3_141172356	0.0170656
DENND3_141174901	0.0170656
DENND3_141175153	0.0170656
DENND3_141181954	0.0434363
DEPTOR_120005592	0.0189686
DEPTOR_120008820	0.0313651
DGAT1_144319125	0.00769272
DGAT1_144320128	0.00769272
DGAT1_144324165	0.0138403
DGAT1_144324615	0.0138403
DLC1_13103025	0.0691244
DLC1_13106646	0.0691244
DLC1_13113327	0.0689794
DLGAP2_1669604	0.0535395
DLGAP2_1694352	0.0373924
DLGAP2_1700053	0.0278017
DLGAP2_1700903	0.0278017
DMTN_22071044	0.0588935
DMTN_22074615	0.0374956
DMTN_22077834	0.0374956
DMTN_22080366	0.0753234
DMTN_22080744	0.322665
DNAJC5B_66079923	0.11297
DOCK5_25269428	0.0514662
DOCK5_25312356	0.0220375
DOCK5_25322380	0.0236776
DOCK5_25339612	0.031475
DOCK5_25340758	0.031475
DOCK5_25349777	0.0225596
DOCK5_25363381	0.0108464
DOCK5_25388173	0.0284328
DPY19L4_94761628	0.0719444
DPY19L4_94762369	0.0616019
DPY19L4_94763248	0.0616019
DPY19L4_94764360	0.0616019
DPY19L4_94788890	0.0728641
DPYSL2_26631861	0.0285555
DPYSL2_26652105	0.0518505
DUSP26_33594161	0.0470832
EBAG9_109551389	0.0814204
EBAG9_109552477	0.0814204
EBF2_26042518	0.0505006
EFR3A_131970249	0.0200367
EFR3A_131982124	0.0276385
EFR3A_131985832	0.0569073
EFR3A_131994930	0.0399882
EIF3E_108235527	0.0432193
EIF3H_116649430	0.0684288
EIF3H_116649827	0.0684288
ELOC_73948486	0.0997814
ELOC_73959084	0.0630132
ELOC_73959239	0.0630132
ELP3_28095954	0.0499463
EMC2_108448084	0.053732
ENPP2_119558936	0.0979551
ENPP2_119563013	0.0352836
ENPP2_119601827	0.147904
ENTPD4_23435650	0.0242356
ENTPD4_23437504	0.0376357
EPHX2_27507291	0.0183419
EPHX2_27539749	0.0155261
EPHX2_27544384	0.0698894
ERI1_9006077	0.052658
ERI1_9007243	0.052658
ERI1_9011475	0.0701135
ERI1_9012020	0.0342636
ERICH1_723224	0.0227165
ERLIN2_37752708	0.0523085
ERLIN2_37753119	0.0523085
ESRP1_94644380	0.0620338
EXT1_117808557	0.177093
EXT1_117832639	0.149553
EXT1_118016628	0.095952
EXTL3_28732865	0.0476829
EXTL3_28733033	0.0476829
EXTL3_28749975	0.0546195
FAM135B_138137753	0.00689971
FAM160B2_22092555	0.01444
FAM49B_129857298	0.0453825
FAM49B_129878911	0.198244
FAM83H_143732407	0.0101862
FAM86B2_12426136	0.0175021
FBXO16_28486975	0.0509084
FBXO25_455101	0.0200337
FBXO25_457140	0.0200337
FBXO25_465076	0.0325905
FBXO32_123510311	0.0752241
FBXO32_123514630	0.0938587
FBXO32_123540690	0.141592
FBXO43_100134955	0.0695475
FDFT1_11806425	0.0447381
FDFT1_11835357	0.0406366
FER1L6_123956271	0.0440125
FER1L6_123975469	0.0480355
FER1L6_124003822	0.0598729
FER1L6_124043797	0.0220142
FER1L6_124067131	0.0142303
FER1L6_124068141	0.0481552
FGF17_22043506	0.299085
FGF17_22043950	0.299085
FGF17_22046440	0.0861532
FGFR1_38415051	0.00854339
FGFR1_38424767	0.00985091
FGL1_17869340	0.0334948
FGL1_17871232	0.0334948
FZD3_28554255	0.1083
FZD6_103330513	0.0640039
GATA4_11749959	0.0172537
GEM_94253553	0.0320878
GEM_94261805	0.111088
GGH_63037123	0.0146947
GLI4_143273910	0.00951322
GML_142840805	0.0140675
GOT1L1_37935299	0.0250369
GPAT4_41609094	0.0513065
GPAT4_41614601	0.0378445
GPAT4_41615214	0.0130039
GPIHBP1_143213599	0.00862351
GRHL2_101570176	0.0806491
GRHL2_101635610	0.0339987
GSDMC_129748740	0.012488
GSDMC_129752177	0.0503145
GSDMC_129760897	0.00780599
GTF2E2_30589903	0.0758021
GTF2E2_30608680	0.129577
GTF2E2_30656330	0.0404904
HGSNAT_43143890	0.0293115
HGSNAT_43191341	0.141755
HGSNAT_43193675	0.013233
HHLA1_132083420	0.117857
HHLA1_132089239	0.0198073
HHLA1_132091190	0.021157
HOOK3_42898448	0.0575071
HOOK3_42947082	0.0623528
HOOK3_42960345	0.0923783
HOOK3_42998263	0.124228
HOOK3_43017913	0.070702
IKBKB_42288525	0.0729139
IKBKB_42288535	0.0729139
IKBKB_42292982	0.0560221
IKBKB_42293172	0.0560221
IKBKB_42325065	0.00798705
IL7_78804008	0.081977
INTS10_19826394	0.0302168
INTS10_19829519	0.0297059
INTS10_19847432	0.128874
INTS8_94824210	0.0175665
INTS8_94827958	0.0477358
INTS8_94850656	0.0800082
INTS8_94868472	0.039916
INTS9_28769289	0.0112344
INTS9_28774142	0.0494707
INTS9_28779645	0.020649
INTS9_28794107	0.0483044
INTS9_28796021	0.0483044
KAT6A_41948124	0.0446318
KAT6A_41954605	0.0704209
KAT6A_41954748	0.0704209
KCNQ3_132175283	0.0204098
KCNQ3_132175339	0.0204098
KCNQ3_132183542	0.00950805
KCNU1_36807101	0.0286982
KCNU1_36807285	0.0286982
KCNU1_36835320	0.0341381
KCNU1_36935345	0.0215169
KCTD9_25433183	0.0662457
KCTD9_25444583	0.103608
KIAA1429_94518677	0.110259
KIAA1429_94528088	0.0704601
KIF13B_29073720	0.244387
KIF13B_29115956	0.146078
KIF13B_29137582	0.0268845
KIF13B_29147039	0.0733067
KIF13B_29158546	0.0823347
KIF13B_29167981	0.0808816
KIF13B_29239240	0.0900175
KIFC2_144468487	0.315264
KLHL38_123647292	0.0387218
LEPROTL1_30099985	0.0670614
LONRF1_12731182	0.0376812
LOXL2_23299829	0.0416928
LOXL2_23303604	0.0593254
LOXL2_23304699	0.0593254
LOXL2_23318522	0.0211271
LOXL2_23328141	0.0335757
LPL_19950345	0.0185607
LPL_19951366	0.0185607
LPL_19957256	0.0318117
LRRC6_132621539	0.037337
LRRCC1_85127956	0.0386294
LRRCC1_85129841	0.0347273
LRRCC1_85131717	0.0361529
LY96_74005490	0.0636
LY96_74027149	0.132722
LYNX1_142768863	0.0291212
LYPD2_142752186	0.00131316
LYPLA1_54065332	0.0479675
MAPK15_143717005	0.0181192
MAPK15_143717069	0.0181192
MAPK15_143717342	0.0181192
MATN2_98017932	0.0406754
MATN2_98027911	0.0522272
MATN2_98030227	0.0522272
MATN2_98032401	0.156697
MATN2_98034010	0.0807036
MCPH1_6489244	0.0648407
MCPH1_6493659	0.0648407
MED30_117529930	0.0393032
MED30_117530983	0.0907746
MFHAS1_8828743	0.0467024
MICU3_17086543	0.0448109
MICU3_17088837	0.189108
MICU3_17098347	0.112906
MMP16_88046202	0.0466916
MROH1_144167908	0.0299534
MROH1_144199969	0.0171369
MROH1_144233574	0.144386
MROH1_144238574	0.144386
MROH6_143572366	0.00257021
MRPL13_120418552	0.0654243
MRPL15_54146569	0.0887293
MRPS28_79924416	0.131488
MSR1_16167419	0.0297882
MSR1_16176401	0.0149296
MSRA_10090345	0.118033
MSRA_10384927	0.0800201
MSRA_10400485	0.0800201
MTBP_120456167	0.0350802
MTBP_120460796	0.0362082
MTBP_120490340	0.0236136
MTBP_120494543	0.03755
MTBP_120499895	0.0524195
MTBP_120502365	0.0524195
MTDH_97688008	0.448052
MTDH_97712338	0.0594175
MTERF3_96252530	0.0705656
MTFR1_65704627	0.11094
MTMR7_17304616	0.0330744
MTMR7_17366495	0.0562476
MTMR7_17372670	0.0878123
MTMR9_11298652	0.0646917
MTMR9_11300879	0.064084
MTMR9_11308768	0.0724886
MTMR9_11321626	0.0887089
MTSS1_124562536	0.0770151
MTSS1_124589810	0.0248325
MTSS1_124715876	0.114375
MYOM2_2047051	0.00949535
MYOM2_2056091	0.0114958
MYOM2_2057346	0.0114958
MYOM2_2062706	0.0174864
MYOM2_2090407	0.0235121
MYOM2_2101403	0.0189684
MYOM2_2124153	0.13895
NAPRT_143577466	0.023716
NBN_89952344	0.0425076
NBN_89957964	0.0705222
NBN_89959346	0.0267087
NBN_89976222	0.0504187
NCALD_101689540	0.0199489
NCALD_102022728	0.0692142
NCALD_102025423	0.0692142
NCALD_102025896	0.0692142
NCOA2_70120269	0.0495182
NCOA2_70131763	0.0393088
NCOA2_70133901	0.0403481
NCOA2_70388073	0.110097
NDRG1_133242308	0.00627325
NDRG1_133252768	0.0180829
NDUFAF6_95050979	0.0375206
NEIL2_11780521	0.0970855
NKX2-6_23704770	0.0241006
NKX2-6_23705236	0.0241006
NPM2_22025374	0.0578295
NSD3_38282346	0.0487379
NSD3_38305018	0.0391163
NSD3_38319328	0.793629
NSD3_38336997	0.0802216
NSD3_38345168	0.100152
NSMAF_58643301	0.0551983
NSMCE2_125356934	0.0940832
NUDT18_22108662	0.0724192
NUDT18_22109085	0.0724192
NUGGC_28027491	0.0159209
NUGGC_28028999	0.0159209
NUGGC_28034892	0.031756
NUGGC_28055412	0.0620238
NUGGC_28058565	0.0440433
NUGGC_28060888	0.041174
NUGGC_28067019	0.0565288
NUGGC_28069818	0.0384374
OC90_132044769	0.0272071
OC90_132045704	0.0272071
OPLAH_144054276	0.00877978
OPRK1_53234482	0.0287231
OTUD6B_91072083	0.0515486
OTUD6B_91082944	0.051242
OXR1_106692287	0.0538758
OXR1_106734582	0.0962523
PAG1_80988493	0.0162719
PARP10_143979333	0.0337097
PBK_27833291	0.0592813
PCM1_17944674	0.140246
PCM1_17954329	0.0383399
PCM1_17955275	0.0383399
PCM1_17969079	0.041665
PCM1_18008409	0.0783341
PDE7A_65725943	0.130429
PDE7A_65735209	0.0636974
PDE7A_65744961	0.039674
PDGFRL_17629059	0.010284
PDGFRL_17630586	0.010284
PEBP4_22920489	0.018381
PEBP4_22927029	0.018381
PENK_56444927	0.0460952
PINX1_10833071	0.0454533
PIWIL2_22280116	0.0317362
PIWIL2_22280270	0.0317362
PIWIL2_22305038	0.0389575
PIWIL2_22310248	0.0708756
PKHD1L1_109401193	0.0525156
PKHD1L1_109435489	0.268661
PKHD1L1_109437728	0.0620992
PKHD1L1_109461596	0.0393938
PKHD1L1_109489151	0.0554211
PKHD1L1_109500908	0.0371296
PKHD1L1_109513867	0.117643
PLAG1_56168604	0.218114
PLAG1_56182993	0.132566
PLEC_143930903	0.00947643
PLEC_143936853	0.0495664
PLEC_143938716	0.0461066
PLEKHA2_38935849	0.0466121
PLEKHA2_38938253	0.0539837
PLEKHA2_38951854	0.0452647
POLB_42368300	0.0926412
POP1_98136310	0.0506476
POP1_98141979	0.0882088
POP1_98152501	0.0583318
POP1_98154530	0.0583318
PPP1R16A_144494248	0.0289478
PPP1R16A_144494761	0.0289478
PPP1R42_67011244	0.108211
PPP1R42_67012709	0.108211
PPP2CB_30792253	0.0405071
PPP2CB_30794545	0.0267281
PPP2R2A_26355381	0.0367659
PPP3CC_22522053	0.129764
PPP3CC_22532806	0.0580977
PRAG1_8382768	0.100834
PRAG1_8385654	0.100834
PRDM14_70064035	0.0877422
PREX2_68025634	0.0501175
PREX2_68061198	0.0430904
PREX2_68078039	0.0296287
PREX2_68087244	0.0434203
PREX2_68098133	0.0438476
PREX2_68109024	0.028321
PREX2_68125615	0.0953101
PREX2_68226469	0.0933947
PREX2_68230751	0.0933947
PRKDC_47818842	0.0366473
PRKDC_47824255	0.0185224
PRKDC_47832745	0.0156139
PRKDC_47834000	0.0156139
PRKDC_47841308	0.136731
PRKDC_47855534	0.0279355
PRKDC_47895335	0.0220223
PRKDC_47902279	0.0265164
PRKDC_47905896	0.0485973
PRKDC_47916322	0.0294164
PROSC_37763212	0.0611189
PRSS51_10497526	0.0103737
PSD3_18871302	0.0354379
PSD3_18894163	0.0663258
PTK2B_27392235	0.0589117
PTK2B_27420292	0.039084
PTK2_140667796	0.0077915
PTK2_140680459	0.109986
PTK2_140755329	0.040811
PTP4A3_141423346	0.0187746
PTP4A3_141424975	0.0187746
PTP4A3_141426063	0.015772
PXDNL_51320510	0.0242562
R3HCC1_23294263	0.00776416
RAB11FIP1_37863744	0.0555894
RAD54B_94398974	0.0849613
RAD54B_94401261	0.0585095
RAD54B_94469245	0.108311
RAD54B_94474599	0.108311
RB1CC1_52643728	0.0178044
RB1CC1_52663199	0.0320022
RB1CC1_52672212	0.024495
RB1CC1_52679235	0.0676802
RBPMS_30563971	0.0148625
RECQL4_144517267	0.0261973
REEP4_22140435	0.0880186
RHOBTB2_23005908	0.045
RHOBTB2_23010130	0.0379683
RHOBTB2_23015323	0.0144936
RHOBTB2_23015418	0.0144936
RIDA_98112394	0.0593516
RIMS2_103970505	0.124095
RIMS2_104245740	0.03012
RIPK2_89762657	0.0560098
RIPK2_89772463	0.0891986
RMDN1_86486867	0.0373716
RMDN1_86487991	0.0373716
RNF122_33549726	0.0205068
RNF122_33551666	0.0871218
RNF122_33565575	0.088368
RNF170_42872055	0.0478565
RP11-10J21.4_141253034	0.0289279
RP11-14I17.2_26422973	0.124481
RP11-350N15.3_38401103	0.338104
RP11-43A14.1_725040	0.0227165
RP11-43A14.1_725065	0.0227165
RP11-44N11.1_122811785	0.0306086
RP1L1_10619490	0.0322968
RRM2B_102217907	0.069211
RRM2B_102224418	0.0518495
RRM2B_102232958	0.0431713
RUNX1T1_91990568	0.141306
RUNX1T1_92008628	0.227829
SBSPON_73081241	0.0303845
SCARA3_27651882	0.0252584
SCARA3_27652195	0.0252584
SCARA3_27653402	0.0252584
SCARA5_27874791	0.0540898
SCARA5_27904899	0.0468975
SCARA5_27907439	0.0544665
SCRIB_143799564	0.00459017
SCRIB_143812444	0.0203981
SCRIB_143814394	0.0224237
SCX_144267502	0.130533
SDR16C5_56302391	0.0485851
SFRP1_41305296	0.0553285
SFRP1_41307986	0.0553285
SGCZ_14105495	0.0432045
SGK3_66815288	0.043612
SGK3_66839729	0.0724488
SGK3_66848295	0.0361287
SH2D4A_19362111	0.0272122
SH2D4A_19362991	0.0272122
SLC20A2_42436254	0.0908541
SLC20A2_42443519	0.0612484
SLC20A2_42462718	0.0241633
SLC25A37_23569856	0.0451627
SLC25A37_23570396	0.0451627
SLC30A8_117155052	0.089823
SLC30A8_117162480	0.0370892
SLC39A14_22413705	0.121317
SLC39A4_144413124	0.0308586
SLC45A4_141220537	0.114831
SLC7A2_17558504	0.0402725
SLC7A2_17559725	0.0402725
SLC7A2_17561687	0.0178277
SLCO5A1_69678411	0.0430118
SLCO5A1_69756916	0.0430536
SNTB1_120539622	0.0512106
SNTB1_120548538	0.0297172
SNTB1_120605080	0.0598396
SNTG1_50397553	0.0157749
SNTG1_50657687	0.0305747
SNX16_81822068	0.0464721
SNX16_81824925	0.0666768
SNX31_100607058	0.0498648
SNX31_100607229	0.0498648
SNX31_100611337	0.0240338
SORBS3_22552571	0.0633392
SORBS3_22572193	0.0314266
SOX7_10727251	0.0190572
SPAG1_100215486	0.0504327
SPAG1_100220251	0.0504327
SPATC1_144044986	0.0444685
SPIDR_47289657	0.0949725
SPIDR_47431123	0.0730275
SPIDR_47727902	0.0311123
SPIDR_47731428	0.0345514
SQLE_125010847	0.0771049
SQLE_125015401	0.153497
ST18_52117171	0.0221001
ST18_52126292	0.0336564
ST18_52129710	0.0336564
ST18_52132203	0.0223364
STAU2_73522959	0.141518
STAU2_73742405	0.103805
STC1_23853736	0.557878
STK3_98643459	0.146119
STK3_98643463	0.146119
STMN4_27240261	0.0177104
STMN4_27242047	0.0716808
SULF1_69623872	0.0284691
SULF1_69625682	0.0675313
TACC1_38832699	0.0417279
TACC1_38838207	0.0276829
TAF2_119796666	0.0242084
TATDN1_124492395	0.0455855
TATDN1_124496879	0.0570706
TATDN1_124508983	0.041293
TATDN1_124514732	0.041293
TATDN1_124514736	0.041293
TATDN1_124519144	0.0230349
TBC1D31_123145283	0.05324
TEX15_30866412	0.113191
TEX15_30867580	0.0663722
TEX15_30869394	0.0663722
TGS1_55783960	0.0241545
TG_132872679	0.0357853
TG_132898117	0.0342304
TG_132907373	0.0290156
TG_132907405	0.0290156
TG_133013051	0.0277379
TG_133014835	0.0107742
TG_133018743	0.00983229
THAP1_42842110	0.036687
TMEM55A_91019432	0.0939136
TMEM65_124328556	0.126775
TMEM67_93755494	0.114133
TMEM67_93802275	0.0523576
TMEM70_73978633	0.0387752
TMEM74_108785968	0.157409
TMEM74_108786721	0.157409
TNFRSF10A_23192923	0.128725
TNFRSF10B_23024763	0.02425
TNFRSF10B_23025675	0.02425
TNFRSF10C_23105865	0.0424995
TNFRSF10D_23156338	0.018855
TNKS_9734780	0.0611761
TNKS_9747859	0.0593509
TNKS_9750673	0.0232317
TNKS_9770983	0.0336808
TONSL_144434934	0.0559921
TOP1MT_143309588	0.0269065
TOP1MT_143316938	0.0127751
TOP1MT_143324419	0.0295175
TOP1MT_143333744	0.0148324
TOX_58808462	0.213879
TPD52_80039350	0.0283939
TPD52_80042149	0.0283939
TRAPPC9_140280909	0.0154088
TRAPPC9_140437694	0.0367305
TRAPPC9_140437791	0.0367305
TRAPPC9_140453474	0.0346262
TRAPPC9_140455208	0.0346262
TRIM35_27289575	0.0387349
TRIM35_27296048	0.0228774
TRIM35_27296408	0.0228774
TRIQK_92899924	0.124438
TRPA1_72028050	0.0219472
TRPA1_72034409	0.0250497
TRPA1_72050999	0.0329554
TRPA1_72068250	0.0332823
TRPA1_72074714	0.0158898
TSNARE1_142244746	0.0323019
TSNARE1_142314731	0.017863
TSNARE1_142332026	0.0444199
TSNARE1_142347917	0.0278727
TSNARE1_142350561	0.0278727
TSNARE1_142352148	0.0278727
TSTA3_143614971	0.0139109
UBE2V2_48049212	0.103122
UBR5_102261575	0.076716
UBR5_102285857	0.0403304
UBR5_102290857	0.0398429
UBR5_102304475	0.0532798
UBR5_102324439	0.0381902
UBR5_102329591	0.0548323
UBXN2B_58444387	0.017345
UBXN8_30763457	0.0542028
UNC5D_35724102	0.133619
UNC5D_35726150	0.133619
UNC5D_35730541	0.117289
VDAC3_42402303	0.0504587
VPS13B_99139333	0.0927962
VPS13B_99274792	0.23367
VPS13B_99779480	0.404936
VPS13B_99856389	0.149928
VPS13B_99857551	0.149928
VPS13B_99863712	0.10517
VPS13B_99870783	0.288454
VPS13B_99875122	0.233035
VPS37A_17277623	0.0546287
VPS37A_17280691	0.0567488
VPS37A_17293301	0.0915158
WASHC5_125045620	0.0162456
WASHC5_125046998	0.0162456
WASHC5_125068998	0.0482722
WASHC5_125074475	0.0582451
WASHC5_125081913	0.0447536
WASHC5_125085792	0.0359946
WDYHV1_123434248	0.0334722
WDYHV1_123439650	0.0411818
WRN_31119469	0.0594429
WRN_31122359	0.0690312
WRN_31137723	0.0803955
WWP1_86375128	0.0554091
WWP1_86438546	0.0749306
WWP1_86459312	0.0316836
WWP1_86459564	0.0316836
XKR5_6823785	0.0081325
XKR5_6826912	0.0108307
XKR9_70672147	0.0771766
XPO7_21972048	0.137534
XPO7_21986895	0.0750386
YTHDF3_63170809	0.197401
ZC3H3_143439876	0.20452
ZC3H3_143439986	0.20452
ZC3H3_143466138	0.205961
ZC3H3_143474958	0.0189706
ZC3H3_143517693	0.0738878
ZC3H3_143524702	0.0738878
ZC3H3_143528317	0.0738878
ZC3H3_143540830	0.0293922
ZFAT_134587741	0.0180851
ZFAT_134588482	0.00953045
ZFP41_143255121	0.0460679
ZHX2_122802441	0.0729809
ZHX2_122825766	0.0729809
ZNF250_144896455	0.045433
ZNF395_28349341	0.0201509
ZNF395_28356408	0.039709
ZNF704_80669257	0.0358459
ZNF704_80690863	0.0709722
ZNF7_144831216	0.0235593
ABCA1_104861049	0.10921
ABL1_130855560	0.044336
ABL1_130869444	0.0267684
ABL1_130875706	0.0532927
ABL1_130878326	0.0532927
ABL1_130878339	0.0532927
ABL1_130879751	0.015024
ABL1_130881645	0.0462673
ABO_133260810	0.0263494
ABO_133262203	0.121213
ACER2_19450354	0.0321501
ADAMTS13_133427120	0.0399502
ADAMTS13_133439649	0.0106031
ADAMTS13_133440780	0.0244709
ADAMTS13_133448471	0.0259298
ADAMTSL1_18683467	0.120586
ADAMTSL2_133532684	0.102681
ADAMTSL2_133543187	0.0110813
ADAMTSL2_133544293	0.0110813
ADAMTSL2_133547280	0.00958057
ADAMTSL2_133550723	0.00958057
ADAMTSL2_133557704	0.0576778
ADAMTSL2_133563134	0.0202966
ADAMTSL2_133563432	0.0202966
ADAMTSL2_133563540	0.0202966
ADAMTSL2_133571941	0.0148105
ADGRD2_124452995	0.0606699
ADGRD2_124469944	0.0167008
ADGRD2_124475194	0.0172946
ADGRD2_124475809	0.0194157
ADGRD2_124476087	0.0194157
AGPAT2_136674207	0.0114015
AGPAT2_136675802	0.0124384
AGPAT2_136677740	0.00988876
AGTPBP1_85681650	0.0665991
AIF1L_131097033	0.0726123
AIF1L_131113117	0.111088
AIF1L_131114322	0.111088
AIF1L_131118045	0.0318795
AK1_127869818	0.0225692
AK3_4718255	0.0442899
AK3_4719441	0.0880247
AK3_4722152	0.0880247
AK8_132855134	0.0400993
AK8_132863459	0.0400993
AKNA_114348259	0.0241072
AKNA_114349196	0.0241072
AKNA_114349835	0.0241072
AKNA_114352059	0.0839925
AKNA_114352471	0.0839925
AKNA_114353862	0.0839925
AKNA_114360128	0.0197288
AKNA_114360489	0.0197288
AKNA_114368040	0.0277206
AKNA_114368648	0.046773
AKNA_114374748	0.0133708
AKNA_114375083	0.0133708
ALAD_113391623	0.0487515
ALDH1A1_72912459	0.0142203
ALDH1A1_72915752	0.0142203
ALDH1A1_72931226	0.0636778
ANAPC2_137181230	0.0176684
ANGPTL2_127092199	0.021909
ANKRD18A_38579990	0.043533
ANKRD18A_38594860	0.021672
ANKRD18A_38597544	0.0951333
ANKS6_98736817	0.0640577
ANKS6_98753325	0.02318
ANKS6_98772155	0.0144834
ANP32B_98007701	0.11717
ANP32B_98011614	0.0260776
APBA1_69454336	0.0147747
APBA1_69454649	0.0147747
APBA1_69456040	0.0147747
AQP3_33445838	0.106332
ARHGEF39_35663392	0.0556211
ARID3C_34624713	0.270309
ARPC5L_124870113	0.148198
ARRDC1_137606369	0.0210228
ARRDC1_137606679	0.0210228
ASPN_92475568	0.0769825
ASS1_130486858	0.125987
ASS1_130490136	0.0652186
ASS1_130497363	0.155184
AUH_91356888	0.029187
AUH_91357679	0.029187
B4GALT1_33143584	0.076601
BAG1_33255384	0.0456187
BICD2_92726866	0.0119056
BICD2_92742267	0.0536795
BICD2_92744425	0.0536795
BRD3_134035285	0.0103852
BRD3_134039332	0.031952
BRD3_134049831	0.0883241
BRINP1_119212741	0.0444422
BRINP1_119239895	0.0909181
BRINP1_119241721	0.0909181
BRINP1_119245771	0.0742499
BSPRY_113361094	0.0638357
C5_120977010	0.0475379
C5_120979112	0.0475379
C5_120980374	0.0418011
C5_120988198	0.0782383
C5_120990957	0.0339624
C5_121014255	0.0811383
C5_121039527	0.0369313
C9orf152_110204279	0.0274129
C9orf24_34380336	0.0235423
C9orf40_74948593	0.0353121
C9orf40_74951128	0.0353121
C9orf43_113419505	0.0972612
C9orf43_113427850	0.0658046
C9orf84_111722230	0.107883
CACFD1_133461247	0.0256807
CACFD1_133467313	0.0147303
CACNA1B_137879291	0.00912695
CACNA1B_137879963	0.00912695
CACNA1B_137880200	0.00912695
CACNA1B_137880215	0.00912695
CACNA1B_137881367	0.00912695
CACNA1B_137975716	0.00748493
CACNA1B_138011878	0.0134697
CACNA1B_138044109	0.00677855
CACNA1B_138057672	0.0176545
CACNA1B_138058520	0.0350912
CACNA1B_138102480	0.0781184
CACNA1B_138106021	0.0645882
CACNA1B_138112954	0.0384631
CACNA1B_138117888	0.0106721
CACNA1B_138119760	0.0142758
CAMSAP1_135823706	0.015463
CARD19_93108368	0.0231061
CARD9_136367040	0.0355243
CARD9_136367045	0.0355243
CARD9_136369154	0.0162041
CCDC171_15659071	0.10271
CCDC171_15660683	0.10271
CCDC171_15722758	0.556439
CCDC171_15728842	0.360614
CCDC180_97310841	0.0235255
CCDC180_97320071	0.0426831
CCDC180_97321819	0.0258226
CCDC180_97350122	0.0379678
CCDC180_97370181	0.0749355
CDC14B_96538599	0.0263914
CDC37L1_4699343	0.0677708
CDC37L1_4700808	0.0677708
CDC37L1_4703941	0.0666391
CDK20_87972615	0.0220317
CDK5RAP2_120400634	0.0867301
CDK9_127789086	0.024668
CEL_133068990	0.0624162
CENPP_92611718	0.00907706
CENPP_92612850	0.0253045
CEP78_78236728	0.0369924
CEP78_78252297	0.0710286
CEP78_78265685	0.181399
CERCAM_128426900	0.0577695
CFAP157_127710434	0.0380551
CFAP77_132499260	0.0207435
CHMP5_33267761	0.0810058
CHMP5_33276778	0.039
CHMP5_33279050	0.0806516
CIZ1_128183462	0.0606672
CIZ1_128185776	0.0541644
CIZ1_128190516	0.0416584
CKS2_89314941	0.0132732
CLTA_36202551	0.0365872
CNTFR_34552404	0.109956
CNTLN_17333953	0.0738536
CNTRL_121121614	0.117496
CNTRL_121125289	0.0834157
CNTRL_121138270	0.0439957
CNTRL_121168452	0.0340628
COL15A1_98997877	0.0267498
COL15A1_99004408	0.0185901
COL15A1_99015864	0.0242616
COL15A1_99015939	0.0242616
COL15A1_99037796	0.0752453
COL15A1_99055698	0.0348963
COL27A1_114169821	0.130179
COL27A1_114177248	0.130179
COL27A1_114208373	0.0788099
COL27A1_114215870	0.0474801
COL27A1_114222929	0.0499288
COL27A1_114223453	0.0499288
COL27A1_114234294	0.0656592
COL27A1_114236006	0.0463321
COL27A1_114240137	0.0497129
COL27A1_114269749	0.0333545
COL5A1_134756551	0.00786505
COL5A1_134757190	0.00756812
COL5A1_134766647	0.0242994
COL5A1_134768360	0.0106976
COL5A1_134768819	0.0291466
COL5A1_134779602	0.0187957
COL5A1_134784536	0.00844885
COL5A1_134788998	0.0221571
COL5A1_134789010	0.0221571
COL5A1_134789400	0.0313298
COL5A1_134791898	0.0313298
COL5A1_134801313	0.0345186
COL5A1_134802486	0.0119557
COL5A1_134806097	0.0310955
COL5A1_134806901	0.0161188
COL5A1_134814701	0.0165789
COQ4_128323885	0.0468571
CORO2A_98125230	0.0464303
CORO2A_98130553	0.0289483
CORO2A_98132420	0.0240476
CRB2_123363249	0.050978
CRB2_123364426	0.050978
CRB2_123376223	0.0453434
CTNNAL1_108956188	0.0793599
CTNNAL1_108972401	0.0551794
CTNNAL1_108978378	0.0870856
CTNNAL1_108991870	0.221083
CTNNAL1_108996462	0.0568875
DAB2IP_121693992	0.079213
DAB2IP_121757441	0.0299607
DAB2IP_121759348	0.0196306
DAB2IP_121759679	0.0196306
DAPK1_87646924	0.0299423
DAPK1_87656231	0.0224818
DAPK1_87684738	0.0116206
DAPK1_87702994	0.00974167
DBH_133640642	0.011542
DBH_133641360	0.011542
DBH_133642099	0.011542
DBH_133648738	0.00735736
DBH_133656872	0.0152434
DCAF12_34094999	0.0539158
DCAF12_34096455	0.0539158
DCAF12_34106663	0.0658495
DDX31_132642243	0.0756147
DDX31_132644464	0.0756147
DDX31_132660966	0.0232228
DENND1A_123454002	0.184966
DENND4C_19299579	0.082901
DENND4C_19323982	0.079894
DENND4C_19353076	0.0653997
DENND4C_19368496	0.117031
DNAI1_34490933	0.0459513
DNAI1_34492969	0.0939896
DNAI1_34497914	0.257843
DNAI1_34518801	0.166881
DNAI1_34520177	0.166881
DNAJA1_33038315	0.0485526
DNLZ_136362509	0.0163391
DNM1_128236220	0.0498349
DOCK8_306998	0.0700505
DOCK8_307851	0.0700505
DOCK8_333172	0.0340137
DOCK8_336424	0.0612435
DOCK8_377555	0.0356889
DOCK8_382457	0.160156
DOCK8_424387	0.0371171
DOCK8_438991	0.0557285
DOCK8_463437	0.0340094
DOLPP1_129084883	0.0661575
DOLPP1_129085423	0.142422
ECM2_92503310	0.0498378
ECM2_92510273	0.0175304
ECM2_92512888	0.0290611
ECM2_92513184	0.0290611
ECM2_92513422	0.0290611
EHMT1_137744866	0.0147975
EHMT1_137782804	0.0195755
EHMT1_137798774	0.0415717
ENG_127826024	0.0243852
ENTPD2_137053710	0.0149817
ENTPD8_137435566	0.100377
EPB41L4B_109178690	0.0599353
EPB41L4B_109214098	0.0347386
EPB41L4B_109214102	0.0347386
EPB41L4B_109250274	0.0853238
EQTN_27291255	0.104724
ERCC6L2_95927967	0.153835
ERP44_100016615	0.0772025
ERP44_100031205	0.172258
ERP44_100054036	0.126429
EXD3_137353224	0.0290851
EXD3_137355215	0.0100669
EXD3_137355984	0.0100669
EXD3_137372250	0.0940484
EXD3_137408859	0.0460993
FAM166A_137245997	0.00674031
FAM166A_137247351	0.00674031
FAM189A2_69391451	0.0267381
FAM206A_108935061	0.0234757
FAM206A_108938073	0.0455181
FAM206A_108939020	0.0455181
FAM219A_34403853	0.108328
FAM69B_136714428	0.0146898
FANCC_95135707	0.0656367
FANCC_95243449	0.0542522
FANCC_95247709	0.210612
FANCC_95297156	0.140298
FBP1_94616188	0.0661814
FBP2_94587469	0.0326841
FBP2_94587653	0.0326841
FBP2_94588753	0.0326841
FBP2_94590140	0.0326841
FBXO10_37524012	0.0421921
FCN2_134882168	0.0117887
FCN2_134882317	0.0117887
FCN2_134887097	0.0116053
FGD3_93008646	0.0268723
FGD3_93013574	0.0392078
FGD3_93018599	0.044717
FGD3_93021010	0.0222198
FGD3_93026987	0.0187648
FIBCD1_130924074	0.0405871
FKBP15_113174663	0.0671536
FKBP15_113182320	0.0467215
FKBP15_113202846	0.0638671
FOCAD_20680121	0.097656
FOCAD_20757997	0.143169
FOCAD_20758001	0.143169
FOCAD_20865108	0.0490352
FOCAD_20865404	0.0490352
FOCAD_20910443	0.0568362
FOCAD_20911315	0.0568362
FOCAD_20979819	0.04552
FREM1_14737790	0.0871825
FREM1_14782149	0.163808
FREM1_14788074	0.021201
FREM1_14812453	0.0695553
FREM1_14820847	0.0722324
FREM1_14822959	0.0722324
FREM1_14843603	0.0410694
FREM1_14845696	0.0410694
FREM1_14847179	0.0642336
FREM1_14847937	0.0642336
FRMD3_83299298	0.037357
FRMPD1_37724677	0.0393793
FRMPD1_37730107	0.0335035
FRMPD1_37730762	0.0335035
FRMPD1_37734160	0.0437514
FRMPD1_37737976	0.0352029
FSD1L_105535433	0.0783086
FUBP3_130609876	0.0790484
FUBP3_130615876	0.246508
FUBP3_130626722	0.112652
GABBR2_98386952	0.0302444
GABBR2_98390642	0.0670901
GABBR2_98392504	0.0670901
GABBR2_98485931	0.0576673
GALNT12_98826596	0.0163464
GALNT12_98826601	0.0163464
GALNT12_98834397	0.0221267
GAPVD1_125334717	0.113756
GARNL3_127344550	0.0338485
GARNL3_127348767	0.0494684
GARNL3_127351374	0.0435553
GBGT1_133161595	0.049911
GDA_72219188	0.0545958
GDA_72244970	0.0845461
GDA_72246510	0.0615346
GFI1B_132987743	0.0158906
GKAP1_83750805	0.0495218
GLDC_6535384	0.0363373
GLDC_6606414	0.0246512
GLDC_6606854	0.0568677
GLIPR2_36147610	0.0464067
GLIPR2_36150375	0.0412913
GLT6D1_135626473	0.0712749
GNA14_77429740	0.0313428
GNE_36218564	0.0326717
GNE_36218791	0.0326717
GNE_36219195	0.0326717
GNE_36226753	0.0615378
GNE_36229384	0.071223
GOLGA1_124884044	0.0308496
GOLGA1_124919303	0.0703022
GOLM1_86089919	0.0688746
GPR107_130076168	0.0215619
GPR107_130078355	0.0263752
GPR107_130088329	0.0442773
GPR107_130118184	0.0418009
GPR107_130127350	0.032471
GPSM1_136330969	0.0272557
GPSM1_136357113	0.012285
GRHPR_37425658	0.0369249
GRHPR_37425662	0.0369249
GRIN3A_101627572	0.160127
GSN_121320842	0.0365124
GTF3C4_132671184	0.0371269
GTF3C4_132682746	0.0312469
GTF3C4_132683257	0.0312469
GTF3C4_132684660	0.0310395
HABP4_96464567	0.0530561
HABP4_96466806	0.0544868
HABP4_96467048	0.0544868
HACD4_21010724	0.0913312
HACD4_21029822	0.0497971
HAUS6_19063806	0.0769632
HAUS6_19075831	0.0651013
HAUS6_19088066	0.0353424
HAUS6_19093074	0.0399358
HMCN2_130296534	0.03703
HMCN2_130307352	0.0157198
HMCN2_130326821	0.017817
HMCN2_130348761	0.0371234
HMCN2_130355985	0.0400472
HMCN2_130359643	0.0181155
HMCN2_130367063	0.0393522
HMCN2_130367069	0.0393522
HMCN2_130384284	0.0272915
HMCN2_130387729	0.0251285
HMCN2_130388178	0.0251285
HMCN2_130391754	0.0226556
HMCN2_130415146	0.0697055
HMCN2_130415332	0.0697055
HMCN2_130422270	0.0457165
HMCN2_130431892	0.01419
IARS_92245374	0.0271137
IARS_92283360	0.0513453
IFT74_27018415	0.0713559
IKBKAP_108873430	0.0897526
IKBKAP_108890755	0.0419713
IKBKAP_108891514	0.0147963
INIP_112689831	0.079419
INPP5E_136433102	0.090519
INPP5E_136434467	0.0109669
INVS_100296517	0.0421893
IPPK_92637190	0.0211913
IPPK_92641006	0.0180213
IPPK_92641010	0.0180213
IPPK_92641843	0.0180213
IPPK_92641871	0.0180213
IPPK_92653235	0.0109751
IPPK_92655215	0.0109751
IPPK_92655361	0.0109751
IPPK_92664051	0.0179332
ISCA1_86271163	0.122723
ISCA1_86281305	0.0377414
JAK2_5050412	0.103479
JAK2_5053037	0.0743586
JAK2_5056605	0.14346
JAK2_5125164	0.148325
KCNT1_135750603	0.0218168
KCNT1_135755240	0.0496318
KCNT1_135762013	0.0376217
KCNT1_135769881	0.0301982
KCNT1_135773850	0.0677568
KCNT1_135775308	0.0677568
KCNT1_135775988	0.0101119
KDM4C_6811295	0.0588821
KDM4C_6820382	0.11239
KIAA0368_111375463	0.0633912
KIAA0368_111378020	0.0401703
KIAA0368_111391467	0.0250949
KIAA0368_111394971	0.0358759
KIAA0368_111410249	0.0508773
KIAA0368_111420184	0.0397517
KIAA0368_111444120	0.0568556
KIAA0368_111448986	0.0514003
KIAA2026_5926906	0.0791465
KIAA2026_5928772	0.0791465
KIAA2026_5933441	0.115591
KIAA2026_5945283	0.100123
KIF12_114092050	0.0140512
KIF24_34254756	0.0536025
KIF24_34255629	0.0556397
KIF24_34258164	0.0428228
KIF24_34258679	0.0428228
KIF24_34259877	0.0757323
KIF24_34260094	0.0757323
KIF24_34263229	0.144182
KIF24_34288378	0.101758
KIF24_34304223	0.137689
KIF24_34308819	0.113899
KIF27_83851811	0.0935182
KIF27_83886913	0.117015
KIF27_83896831	0.0951353
KYAT1_128840449	0.0492664
KYAT1_128842399	0.0492664
LAMC3_131029575	0.0384112
LCN6_136746720	0.00394433
LHX2_124013286	0.111297
LHX2_124013695	0.111297
LHX6_122209831	0.0524424
LHX6_122209908	0.0524424
LHX6_122213303	0.0524424
LHX6_122218350	0.0521921
LHX6_122224650	0.0521921
LHX6_122226177	0.0521921
LMX1B_126692616	0.0126097
LMX1B_126692964	0.0126097
LMX1B_126695650	0.0176392
LRRC8A_128913401	0.0310731
LRSAM1_127462023	0.019834
LRSAM1_127467388	0.039166
LRSAM1_127467589	0.039166
LRSAM1_127473394	0.0353509
MAMDC2_70112736	0.032431
MAMDC2_70129392	0.0446369
MAMDC2_70141059	0.0400842
MAMDC4_136857133	0.0613252
MAN1B1_137096810	0.00893315
MAPKAP1_125440381	0.141843
MAPKAP1_125442997	0.141843
MAPKAP1_125444339	0.141843
MED27_132019688	0.115106
MEGF9_120608868	0.0413872
MELK_36657089	0.0677414
MFSD14B_94444895	0.0372539
MIGA2_129041477	0.0294141
MIGA2_129050436	0.072432
MIGA2_129060117	0.0252426
MIGA2_129066282	0.0326989
MIGA2_129070179	0.0365801
MLANA_5906691	0.13997
MLANA_5906695	0.13997
MLANA_5906767	0.13997
MLLT3_20364132	0.343152
MLLT3_20455654	0.047363
MORN5_122161425	0.0680609
MORN5_122166534	0.0680609
MORN5_122167494	0.0540238
MORN5_122169440	0.0540238
MORN5_122171693	0.0296698
MPDZ_13118432	0.034624
MPDZ_13128979	0.0215188
MPDZ_13192782	0.0322342
MPDZ_13203456	0.10522
MPDZ_13219104	0.236354
MPDZ_13219203	0.236354
MPDZ_13248484	0.0206041
MRPL50_101392574	0.143157
MRPS2_135502957	0.00424043
MURC_100585614	0.0637349
MVB12B_126381639	0.216554
MVB12B_126398233	0.134335
MVB12B_126416947	0.134335
NAA35_86021737	0.0451654
NCBP1_97658569	0.0415121
NCBP1_97666483	0.0433571
NCBP1_97668690	0.0326402
NCS1_130226149	0.0397121
NDOR1_137207823	0.0254005
NDOR1_137215330	0.0433235
NDOR1_137215358	0.0433235
NDUFA8_122156113	0.0428702
NDUFA8_122159283	0.0428702
NELFB_137259257	0.0232914
NFIB_14150437	0.178158
NFIB_14273498	0.197488
NFX1_33291352	0.0736065
NFX1_33306740	0.0640008
NFX1_33312216	0.0440792
NFX1_33367336	0.0414014
NINJ1_93128331	0.0233357
NINJ1_93129640	0.0233357
NIPSNAP3A_104756861	0.0422135
NOTCH1_136503903	0.0116058
NOTCH1_136513313	0.0316848
NOTCH1_136530754	0.0522005
NOTCH1_136544755	0.10833
NPR2_35802433	0.103479
NR5A1_124494137	0.0912718
NR5A1_124494377	0.0912718
NR5A1_124495120	0.0912718
NR5A1_124501919	0.0476022
NR6A1_124525774	0.141904
NSMF_137455445	0.0954107
NSMF_137456674	0.0223783
NTNG2_132231567	0.0710052
NTNG2_132239022	0.0710052
NTRK2_84710464	0.135277
NUP188_128958265	0.0805582
NUP188_128958766	0.0805582
NUP188_128975571	0.0709007
NUP188_128977419	0.0709007
NUP214_131149400	0.0221939
NUP214_131153868	0.0906405
NUP214_131154095	0.0906405
NUP214_131155033	0.0906405
NUP214_131196554	0.0513592
NUP214_131228487	0.0351118
NXNL2_88535876	0.0225526
NXNL2_88536062	0.0225526
OLFM1_135096689	0.31659
PAEP_135563212	0.00485111
PALM2_109929160	0.0500839
PALM2_109930900	0.0500839
PAPPA_116208056	0.146795
PAPPA_116231923	0.110977
PAPPA_116333207	0.189322
PAPPA_116347579	0.0488877
PAPPA_116347857	0.0488877
PAPPA_116353012	0.0247092
PAPPA_116357523	0.0904654
PAPPA_116365370	0.0534606
PAX5_36842079	0.0640798
PAX5_36842560	0.0640798
PBX3_125933382	0.140819
PBX3_125944439	0.197901
PCSK5_76026832	0.0888961
PCSK5_76173352	0.0380507
PCSK5_76180722	0.0183449
PCSK5_76191748	0.126089
PDCL_122815195	0.079
PGM5_68388610	0.0702142
PGM5_68480261	0.0864259
PHF19_120859950	0.0202823
PHF19_120866188	0.029185
PHF19_120866719	0.029185
PHF19_120875685	0.173311
PHF24_34971747	0.0717578
PHF2_93608121	0.0306651
PHF2_93633712	0.00749709
PHF2_93636187	0.00749709
PHF2_93636222	0.00749709
PHF2_93636282	0.00749709
PHF2_93637157	0.0440774
PHF2_93641412	0.0440774
PHF2_93651532	0.0218452
PHF2_93659452	0.0121538
PHF2_93662613	0.0149906
PHF2_93671023	0.0375392
PHYHD1_128931507	0.0722017
PHYHD1_128938092	0.0262371
PHYHD1_128940145	0.0262371
PHYHD1_128940298	0.0262371
PIGO_35094487	0.0542806
PIP5K1B_68891784	0.0399406
PIP5K1B_68920069	0.0337416
PKN3_128704128	0.0669132
PKN3_128712908	0.0576727
PKN3_128717423	0.0440635
PLAA_26910130	0.0371531
PLGRKT_5361269	0.123672
PMPCA_136411465	0.00965394
PMPCA_136418751	0.038539
PNPLA7_137486511	0.0169836
PNPLA7_137493853	0.00955897
PNPLA7_137499795	0.00868753
PNPLA7_137499827	0.00868753
PNPLA7_137546274	0.0391536
POLR1E_37492242	0.201594
POLR1E_37493447	0.0384591
POLR1E_37502106	0.0335092
POMT1_131519864	0.0177268
PPP1R26_135484288	0.0115055
PPP6C_125152249	0.348247
PPP6C_125160369	0.0838369
PRDM12_130679990	0.0703149
PRPF4_113288093	0.113724
PRPF4_113288110	0.113724
PRRC2B_131397327	0.0495133
PRRC2B_131434409	0.015309
PRRC2B_131436894	0.0141337
PRRC2B_131437124	0.0141337
PRRC2B_131444111	0.0185731
PRRC2B_131452443	0.0847947
PRRC2B_131484026	0.00919194
PRRC2B_131493037	0.0397094
PRRC2B_131494747	0.189875
PRUNE2_76653764	0.0476316
PSAT1_78297454	0.0427475
PSAT1_78298396	0.0427475
PSAT1_78301663	0.0459667
PSAT1_78316679	0.023093
PSAT1_78316955	0.023093
PSIP1_15507152	0.0536671
PTAR1_69724548	0.0495122
PTCH1_95454423	0.018864
PTCH1_95459298	0.446118
PTCH1_95479238	0.216188
PTCH1_95486069	0.168315
PTGES_129740682	0.0208832
PTGES_129748999	0.016202
PTGES_129751791	0.016202
PTGR1_111575082	0.129137
PTGR1_111578369	0.0615937
PTGS1_122384795	0.0714138
PTPA_129137360	0.128136
PTPN3_109384300	0.0286078
PTPN3_109391222	0.668133
PTPN3_109440077	0.0352461
PTPN3_109446506	0.0400213
PTPN3_109446857	0.0400213
PTPN3_109463519	0.0838993
PTRH1_127717909	0.0364204
PTRH1_127722582	0.0331564
PTRH1_127723644	0.0222863
PUM3_2830020	0.0259151
QRFP_130893898	0.0518617
QSOX2_136209618	0.0742631
QSOX2_136216796	0.054998
QSOX2_136216985	0.054998
RAB14_121186186	0.0610101
RABGAP1_122996738	0.0595896
RABGAP1_123098336	0.0174039
RABGAP1_123100096	0.0641027
RABL6_136823905	0.017176
RAD23B_107321731	0.0605752
RALGDS_133118720	0.043034
RALGDS_133120289	0.043034
RALGPS1_127171577	0.0536368
RALGPS1_127196017	0.0896807
RAPGEF1_131583929	0.01087
RAPGEF1_131583973	0.01087
RAPGEF1_131586709	0.0503539
RAPGEF1_131589413	0.0252759
RAPGEF1_131590460	0.0243491
RAPGEF1_131593866	0.0128843
RAPGEF1_131596559	0.0130033
RAPGEF1_131607060	0.0618483
RAPGEF1_131628316	0.0418119
RAPGEF1_131628715	0.0495128
RAPGEF1_131634825	0.0317718
RAPGEF1_131638007	0.0317718
RASEF_82997847	0.0181809
RASEF_83001158	0.0509076
RASEF_83008478	0.0364501
RBM18_122245846	0.267888
RBM18_122246206	0.267888
RC3H2_122855597	0.172365
RC3H2_122858604	0.222617
RC3H2_122880891	0.0993288
RC3H2_122888615	0.0702405
RC3H2_122889681	0.0702405
RCL1_4829846	0.0425394
RCL1_4832914	0.0425394
RCL1_4842359	0.0456258
RCL1_4842997	0.0456258
RCL1_4845914	0.0384382
RECK_36059875	0.106929
RECK_36090959	0.124116
RECK_36108610	0.04338
RECK_36117765	0.0380589
RECK_36121507	0.0397789
RGS3_113482564	0.0862516
RGS3_113484795	0.164148
RGS3_113496519	0.0366428
RGS3_113500043	0.113146
RGS3_113506139	0.158237
RGS3_113506159	0.158237
RGS3_113560729	0.0865919
RGS3_113588314	0.0703049
RGS3_113589295	0.207931
RGS3_113589579	0.207931
RIC1_5745443	0.0851368
RIC1_5745693	0.0851368
RNF38_36345771	0.0844524
RORB_74667391	0.119585
RP11-121A14.3_124263499	0.0431499
RP11-31F19.1_547848	0.0209756
RP11-390F4.3_6722155	0.210826
RP11-390F4.3_6722789	0.210826
RP11-390F4.3_6723433	0.210826
RP11-569G13.2_96097947	0.0642029
RP11-569G13.2_96099336	0.0251268
RP11-98L5.5_135615009	0.0012087
RP11-98L5.5_135615630	0.000501838
RUSC2_35557659	0.0256935
RUSC2_35557808	0.0256935
RXRA_134406944	0.0158307
RXRA_134407491	0.0158307
RXRA_134410491	0.0118557
RXRA_134413451	0.0118557
RXRA_134416248	0.0118557
RXRA_134417055	0.0118557
RXRA_134417705	0.00467364
RXRA_134418733	0.00467364
RXRA_134420381	0.00467364
RXRA_134423713	0.00941674
RXRA_134425918	0.00941674
RXRA_134430398	0.00954692
RXRA_134433456	0.00414537
SAPCD2_137065741	0.0124755
SAPCD2_137066404	0.0115883
SARDH_133687909	0.0118983
SARDH_133690886	0.0110853
SARDH_133692475	0.0110853
SARDH_133695809	0.012631
SARDH_133701403	0.00926289
SARDH_133707854	0.0229072
SARDH_133710354	0.00965704
SARDH_133711348	0.00965704
SARDH_133716680	0.00985789
SARDH_133734784	0.0393944
SCAI_124975580	0.141949
SDCCAG3_136403655	0.0310086
SEC16A_136472217	0.00620599
SEC16A_136472221	0.00620599
SEC61B_99228800	0.108967
SECISBP2_89328523	0.0447253
SECISBP2_89345485	0.0574578
SECISBP2_89355193	0.0136516
SECISBP2_89358309	0.0170265
SEMA4D_89382218	0.0043004
SEMA4D_89385720	0.0043004
SETX_132295628	0.0399805
SETX_132341044	0.0448897
SETX_132342963	0.0393542
SETX_132344289	0.0393542
SETX_132348285	0.0463881
SETX_132351351	0.0185134
SETX_132353228	0.0185134
SH3GL2_17788646	0.0271912
SH3GLB2_129009956	0.0489879
SH3GLB2_129018608	0.114114
SHB_37952098	0.0502257
SLC1A1_4571804	0.0624964
SLC1A1_4582996	0.0519646
SLC1A1_4584067	0.0402609
SLC25A25_128092731	0.172484
SLC25A25_128104216	0.0394124
SLC25A51_37900339	0.0504137
SLC27A4_128348151	0.0428578
SLC27A4_128348338	0.0428578
SLC28A3_84291811	0.127824
SLC28A3_84294114	0.0247317
SLC28A3_84310700	0.0287423
SLC28A3_84313654	0.0502782
SLC2A6_133475239	0.0217448
SLC31A1_113259996	0.0729077
SLC31A2_113158489	0.109981
SLC34A3_137233579	0.0367895
SLC35D2_96367094	0.0673005
SLC44A1_105348108	0.103926
SLC44A1_105357254	0.304991
SLC44A1_105363606	0.0520653
SMC2_104098206	0.025284
SMC2_104099934	0.0756488
SMC2_104104939	0.122724
SMC2_104118060	0.0329654
SMC5_70261805	0.0477042
SMC5_70263171	0.0477042
SMC5_70349371	0.0803947
SMU1_33052596	0.073588
SMU1_33060728	0.101929
SMU1_33071420	0.140909
SMU1_33074887	0.0495965
SNAPC3_15444400	0.149437
SNAPC3_15451070	0.0346091
SNAPC4_136390058	0.0112101
SNAPC4_136397109	0.00968706
SNX30_112757902	0.0567264
SNX30_112791531	0.0567264
SNX30_112838372	0.0321925
SOHLH1_135695356	0.00066543
SOHLH1_135695369	0.00066543
SPIN1_88428223	0.0412078
SPTLC1_92046596	0.0231995
SPTLC1_92075123	0.142638
ST6GALNAC4_127908650	0.0236991
ST6GALNAC4_127910780	0.0242214
ST6GALNAC4_127914998	0.053325
STKLD1_133378837	0.0489923
STKLD1_133387383	0.00980228
STRBP_123133141	0.0763838
STRBP_123139859	0.0804388
STRBP_123166951	0.1655
STRBP_123167711	0.1655
STRBP_123173094	0.112626
STRBP_123218588	0.124702
STX17_99963554	0.116904
STXBP1_127667989	0.031
STXBP1_127671368	0.0360311
STXBP1_127675787	0.0466904
STXBP1_127678635	0.0303984
STXBP1_127689906	0.0994686
SURF1_133354405	0.0148649
SURF2_133356912	0.0256708
SURF2_133358856	0.00592037
SURF2_133360592	0.0172238
SURF4_133370875	0.0400065
SURF6_133334670	0.00977383
SUSD3_93078400	0.0333338
SVEP1_110489363	0.0607466
SWI5_128278336	0.0410792
SWI5_128285362	0.0394231
SWI5_128286913	0.0192112
SYK_90863702	0.00635517
SYK_90867370	0.0299082
SYK_90885973	0.0746489
SYK_90892425	0.0375045
TBC1D13_128802876	0.071503
TBC1D13_128806172	0.049453
TBC1D2_98201756	0.0179575
TBC1D2_98208073	0.0361824
TBC1D2_98226752	0.039195
TBC1D2_98228767	0.039195
TBC1D2_98230643	0.0713658
TBC1D2_98246198	0.0375619
TDRD7_97429974	0.0349633
TDRD7_97435447	0.0659014
TDRD7_97468615	0.035813
TDRD7_97470405	0.035813
TDRD7_97476796	0.0475776
TEK_27169428	0.0533869
TEK_27193343	0.177073
TEK_27202549	0.057163
TEK_27219235	0.0185621
TGFBR1_99148202	0.0778315
TLN1_35698679	0.0456484
TLN1_35699663	0.108553
TLN1_35720289	0.0431549
TLN1_35721565	0.0411989
TLN1_35725829	0.192713
TMC1_72689306	0.0494148
TMC1_72695530	0.0948363
TMC1_72754099	0.0438901
TMEFF1_100512723	0.0725122
TMEM245_109108716	0.0520759
TMEM252_68539685	0.0698413
TMEM261_7798663	0.0984391
TMEM268_114621995	0.0254279
TMEM268_114627647	0.0283684
TMEM268_114634670	0.0331202
TMEM268_114636378	0.0331202
TMEM2_71711884	0.0286446
TMEM2_71732579	0.0493497
TMEM2_71746513	0.088756
TMEM8B_35838231	0.0684367
TMEM8C_133515966	0.00969412
TMEM8C_133516169	0.00969412
TMEM8C_133517520	0.00969412
TMOD1_97562577	0.0561432
TNC_115029633	0.021729
TNC_115036416	0.0475225
TNC_115046732	0.376144
TNC_115070590	0.051383
TNC_115072192	0.051383
TNFSF8_114905323	0.112229
TOMM5_37590312	0.0323935
TOPORS_32549011	0.0557438
TOR1A_129816588	0.0284066
TOR1B_129804034	0.028767
TOR1B_129804954	0.026073
TOR1B_129805563	0.026073
TOR4A_137278563	0.0675879
TRAF1_120911167	0.0342688
TRAF2_136900253	0.0883191
TRAF2_136901609	0.0242991
TRIM14_98090381	0.0898002
TRMO_97914507	0.0550783
TRPM6_74738668	0.0940637
TRPM6_74752987	0.0649789
TRPM6_74754803	0.0649789
TRPM6_74811213	0.0693755
TRUB2_128320795	0.0371448
TSC1_132901168	0.0159521
TSC1_132920809	0.030839
TSC1_132920886	0.030839
TSC1_132922586	0.0163603
TSC1_132934779	0.0312872
TSTD2_97604926	0.295564
TSTD2_97605330	0.295564
TSTD2_97606328	0.0767784
TSTD2_97606342	0.0767784
TSTD2_97610624	0.0532665
TSTD2_97610631	0.0532665
TTC39B_15193949	0.0785542
TTC39B_15200189	0.0437947
TTC39B_15210786	0.055663
TTF1_132403390	0.0240409
TTLL11_122035899	0.0763907
TTLL11_122039467	0.0802975
TYRP1_12708380	0.033407
TYRP1_12708726	0.033407
UBAC1_135937595	0.0324877
UBAC1_135938636	0.0471753
UBAC1_135959846	0.0162346
UBAP1_34233974	0.144765
UBAP1_34247137	0.0485844
UBAP1_34249560	0.0485844
UBAP2_33925120	0.015693
UBAP2_33934962	0.0526869
UBAP2_33988035	0.0606009
UBAP2_33999124	0.0705791
UHRF2_6504943	0.0476943
UNC13B_35230034	0.0778563
UNC13B_35236829	0.0776362
UNC13B_35367998	0.116877
UNC13B_35370199	0.116877
UNC13B_35380969	0.048
UNC13B_35382022	0.0759717
UNC13B_35390807	0.104486
UNC13B_35395711	0.104486
UNC13B_35399963	0.0401254
UNC13B_35400727	0.0977675
USP20_129852538	0.0215055
USP20_129853163	0.0164578
USP20_129858262	0.0269237
USP20_129864901	0.028675
USP20_129880079	0.0241795
VAV2_133778655	0.00879353
VAV2_133783686	0.025611
VAV2_133788620	0.018144
VAV2_133797113	0.01027
VAV2_133803162	0.00818982
VAV2_133986242	0.0240944
VLDLR_2635374	0.0697671
VLDLR_2639208	0.0308306
VPS13A_77210818	0.0543668
VPS13A_77224797	0.130712
VPS13A_77337165	0.0568537
VPS13A_77359857	0.065895
VPS13A_77369553	0.0448685
VPS13A_77370019	0.0448685
WASHC1_18613	0.0185297
WASHC1_19025	0.0185297
WASHC1_19385	0.0185297
WASHC1_21072	0.0185297
WDR31_113318740	0.0579779
WDR31_113332923	0.064037
WDR34_128640499	0.0865955
WDR5_134138223	0.00859823
WDR5_134144491	0.0248019
WDR5_134145488	0.0248019
WDR5_134148248	0.0248019
WDR5_134153826	0.0143863
WHRN_114407125	0.137549
WHRN_114437572	0.0404126
WNK2_93186141	0.0360859
WNK2_93238207	0.0369997
WNK2_93257638	0.0148699
WNK2_93257886	0.0148699
WNK2_93261212	0.00635698
WNK2_93294443	0.0138583
XPA_97686819	0.0386939
XPA_97693205	0.06144
XPA_97695789	0.0740048
ZCCHC6_86325229	0.394616
ZCCHC6_86334903	0.0763993
ZCCHC6_86341190	0.0586329
ZDHHC21_14674419	0.10412
ZER1_128752049	0.0364279
ZFP37_113049997	0.0650657
ZFP37_113053372	0.0650657
ZMYND19_137582792	0.048875
ZNF462_107003292	0.100333
ZNF483_111533933	0.031519
ZNF510_96775597	0.019183
ZNF782_96822292	0.0723946
A1CF_50807502	0.0736465
ABC7-42404400C24.1_47762466	0.0365669
ABCC2_99797017	0.0727782
ABCC2_99808948	0.0355383
ABCC2_99833559	0.0457215
ABI1_26750201	0.0755172
ABI1_26752662	0.185776
ABI1_26768766	0.0502397
ABI1_26844732	0.0949709
ABLIM1_114436534	0.0644299
ABLIM1_114438855	0.0288185
ABLIM1_114440338	0.0235383
ABLIM1_114450140	0.0972603
ABLIM1_114473162	0.129867
ABLIM1_114474222	0.0523255
ACADSB_123038861	0.0155371
ACBD5_27205461	0.0971241
ACSM6_95208638	0.155376
ACTR1A_102484553	0.052237
ADAM12_126040582	0.0174374
ADAM12_126045030	0.0491101
ADAM8_133271094	0.048062
ADAMTS14_70706618	0.0251188
ADAMTS14_70729545	0.0243177
ADAMTS14_70729837	0.0243177
ADAMTS14_70734289	0.0602807
ADAMTS14_70740403	0.0212796
ADAMTS14_70747712	0.0379506
ADAMTS14_70753798	0.0194803
ADARB2_1183926	0.0152274
ADD3_110116207	0.061589
ADD3_110127676	0.0636538
ADGRA1_133100332	0.0406768
ADGRA1_133100421	0.0406768
ADGRA1_133101082	0.0406768
ADK_74625379	0.160827
AFAP1L2_114332646	0.189517
AGAP11_86983401	0.0549168
AIFM2_70116342	0.0241672
AIFM2_70125815	0.0405176
AKR1C4_5206698	0.18165
AKR1E2_4838287	0.0274914
AKR1E2_4840898	0.0274914
AKR1E2_4843907	0.081066
AKR1E2_4844103	0.081066
ALDH18A1_95656231	0.0530599
ALOX5_45377957	0.0242726
ALOX5_45382173	0.0242726
ALOX5_45441104	0.0175563
ANK3_60078995	0.32445
ANK3_60135311	0.188473
ANK3_60179092	0.0216968
ANK3_60196386	0.16189
ANK3_60205607	0.0279327
ANKRD16_5880500	0.0610316
ANKRD22_88826376	0.0164478
ANKRD26_27026002	0.0517004
ANKRD26_27067347	0.126528
ANKRD26_27082993	0.083566
ANKRD26_27083047	0.083566
ANKRD26_27088862	0.0419134
ANKRD26_27096108	0.0516867
ANKRD26_27096152	0.0516867
ANKRD26_27099485	0.0516867
ANKRD30A_37127847	0.0304634
ANTXRL_46288314	0.0424445
ANTXRL_46306574	0.0138338
ANTXRL_46307742	0.00586581
ANTXRL_46311096	0.00432772
ANXA11_80167547	0.0544314
ANXA11_80185940	0.0320553
ANXA7_73399695	0.0577993
ARHGAP19_97230286	0.0672295
ARHGAP21_24586914	0.0289181
ARHGAP21_24588192	0.0289181
ARHGAP22_48448829	0.00792255
ARL3_102679532	0.184454
ARL3_102685630	0.184454
ARMC3_22928343	0.0491021
ARMC4_27936416	0.0307115
ARMC4_27987152	0.0286725
ASAH2_50213220	0.0297447
ASB13_5650630	0.00973055
ASCC1_72160253	0.120339
ASCC1_72210008	0.118611
ATAD1_87769333	0.0311069
ATAD1_87784930	0.0911929
ATE1_121903950	0.046488
ATP5C1_7806827	0.0543394
BAMBI_28680096	0.368477
BCCIP_125833740	0.0208789
BCCIP_125840255	0.0157346
BEND7_13439546	0.143301
BEND7_13499024	0.12898
BICC1_58798245	0.179058
BICC1_58812297	0.0667378
BLNK_96205898	0.0429152
BLNK_96208230	0.056112
BLNK_96224463	0.0214652
BLOC1S2_100277045	0.131763
BLOC1S2_100279599	0.131763
BMPR1A_86904751	0.120877
BMPR1A_86915334	0.0304043
BMPR1A_86922839	0.033403
BMPR1A_86922862	0.033403
BMS1_42786017	0.0310963
BNIP3_131977952	0.0239463
BORCS7-ASMT_102860972	0.0457392
BORCS7-ASMT_102872024	0.0314857
BORCS7-ASMT_102874345	0.0597592
BTAF1_91935854	0.1075
BTAF1_92018464	0.0932477
BTAF1_92025374	0.0471724
BTAF1_92026468	0.0471724
BTBD16_122290951	0.0124551
BTBD16_122305128	0.042113
BTBD16_122305619	0.042113
BTBD16_122335608	0.0214412
BTRC_101533246	0.290948
BUB3_123161306	0.0283784
C10orf71_49302524	0.0345989
C10orf76_101848907	0.0960325
C10orf76_101998634	0.124916
C10orf76_102006271	0.267839
C10orf76_102023261	0.171136
C10orf82_116668567	0.0096413
C10orf82_116668571	0.0096413
C10orf82_116669379	0.0096413
C10orf90_126462762	0.0244328
C10orf99_84182940	0.0298329
CACNB2_18538835	0.0232512
CACUL1_118686835	0.0483338
CACUL1_118699880	0.0454637
CALHM1_103456253	0.0386652
CALHM1_103456257	0.0386652
CALHM3_103478067	0.0902382
CALY_133327348	0.00384666
CAMK1D_12815977	0.0212987
CAMK2G_73817961	0.17845
CAMK2G_73819211	0.17845
CAMK2G_73822056	0.0438995
CAMK2G_73825919	0.199775
CAMK2G_73840471	0.137536
CAMK2G_73841173	0.137536
CAMK2G_73841808	0.137536
CAMK2G_73843802	0.0793419
CAMK2G_73848808	0.257179
CAMK2G_73854336	0.187213
CAMK2G_73855209	0.187213
CASP7_113704445	0.073239
CASP7_113720778	0.073239
CASP7_113728988	0.0104924
CC2D2B_96007606	0.0854987
CCAR1_68750563	0.0567676
CCAR1_68756271	0.807043
CCAR1_68768107	0.0644563
CCDC186_114135282	0.0671389
CCDC7_32447166	0.0602374
CCDC7_32469746	0.085733
CCNY_35529133	0.0391123
CCNY_35529938	0.0391123
CCNY_35530509	0.101991
CDC123_12235837	0.0832287
CDC123_12243975	0.039036
CDH23_71681521	0.0472182
CDH23_71725370	0.10492
CDH23_71740525	0.0203584
CDH23_71787853	0.107145
CDH23_71800452	0.0317416
CDH23_71805264	0.0650541
CDHR1_84206376	0.00941051
CDNF_14837155	0.109578
CELF2_11319737	0.0092247
CEP55_93517522	0.0320842
CFAP43_104131601	0.0835341
CFAP43_104132772	0.0976226
CFAP43_104163267	0.0275
CFAP43_104164473	0.0464463
CFAP43_104179588	0.0366057
CFAP43_104181309	0.0471739
CFAP43_104188471	0.05357
CFAP43_104207891	0.0660595
CFAP43_104209750	0.0660595
CFAP46_132836672	0.00551171
CFAP46_132867913	0.00367497
CFAP46_132876988	0.00237214
CFAP46_132879804	0.00215622
CFAP46_132894341	0.053947
CFAP46_132915690	0.00911185
CFAP46_132918077	0.0112211
CFAP46_132918112	0.0112211
CFAP46_132918147	0.0112211
CFAP46_132918182	0.0112211
CFAP46_132918217	0.0112211
CFAP46_132918252	0.0112211
CFAP46_132918287	0.0112211
CFAP46_132918322	0.0112211
CFAP58_104363595	0.0624713
CFAP58_104366814	0.2062
CFAP58_104370596	0.0813955
CFAP58_104373924	0.0984574
CFAP58_104378170	0.0779113
CFAP58_104448043	0.0611873
CFAP70_73324460	0.216188
CFAP70_73336207	0.0957979
CFAP70_73340085	0.0957979
CFAP70_73352578	0.146597
CHAT_49615068	0.018924
CHAT_49622818	0.0155458
CHAT_49653407	0.0585806
CHAT_49662526	0.0448913
CHST15_124040407	0.0340785
CHUK_100227919	0.0641581
CHUK_100228844	0.0641581
CLRN3_127882414	0.0105826
CNNM1_99362030	0.0514325
CNNM1_99362111	0.0514325
CNNM1_99387669	0.0396316
CNNM1_99387673	0.0396316
CNNM1_99390882	0.0356608
CNNM2_103050793	0.0334812
CNNM2_103052816	0.0334812
CNNM2_103056633	0.338883
CNNM2_103072295	0.0445174
COL13A1_69887734	0.0230049
COL13A1_69926563	0.020425
COL13A1_69949526	0.0537752
COL17A1_104034504	0.0504895
COL17A1_104041605	0.0159024
COL17A1_104042320	0.0159024
COL17A1_104047075	0.0267606
COL17A1_104050185	0.0143569
COL17A1_104055634	0.0222342
COL17A1_104071688	0.0132196
COL17A1_104074714	0.0179681
COX15_99718701	0.0820575
COX15_99726062	0.0525264
CPXM2_123754874	0.0509359
CRTAC1_97899257	0.103373
CRTAC1_97903177	0.063755
CRTAC1_97906954	0.126648
CSGALNACT2_43180776	0.085593
CTBP2_124989817	0.0246659
CTBP2_125001495	0.0127991
CTBP2_125003658	0.0677806
CTBP2_125008949	0.0677806
CTBP2_125059948	0.0632327
CTBP2_125079925	0.0632327
CUBN_16827605	0.0266634
CUBN_16872620	0.0236279
CUBN_16875848	0.0381747
CUBN_16917528	0.0832026
CUBN_16928902	0.0411758
CUBN_16983443	0.0413446
CUBN_16989952	0.134709
CUBN_17116719	0.0349391
CUBN_17123983	0.0609069
CUL2_35050568	0.0408256
CUL2_35056292	0.0566492
CUL2_35067847	0.0636712
CUL2_35069740	0.0636712
CUTC_99745059	0.0703276
CUZD1_122834174	0.0169817
CWF19L1_100265405	0.0834106
CXCL12_44382824	0.109227
CXCL12_44382849	0.109227
CYP26C1_93066951	0.0248697
CYP2E1_133531138	0.0058553
CYP2E1_133538650	0.013451
DCLRE1A_113836500	0.0729211
DCLRE1C_14921697	0.0387027
DCLRE1C_14921865	0.0387027
DCLRE1C_14926740	0.0411047
DCLRE1C_14935340	0.0181063
DCLRE1C_14941973	0.0221427
DCLRE1C_14952442	0.0223668
DCLRE1C_14953605	0.0223668
DDX21_68957169	0.0664231
DDX21_68963068	0.105158
DDX21_68964180	0.0210336
DDX21_68975418	0.0327479
DDX50_68904552	0.158105
DHTKD1_12100564	0.0770629
DHTKD1_12113542	0.0532151
DHTKD1_12116265	0.0532151
DHX32_125852981	0.0161715
DHX32_125855116	0.0281847
DHX32_125857433	0.0281847
DIP2C_284462	0.0111415
DIP2C_341753	0.0158846
DIP2C_345110	0.00933059
DIP2C_346779	0.00933059
DIP2C_346822	0.00933059
DIP2C_346908	0.00933059
DIP2C_346951	0.00933059
DIP2C_347080	0.00933059
DIP2C_347166	0.00933059
DIP2C_347487	0.00933059
DIP2C_347669	0.00933059
DIP2C_347808	0.00933059
DIP2C_347937	0.00933059
DIP2C_364814	0.0154551
DIP2C_365901	0.0154551
DIP2C_367540	0.0172969
DIP2C_396729	0.0274507
DLG5_77807165	0.0135905
DLG5_77809441	0.0812903
DLG5_77815034	0.0619576
DLG5_77816409	0.0619576
DLG5_77834635	0.00869729
DMBT1_122571030	0.00711483
DMBT1_122620048	0.00743934
DMBT1_122632097	0.0157076
DMBT1_122638981	0.0421683
DMBT1_122640664	0.0094259
DNA2_68416052	0.140051
DNA2_68417509	0.0433393
DNA2_68420640	0.057708
DNA2_68433837	0.0345478
DNA2_68447227	0.0635017
DNA2_68450364	0.0973467
DNA2_68457480	0.0973467
DNA2_68462560	0.067661
DNAJB12_72340477	0.0496435
DNMBP_99877758	0.0313428
DNMBP_99880965	0.03794
DNMBP_99883537	0.03794
DNMBP_99901850	0.0501027
DNMBP_99908400	0.0292168
DNTT_96335447	0.102066
DOCK1_126944454	0.0480068
DOCK1_126974617	0.0450873
DOCK1_126977710	0.0450873
DOCK1_126977716	0.0450873
DOCK1_126980292	0.0233612
DOCK1_126986919	0.0471103
DOCK1_127006983	0.0133934
DOCK1_127006991	0.0133934
DOCK1_127035271	0.0377112
DOCK1_127053832	0.0531028
DOCK1_127357386	0.0285791
DOCK1_127360484	0.0285791
DOCK1_127410490	0.0268294
DOCK1_127410718	0.0268294
DOCK1_127419408	0.0111628
DOCK1_127419599	0.0111628
DOCK1_127421337	0.0913573
DOCK1_127427261	0.0264076
DOCK1_127430982	0.0264076
DPCD_101590168	0.0589466
DPCD_101594583	0.0589466
DPYSL4_132193467	0.0148497
DPYSL4_132202455	0.0170057
DRGX_49392191	0.108462
DRGX_49395285	0.108462
DUSP13_75105611	0.08221
DUSP13_75108622	0.08221
DUSP13_75108852	0.08221
DUSP5_110503313	0.125478
DYDC1_80352934	0.0523851
DYDC2_80353769	0.0523851
EBF3_129841932	0.248692
EBF3_129844714	0.661654
ECHDC3_11751749	0.0507095
ECHS1_133363225	0.0228382
EDRF1_125743886	0.0114881
EGR2_62815316	0.0744526
EIF3A_119037442	0.0203103
EIF3A_119037529	0.0203103
EIF3A_119050881	0.039834
EIF3A_119052270	0.10575
EIF3A_119057458	0.101467
EMX2_117545371	0.103387
ENO4_116876734	0.00971221
ENTPD7_99660481	0.0726556
ENTPD7_99685681	0.0896822
ENTPD7_99702406	0.049106
ERCC6_49468153	0.119279
ERCC6_49477214	0.0148698
ERCC6_49477460	0.0148698
ERCC6_49477588	0.0148698
ERCC6_49478257	0.0148698
ERCC6_49478532	0.0870259
ERCC6_49500101	0.130024
ERCC6_49536681	0.0323109
ERLIN1_100156284	0.136836
ERLIN1_100158983	0.136836
ERLIN1_100178411	0.0612207
ERLIN1_100183920	0.0998276
EXOC6_92895466	0.194869
EXOC6_92898058	0.194869
EXOC6_92902513	0.155446
EXOC6_92927315	0.110056
EXOC6_92940186	0.106423
EXOC6_92944336	0.0959617
EXOC6_92952025	0.108246
FAM107B_14523692	0.0366133
FAM107B_14527617	0.0366133
FAM13C_59265552	0.0619843
FAM149B1_73172239	0.110341
FAM149B1_73174601	0.110341
FAM149B1_73229631	0.0622463
FAM149B1_73231545	0.0541252
FAM149B1_73240085	0.0698507
FAM171A1_15250015	0.0580225
FAM171A1_15330620	0.0437611
FAM208B_5713425	0.0490443
FAM208B_5757208	0.0191255
FAM208B_5759932	0.0105542
FAM213A_80421478	0.0206375
FAM213A_80422588	0.0342764
FAM35A_87187437	0.0265885
FAM45A_119120188	0.0413472
FAM45A_119120859	0.0351403
FAM53B_124630537	0.0355783
FANK1_125997950	0.0226044
FBXW4_101668221	0.260269
FFAR4_93569690	0.0373851
FGFR2_121517637	0.263477
FGFR2_121517645	0.263477
FRA10AC1_93695769	0.0784422
FRMPD2_48164440	0.0219035
FRMPD2_48169254	0.00590174
FRMPD2_48185180	0.080851
FRMPD2_48185193	0.080851
FRMPD2_48185496	0.080851
FRMPD2_48191216	0.0236815
FRMPD2_48205408	0.0462346
FRMPD2_48223409	0.0626439
FRMPD2_48237156	0.0147516
FRMPD2_48238382	0.00844429
GAD2_26281747	0.041534
GAD2_26292391	0.0414693
GAD2_26293758	0.0479988
GATA3_8059617	0.206104
GBF1_102351748	0.348878
GBF1_102351753	0.348878
GBF1_102361399	0.0909363
GBF1_102361403	0.0909363
GBF1_102369523	0.169839
GDF2_47324386	0.0221605
GDI2_5774151	0.225537
GFRA1_116065161	0.0395331
GFRA1_116065951	0.132737
GFRA1_116096392	0.123254
GLRX3_130139174	0.0446794
GLRX3_130142418	0.0446794
GLRX3_130167389	0.0809755
GOLGA7B_97851995	0.125654
GOT1_99402971	0.0413204
GOT1_99403923	0.0571148
GPAM_112169009	0.0509
GPAM_112177678	0.0314934
GRK5_119417895	0.0495915
GRK5_119449959	0.0208642
GRK5_119451208	0.0208642
GSTO1_104257482	0.0576708
GSTO1_104262073	0.041666
GTPBP4_1000637	0.0226977
GTPBP4_990430	0.04946
GTPBP4_997401	0.0140821
HABP2_113574627	0.385303
HABP2_113582377	0.0231236
HACD1_17593651	0.0331597
HELLS_94562547	0.0760854
HELLS_94564755	0.0758396
HELLS_94576274	0.0563787
HELLS_94601126	0.0481368
HERC4_67935570	0.0629917
HERC4_67971682	0.131469
HHEX_92691316	0.35719
HIF1AN_100546635	0.174312
HK1_69359836	0.0628889
HK1_69376828	0.0333412
HK1_69383439	0.0250967
HK1_69390027	0.0299979
HK1_69391290	0.0299979
HK1_69398981	0.0428182
HKDC1_69225660	0.086416
HKDC1_69227634	0.0208802
HKDC1_69231939	0.0208802
HKDC1_69250719	0.0594308
HKDC1_69258130	0.0423113
HKDC1_69263736	0.0680979
HMX3_123136932	0.148127
HOGA1_97593704	0.107343
HPS1_98428476	0.0231677
HPSE2_99232914	0.294311
HSPA12A_116681516	0.118459
HSPA12A_116702207	0.0636153
HTRA1_122511894	0.0342605
IKZF5_122998021	0.0404279
IL15RA_5953576	0.028198
IL15RA_5956538	0.0265441
IL15RA_5963942	0.033033
INA_103287289	0.0781258
INPP5A_132578436	0.0395837
INPP5A_132598225	0.0395837
INPP5A_132650129	0.0194716
INPP5A_132676950	0.102967
INPP5A_132691500	0.235283
INPP5A_132710068	0.0175444
INPP5A_132710189	0.0175444
INPP5A_132781505	0.0189205
INPP5F_119806888	0.0228842
ITGA8_15604723	0.102205
ITGA8_15652936	0.0483524
ITGB1_32904086	0.0684208
ITGB1_32909655	0.0263945
ITIH2_7708115	0.0719491
ITIH2_7715102	0.0278712
ITIH2_7717423	0.0278712
ITIH2_7726244	0.0105801
ITIH2_7728143	0.0203627
ITIH2_7748703	0.0324343
ITIH5_7563384	0.0703376
ITIH5_7580107	0.0428084
ITIH5_7580603	0.0428084
ITPRIP_104323749	0.00938965
JAKMIP3_132134926	0.0817627
JAKMIP3_132147903	0.00290342
JMJD1C_63191724	0.137718
JMJD1C_63202128	0.0920571
JMJD1C_63206431	0.0920571
JMJD1C_63308277	0.0947431
KAT6B_75027314	0.0454369
KCNMA1_76891159	0.104575
KCNMA1_77075338	0.146548
KCNMA1_77089960	0.0325838
KCNMA1_77112182	0.0526792
KIAA1217_24519735	0.0395051
KIAA1217_24521609	0.0713514
KIAA1217_24532308	0.0261413
KIAA1217_24541766	0.0601317
KIF11_92607011	0.336235
KIF11_92639654	0.0803786
KIF1BP_68995278	0.134098
KIF1BP_69004766	0.0671072
KIF20B_89702957	0.0555347
KIF20B_89717922	0.0712695
KIF20B_89755755	0.0680972
KIF20B_89755922	0.0680972
KIF5B_32039197	0.031154
KIF5B_32047411	0.0702664
KIN_7780885	0.047145
KNDC1_133167909	0.0209451
KNDC1_133184906	0.0394189
LDB3_86709231	0.0215943
LDB3_86709366	0.0215943
LDB3_86716993	0.0857131
LHPP_124495443	0.120799
LHPP_124495862	0.120799
LHPP_124522709	0.0361319
LHPP_124545194	0.0361319
LINC00200_1160355	0.0309431
LINC00959_130109829	0.315804
LINC00959_130110129	0.315804
LIPA_89223899	0.0288739
LIPA_89224772	0.0288739
LIPA_89250476	0.029393
LIPJ_88604599	0.0552935
LIPJ_88606542	0.0389484
LIPK_88738098	0.0161545
LIPM_88813006	0.0212333
LOXL4_98255002	0.0714579
LOXL4_98261146	0.091118
LOXL4_98262295	0.0475747
LRIT1_84233070	0.0159897
LRIT1_84240065	0.00840678
LRIT2_84223114	0.0247088
LRRC27_132353814	0.015862
LRRC27_132353950	0.015862
LRRC27_132357487	0.0184476
LRRC27_132358465	0.0184476
LRRC27_132358752	0.0184476
MALRD1_19280418	0.0299424
MAP3K8_30448797	0.0148934
MASTL_27186276	0.06836
MAT1A_80274144	0.0147642
MAT1A_80281991	0.00697598
MBL2_52771027	0.0108686
MCM10_13163990	0.0118235
MCM10_13186162	0.0285103
MCM10_13187157	0.01825
MCM10_13196889	0.0322435
MCM10_13198038	0.0450076
MCU_72859885	0.127322
METTL10_124767223	0.14098
MFSD13A_102469874	0.0680881
MFSD13A_102469882	0.0680881
MGMT_129754340	0.0983662
MGMT_129760202	0.112346
MGMT_129766350	0.112346
MICU1_72539303	0.139906
MINDY3_15848155	0.047033
MINPP1_87514131	0.11457
MINPP1_87514877	0.11457
MKI67_128120203	0.0132735
MKX_27675872	0.1103
MLLT10_21588208	0.0854325
MLLT10_21673056	0.0866688
MLLT10_21730834	0.0873225
MMP21_125769318	0.010884
MMP21_125773040	0.00875093
MMRN2_86941476	0.0311963
MMRN2_86945876	0.0463463
MMS19_97469349	0.139183
MMS19_97469448	0.139183
MMS19_97483831	0.0695255
MORN4_97617416	0.0653958
MORN4_97618974	0.0653958
MRC1_17829823	0.0514954
MRC1_17840515	0.030342
MRC1_17845684	0.0233852
MRC1_17851022	0.0619756
MRLN_59737780	0.0348183
MSMB_46036177	0.0175815
MSRB2_23097394	0.0693865
MSRB2_23113826	0.103601
MSRB2_23120038	0.0283752
MTG1_133400889	0.0107789
MTG1_133401397	0.0107789
MTG1_133419478	0.194389
MTPAP_30321406	0.0550929
MTPAP_30337127	0.0508727
MTPAP_30339631	0.0508727
MTPAP_30342359	0.0318537
MYO3A_26150149	0.123638
MYO3A_26198797	0.0519618
MYOZ1_73637487	0.135535
MYPN_68147566	0.0491008
MYPN_68199366	0.0446945
NEURL1_103589065	0.0364923
NEURL1_103589280	0.0364923
NHLRC2_113897871	0.0872222
NKX1-2_124449651	0.182354
NMT2_15128562	0.0223862
NOC3L_94338987	0.0464541
NOC3L_94340088	0.0443718
NOC3L_94346092	0.071784
NOC3L_94358310	0.0854369
NOC3L_94361318	0.0854369
NODAL_70436760	0.0317844
NODAL_70437967	0.0317844
NODAL_70440645	0.0317844
NPFFR1_70260126	0.0703967
NPFFR1_70260532	0.0703967
NRAP_113596949	0.0411348
NRAP_113612618	0.0337339
NRAP_113621414	0.196296
NRAP_113625529	0.0430502
NRAP_113641194	0.22526
NRAP_113651943	0.0193642
NRG3_82978171	0.0578566
NRP1_33187894	0.12522
NRP1_33188431	0.12522
NRP1_33219636	0.0574264
NRP1_33225030	0.0882511
NSMCE4A_121961696	0.0637453
NT5C2_103093446	0.0360982
NT5C2_103096308	0.0863237
NT5C2_103171557	0.144037
NUDT13_73123987	0.067062
NUDT5_12171185	0.0228863
NUDT5_12175195	0.0362619
OGDHL_49749337	0.011975
OGDHL_49755991	0.0276069
OGDHL_49756464	0.0276069
OGDHL_49759428	0.0216829
OPN4_86658812	0.0328013
P4HA1_73073044	0.103788
PALD1_70526783	0.0511323
PALD1_70544217	0.0344807
PANK1_89594272	0.0683732
PAOX_133387649	0.0761986
PAPSS2_87709048	0.052744
PARD3_34342588	0.094387
PARD3_34399621	0.106361
PARD3_34712120	0.0404423
PARG_49827007	0.0864939
PARG_49834122	0.104334
PARG_49880524	0.131948
PARG_49922823	0.115068
PARG_49934386	0.0330143
PBLD_68291705	0.0561401
PCBD1_70887119	0.0246301
PCDH15_53827335	0.0937816
PCDH15_53836689	0.0310657
PCDH15_53837268	0.0310657
PCGF5_91244928	0.041959
PCGF5_91245723	0.041959
PCGF5_91249997	0.0715988
PCGF5_91264994	0.0538185
PCGF5_91268541	0.0538185
PDCD11_103400309	0.0642372
PDCD11_103406510	0.086268
PDCD11_103415503	0.0252211
PDCD11_103432008	0.0457688
PDCD11_103441731	0.0134944
PDE6C_93632696	0.0349846
PDE6C_93632803	0.0349846
PDLIM1_95241431	0.0636137
PDSS1_26700736	0.083224
PDSS1_26723677	0.0203436
PDSS1_26738898	0.0466046
PDZD8_117286773	0.046067
PFKFB3_6217573	0.0497509
PHYHIPL_59234199	0.116072
PHYH_13281745	0.0329372
PHYH_13286110	0.018329
PI4K2A_97650821	0.102567
PI4K2A_97654108	0.0973165
PI4K2A_97658578	0.140622
PI4K2A_97673286	0.0550528
PIK3AP1_96602541	0.0246146
PIK3AP1_96616889	0.0691462
PIK3AP1_96623615	0.0390413
PIK3AP1_96624694	0.0390413
PIK3AP1_96647021	0.0349887
PIP4K2A_22568131	0.0294016
PIP4K2A_22573611	0.0406387
PKD2L1_100289595	0.056142
PKD2L1_100293591	0.0408485
PLAU_73912618	0.0508453
PLCE1_94233002	0.0398938
PLCE1_94235732	0.0900412
PLCE1_94248968	0.0688214
PLCE1_94251990	0.0688214
PLCE1_94284795	0.0248365
PLCE1_94301996	0.0874695
PLCE1_94321227	0.0460124
PLCE1_94323538	0.03299
PLEKHS1_113774071	0.0168409
PLEKHS1_113774076	0.0168409
PLEKHS1_113780443	0.0340144
PLPP4_120515683	0.0587692
PLXDC2_19950311	0.0615408
PLXDC2_20144638	0.0702579
PLXDC2_20176763	0.0652263
PNLIPRP1_116600923	0.0439859
PNLIPRP1_116608776	0.0174541
PNLIPRP3_116437333	0.162169
PNLIPRP3_116466818	0.145244
PNLIP_116555071	0.014997
PPA1_70213258	0.0845181
PPIF_79350523	0.0153156
PPP1R3C_91632628	0.0864739
PPP2R2D_131901560	0.0269171
PPP2R2D_131905199	0.0269171
PPP2R2D_131937121	0.0395629
PPP2R2D_131951349	0.0606755
PPP3CB_73477157	0.126308
PPRC1_102133841	0.159954
PRDX3_119173319	0.0475604
PRKCQ_6461534	0.0221956
PRKCQ_6488306	0.0386766
PRKCQ_6490446	0.0386766
PRPF18_13609320	0.0382278
PRTFDC1_24938922	0.0647983
PSAP_71818899	0.0289967
PSAP_71826265	0.0216358
PSAP_71832115	0.0374684
PSTK_122987292	0.028558
PSTK_122989939	0.0383016
PTCHD3_27402765	0.0926021
PTEN_87920556	0.113044
PTER_16504822	0.0959279
PWWP2B_132399612	0.0151163
PYROXD2_98389780	0.0165811
PYROXD2_98393083	0.0419034
PYROXD2_98394971	0.0419034
PYROXD2_98396352	0.0404181
PYROXD2_98402418	0.0399745
PYROXD2_98403566	0.0399745
PYROXD2_98409662	0.0200265
R3HCC1L_98240558	0.167022
RAB11FIP2_118014173	0.255747
RAB18_27526601	0.120845
RBM20_110782085	0.0254632
RBM20_110798091	0.0978531
RBM20_110816810	0.0429427
RBM20_110817456	0.0429427
RBM20_110818764	0.0429427
RBM20_110823859	0.0405559
RBM20_110824497	0.0405559
RBP3_47351906	0.0127514
RBP3_47352968	0.0127514
RET_43105727	0.0175795
RGR_84252308	0.0204466
RGR_84252618	0.0204466
RGR_84257891	0.0769226
RHOBTB1_60871826	0.0261107
RHOBTB1_60890634	0.0327185
RP1-251M9.2_10962958	0.182443
RP1-251M9.2_10967912	0.115221
RP11-264A11.1_54868403	0.0549147
RP11-367B6.2_75743397	0.277866
RP11-411B6.6_100520018	0.0811941
RP11-416N2.3_103549980	0.139433
RP11-574K11.31_73803748	0.132049
RP11-574K11.31_73804690	0.0463902
RPP30_90876359	0.0303708
RRP12_97363985	0.0192976
RTKN2_62265459	0.0886338
SCD_100351274	0.0263048
SCD_100352092	0.0263048
SEC23IP_119893324	0.0502742
SEC23IP_119897188	0.0502742
SEC23IP_119924580	0.0437864
SEC24C_73764663	0.0560613
SEC31B_100520018	0.0811941
SEC61A2_12132011	0.0669614
SEC61A2_12145071	0.042354
SEC61A2_12147986	0.042354
SEMA4G_100977508	0.0660985
SEPHS1_13321822	0.0275615
SEPHS1_13323135	0.113423
SEPHS1_13337780	0.0174902
SFMBT2_7175929	0.00935457
SFMBT2_7196922	0.0451022
SFMBT2_7199177	0.0305198
SFMBT2_7200556	0.0173519
SFMBT2_7202707	0.0386932
SFMBT2_7228177	0.0326733
SFMBT2_7282865	0.127355
SFMBT2_7313055	0.043483
SFRP5_97770708	0.0303278
SFTPD_79945884	0.0109489
SFXN2_102732734	0.0530078
SFXN3_101035751	0.0343403
SFXN4_119155439	0.0276807
SFXN4_119159829	0.0268501
SFXN4_119162499	0.0943543
SGMS1_50460974	0.043038
SGPL1_70857024	0.0368336
SH2D4B_80570454	0.0383061
SH2D4B_80582093	0.0606291
SH2D4B_80608252	0.0481341
SH3PXD2A_103610844	0.107355
SH3PXD2A_103611826	0.0210295
SH3PXD2A_103614129	0.100531
SH3PXD2A_103616406	0.100531
SH3PXD2A_103618491	0.0979944
SH3PXD2A_103703402	0.0428752
SHOC2_110946791	0.131209
SHTN1_116892175	0.165518
SHTN1_116927399	0.0979329
SHTN1_116965015	0.217065
SIRT1_67889864	0.0893696
SLC16A12_89443117	0.0698435
SLC16A9_59667253	0.0530766
SLC18A2_117243727	0.041154
SLC18A2_117256377	0.0355877
SLC18A2_117256771	0.0355877
SLC18A2_117269983	0.0250266
SLC25A16_68489051	0.0976035
SLC25A16_68516881	0.08685
SLC25A28_99613998	0.149981
SLC29A3_71344714	0.0443635
SLC29A3_71349082	0.0443635
SLC29A3_71355355	0.0963961
SLC35G1_93894879	0.100731
SLC39A12_17961967	0.0235122
SLC39A12_17997927	0.0634472
SLF2_100933431	0.0689443
SLF2_100941983	0.0942715
SLF2_100951588	0.090796
SLIT1_97002369	0.0551796
SLIT1_97011888	0.0191969
SLIT1_97158032	0.0473199
SLIT1_97163684	0.0664916
SLIT1_97163689	0.0664916
SLIT1_97164505	0.0664916
SLK_104004747	0.104181
SMC3_110580719	0.0613409
SORBS1_95315641	0.025322
SORBS1_95348336	0.113908
SORBS1_95350319	0.113908
SORBS1_95352060	0.0408859
SORBS1_95408324	0.107822
SORBS1_95435806	0.103167
SORBS1_95437744	0.0257706
SORBS1_95439202	0.0257706
SORBS1_95560794	0.0963216
SORCS1_106611531	0.0151348
SORCS1_106612130	0.0283213
SORCS1_106674388	0.109447
SORCS1_106687726	0.0992827
SORCS3_105158717	0.0200019
SORCS3_105214718	0.122875
SRGN_69089490	0.0462214
SRGN_69098115	0.0714034
SRGN_69100810	0.0714034
STAMBPL1_88918894	0.031867
STAM_17709449	0.0234808
STN1_103883317	0.0704833
STN1_103892296	0.0915753
STN1_103913225	0.0568172
STOX1_68882277	0.0857497
STOX1_68883036	0.0857497
SUFU_102596973	0.118737
SUPV3L1_69181252	0.0692426
SUPV3L1_69195076	0.057223
SVIL_29462718	0.0202468
SVIL_29470483	0.0617768
SVIL_29490715	0.024123
SYCE1_133554469	0.0295421
SYNPO2L_73649810	0.137465
TACC2_122158991	0.0479155
TACC2_122211862	0.0977512
TACC2_122223195	0.0268045
TACC2_122227267	0.0119351
TACC2_122237323	0.0380905
TACC2_122241010	0.0245865
TACC2_122241215	0.0245865
TAF3_7819554	0.0615266
TAF3_7823042	0.0615266
TAF3_8012600	0.0634091
TAF5_103368599	0.106719
TAF5_103368912	0.106719
TBATA_70772893	0.0081209
TBATA_70773786	0.0081209
TBATA_70781046	0.0150894
TBC1D12_94405517	0.0977025
TBC1D12_94498911	0.132279
TBC1D12_94507506	0.0976373
TCF7L2_113143246	0.147034
TCF7L2_113152186	0.0549688
TCTN3_95687524	0.0812839
TCTN3_95689083	0.0524048
TDRD1_114184734	0.0312732
TDRD1_114212370	0.0317578
TDRD1_114226980	0.0982286
TECTB_112290639	0.0497548
TECTB_112296676	0.0421982
TECTB_112298640	0.0168016
TET1_68648336	0.0411527
TLL2_96386533	0.0342768
TLL2_96414325	0.0645384
TLL2_96416343	0.0645384
TLL2_96423795	0.0917749
TLL2_96431213	0.0538361
TM9SF3_96528318	0.0644293
TM9SF3_96553090	0.0434057
TM9SF3_96559872	0.304704
TMEM236_17772694	0.0302402
TNKS2_91812817	0.121148
TNKS2_91813601	0.103732
TNKS2_91823222	0.044956
TNKS2_91823469	0.044956
TNKS2_91845666	0.0966058
TNKS2_91850798	0.116954
TRDMT1_17155103	0.102507
TRDMT1_17158538	0.0734394
TRDMT1_17168177	0.112582
TRDMT1_17174909	0.064282
TRUB1_114971386	0.0276346
TUBAL3_5395509	0.0293851
TUBAL3_5397104	0.0293851
TUBGCP2_133289556	0.00766874
TUBGCP2_133298544	0.00999316
TYSND1_70144994	0.0209938
UCMA_13224576	0.0198633
UCMA_13232288	0.0511322
UCMA_13233932	0.0323575
UNC5B_71251217	0.100995
UNC5B_71284328	0.0220021
UNC5B_71286488	0.0075417
UNC5B_71286612	0.0075417
UNC5B_71297686	0.0936003
UPF2_11924131	0.04418
UPF2_11926921	0.04418
UPF2_11928408	0.04418
UPF2_11943592	0.0631792
UPF2_11952375	0.068171
UPF2_11960027	0.0416922
UPF2_11960614	0.0416922
UPF2_11964732	0.0538283
UPF2_12029836	0.0739588
UROS_125795711	0.0106575
UROS_125813913	0.0296514
UROS_125813926	0.0296514
USP54_73543205	0.0709401
USP54_73566975	0.135284
USP6NL_11495051	0.0666402
USP6NL_11518214	0.0784652
USP6NL_11520591	0.068096
USP6NL_11547760	0.079586
VAX1_117136338	0.0275689
VCL_74097878	0.0574141
VCL_74104822	0.462745
VCL_74107629	0.0695136
VCL_74111522	0.225158
VCL_74114717	0.028973
VCL_74114721	0.028973
VENTX_133239557	0.00698882
VIM_17232157	0.134844
VSIR_71755015	0.04491
VSIR_71757573	0.0743072
VTI1A_112668489	0.0866404
VWA2_114258069	0.0488659
VWA2_114260940	0.0488659
VWA2_114274849	0.0206078
VWA2_114279104	0.0229484
VWA2_114285139	0.0198833
WAPL_86471687	0.0496757
WDFY4_48726266	0.0147005
WDFY4_48729430	0.0125384
WDFY4_48738751	0.133723
WDFY4_48780759	0.0474185
WDFY4_48785635	0.0474185
WDFY4_48790252	0.0164372
WDFY4_48794887	0.0123459
WDFY4_48813910	0.0293968
WDFY4_48818249	0.070313
WDFY4_48819557	0.070313
WDFY4_48822683	0.0336366
WDFY4_48827583	0.035151
WDFY4_48895905	0.0686279
WDFY4_48899337	0.0124819
WDFY4_48899589	0.0124819
WDFY4_48961781	0.0218498
WDR37_1077016	0.0307449
WDR37_1094731	0.0352686
WDR37_1126536	0.0178789
WNT8B_100480294	0.0691584
WNT8B_100482112	0.0510972
XPNPEP1_109867528	0.0256904
XPNPEP1_109867758	0.0256904
XPNPEP1_109881749	0.036838
XPNPEP1_109887582	0.0876585
XPNPEP1_109913256	0.141147
YME1L1_27149263	0.0966704
ZDHHC6_112443868	0.0438317
ZEB1_31512965	0.0462082
ZEB1_31518262	0.0291966
ZEB1_31525020	0.0280645
ZMIZ1_79069873	0.106475
ZMIZ1_79211956	0.0622354
ZMYND11_240556	0.042493
ZNF33A_38013408	0.0427367
ZNF438_30846630	0.0591221
ZNF485_43609639	0.0729219
ZNF485_43615703	0.0729219
ZRANB1_124969870	0.0392396
ABCC8_17400096	0.0425404
ABCC8_17403180	0.0822713
ABCC8_17414004	0.22716
ABCG4_119157294	0.0264143
ABTB2_34156249	0.0170687
ABTB2_34161769	0.0279116
ABTB2_34201948	0.0661285
AC104389.28_5477380	0.0709548
ACAD8_134258799	0.0279791
ACAT1_108144832	0.0236695
ACCSL_44052898	0.0722294
ACCS_44068439	0.0279311
ACCS_44071002	0.0279311
ACER3_76863266	0.14706
ACP2_47246037	0.0364341
ACTN3_66550318	0.101753
ACTN3_66555982	0.0419228
ACTN3_66560526	0.0191073
ACY3_67646440	0.0338554
ADAMTS15_130464222	0.0516215
ADAMTS15_130465676	0.0516215
ADAMTS15_130472838	0.0237234
ADAMTS8_130410417	0.0631971
ADAMTS8_130413403	0.0547727
AGBL2_47666519	0.0213812
AGBL2_47706203	0.0862561
AGBL2_47707240	0.0862561
AGBL2_47713379	0.14253
AKIP1_8914705	0.142139
ALDH3B1_68019064	0.046913
ALDH3B1_68020938	0.0101552
ALDH3B1_68026812	0.0138994
ALG8_78119817	0.0718033
ALKBH3_43889604	0.0703601
ALKBH3_43890053	0.0690506
ALKBH8_107506820	0.0438619
ALKBH8_107552313	0.0493841
AMOTL1_94798187	0.0406907
AMOTL1_94801383	0.117414
AMOTL1_94828681	0.0578642
AMPD3_10484651	0.0371735
AMPD3_10498362	0.0304465
ANGPTL5_101905187	0.0287189
ANGPTL5_101908039	0.100069
ANKK1_113389767	0.0195692
ANKRD13D_67296967	0.103754
ANKRD42_83195409	0.0827867
ANKRD42_83210714	0.0897714
ANO1_70106050	0.0461915
ANO1_70109645	0.11029
ANO1_70128634	0.0212967
ANO1_70131220	0.0212967
ANO1_70152120	0.0258506
ANO1_70155131	0.0225388
ANO1_70181919	0.021346
ANO3_26598708	0.0307024
ANO5_22272609	0.0205643
ANO9_420860	0.103214
ANO9_439729	0.0190583
AP000654.4_86835345	0.141552
AP002954.3_118638264	0.0255634
AP2A2_960315	0.0945121
AP2A2_976189	0.0257442
AP2A2_986666	0.00700915
AP2A2_990031	0.0115492
APBB1_6397691	0.0519797
APBB1_6400773	0.0519797
API5_43335605	0.0601928
API5_43337595	0.102601
APIP_34891916	0.0698775
APIP_34894129	0.0698775
APLP2_130120516	0.0276496
APLP2_130120570	0.0276496
APLP2_130122635	0.0512996
APLP2_130127474	0.0307882
APLP2_130127478	0.0307882
APLP2_130130307	0.0513504
APLP2_130134342	0.037518
APLP2_130136067	0.0616939
APLP2_130136422	0.0616939
ARAP1_72686878	0.0637129
ARAP1_72691194	0.101532
ARAP1_72694748	0.0149404
ARAP1_72696324	0.0315256
ARAP1_72701930	0.0554683
ARAP1_72705949	0.0108419
ARAP1_72705953	0.0108419
ARAP1_72706261	0.0108419
ARAP1_72714080	0.0479295
ARAP1_72714395	0.0382581
ARHGAP32_128986149	0.044742
ARHGAP42_100962816	0.0310824
ARHGAP42_100975968	0.111936
ARHGAP42_100977580	0.027994
ARHGAP42_100985958	0.0369863
ARHGEF12_120415557	0.107237
ARHGEF12_120437071	0.101197
ARHGEF17_73350950	0.0361608
ARHGEF17_73359369	0.0353831
ARL14EP_30327160	0.047288
ARL2_65016858	0.0421513
ARL2_65017791	0.0421513
ARNTL_13351939	0.0307544
ARNTL_13356557	0.170667
ARNTL_13375199	0.0123071
ARRB1_75268089	0.0464819
ARRB1_75287083	0.0102171
ARRB1_75290199	0.066904
ARRB1_75344355	0.066904
ART1_3661039	0.0170387
ART1_3661098	0.0170387
ATG13_46644038	0.113559
ATG13_46656411	0.0803812
ATG16L2_72825123	0.0383551
ATG16L2_72825226	0.0383551
ATG16L2_72825772	0.0275477
ATG2A_64895645	0.00750736
ATG2A_64898842	0.00642701
ATG2A_64903425	0.07504
ATL3_63632036	0.328604
ATL3_63646201	0.0717969
ATL3_63647976	0.0725138
ATM_108232206	0.053784
ATM_108254810	0.0551632
ATM_108270481	0.0372661
ATM_108272382	0.0580222
B3GAT3_62617512	0.0289997
B3GAT3_62620836	0.155887
B4GALNT4_375217	0.0206324
B4GALNT4_378263	0.0135756
B4GALNT4_379181	0.0135756
B4GAT1_66346328	0.0866265
BACE1_117296118	0.0898289
BACE1_117314383	0.055743
BATF2_64991969	0.0437931
BATF2_64993472	0.0437931
BATF2_64994741	0.023856
BCL9L_118903590	0.0356233
BRMS1_66339017	0.0192502
BRMS1_66339710	0.0192502
BRMS1_66342787	0.0411194
BRSK2_1443844	0.0473543
BRSK2_1452169	0.00852985
BRSK2_1457933	0.0743442
BSX_122978689	0.0176406
BTBD10_13406416	0.0871974
BUD13_116756227	0.0856352
C11orf16_8925003	0.0635916
C11orf16_8932349	0.0277718
C11orf21_2298599	0.00268526
C11orf49_47132496	0.160254
C11orf49_47150260	0.0696732
C11orf53_111282739	0.0288535
C11orf53_111284880	0.0154235
C11orf54_93750078	0.0738374
C11orf58_16739654	0.114123
C11orf58_16741873	0.114123
C11orf65_108383663	0.0510937
C11orf65_108386121	0.0652622
C11orf68_65918709	0.0762851
C11orf70_102076456	0.0456289
C11orf74_36634692	0.184997
C11orf80_66813782	0.15089
C11orf80_66814692	0.0542042
C11orf80_66815064	0.0542042
C11orf80_66825215	0.0650438
C11orf80_66838254	0.132502
C11orf80_66838499	0.0481681
C2CD3_74055079	0.0806273
C2CD3_74081182	0.162116
C2CD3_74086964	0.080798
C2CD3_74100819	0.106211
C2CD3_74114011	0.0463788
C2CD3_74114219	0.0463788
C2CD3_74114223	0.0463788
C2CD3_74133808	0.0726248
C2CD3_74167591	0.146417
CABP2_67521438	0.026
CABP2_67522211	0.0236208
CABP2_67522215	0.0236208
CADM1_115238757	0.206331
CADM1_115498198	0.236853
CALCA_14971004	0.0341135
CALCB_15076848	0.181009
CAPN5_77088513	0.023332
CAPN5_77091265	0.023332
CAPN5_77113489	0.039196
CAPN5_77115813	0.0357881
CAPN5_77116627	0.0333502
CAPN5_77121203	0.0184326
CAPRIN1_34073928	0.0341497
CAPRIN1_34075705	0.0341497
CAPRIN1_34087737	0.0622499
CARNS1_67420407	0.0274831
CARNS1_67421716	0.0189434
CARS_3011161	0.0117202
CARS_3012690	0.0215833
CARS_3014404	0.0215833
CARS_3016862	0.0435677
CARS_3020564	0.019872
CARS_3031702	0.0448222
CARS_3039036	0.0141881
CASP4_104950395	0.00814037
CBL_119259740	0.100745
CBL_119280335	0.0462983
CCDC153_119191588	0.0433784
CCDC15_124956500	0.102238
CCDC81_86408082	0.100993
CCDC81_86421247	0.0472341
CCDC82_96373168	0.0234868
CCDC88B_64353601	0.0372844
CCDC90B_83275282	0.0588349
CCND1_69647028	0.0904585
CCND1_69647227	0.0904585
CCND1_69650004	0.0823798
CCS_66595599	0.0462063
CCS_66596868	0.0462063
CD3G_118350526	0.0222857
CD44_35189809	0.0211977
CD44_35216249	0.0567271
CD5_61120118	0.0362364
CD6_61015905	0.0114072
CD82_44600886	0.0355879
CD82_44603647	0.0355879
CDC42BPG_64838957	0.0631308
CDC42BPG_64841965	0.0939186
CDHR5_621747	0.0189257
CDON_126001163	0.0393742
CDON_126001931	0.0283676
CELF1_47484754	0.065788
CELF1_47485850	0.065788
CEP126_101915882	0.0584466
CEP126_101992911	0.0854447
CEP126_101994838	0.0854447
CEP164_117366317	0.0604883
CEP164_117375892	0.056246
CEP164_117394822	0.0385657
CEP295_93663995	0.0609629
CEP295_93672125	0.0645002
CEP295_93696551	0.0901098
CEP57_95791116	0.0526843
CEP57_95828457	0.0240121
CEP57_95829479	0.042294
CHEK1_125629060	0.176023
CHEK1_125638617	0.0936736
CHEK1_125651740	0.103093
CHID1_897651	0.00971443
CHID1_909188	0.0127626
CHKA_68056876	0.0778805
CHKA_68069228	0.0135396
CHKA_68081225	0.0246388
CHKA_68094820	0.121884
CHORDC1_90214906	0.0252054
CHRDL2_74702369	0.1317
CHRDL2_74703721	0.0161744
CHRDL2_74706859	0.0397288
CHRDL2_74707370	0.0397288
CHRDL2_74707604	0.0397288
CHRDL2_74713040	0.0247999
CLNS1A_77626020	0.0597626
CLNS1A_77627830	0.0597626
CLPB_72295723	0.0466409
CLPB_72303131	0.104619
CLPB_72307575	0.0767618
CLPB_72307701	0.0767618
CLPB_72315630	0.148839
CLPB_72375560	0.121691
CLPB_72387603	0.16541
CLPB_72430909	0.025705
CNIH2_66280555	0.12719
CNTN5_100192903	0.0262516
COLCA2_111301998	0.159533
COMMD9_36279044	0.0476802
COMMD9_36280225	0.0476802
COMMD9_36286820	0.0988361
COPB1_14474877	0.0429376
COPB1_14475230	0.0429376
CPT1A_68762463	0.0145793
CPT1A_68775119	0.0299231
CPT1A_68782125	0.0120658
CPT1A_68798092	0.0198012
CPT1A_68807829	0.0280763
CREB3L1_46307485	0.064025
CSRP3_19185160	0.0142427
CSRP3_19188752	0.0498157
CSRP3_19190178	0.0498157
CST6_66012766	0.0154843
CSTF3_33108719	0.0814928
CTD-2609K8.3_44072530	0.018671
CTNND1_57796327	0.0710674
CTR9_10763344	0.0457951
CTR9_10766187	0.0871066
CTR9_10771718	0.0471927
CTR9_10775047	0.0168457
CTTN_70404942	0.0241493
CTTN_70413430	0.0138123
CTTN_70427536	0.0521275
CTTN_70432189	0.00367967
CUL5_108053257	0.0564417
CUL5_108069969	0.102977
CUL5_108095241	0.0443303
CUL5_108103140	0.0448148
CUL5_108103766	0.0448148
CWF19L2_107416984	0.0519884
CWF19L2_107455507	0.0393193
DAGLA_61723837	0.0419889
DAGLA_61738555	0.0157056
DAGLA_61740210	0.02001
DAGLA_61740941	0.0308717
DBX1_20156902	0.0196263
DCPS_126331183	0.0679326
DCPS_126332357	0.0170275
DCPS_126335301	0.0170275
DCUN1D5_103086626	0.0871463
DDB1_61311467	0.0211824
DDB1_61311621	0.0211824
DDB2_47216623	0.14499
DDB2_47234512	0.0601073
DDX10_108670008	0.0828297
DDX6_118752737	0.0480203
DDX6_118760695	0.0903631
DDX6_118762484	0.0903631
DEAF1_678407	0.0377532
DEAF1_682451	0.0123633
DEAF1_689022	0.0203105
DEAF1_691285	0.0203105
DENND5A_9150276	0.0540021
DENND5A_9169228	0.0910707
DENND5A_9170278	0.0492954
DENND5A_9205277	0.122788
DENND5A_9207801	0.111917
DGAT2_75785119	0.036572
DGAT2_75788278	0.036572
DGKZ_46361983	0.115208
DGKZ_46361987	0.115208
DHCR7_71438456	0.00702246
DHCR7_71444532	0.015518
DHCR7_71445080	0.00984383
DIXDC1_111964491	0.139819
DIXDC1_111967944	0.0352019
DIXDC1_111995673	0.0632097
DLAT_112027951	0.190399
DLAT_112033285	0.209725
DLAT_112049561	0.144117
DLG2_83463665	0.0868253
DNAJB13_73952675	0.0595654
DNHD1_6502700	0.0896687
DNHD1_6509583	0.064618
DNHD1_6519573	0.104081
DPF2_65334701	0.109736
DPF2_65343239	0.0564913
DPP3_66481068	0.0872723
DPP3_66496221	0.0316568
DPP3_66500139	0.0896413
DPP3_66505583	0.0281599
DRD2_113411509	0.0182324
DRD4_639646	0.0730784
DSCAML1_117458186	0.0804233
DSCAML1_117473858	0.113099
DSCAML1_117479540	0.113099
DSCAML1_117505810	0.102256
DSCAML1_117519077	0.0293845
DSCAML1_117531152	0.0774774
DTX4_59173378	0.100694
DTX4_59186426	0.082192
DTX4_59192626	0.0130889
DTX4_59198037	0.0241555
DTX4_59202055	0.0185539
DYNC2H1_103111950	0.053489
DYNC2H1_103122288	0.0635926
DYNC2H1_103150607	0.0603556
DYNC2H1_103163349	0.0293324
DYNC2H1_103213171	0.0461157
DYNC2H1_103229305	0.112897
DYNC2H1_103285752	0.0408662
EED_86273789	0.131222
EEF1G_62566537	0.0445912
EHBP1L1_65579021	0.134323
EHD1_64867899	0.0544352
EHF_34648692	0.116739
EI24_125582138	0.0928465
EI24_125583320	0.0403245
ELF5_34490091	0.013962
ELF5_34491014	0.013962
ELP4_31531513	0.0818267
EMSY_76456436	0.440443
EMSY_76466930	0.188478
EMSY_76539426	0.217815
EMSY_76539744	0.216588
EMSY_76541878	0.216588
EMSY_76542670	0.134947
EPS8L2_723239	0.0184069
ESRRA_64312672	0.0602968
ESRRA_64313177	0.0602968
EXT2_44108613	0.0310021
EXT2_44199652	0.123716
F2_46738955	0.125291
FADS1_61806871	0.0281282
FADS1_61808210	0.0281282
FADS1_61809417	0.0281282
FADS1_61811135	0.0557548
FADS2_61850914	0.0199479
FADS2_61859519	0.0573608
FADS2_61863625	0.0279146
FAM118B_126231235	0.0654794
FAM118B_126232371	0.0654794
FAM160A2_6213186	0.0635545
FAM168A_73411036	0.0618412
FAM168A_73521605	0.149092
FAM76B_95785387	0.0478167
FAR1_13728084	0.0674677
FAT3_92417595	0.112094
FAT3_92489012	0.112094
FAT3_92654613	0.097917
FAT3_92833275	0.0582085
FAT3_92837974	0.0597034
FAT3_92840400	0.0597034
FAT3_92843843	0.0512842
FEZ1_125458467	0.0540606
FGF3_69816078	0.0182294
FGF3_69816671	0.0113852
FLI1_128778414	0.0869919
FLI1_128781586	0.0869919
FOLH1_49170327	0.0242231
FOLH1_49199220	0.0556114
FRMD8_65397860	0.0568987
GAL3ST3_66044448	0.0343546
GALNT18_11341153	0.141672
GAL_68686193	0.00695603
GANAB_62634130	0.40336
GAS2_22754853	0.0711851
GDPD4_77229476	0.0494557
GDPD4_77284631	0.0778274
GDPD5_75441878	0.0258014
GDPD5_75441900	0.0258014
GDPD5_75445986	0.0236222
GDPD5_75453135	0.0325305
GDPD5_75460069	0.0631272
GIF_59844082	0.0247195
GLB1L2_134357703	0.00868792
GLB1L2_134366373	0.00878097
GLB1L2_134367921	0.0107104
GLB1L3_134284030	0.0349354
GLB1L3_134291401	0.0406165
GLYATL1P3_59087272	0.0258378
GLYATL1P3_59088414	0.0258378
GLYATL1P3_59088895	0.0258378
GLYATL1_58948066	0.0144609
GLYATL2_58839296	0.0121973
GLYATL2_58844230	0.0456055
GLYAT_58724711	0.0757214
GPR137_64287456	0.106839
GPR83_94395142	0.0231014
GRAMD1B_123581618	0.0939096
GRAMD1B_123581679	0.0939096
GRAMD1B_123594263	0.0384489
GRAMD1B_123603883	0.0357466
GRAMD1B_123604423	0.0357466
GRAMD1B_123605081	0.0357466
GRIA4_105905403	0.0633433
GRIA4_105910273	0.0633433
GRIK4_120832537	0.10895
GRIK4_120901935	0.0336078
GRIK4_120960907	0.0338822
GTF2H1_18336404	0.0706059
GTF2H1_18339432	0.0692824
GTF2H1_18361037	0.0560916
HBE1_5477380	0.0709548
HBG2_5477380	0.0709548
HEPACAM_124933116	0.074531
HEPHL1_94088753	0.0376772
HEPHL1_94092127	0.0301995
HIPK3_33333722	0.0814908
HIPK3_33341389	0.0679103
HNRNPUL2_62723111	0.0717145
HPS5_18289522	0.0847436
HPS5_18306385	0.0448441
HRASLS2_63559178	0.0513146
HRASLS2_63559835	0.0513146
HRASLS2_63560304	0.0107652
HRASLS2_63562615	0.0107652
HRASLS5_63489761	0.031519
HTR3A_113976170	0.0139815
HTR3A_113978452	0.0359779
HTR3A_113978891	0.0359779
HTR3A_113979367	0.02104
HYOU1_119049956	0.0525455
IFT46_118545853	0.0755612
IGHMBP2_68904778	0.015934
IGHMBP2_68938994	0.00834436
IGSF22_18717075	0.0647258
IGSF22_18724525	0.0426397
IGSF9B_133922782	0.0678664
IGSF9B_133939395	0.0746622
IGSF9B_133939735	0.0746622
IGSF9B_133940159	0.0746622
IGSF9B_133940202	0.0746622
IGSF9B_133940245	0.0746622
IGSF9B_133940286	0.0746622
IGSF9B_133946438	0.0715553
IL10RA_117990077	0.121596
IL18_112145991	0.0647329
IMMP1L_31462495	0.095803
INCENP_62125091	0.0220695
INCENP_62125181	0.0220695
INCENP_62126513	0.0220695
INCENP_62129192	0.0184477
INCENP_62134142	0.0202085
INPPL1_72231877	0.0662404
INSC_15176319	0.0258223
INSC_15238884	0.0746172
INTS4_77892939	0.0297354
INTS4_77958015	0.118882
INTS4_77959293	0.0807271
IPO7_9410384	0.157632
IPO7_9411084	0.157632
IPO7_9414900	0.041428
IPO7_9428990	0.398307
IPO7_9441352	0.0559027
IZUMO1R_94307393	0.0720163
JAM3_134123749	0.134627
JAM3_134144552	0.0283769
JAML_118198243	0.0330495
JAML_118212229	0.0162107
KBTBD3_106074539	0.0541315
KCNE3_74464437	0.0685414
KCNQ1_2585761	0.00615075
KCNQ1_2772631	0.0442193
KCNQ1_2775526	0.0442193
KCNQ1_2775705	0.0442193
KCTD14_78021949	0.0659412
KDELC2_108481758	0.0824404
KDM2A_67224983	0.0879066
KDM2A_67248675	0.0695569
KIAA1549L_33576547	0.0496284
KIAA1549L_33609546	0.0493431
KIAA1549L_33660146	0.0221415
KIAA1549L_33665690	0.173275
KIAA1549L_33666873	0.173275
KIF18A_28070450	0.0562288
KIF18A_28096676	0.0667147
KIRREL3_126439365	0.0167685
KIRREL3_126445451	0.0201325
KIRREL3_126524474	0.119158
KLC2_66264974	0.193746
KLHL35_75428833	0.0107231
KLHL35_75429152	0.0107231
KMT2A_118470251	0.132155
KMT2A_118475117	0.0540687
KMT2A_118477261	0.0510711
KMT2A_118479982	0.0720406
KMT2A_118507354	0.0334002
KMT2A_118520976	0.054607
KMT5B_68161945	0.0280891
LARGE2_45926037	0.0760348
LAYN_111547920	0.0628634
LAYN_111555205	0.0999038
LDHAL6A_18463432	0.0929048
LDLRAD3_36228392	0.0184575
LGALS12_63509308	0.0232494
LGALS12_63509776	0.0232494
LGR4_27386433	0.0716864
LMO1_8225879	0.0423085
LMO1_8226554	0.0423085
LMO2_33869020	0.15494
LPXN_58545344	0.10894
LRP4_46860928	0.112515
LRP4_46863837	0.0762653
LRP4_46884030	0.102161
LRP4_46885966	0.102161
LRP4_46886605	0.0953587
LRP5_68352846	0.0342125
LRP5_68404576	0.0196395
LRP5_68410408	0.0229413
LRP5_68420284	0.0171583
LRP5_68440646	0.0233925
LRP5_68448640	0.0160677
LRRC32_76669034	0.0852954
LRRC32_76669599	0.0852954
LRRC55_57185667	0.0505019
LRRC56_549127	0.0171725
LRRC56_550934	0.00582168
LRTOMT_72091112	0.0383993
LSP1_1880372	0.0335758
LUZP2_25077803	0.0159137
LYVE1_10567243	0.1195
MACROD1_64093536	0.0839485
MADD_47276516	0.0559017
MADD_47284908	0.0452187
MADD_47285812	0.0344109
MADD_47291033	0.240101
MADD_47292726	0.240101
MADD_47315636	0.0425763
MADD_47321990	0.0425763
MAJIN_64959582	0.0429339
MAP4K2_64790054	0.0631667
MAP4K2_64799714	0.0191741
MAP6_75607487	0.0610309
MAPK8IP1_45886670	0.0685535
MARK2_63907639	0.233032
ME3_86557951	0.0407375
MEN1_64805242	0.0209862
MEN1_64805454	0.0209862
MFRP_119344109	0.0325629
MICAL2_12204079	0.0526538
MICAL2_12204084	0.0526538
MICAL2_12220136	0.0527019
MICAL2_12226536	0.0377905
MICAL2_12233763	0.0472181
MICAL2_12241562	0.0588963
MICALCL_12290071	0.0587242
MICALCL_12323862	0.10358
MMP12_102864321	0.016694
MMP13_102950394	0.05056
MMP26_4989344	0.0345086
MMP27_102694278	0.0343774
MMP3_102839310	0.0234468
MMP3_102839323	0.0234468
MMP7_102525219	0.0535527
MOB2_1475844	0.00578591
MOB2_1482266	0.0156661
MOB2_1482710	0.0156661
MOGAT2_75718387	0.0118057
MOGAT2_75720774	0.0224017
MOGAT2_75722553	0.0224017
MPPED2_30427075	0.0249275
MPZL2_118263254	0.0959469
MRE11_94436105	0.0172388
MRE11_94436879	0.0172388
MRE11_94461238	0.0345611
MRE11_94482399	0.050098
MRE11_94485107	0.050098
MRGPRE_3229080	0.0154869
MRGPRF_69006450	0.0190657
MRGPRX3_18133993	0.003532
MRGPRX3_18134376	0.003532
MRPL23_1948607	0.0081634
MRPL23_1949341	0.0081634
MRVI1_10579974	0.0793707
MRVI1_10581352	0.193669
MRVI1_10627428	0.0504912
MS4A15_60766807	0.0200215
MS4A15_60768435	0.0411884
MS4A15_60768725	0.0411884
MS4A15_60772112	0.0195318
MS4A15_60774448	0.0141227
MS4A18_60737267	0.0143964
MS4A18_60738589	0.0143964
MS4A2_60095047	0.0200294
MS4A5_60430497	0.0295878
MS4A6A_60176629	0.00743089
MS4A6A_60179214	0.00975429
MS4A8_60715308	0.0844514
MTA2_62594661	0.0221994
MTMR2_95887373	0.0944667
MUC2_1076939	0.0283499
MUC2_1092144	0.0191957
MUC2_1101221	0.0296828
MUC2_1106850	0.0078197
MUC2_1106858	0.0078197
MUC5AC_1174751	0.0503707
MUC5AC_1197466	0.0164311
MUC5B_1233524	0.0121622
MUC5B_1234466	0.0507085
MUC6_1014340	0.00272045
MUC6_1014770	0.00272045
MUC6_1018938	0.000434524
MUC6_1024469	0.0106878
MUC6_1029615	0.0165745
MUC6_1034038	0.00503912
MYBPC3_47334458	0.0267061
MYBPC3_47341335	0.0850925
MYBPC3_47344801	0.0243261
MYBPC3_47347708	0.0806932
MYBPC3_47348130	0.0263996
MYBPC3_47349399	0.012336
MYO7A_77142567	0.0472056
MYO7A_77142573	0.0472056
MYO7A_77145014	0.0402273
MYO7A_77146408	0.0402273
MYO7A_77154535	0.0291251
MYO7A_77160367	0.0231275
MYO7A_77177198	0.0495389
MYO7A_77191781	0.0125398
MYO7A_77198861	0.041035
MYO7A_77205460	0.0128677
MYO7A_77206369	0.0197164
MYRF_61759092	0.0904853
MYRF_61760226	0.0904853
MYRF_61770757	0.0438234
MYRF_61773587	0.100668
MYRF_61775603	0.0290644
NAA40_63945510	0.0772428
NAA40_63950090	0.0352644
NAALAD2_90165367	0.0527982
NAALAD2_90191459	0.0614015
NAALADL1_65049134	0.0527275
NADSYN1_71455726	0.00695456
NADSYN1_71463699	0.0127125
NADSYN1_71463772	0.0127125
NADSYN1_71472593	0.0155058
NADSYN1_71474237	0.0145184
NADSYN1_71483150	0.00713601
NAP1L4_2952837	0.00781082
NAP1L4_2955875	0.00805281
NARS2_78562517	0.0966129
NAT10_34113442	0.0454055
NAT10_34120004	0.0232973
NAV2-IT1_19382386	0.0797098
NAV2-IT1_19383696	0.0797098
NAV2_19881761	0.0422055
NAV2_19936692	0.0839404
NAV2_20041822	0.0333287
NAV2_20051939	0.17558
NAV2_20052276	0.17558
NAV2_20086614	0.0718861
NAV2_20100818	0.0326744
NAV2_20101769	0.00599904
NAV2_20118037	0.0140057
NCAM1_113167457	0.104617
NCAM1_113259404	0.024381
NCAPD3_134159790	0.0420387
NCAPD3_134163137	0.0445257
NCAPD3_134177752	0.0299515
NCAPD3_134184387	0.0237523
NCAPD3_134184403	0.0237523
NCAPD3_134202760	0.0667369
NCAPD3_134220785	0.0177637
NCR3LG1_17370404	0.159896
NECTIN1_119678143	0.0342262
NEU3_74991955	0.0813833
NFRKB_129871326	0.0127342
NFRKB_129871708	0.0127342
NFRKB_129874360	0.0521856
NFRKB_129877528	0.0310531
NFRKB_129882364	0.0540547
NLRP6_284201	0.0317137
NLRX1_119175406	0.0538538
NLRX1_119177058	0.0538538
NOX4_89341782	0.13498
NOX4_89449848	0.123476
NRGN_124743339	0.0716798
NRXN2_64627589	0.0926267
NRXN2_64632780	0.103941
NRXN2_64633121	0.103941
NTM_132308264	0.0576914
NUCB2_17301514	0.10913
NUP160_47791119	0.121083
NUP160_47803683	0.0639625
NUP160_47808732	0.0281769
NUP160_47842306	0.196071
NUP160_47845739	0.196071
NUP160_47845751	0.196071
NUP98_3681791	0.0765196
NUP98_3695766	0.0416181
NUP98_3708374	0.115351
NUP98_3710180	0.115351
NUP98_3738653	0.04721
NXF1_62805021	0.0730274
NXPE1_114530063	0.0334738
OAF_120226786	0.0139814
OOSP2_60044526	0.015304
ORAOV1_69673517	0.0621825
OSBPL5_3099767	0.0341171
OSBPL5_3107570	0.0364952
OSBPL5_3120776	0.00988047
OSBPL5_3120787	0.00988047
OSBPL5_3124505	0.0175796
OSBPL5_3127864	0.0103793
OSBPL5_3128064	0.0103793
OSBP_59578386	0.0533668
OSBP_59581695	0.0901146
OSBP_59594862	0.0230021
OVCH2_7689858	0.0537352
OVCH2_7692490	0.0353988
OVCH2_7695499	0.0290919
OVCH2_7701876	0.0646899
P4HA3_74267595	0.0287482
P4HA3_74278783	0.0768712
P4HA3_74304213	0.116909
P4HA3_74305085	0.105255
PAAF1_73878743	0.0829836
PAAF1_73884127	0.12308
PACS1_66219379	0.0154111
PACS1_66219413	0.0154111
PACS1_66240346	0.062832
PAK1_77342584	0.0698779
PAK1_77356506	0.141656
PAK1_77357628	0.141656
PAK1_77374909	0.116326
PAK1_77388951	0.119426
PAMR1_35439768	0.198594
PAMR1_35473465	0.0235626
PARVA_12414899	0.10283
PARVA_12473552	0.10283
PARVA_12474224	0.0205366
PARVA_12496386	0.0700693
PARVA_12504603	0.153744
PARVA_12509378	0.160539
PARVA_12516651	0.0167074
PATE1_125748073	0.028592
PATL1_59655031	0.0443069
PATL1_59667044	0.0743335
PATL1_59668015	0.0743335
PCSK7_117230468	0.0208241
PC_66864758	0.028609
PC_66868712	0.0216947
PC_66956159	0.0403427
PDDC1_772258	0.012496
PDDC1_772342	0.012496
PDE2A_72607079	0.142531
PDE3B_14843141	0.139731
PDE3B_14864767	0.135147
PDGFD_103986233	0.0670398
PDHX_34966472	0.0567496
PDHX_34985681	0.0586847
PGAP2_3810883	0.153198
PGM2L1_74340216	0.0899044
PGM2L1_74347735	0.0919229
PHF21A_45946276	0.220142
PHLDB1_118611138	0.105479
PHLDB1_118618155	0.212247
PHLDB1_118625776	0.107788
PHLDB1_118628967	0.143975
PHLDB1_118631840	0.0704758
PHLDB1_118638264	0.0255634
PHRF1_578072	0.0166363
PHRF1_595710	0.00726483
PHRF1_611369	0.0133902
PICALM_86006955	0.0889073
PICALM_86007984	0.0519463
PIK3C2A_17113563	0.0732763
PIK3C2A_17128621	0.0812932
PIK3C2A_17145280	0.138245
PITPNM1_67495846	0.0184035
PITPNM1_67497739	0.0993924
PITPNM1_67501102	0.126199
PITPNM1_67504408	0.0718851
PIWIL4_94574412	0.0945788
PIWIL4_94585334	0.00946293
PIWIL4_94593041	0.0324089
PIWIL4_94595211	0.0385975
PIWIL4_94597750	0.0187387
PIWIL4_94608022	0.0291103
PKNOX2_125429667	0.0401545
PKNOX2_125430430	0.147167
PKP3_403381	0.0575621
PLCB3_64253872	0.101135
PLCB3_64254210	0.101135
PLEKHA7_16802447	0.0153579
PLEKHA7_16846546	0.0474708
PLEKHA7_16852061	0.0518375
PLEKHA7_16879381	0.0974751
PLEKHA7_16918392	0.0974751
PLEKHA7_17002853	0.0974751
PLEKHB1_73650245	0.0502027
PLET1_112250737	0.0548986
PLET1_112252670	0.0755789
PLET1_112259274	0.0225725
POLA2_65277142	0.097178
POLA2_65278656	0.097178
POLD3_74627621	0.216057
POLD3_74638130	0.140027
POLR2L_840940	0.00829384
POU2F3_120243225	0.139838
POU2F3_120299977	0.0807898
POU2F3_120311399	0.0481167
POU2F3_120315359	0.0481167
PPFIA1_70338312	0.0062093
PPFIA1_70343223	0.0262017
PPFIA1_70373073	0.0174033
PPFIA1_70382674	0.0164088
PPFIBP2_7632086	0.026809
PPFIBP2_7640395	0.167263
PPFIBP2_7642170	0.0370679
PPME1_74204248	0.172959
PPME1_74234505	0.0906807
PPME1_74243095	0.115223
PPP1R32_61481419	0.0307204
PPP1R32_61484248	0.0299037
PPP1R32_61487818	0.0221476
PPP2R1B_111748352	0.0520946
PPP2R5B_64930237	0.100329
PPP6R3_68538450	0.0321286
PPP6R3_68548417	0.0366814
PPP6R3_68553799	0.0269703
PPP6R3_68557439	0.0214578
PPP6R3_68565595	0.0197176
PPP6R3_68575861	0.0238598
PPP6R3_68579997	0.0362758
PPP6R3_68599428	0.0178925
PPP6R3_68602987	0.0109606
PRDM10_129917772	0.0252636
PRDM10_129922469	0.0134447
PRDM10_129932336	0.0282565
PRDM10_129945801	0.0407561
PRDM10_129951564	0.0710391
PRDM11_45214756	0.104854
PRDM11_45219568	0.104854
PRDX5_64321442	0.0524526
PRG3_57377140	0.015413
PRMT3_20404982	0.111505
PRPF19_60891502	0.0690507
PRPF19_60894514	0.0690507
PRPF19_60903128	0.017175
PRR5L_36403061	0.0267197
PSMD13_243775	0.115718
PTDSS2_476333	0.0423906
PTGDR2_60855792	0.0244062
PTPMT1_47567895	0.0417245
PTPN5_18731343	0.0531832
PTPN5_18733093	0.0493008
PTPN5_18733904	0.0688827
PTPN5_18740336	0.0239549
PTPRJ_48015226	0.0758529
PTPRJ_48129999	0.0281346
PTPRJ_48140385	0.0376273
PTPRJ_48160336	0.0336042
PTS_112228426	0.0516299
PYGM_64751689	0.0426231
QSER1_32966168	0.0715271
QSER1_32966173	0.0715271
QSER1_32971383	0.0529407
RAB1B_66273074	0.0402731
RAB3IL1_61900085	0.0141424
RAB3IL1_61909763	0.0413948
RAB3IL1_61911635	0.0413948
RAB6A_73707157	0.125772
RAD9A_67393868	0.00913091
RAG1_36516179	0.0928222
RAG1_36516669	0.0928222
RASSF7_562861	0.0368495
RASSF7_563033	0.0368495
RBM14_66622528	0.138925
RBM4B_66669401	0.084873
RCOR2_63913712	0.0664901
RDX_110234139	0.0723998
RDX_110248622	0.0491466
RDX_110249454	0.0491466
RDX_110265169	0.0522197
RDX_110274815	0.0540544
RELA_65656731	0.0147886
RELA_65659164	0.0258458
RELT_73390345	0.0411388
REXO2_114442086	0.103629
RHOD_67057450	0.0333091
RHOD_67062321	0.0333091
RHOD_67066545	0.0161844
RIC8A_210313	0.0227351
RNF121_71949747	0.14124
RNF141_10519793	0.1626
RNF169_74810556	0.0919002
RNF214_117242244	0.0582171
ROBO3_124866001	0.0835979
ROBO3_124871730	0.0356755
ROBO3_124873152	0.0802045
ROBO3_124874974	0.0895224
ROBO3_124874995	0.0895224
ROBO3_124879723	0.0778957
ROBO4_124895685	0.0584343
RP11-484D2.4_43391033	0.0625295
RP11-5L12.1_9242962	0.100224
RP11-613F22.8_18508145	0.0776123
RP11-667M19.2_113771046	0.0831767
RP11-680F20.6_125946462	0.0168081
RP11-680F20.6_125949458	0.01488
RP11-849H4.2_71927142	0.0735531
RP11-94P11.4_105264836	0.0283821
RPS6KA4_64367008	0.0368803
RPUSD4_126207405	0.0367828
RRAS2_14279880	0.0216808
RSF1_77675747	0.0286423
RSF1_77694319	0.0590002
RSF1_77698008	0.0590002
RSF1_77699780	0.177253
RTN4RL2_57461114	0.119904
RTN4RL2_57465251	0.119904
RTN4RL2_57474131	0.108954
SAAL1_18089963	0.0650557
SAAL1_18099905	0.0815558
SAAL1_18103630	0.063232
SART1_65965528	0.0388346
SART1_65966986	0.019839
SART1_65973193	0.04363
SART1_65975900	0.04363
SBF2_10281311	0.125251
SBF2_9786450	0.114337
SBF2_9789950	0.0798046
SBF2_9852876	0.111791
SCGB1A1_62421077	0.051016
SCGB2A1_62209307	0.0111033
SCGB2A1_62209465	0.0111033
SCN2B_118168408	0.0436747
SCN3B_123642045	0.0268098
SCN4B_118142971	0.0142392
SCN4B_118151679	0.0670918
SCUBE2_9053241	0.258653
SCUBE2_9069799	0.10991
SCYL1_65530476	0.0290721
SDHAF2_61440789	0.0804584
SERGEF_18003796	0.0845282
SERGEF_18009052	0.0969235
SERGEF_18012191	0.0969235
SESN3_95193719	0.104679
SF3B2_66060539	0.0473794
SHANK2_70478877	0.0233489
SIAE_124650261	0.0241336
SIAE_124651814	0.0241336
SIAE_124657332	0.20816
SIAE_124667429	0.0893407
SIDT2_117187011	0.104903
SIK2_111720173	0.0263481
SIK3_116847373	0.0336312
SIK3_116867320	0.285449
SIK3_116876537	0.0361089
SIK3_116956736	0.0998085
SIRT3_217838	0.0199408
SIRT3_234647	0.0413534
SLC15A3_60938213	0.0121499
SLC15A3_60938762	0.0121499
SLC15A3_60947379	0.0497318
SLC1A2_35288256	0.0550051
SLC1A2_35292520	0.0390363
SLC1A2_35313912	0.067805
SLC22A10_63296202	0.130958
SLC22A10_63296306	0.130958
SLC22A11_64559766	0.00674539
SLC22A11_64561226	0.00674539
SLC22A11_64561929	0.00674539
SLC22A11_64564772	0.0122156
SLC22A11_64570280	0.0157813
SLC22A12_64593042	0.0139234
SLC22A12_64593251	0.0139234
SLC22A18_2904936	0.0423723
SLC22A18_2905727	0.0423723
SLC22A18_2915255	0.00415569
SLC22A18_2924885	0.0115658
SLC22A8_62998694	0.0300878
SLC22A9_63375171	0.00428635
SLC29A2_66365381	0.0695837
SLC35C1_45808569	0.0422055
SLC35C1_45809499	0.0422055
SLC35F2_107813589	0.0526663
SLC37A2_125081342	0.0319641
SLC37A2_125082739	0.0383311
SLC37A2_125083970	0.0533792
SLC43A1_57498830	0.0681337
SLC43A3_57420876	0.0392134
SLC5A12_26686745	0.0217791
SLC6A5_20627735	0.0455444
SLC6A5_20629999	0.036499
SLC6A5_20634340	0.052464
SLC6A5_20635316	0.052464
SLC6A5_20649495	0.0960495
SLC6A5_20652989	0.270954
SLC6A5_20653975	0.270954
SLCO2B1_75168514	0.05161
SLCO2B1_75193754	0.0232396
SLCO2B1_75194982	0.0232396
SMTNL1_57545878	0.0572995
SNX15_65034027	0.0358031
SORL1_121476436	0.0378621
SORL1_121513681	0.0383639
SORL1_121545058	0.0158859
SORL1_121545598	0.0148137
SORL1_121553016	0.0903383
SORL1_121555485	0.00826266
SORL1_121563862	0.0391708
SORL1_121574435	0.0179534
SORL1_121574824	0.0179534
SORL1_121599002	0.0252484
SORL1_121619227	0.0379686
SORL1_121620647	0.0120349
SPCS2_74960116	0.101067
SPCS2_74967362	0.133824
SPON1_14254955	0.0403937
SPTBN2_66698010	0.0331006
SPTBN2_66711167	0.0310784
SPTBN2_66715495	0.189332
SPTBN2_66717907	0.124424
SPTY2D1-AS1_18601310	0.0889965
SPTY2D1-AS1_18603650	0.0650885
SPTY2D1_18633598	0.0991362
SSH3_67309023	0.00823241
SSH3_67311362	0.00851719
ST14_130195481	0.0598295
ST14_130208408	0.023815
ST5_8705398	0.0276331
ST5_8710665	0.154223
ST5_8714875	0.315382
ST5_8717079	0.0365078
ST5_8726353	0.0341257
ST5_8728373	0.0341257
STIM1_4056511	0.200136
STIM1_4081210	0.121676
STIP1_64187039	0.04512
STIP1_64197782	0.0445233
STIP1_64200700	0.00736871
STK33_8468098	0.0991122
STK33_8474537	0.105925
STT3A-AS1_125587072	0.124289
STX3_59787747	0.0196999
STX3_59794610	0.0462741
SWAP70_9733042	0.0436712
SYT13_45246292	0.0842705
SYT13_45253128	0.0330343
SYT7_61519238	0.0378584
SYT7_61523444	0.0212319
SYT7_61525202	0.0372259
SYT7_61525325	0.0372259
SYT7_61528431	0.0381866
SYT7_61529361	0.0381866
SYT7_61530837	0.0381866
SYT7_61552920	0.125922
SYTL2_85736057	0.0689192
SYTL2_85737694	0.0657452
SYTL2_85739086	0.0657452
SYTL2_85740105	0.0657452
SYTL2_85746001	0.189031
SYVN1_65133386	0.0587465
TAF6L_62782518	0.0613203
TALDO1_748310	0.0713463
TALDO1_763613	0.0412863
TBRG1_124626356	0.185288
TBX10_67633415	0.00975484
TCIRG1_68040995	0.029581
TCIRG1_68044008	0.0630625
TCIRG1_68044049	0.0630625
TCN1_59855028	0.0175876
TCN1_59861449	0.0298035
TCN1_59865022	0.0393544
TCP11L1_33061500	0.0317531
TCP11L1_33068519	0.0261936
TEAD1_12675014	0.239383
TEAD1_12881795	0.040013
TEAD1_12929867	0.0325681
TECTA_121113462	0.0450058
TECTA_121134210	0.0672751
TECTA_121135928	0.0672751
TECTA_121138317	0.0591191
TENM4_78660411	0.116982
TENM4_78672516	0.146934
TENM4_78729689	0.108257
TENM4_78734701	0.0712673
TENM4_78737767	0.0712673
TENM4_78773448	0.0891786
TENM4_78777992	0.0891786
TENM4_78812968	0.0865584
TESMIN_68744436	0.0304237
TESMIN_68745776	0.0124475
THAP12_76364995	0.185451
THAP12_76378220	0.0850437
THYN1_134252341	0.0214121
TIRAP_126290759	0.0330323
TMEM132A_60935250	0.0230595
TMEM135_87309333	0.0912361
TMEM136_120329925	0.0973818
TMEM151A_66293822	0.058554
TMEM216_61393229	0.0507805
TMEM225_123883781	0.0461191
TMEM41B_9294234	0.0846854
TMEM80_698211	0.0132242
TMEM80_698522	0.0132242
TMPRSS13_117909204	0.0143614
TMPRSS13_117926245	0.0342262
TMPRSS4_118099597	0.0432769
TMPRSS4_118100116	0.0432769
TMPRSS5_113698491	0.0251003
TMPRSS5_113699521	0.018612
TNKS1BP1_57300380	0.01813
TNKS1BP1_57313925	0.0108587
TNNT3_1930343	0.207036
TNNT3_1936691	0.0472766
TOLLIP_1287541	0.13632
TOLLIP_1291751	0.0828472
TOLLIP_1291788	0.0828472
TP53AIP1_128941501	0.00533354
TP53AIP1_128942653	0.00533354
TP53I11_44937885	0.0326121
TPCN2_69052155	0.016922
TPCN2_69076265	0.0153175
TPCN2_69081208	0.0132836
TPCN2_69082617	0.0128123
TPCN2_69083266	0.0128123
TPCN2_69083657	0.0128123
TPCN2_69086500	0.0177483
TREH_118662182	0.00996742
TRIM29_120129252	0.0594639
TRIM5_5666116	0.0155096
TRIM66_8620901	0.0559434
TRIM66_8623160	0.046392
TRIM66_8644992	0.0332464
TRIM6_5609273	0.0352349
TRIM6_5610073	0.0352349
TRIM77_89712519	0.0234684
TRIM77_89715659	0.0133456
TRPC6_101474917	0.052892
TRPM5_2412316	0.016972
TRPM5_2419845	0.025838
TSG101_18481348	0.0398622
TSGA10IP_65949272	0.0902034
TSGA10IP_65955373	0.0338869
TSKU_76788802	0.0966356
TSPAN18_44911132	0.0223128
TSPAN18_44911751	0.0223128
TSPAN18_44920262	0.0170352
TSPAN18_44927235	0.0180763
TSPAN18_44928962	0.0180763
TSPAN32_2311036	0.00515383
TSPAN32_2317805	0.000566766
TTC12_113328038	0.121463
TTC12_113342901	0.01974
TTC12_113344085	0.01974
TTC12_113356446	0.148387
TTC12_113360986	0.0212977
TTC17_43391301	0.0625295
TTC17_43402683	0.0542165
TTC17_43403428	0.0542165
TTC17_43411926	0.0941315
TTC17_43444823	0.11904
TUB-AS1_8067002	0.0615768
TUB_8096334	0.0511227
TUB_8099451	0.0340922
TUT1_62587188	0.0648707
UBASH3B_122799820	0.0263781
UBE2L6_57557234	0.0333506
UBE2L6_57558867	0.0333506
UBE2L6_57562685	0.0549155
UBE4A_118364863	0.0802274
UBE4A_118393737	0.047014
UCP2_73980384	0.0736898
UEVLD_18559122	0.094838
UEVLD_18559842	0.094838
UEVLD_18561471	0.094838
UEVLD_18575895	0.15701
USH1C_17497518	0.189626
USH1C_17498688	0.0202454
USH1C_17500867	0.0202454
USH1C_17523594	0.0564866
USH1C_17527331	0.113162
USH1C_17527396	0.113162
USP28_113804058	0.0447761
USP28_113824712	0.041308
USP35_78194960	0.0616645
USP35_78201128	0.0226209
USP35_78208806	0.0452466
USP35_78213238	0.0971613
USP47_11904120	0.0791625
USP47_11920833	0.0565554
USP47_11925789	0.124484
USP47_11934587	0.0661779
UVRAG_76013986	0.179023
VEGFB_64236864	0.211424
VPS11_119069149	0.075227
VPS11_119071963	0.0559439
VPS26B_134242994	0.0172443
VPS37C_61137887	0.0324219
VSIG2_124748965	0.0278263
VWA5A_124120857	0.013901
VWCE_61263750	0.0692503
VWCE_61278305	0.13741
WT1_32429292	0.0623074
WT1_32433764	0.0623074
WT1_32434258	0.0623074
XRRA1_74845271	0.0442202
XRRA1_74850607	0.0227322
XRRA1_74858223	0.062825
XRRA1_74907477	0.0979418
XRRA1_74929657	0.0546585
XRRA1_74946745	0.095551
YAP1_102178528	0.0785842
YAP1_102226047	0.0724058
ZC3H12C_110157926	0.018991
ZC3H12C_110160232	0.0344749
ZC3H12C_110163770	0.0568512
ZDHHC13_19159238	0.0419892
ZDHHC13_19159453	0.0419892
ZDHHC13_19166274	0.0287699
ZDHHC13_19174552	0.111234
ZDHHC24_66541695	0.0258531
ZNF143_9472235	0.0432182
ZNF143_9495012	0.0251666
ZNF143_9501809	0.0987675
ZNF143_9526553	0.0520854
ZP1_60873939	0.0160475
ZW10_113762311	0.101897
A2ML1_8826760	0.16039
A2ML1_8849532	0.0553289
A2ML1_8867699	0.0678518
A2ML1_8867811	0.0678518
A2M_9100279	0.0308611
A2M_9103696	0.0269134
AAAS_53314155	0.0444744
AACS_125070230	0.0198616
AACS_125073804	0.0198616
AACS_125088805	0.0282935
AACS_125106654	0.0219193
AACS_125117179	0.0879792
AACS_125119798	0.0285307
AACS_125130203	0.0297587
AACS_125132452	0.0297587
ABCB9_122944273	0.0329838
ABCB9_122947348	0.0258213
ABCC9_21848344	0.054879
ABCC9_21894411	0.0403
ABCC9_21907288	0.0774609
ACACB_109184329	0.109054
ACACB_109186844	0.0192409
ACACB_109192055	0.0136476
ACACB_109192960	0.0136476
ACACB_109208035	0.0305139
ACACB_109259984	0.0208811
ACAD10_111705367	0.041321
ACAD10_111710436	0.104508
ACAD10_111712192	0.104508
ACAD10_111715030	0.0563057
ACAD10_111718641	0.0604319
ACAD10_111725810	0.0729025
ACAD10_111747047	0.0161937
ACAD10_111750980	0.0560651
ACRBP_6645574	0.0446445
ACSM4_7320407	0.0709693
ACSS3_81138931	0.0658381
ACSS3_81150016	0.0510113
ACTR6_100206453	0.0765057
ACVR1B_51979710	0.142109
ACVR1B_51982246	0.0249257
ACVR1B_51985835	0.0400749
ACVRL1_51912967	0.040643
ADAMTS20_43431730	0.0442243
ADAMTS20_43452753	0.116525
ADCY6_48772742	0.100614
ADCY6_48775230	0.111089
ADGRD1_131003942	0.00966591
ADGRD1_131008137	0.0111189
ADGRD1_131011454	0.0111189
ADGRD1_131107754	0.0247785
ADGRD1_131108404	0.0247785
ADGRD1_131135874	0.0298145
ADGRD1_131138879	0.0144339
ADIPOR2_1719832	0.131978
ADIPOR2_1784704	0.0371561
AGAP2_57734404	0.0502299
AGAP2_57736354	0.342472
AGAP2_57739110	0.342472
AKAP3_4638673	0.0432177
ALDH1L2_105051768	0.0185318
ALDH1L2_105062191	0.021096
ALDH1L2_105066478	0.157818
ALDH1L2_105071176	0.0322651
ALDH2_111777003	0.0468821
ALDH2_111790239	0.0260721
ALDH2_111791543	0.0295023
ALDH2_111807508	0.108902
ALKBH2_109088624	0.0201283
AMHR2_53424072	0.14873
AMHR2_53428680	0.0222762
ANHX_133226660	0.0293058
ANKLE2_132732670	0.0350924
ANKLE2_132749522	0.0305461
ANKLE2_132753019	0.0353048
ANKRD13A_110036533	0.0205175
ANKRD52_56248971	0.0372551
ANO2_5563674	0.122727
ANO2_5614453	0.0197777
ANO2_5743826	0.0485045
ANO2_5803434	0.0735579
ANO2_5921566	0.150804
ANO2_5921884	0.150804
ANO2_5921946	0.150804
ANO4_101038378	0.0610888
ANO4_101127779	0.0449211
ANO6_45350546	0.0337519
ANO6_45373112	0.131546
ANO6_45424079	0.0409793
APAF1_98649239	0.124308
APAF1_98717318	0.109384
APOBEC1_7650526	0.0397541
APOLD1_12781356	0.0997287
APPL2_105177522	0.113948
APPL2_105197381	0.0317712
APPL2_105234362	0.0295843
ARHGEF25_57615835	0.102621
ARNTL2_27371446	0.0748406
ARNTL2_27419401	0.0525275
ARPC3_110441606	0.0805629
ARPC3_110445803	0.0688048
ASIC1_50058368	0.184192
ASIC1_50059363	0.055181
ASIC1_50077567	0.176917
ASIC1_50078212	0.207072
ATF7IP_14435307	0.0372271
ATF7IP_14436830	0.0868784
ATF7IP_14446128	0.0703089
ATF7IP_14446449	0.0703089
ATF7IP_14475756	0.0855402
ATF7IP_14478170	0.037724
ATF7_53533297	0.114071
ATF7_53533434	0.114071
ATF7_53538360	0.104087
ATF7_53540929	0.104087
ATF7_53543997	0.154846
ATP23_57945531	0.059307
ATP23_57946830	0.0387131
ATP23_57951654	0.0584819
ATP2B1_89600879	0.0715701
ATP2B1_89617460	0.0662051
ATP6V0A2_123713089	0.0502291
ATP6V0A2_123713105	0.0502291
ATP6V0A2_123720962	0.152158
ATP6V0A2_123727133	0.0287896
ATXN2_111463616	0.0929013
ATXN2_111517186	0.337795
ATXN2_111523844	0.0432828
AVIL_57807039	0.0197105
AVIL_57813710	0.0290563
AVPR1A_63149301	0.0395871
B4GALNT1_57631646	0.0437345
B4GALNT3_551560	0.0153928
B4GALNT3_556350	0.0401401
B4GALNT3_557422	0.0270405
BCAT1_24832933	0.208069
BCAT1_24867231	0.0852636
BCL2L14_12076031	0.0207658
BCL2L14_12090185	0.0338706
BCL2L14_12091420	0.0740254
BCL2L14_12092024	0.0740254
BCL7A_122031674	0.0479683
BEST3_69676152	0.0525519
BEST3_69677319	0.0381175
BICD1_32328663	0.0589426
BICDL1_120062398	0.143272
BICDL1_120064082	0.143272
BICDL1_120069450	0.0801928
BICDL1_120071030	0.0801928
BICDL1_120089738	0.0474148
BICDL1_120090729	0.0741588
BIN2_51299139	0.0472071
BIN2_51299751	0.0403432
BIN2_51303299	0.0770653
BRAP_111646415	0.0643376
BRAP_111655965	0.0496328
BRAP_111665111	0.0285873
BRAP_111666821	0.291531
BRAP_111682165	0.0471
BTBD11_107612695	0.0789497
BTBD11_107617731	0.178093
BTBD11_107619598	0.118728
C12orf10_53302468	0.0190512
C12orf40_39647615	0.0414994
C12orf43_121008333	0.0298069
C12orf45_104987776	0.0266739
C12orf45_104992407	0.0218262
C12orf49_116723448	0.087541
C12orf4_4522636	0.0532746
C12orf4_4533448	0.0670533
C12orf54_48489863	0.0581148
C12orf54_48494748	0.0425255
C12orf56_64275576	0.0553771
C1QL4_49333933	0.0501031
C1S_7062473	0.0352567
C1S_7069684	0.0307417
C2CD5_22474975	0.0328886
C2CD5_22475436	0.0328886
C2CD5_22499444	0.178392
C2CD5_22539705	0.0826606
CABP1_120654628	0.122767
CACNA1C-IT1_2019097	0.0442082
CACNA1C_2450035	0.0234036
CACNA1C_2491540	0.0693783
CACNA1C_2583189	0.0688436
CACNA1C_2602160	0.0222577
CACNA1C_2611562	0.148388
CACNA1C_2652635	0.0144013
CACNA2D4_1843543	0.0421745
CACNA2D4_1854197	0.0148988
CACNA2D4_1878667	0.0248516
CACNB3_48827538	0.0452343
CAMKK2_121250559	0.0374798
CAMKK2_121253057	0.0303799
CAND1_67294283	0.0458271
CAPRIN2_30718344	0.103117
CAPRIN2_30736762	0.091482
CASC1_25110485	0.0147008
CASC1_25112942	0.0631318
CASC1_25113261	0.0631318
CASC1_25120918	0.0369486
CASC1_25121118	0.0369486
CASC1_25147303	0.0395339
CBX5_54264269	0.149411
CBX5_54275766	0.149411
CCDC60_119516864	0.0435945
CCDC60_119520371	0.0203365
CCDC60_119521802	0.0203365
CCDC62_122794320	0.0407994
CCDC62_122800119	0.0328478
CCDC62_122826169	0.0842546
CCDC65_48917718	0.0684451
CCDC65_48919204	0.0667818
CCDC77_431762	0.0503694
CCDC77_432214	0.0441862
CCDC91_28450736	0.0303944
CD163L1_7377088	0.0661029
CD163L1_7378669	0.0661029
CD163L1_7398092	0.148131
CD4_6800650	0.120563
CD4_6815227	0.0259445
CD9_6229021	0.0717822
CDK17_96281374	0.0667104
CEP290_88087259	0.0803739
CEP290_88100061	0.0375997
CEP290_88140431	0.0302998
CEP83_94401458	0.064814
CEP83_94402550	0.064814
CEP83_94410620	0.0739643
CERS5_50137850	0.0853405
CFAP54_96500749	0.089567
CFAP54_96503541	0.0969515
CFAP54_96530660	0.055522
CFAP54_96554380	0.163764
CFAP54_96579637	0.0664214
CFAP54_96702172	0.076701
CFAP54_96706437	0.111007
CFAP54_96789322	0.124146
CFAP73_113153929	0.0254408
CHFR_132846019	0.0372682
CHFR_132850483	0.0323176
CHPT1_101723027	0.113183
CIT_119696874	0.0686767
CIT_119704743	0.0821219
CIT_119726533	0.107533
CIT_119754793	0.0436701
CIT_119761432	0.143299
CIT_119777841	0.14532
CIT_119781998	0.14532
CIT_119833367	0.0299975
CIT_119870821	0.0669504
CIT_119872327	0.0669504
CIT_119874097	0.0669504
CKAP4_106242738	0.0714286
CKAP4_106244359	0.0714286
CLEC1A_10074020	0.0393944
CLEC1A_10080676	0.0366123
CLEC2D_9681973	0.0738023
CLEC4A_8126715	0.0150516
CLEC4A_8128187	0.0150516
CLEC4C_7743920	0.0539621
CLEC4C_7744057	0.0539621
CLEC4D_8520054	0.0335944
CLEC6A_8459511	0.0232946
CLEC9A_10062918	0.0275929
CLIP1_122293727	0.0642581
CLIP1_122317443	0.0662012
CLIP1_122336444	0.0266153
CLIP1_122361414	0.0350475
CLIP1_122363529	0.0350475
CLIP1_122364282	0.102041
CLSTN3_7133488	0.11712
CLSTN3_7143681	0.0470212
CMAS_22054776	0.0596115
CNOT2_70340130	0.0495161
CNTN1_40937236	0.264276
CNTN1_40937395	0.264276
CNTN1_40939004	0.038371
COL2A1_47977791	0.0243315
COL2A1_47977868	0.0243315
COL2A1_47987939	0.18669
COL2A1_47988518	0.18669
COL2A1_47993019	0.0247776
COL2A1_47994603	0.136156
COL2A1_48003828	0.227
COPS7A_6727862	0.046215
COPS7A_6728841	0.0436075
COQ5_120509125	0.0753372
COQ5_120516329	0.081312
CORO1C_108648009	0.0143521
CPM_68868375	0.0390461
CPM_68871688	0.0262334
CPNE8_38689304	0.0770499
CPNE8_38729849	0.0304431
CPSF6_69258284	0.717518
CPSF6_69262214	0.0628432
CPSF6_69262222	0.0628432
CRACR2A_3618558	0.0113603
CRACR2A_3622140	0.118879
CRACR2A_3635194	0.0340449
CRACR2A_3636309	0.0340449
CRACR2A_3638942	0.0207324
CRACR2A_3640262	0.0207324
CRACR2A_3646566	0.00835273
CRACR2A_3654471	0.0750623
CRACR2A_3658874	0.0208761
CRACR2A_3678791	0.0192952
CRACR2A_3679166	0.0205733
CRADD_93810480	0.105353
CREBL2_12641543	0.126583
CSAD_53158863	0.136029
CSRNP2_51065064	0.0808398
CSRNP2_51068548	0.0695845
CSRP2_76859305	0.0430888
CUX2_111291965	0.0191828
CUX2_111308198	0.0238588
CUX2_111340334	0.0511794
DAO_108884313	0.0516097
DDIT3_57517809	0.129865
DDX11_31096192	0.00723386
DDX11_31097202	0.0401298
DDX11_31102791	0.0245956
DDX47_12819440	0.0403265
DDX54_113159597	0.0121766
DDX54_113161639	0.039251
DDX54_113162181	0.0220525
DDX55_123602812	0.0391434
DDX55_123603253	0.0391434
DDX55_123612181	0.0240602
DENND5B_31401820	0.038793
DENND5B_31424290	0.0512654
DENND5B_31513941	0.114598
DENR_122757379	0.0846853
DENR_122763408	0.042019
DENR_122764828	0.042019
DENR_122765444	0.0221824
DENR_122768284	0.0667613
DEPDC4_100255392	0.0876828
DERA_15959467	0.180912
DERA_15960813	0.0467015
DERA_15962062	0.0467015
DGKA_55937711	0.251859
DHH_49094141	0.382937
DHX37_124957329	0.0270151
DHX37_124963939	0.0453658
DHX37_124965006	0.00906505
DHX37_124967850	0.0141483
DHX37_124972366	0.00606256
DHX37_124975341	0.0300344
DHX37_124975606	0.0122628
DHX37_124975617	0.0122628
DIABLO_122223795	0.052712
DIP2B_50686352	0.240654
DIP2B_50689411	0.0886605
DIP2B_50692821	0.0886605
DIP2B_50693366	0.0370408
DIP2B_50693705	0.0370408
DIP2B_50695093	0.0370408
DIP2B_50722672	0.0231573
DIP2B_50736958	0.0220525
DIP2B_50739769	0.0257332
DNAH10_123772590	0.0125665
DNAH10_123809197	0.020719
DNAH10_123829101	0.0348794
DNAH10_123837700	0.0191517
DNAH10_123838370	0.0191517
DNAH10_123848938	0.00783691
DNAH10_123850426	0.00783691
DNAH10_123850519	0.00783691
DNAH10_123872089	0.0181847
DNAH10_123876134	0.0135414
DNAH10_123888148	0.0342078
DNAH10_123889569	0.0342078
DNAH10_123892607	0.0342078
DNAH10_123902597	0.0479331
DNAH10_123905793	0.0180695
DNAH10_123918264	0.0215673
DNM1L_32719810	0.115996
DRAM1_101897586	0.0565207
DRAM1_101906901	0.040238
DTX1_113092909	0.0585432
DTX1_113093024	0.0585432
DTX1_113094036	0.0279169
DUSP16_12480422	0.0382756
DYRK4_4597454	0.0262994
E2F7_77044484	0.147697
E2F7_77046836	0.0830852
E2F7_77052619	0.071402
EEA1_92780544	0.0484421
EEA1_92800880	0.0775643
EEA1_92811590	0.0514472
EEA1_92813708	0.0580554
EEA1_92815642	0.0580554
EIF2B1_123622403	0.0223133
EIF4B_53021202	0.130853
EIF4B_53035959	0.068581
ENO2_6916083	0.0242886
ENO2_6920140	0.0407672
EP400_131979499	0.0572257
EP400_131992828	0.0209404
EP400_132015162	0.0112419
EP400_132034958	0.0242097
EP400_132035213	0.0242097
EP400_132040758	0.0162222
EP400_132041624	0.0162222
EP400_132051488	0.0541767
EP400_132072237	0.0175829
EPS8_15653025	0.0443678
EPS8_15655049	0.0606568
EPS8_15666543	0.0826917
ERBB3_56080899	0.292822
ERBB3_56086471	0.13813
ERC1_1021355	0.0944353
ERC1_1104615	0.0721765
ERGIC2_29357863	0.0441651
ERP27_14936909	0.0490145
ERP29_112022008	0.0300705
ESPL1_53272157	0.0278148
ESPL1_53275468	0.0332399
ESYT1_56133175	0.0571138
ETNK1_22631170	0.111982
ETNK1_22658896	0.0833042
FAIM2_49889302	0.0400612
FAM109A_111366476	0.033474
FAM186B_49603818	0.030855
FAM216A_110485560	0.0747191
FBRSL1_132520822	0.033762
FBRSL1_132525438	0.033762
FBRSL1_132576060	0.00811683
FBXO21_117156042	0.0133929
FBXO21_117167190	0.0535095
FBXO21_117173812	0.0114214
FBXO21_117175662	0.0150749
FBXO21_117178378	0.054586
FBXO21_117185306	0.054586
FBXO21_117189523	0.167519
FBXW8_116985048	0.0977227
FBXW8_116985061	0.0977227
FBXW8_116999652	0.120793
FBXW8_117027233	0.0103498
FGD4_32608851	0.0417269
FGD4_32626767	0.0337526
FGD6_95084166	0.0993618
FGD6_95135897	0.0485199
FGD6_95216443	0.138064
FGFR1OP2_26958012	0.169376
FICD_108517577	0.0241714
FKBP4_2802889	0.0143294
FMNL3_49648471	0.0870074
FMNL3_49655968	0.151322
FMNL3_49657257	0.117059
FMNL3_49658250	0.117059
FMNL3_49675135	0.122686
FOXN4_109288356	0.0224311
GALNT6_51355381	0.039968
GALNT6_51364355	0.0248752
GALNT8_4740845	0.0217449
GALNT8_4765338	0.0226912
GALNT9_132199269	0.0199482
GALNT9_132201580	0.0133148
GAS2L3_100592681	0.176986
GAS2L3_100600778	0.0568482
GCN1_120148404	0.029888
GCN1_120158030	0.0211026
GCN1_120168448	0.0159325
GCN1_120168468	0.0159325
GCN1_120174264	0.143041
GCN1_120178034	0.0318521
GCN1_120178099	0.0318521
GCN1_120182479	0.0275693
GCN1_120184403	0.0228069
GDF11_55749199	0.285017
GIT2_109945408	0.0661726
GIT2_109962922	0.0680344
GIT2_109963757	0.0680344
GIT2_109987992	0.085448
GLI1_57467595	0.0481573
GLIPR1L2_75425025	0.100075
GLS2_56480666	0.0971456
GLTP_109858396	0.040609
GLTP_109858400	0.040609
GNPTAB_101748543	0.0294352
GNPTAB_101750216	0.030389
GNPTAB_101770636	0.0302659
GNPTAB_101788899	0.129712
GNS_64726531	0.0564281
GNS_64730288	0.0433341
GNS_64731670	0.0433341
GNS_64736673	0.0433341
GNS_64745333	0.0924314
GOLGA3_132773560	0.0173863
GOLGA3_132788393	0.0118584
GOLGA3_132788467	0.0118584
GOLGA3_132788666	0.0118584
GOLGA3_132816812	0.0227042
GOLGA3_132818205	0.0227042
GOLGA3_132818351	0.0227042
GPR182_56994886	0.0146679
GPR182_56995028	0.0146679
GRASP_52008981	0.0946195
GRASP_52012103	0.0408322
GRIP1_66532630	0.0810572
GTSF1_54460645	0.166345
GUCY2C_14614968	0.036627
GUCY2C_14615889	0.036627
GUCY2C_14644010	0.0403725
GUCY2C_14670868	0.0481254
GUCY2C_14678440	0.0311825
GYS2_21561478	0.0361019
GYS2_21578355	0.0268373
HAL_95976931	0.0231229
HAL_95976960	0.0231229
HAL_95979964	0.0251175
HAL_95992053	0.0266176
HAL_95992916	0.0331473
HAL_95993069	0.0331473
HCFC2_104100440	0.092727
HECTD4_112167989	0.0154233
HECTD4_112168025	0.0154233
HECTD4_112168185	0.0154233
HECTD4_112168189	0.0154233
HECTD4_112171375	0.0112864
HECTD4_112179669	0.0352521
HECTD4_112180022	0.0352521
HECTD4_112181050	0.0352521
HECTD4_112199821	0.0482427
HECTD4_112210291	0.0432225
HECTD4_112211509	0.0432225
HECTD4_112223157	0.0565656
HECTD4_112246022	0.0711985
HECTD4_112281644	0.0545995
HIGD1C_50956496	0.0968977
HIP1R_122854797	0.0232025
HOXC13_53940936	0.168988
HOXC4_54054525	0.898914
HPD_121862226	0.0955749
HVCN1_110651696	0.0358034
IFFO1_6551097	0.118722
IFT81_110132248	0.0791783
IGF1_102479262	0.361188
IGFBP6_53100321	0.111142
IKZF4_56024571	0.380117
INTS13_26906517	0.0507966
INTS13_26909863	0.0507966
INTS13_26930185	0.0598414
INTS13_26931787	0.0598414
INTS13_26932712	0.0598414
INTS13_26936148	0.0333368
IPO8_30670082	0.0671501
IPO8_30678411	0.0785629
IQSEC3_170671	0.0279372
IRAK3_66205159	0.0581728
IRAK3_66208304	0.0581728
IRAK3_66246619	0.0375473
ITFG2_2822583	0.0242567
ITGA7_55698937	0.0464853
ITPR2_26350525	0.0637718
ITPR2_26412503	0.0392522
ITPR2_26428483	0.0416808
ITPR2_26659817	0.045729
ITPR2_26717716	0.0683835
KCNH3_49556882	0.0211615
KCTD10_109454394	0.0341111
KCTD10_109462148	0.0321395
KCTD10_109465404	0.0321395
KCTD10_109471499	0.0299047
KDM2B_121441635	0.0163727
KDM2B_121516999	0.126968
KDM5A_317841	0.0680914
KDM5A_352808	0.0353815
KIF21A_39309892	0.0585594
KIF5A_57569911	0.0632772
KLRF1_9832594	0.0474955
KLRG1_9009228	0.0759886
KMT2D_49055089	0.148165
KMT5A_123384929	0.0677531
KNTC1_122528582	0.0578784
KNTC1_122563654	0.111853
KNTC1_122566885	0.111853
KNTC1_122584237	0.0195457
KNTC1_122604840	0.0739623
KRR1_75510244	0.0179954
KRT4_52807464	0.021328
KRT4_52808900	0.0250695
KRT71_52547166	0.0094763
KRT71_52548062	0.0534497
KRT72_52587285	0.0136815
KRT72_52590665	0.0244243
KRT73_52616538	0.0187478
KRT74_52570201	0.012617
KRT74_52570406	0.012617
KRT74_52572876	0.0162645
KRT75_52426115	0.0217647
KRT76_52772287	0.0261374
KRT76_52773145	0.0125676
KRT76_52773725	0.0267043
KRT76_52775789	0.0118962
KRT77_52694251	0.0360774
KRT78_52847087	0.0617579
KRT79_52831232	0.0210377
KRT82_52395300	0.0271829
KRT82_52397148	0.0466203
KRT82_52400705	0.0295465
KRT83_52317970	0.0112329
KRT84_52382119	0.0275247
KSR2_117476831	0.0326271
KSR2_117579807	0.0589994
KSR2_117580265	0.0589994
KSR2_117857879	0.0403589
LAG3_6774500	0.0698196
LALBA_48568819	0.0454642
LARP4_50463398	0.0919025
LARP4_50464627	0.0919025
LDHB_21641418	0.0418026
LHX5_113466937	0.0821944
LIMA1_50254682	0.112065
LMBR1L_49105265	0.120046
LMNTD1_25519248	0.0234528
LPCAT3_6982538	0.0594176
LPCAT3_6988431	0.0842361
LRIG3_58881621	0.114324
LRIG3_58887045	0.273421
LRMP_25091196	0.106593
LRP1_57183118	0.0715779
LRP1_57191120	0.043629
LRP1_57194932	0.0430175
LRP1_57195588	0.0708605
LRP1_57202762	0.207851
LRP1_57206339	0.0120277
LRP6_12122491	0.0486864
LRP6_12127368	0.0421396
LRP6_12151272	0.113591
LRRC43_122189888	0.0342398
LRRC43_122201703	0.0156448
LRRC43_122201909	0.0156448
LRRIQ1_85066119	0.0399025
LRTM2_1833500	0.0305735
LRTM2_1833776	0.0305735
LTA4H_96003328	0.133217
LYZ_69348881	0.0198656
MANSC1_12332634	0.0542744
MANSC4_27764372	0.0386484
MAPKAPK5_111867391	0.109609
MAPKAPK5_111885048	0.0753563
MAPKAPK5_111890265	0.067405
MCRS1_49562805	0.0294422
MDM1_68296677	0.103931
MDM1_68328094	0.101866
MDM2_68813274	0.0661765
MDM2_68821322	0.0673127
MDM2_68827296	0.0401398
MDM2_68829441	0.0401751
MED13L_115962438	0.0833145
MED13L_115976877	0.0340968
MED13L_115977181	0.0340968
MED13L_116018225	0.0686536
MED13L_116019150	0.0686536
MED13L_116059244	0.0776023
MED21_27023104	0.0728075
MED21_27023127	0.0728075
MED21_27023132	0.0728075
METAP2_95503713	0.12686
METTL25_82399638	0.0438573
MFAP5_8658023	0.0281019
MFAP5_8661181	0.0190592
MGAT4C_85983834	0.0736973
MGAT4C_85983846	0.0736973
MLEC_120693127	0.152725
MLF2_6748982	0.0205908
MLXIP_122130414	0.0190834
MLXIP_122141349	0.0161532
MLXIP_122141518	0.0161532
MMAB_109557954	0.0116478
MMAB_109557987	0.0116478
MMAB_109566070	0.0245296
MMAB_109566237	0.0245296
MMAB_109571820	0.0302726
MMP17_131839765	0.0359394
MMP17_131842110	0.0472814
MMP17_131842804	0.0472814
MMP17_131848868	0.025568
MMP17_131848950	0.025568
MMP17_131849691	0.025568
MON2_62494930	0.0624676
MON2_62494934	0.0624676
MON2_62500330	0.0643454
MON2_62524834	0.101633
MON2_62556486	0.048665
MPHOSPH9_123223524	0.0616948
MPHOSPH9_123229164	0.102924
MRPL42_93480816	0.0881026
MRPL42_93482141	0.0881026
MRPS35_27711563	0.0369911
MRPS35_27714962	0.0444844
MRPS35_27719482	0.0774354
MSI1_120347148	0.0381006
MSI1_120347582	0.107321
MUC19_40464697	0.001325
MUC19_40474171	0.0808836
MUC19_40500908	0.0115855
MUC19_40503058	0.031567
MUC19_40504149	0.00317857
MUC19_40509271	0.00550057
MUC19_40513701	0.000540541
MUC19_40514209	0.0128678
MUC19_40558670	0.0467018
MUC19_40559839	0.0440441
MUC19_40565109	0.0568176
MUC19_40565228	0.0568176
MUC19_40567554	0.09309
MUCL1_54855980	0.00114702
MUCL1_54856628	0.00114702
MVK_109578836	0.0162541
MVK_109584332	0.0516969
MVK_109593281	0.0677422
MYBPC1_101615134	0.0310026
MYBPC1_101662837	0.0273049
MYBPC1_101670226	0.0388406
MYBPC1_101682546	0.0975497
MYL2_110912421	0.0407698
MYL2_110913785	0.015705
MYL2_110917572	0.0613547
MYO1A_57038731	0.0486706
MYO1A_57041497	0.0632249
MYO1A_57049508	0.0595237
MYO1H_109406552	0.0301142
MYO1H_109438372	0.0197307
MYO1H_109440519	0.015085
MYO1H_109445312	0.0254873
NAA25_112029743	0.0461517
NAA25_112053707	0.0836849
NAA25_112082674	0.0477172
NAP1L1_76050044	0.0320336
NAP1L1_76058810	0.361435
NAP1L1_76068492	0.133602
NAV3_77995675	0.139395
NAV3_78122612	0.0730749
NAV3_78176857	0.86478
NCAPD2_6509496	0.125337
NCAPD2_6520918	0.0747317
NCAPD2_6525347	0.0121261
NCKAP1L_54529725	0.122701
NCKAP5L_49805882	0.027415
NCOR2_124353761	0.00953264
NCOR2_124356510	0.014172
NCOR2_124358759	0.0113461
NCOR2_124363243	0.0123758
NCOR2_124363531	0.0123758
NCOR2_124365968	0.0206484
NCOR2_124373030	0.0207016
NCOR2_124376153	0.0207016
NCOR2_124420159	0.0103685
NCOR2_124433368	0.0157666
NCOR2_124459606	0.0216302
NCOR2_124459938	0.0216302
NCOR2_124460271	0.0216302
NCOR2_124462418	0.0216302
NCOR2_124486018	0.00886802
NCOR2_124495519	0.034879
NCOR2_124516247	0.034879
NDUFA9_4661168	0.0334352
NECAP1_8080105	0.124848
NEDD1_96944981	0.305414
NELL2_44867878	0.102165
NFYB_104121613	0.103454
NOC4L_132149158	0.031717
NOC4L_132150649	0.031717
NOC4L_132150693	0.031717
NOC4L_132150737	0.031717
NOS1_117218312	0.0304696
NOS1_117241391	0.0560004
NOS1_117253919	0.109523
NOS1_117268984	0.0534366
NR2C1_95023045	0.0755666
NR2C1_95051475	0.0539834
NT5DC3_103791919	0.0342085
NT5DC3_103792646	0.0342085
NTN4_95789425	0.261668
NUAK1_106068471	0.0258737
NUDT4_93398921	0.0868972
NUP107_68688761	0.0405847
NUP107_68709022	0.224806
NUP107_68714752	0.079593
NUP37_102116349	0.095529
OAS2_113000932	0.0438615
OAS2_113003165	0.00893064
OAS3_112939617	0.0268581
OAS3_112962988	0.0352976
OASL_121036061	0.01997
OTOGL_80213961	0.055037
OTOGL_80217905	0.185805
OTOGL_80229564	0.0613493
OTOGL_80278597	0.0319548
OVCH1_29433201	0.0682968
OVCH1_29441878	0.131479
OVCH1_29475932	0.0175787
P2RX4_121230828	0.0182713
P2RX7_121167681	0.0571121
PA2G4_56106988	0.0752491
PA2G4_56112658	0.0808863
PAH_102840230	0.0249898
PAH_102844509	0.0415595
PAH_102915392	0.0163802
PARP11_3815454	0.0305822
PARPBP_102149811	0.0590853
PAWR_79594531	0.035311
PAWR_79673320	0.0995257
PCBP2_53456746	0.0354994
PCBP2_53459199	0.0354994
PDE3A_20616665	0.0291089
PDE6H_14979113	0.0310475
PDZRN4_41553913	0.111205
PDZRN4_41559950	0.128232
PEX5_7191523	0.0640048
PFKM_48126467	0.0562916
PFKM_48134522	0.0294054
PHC1_8935718	0.069462
PHC1_8937404	0.0387649
PIANP_6700130	0.144333
PIK3C2G_18490311	0.0852198
PITPNM2_122987052	0.0236142
PITPNM2_123007697	0.0140788
PITPNM2_123007958	0.0140788
PIWIL1_130347819	0.0221615
PIWIL1_130349237	0.0219175
PIWIL1_130361097	0.0150546
PKP2_32797756	0.0633032
PLA2G1B_120323222	0.0519266
PLBD1_14511866	0.100857
PLBD1_14536402	0.0256449
PLBD2_113371265	0.0616822
PLBD2_113383724	0.0326775
PLBD2_113386619	0.0591821
PLBD2_113387742	0.0138425
PLEKHA5_19130654	0.188992
PLEKHA5_19268577	0.124115
PLEKHA5_19363024	0.0261186
PLEKHA5_19369497	0.0414985
PLEKHG6_6312641	0.171848
PLEKHG6_6325811	0.0273499
PLEKHG7_92729341	0.0169293
PLEKHG7_92729444	0.0169293
PLEKHG7_92744182	0.0600412
PLXNC1_94181864	0.126701
PLXNC1_94251894	0.0919859
PLXNC1_94304687	0.735369
POLE_132632163	0.0646503
POLE_132643977	0.047165
POLE_132661164	0.0335829
POLE_132664801	0.0122956
POLE_132666651	0.00955019
POLE_132670230	0.0530861
POLE_132676849	0.0408096
POLE_132680457	0.0378984
POLE_132682652	0.20073
POLE_132685496	0.20073
POLE_132685799	0.20073
POLR3B_106370943	0.0593411
POLR3B_106436073	0.0647946
POLR3B_106443966	0.032969
POLR3B_106459249	0.0263874
POLR3B_106500685	0.0186153
POLR3B_106507141	0.0781464
PPFIA2_81365592	0.0427562
PPHLN1_42352240	0.0707821
PPM1H_62689982	0.0574313
PPM1H_62692023	0.0574313
PPM1H_62694120	0.0936146
PPM1H_62698935	0.0936146
PPP1CC_110723883	0.0774394
PPP1R12A_79821305	0.0847323
PPP1R12A_79829297	0.138027
PPP1R12A_79917429	0.0880489
PPTC7_110548712	0.101257
PRB4_11310009	0.000846071
PRDM4_107743567	0.0345413
PRH1-PRR4_10900235	0.0634515
PRH1-PRR4_10943311	0.0634515
PRH1-PRR4_10979578	0.0265294
PRKAB1_119672176	0.0697821
PRKAB1_119673744	0.0353436
PRKAG1_49013358	0.0890722
PRMT8_3572722	0.0443995
PRMT8_3576725	0.0443995
PRMT8_3582721	0.0449839
PRPF40B_49631707	0.0796984
PTGES3_56671941	0.0479081
PTPN11_112446607	0.085854
PTPN6_6947195	0.0537375
PTPN6_6947571	0.0537375
PTPN6_6958732	0.0653254
PTPRB_70546527	0.0462948
PTPRB_70560179	0.0208872
PTPRO_15508003	0.0649505
PTPRO_15509201	0.0592728
PTPRO_15510441	0.0592728
PTPRO_15524754	0.0382177
PTPRO_15525783	0.0385791
PTPRO_15579384	0.0313233
PTPRQ_80462014	0.115888
PTPRQ_80510052	0.109173
PTPRQ_80537925	0.0547518
PUS1_131930614	0.026716
PUS1_131930761	0.026716
PUS1_131930963	0.026716
PUS1_131942861	0.0112605
PXMP2_132703989	0.0195282
PYM1_55903564	0.113634
PYROXD1_21447131	0.167806
PYROXD1_21455764	0.0387279
PYROXD1_21464716	0.104718
PZP_9149865	0.0424563
PZP_9181423	0.00895843
PZP_9203673	0.0142438
R3HDM2_57289219	0.428166
R3HDM2_57300346	0.121648
RAB21_71781819	0.0780476
RAB35_120101232	0.00539092
RAB35_120116016	0.0891095
RACGAP1_49995001	0.104535
RACGAP1_49998985	0.106951
RACGAP1_49999782	0.0780035
RAD51AP1_4540111	0.0288005
RAD51AP1_4547795	0.0317478
RAD52_916889	0.0782416
RAD52_923424	0.0782416
RAD52_927528	0.0378634
RAD9B_110514991	0.0900534
RAP1B_68653712	0.0704233
RAPGEF3_47749859	0.105179
RASAL1_113114390	0.0365407
RASAL1_113128393	0.0821072
RASAL1_113129650	0.0821072
RASSF3_64612699	0.0725924
RBM19_113915880	0.00984634
RBM19_113918497	0.00760657
RBM19_113923595	0.0254785
RBM19_113925217	0.0186485
RBM19_113926318	0.0186485
RBM19_113942556	0.0636366
RBM19_113949237	0.0144417
RBM19_113959112	0.005323
RBMS2_56569316	0.0376069
RBMS2_56570226	0.0468606
RECQL_21472197	0.049598
RECQL_21488810	0.0261055
RECQL_21497858	0.115061
RERGL_18085933	0.0477383
RFC5_118019302	0.156212
RFX4_106686751	0.0884552
RFX4_106713279	0.0417389
RFX4_106714207	0.0417389
RFX4_106719789	0.0140809
RFX4_106720139	0.0337756
RFX4_106720233	0.0337756
RHEBL1_49066339	0.0726954
RHEBL1_49068549	0.134281
RIC8B_106859047	0.0595674
RILPL1_123509364	0.106276
RILPL2_123416977	0.0474768
RILPL2_123427158	0.0764498
RIMBP2_130405376	0.0140863
RIMBP2_130408109	0.0318386
RIMBP2_130423432	0.118056
RIMBP2_130435968	0.00992861
RIMBP2_130438597	0.0207415
RIMBP2_130438805	0.0207415
RIMBP2_130438989	0.0207415
RIMKLB_8753048	0.0203234
RND1_48864951	0.151035
RNF34_121420990	0.037875
RNF41_56207398	0.0943506
RNFT2_116751192	0.0293118
RNFT2_116752401	0.0293118
RNFT2_116752586	0.0293118
RNFT2_116753449	0.0293118
RP1-46F2.3_110954249	0.126276
RP1-97G4.1_77382559	0.0737094
RP1-97G4.1_77386774	0.156645
RP11-115H15.2_116180105	0.0538557
RP11-233G1.4_14841831	0.0318915
RP11-282K24.3_19148592	0.0673025
RP11-338E21.2_64629243	0.0508217
RP11-553N19.1_128401983	0.0344917
RP11-571M6.15_57784290	0.0494463
RP11-983P16.2_53012494	0.152652
RP11-989F5.3_130812712	0.0504685
RP4-816N1.8_2854398	0.0296642
RP4-816N1.8_2855858	0.0148594
RP4-816N1.8_2856692	0.0148594
RPAP3_47689452	0.0743956
RPAP3_47690743	0.167476
RPH3A_112877058	0.02723
RPH3A_112883257	0.0351528
RSRC2_122516552	0.0169725
SARNP_55803265	0.103412
SART3_108528758	0.0293927
SART3_108530544	0.0176361
SART3_108535716	0.0121981
SART3_108544189	0.0338995
SBNO1_123316950	0.0260821
SBNO1_123330636	0.0413183
SCARB1_124790521	0.0506854
SCARB1_124793816	0.0506854
SCN8A_51773837	0.0266765
SCN8A_51775016	0.1038
SCN8A_51782986	0.244058
SCN8A_51790585	0.0527123
SCYL2_100291282	0.0895709
SCYL2_100316598	0.110832
SCYL2_100317036	0.110832
SDR9C7_56926312	0.0153008
SDSL_113428282	0.0373954
SDSL_113432643	0.024079
SDSL_113434000	0.024079
SDS_113393555	0.0373922
SENP1_48047333	0.0997324
SENP1_48069552	0.0658481
SETD1B_121811097	0.0517667
SETD1B_121827300	0.0191571
SFSWAP_131719344	0.00737156
SFSWAP_131742397	0.0205337
SFSWAP_131746690	0.0205337
SFSWAP_131764385	0.013831
SFSWAP_131779173	0.0523758
SFSWAP_131779257	0.0523758
SIRT4_120310706	0.064791
SLC11A2_50995924	0.0207561
SLC15A4_128794866	0.00736883
SLC17A8_100393905	0.0358974
SLC17A8_100398985	0.058794
SLC2A13_39866439	0.0383031
SLC35E3_68749656	0.102194
SLC35E3_68750692	0.102194
SLC35E3_68752322	0.0753753
SLC35E3_68752327	0.0753753
SLC38A1_46198532	0.0439539
SLC38A2_46369898	0.0515866
SLC38A4_46775297	0.0318601
SLC38A4_46781724	0.0956245
SLC41A2_104895562	0.0892343
SLC48A1_47776046	0.0658599
SLC48A1_47776305	0.0658599
SLC4A8_51485785	0.206503
SLC4A8_51486899	0.138634
SLC4A8_51500253	0.121903
SLC4A8_51504339	0.0248343
SLC4A8_51505780	0.0248343
SLC5A8_101168347	0.0531758
SLC5A8_101184507	0.0303351
SLC6A12_200308	0.0363234
SLC6A12_202073	0.0160618
SLC6A12_206942	0.0253638
SLC6A13_222636	0.0287074
SLC6A13_224282	0.0763321
SLC6A13_227300	0.0216086
SLC6A13_241969	0.0220904
SLC6A13_243459	0.0612846
SLCO1A2_21295832	0.0315928
SLCO1B1_21177139	0.0363325
SLCO1C1_20712404	0.0269414
SLCO1C1_20737073	0.039422
SMARCC2_56164790	0.0479608
SMARCC2_56170539	0.0361686
SMARCD1_50092804	0.0578183
SMARCD1_50096569	0.0364761
SMARCD1_50097336	0.0267226
SMCO3_14810440	0.0575343
SPATS2_49452927	0.172385
SPATS2_49508420	0.11998
SPPL3_120767172	0.0160402
SRGAP1_63932985	0.0862192
SRGAP1_64064732	0.067098
SRGAP1_64096103	0.104768
SRGAP1_64108729	0.0599921
SRRM4_119120862	0.029261
SRRM4_119128713	0.0574713
SRRM4_119148929	0.0493624
SRRM4_119155184	0.0453093
SSH1_108790124	0.0200878
SSH1_108822039	0.0202518
SSH1_108854908	0.055307
SSPN_26225222	0.0933761
STAB2_103649170	0.0234049
STAB2_103670366	0.010559
STAB2_103683497	0.0283004
STAB2_103709497	0.0334782
STAB2_103713869	0.0184008
STAB2_103724339	0.0597472
STAB2_103748928	0.0150035
STAB2_103753964	0.024847
STAB2_103754075	0.024847
STAB2_103763302	0.0246997
STAC3_57250599	0.173309
STAT6_57097399	0.0378125
STAT6_57107040	0.0519373
STK38L_27313064	0.0875341
STRAP_15894399	0.0497062
STRAP_15894728	0.0497062
STRAP_15894746	0.0497062
STRAP_15895762	0.047826
STX2_130799552	0.0226925
STX2_130803172	0.0452314
STX2_130808065	0.0330026
STX2_130812712	0.0504685
STX2_130813762	0.0261059
STYK1_10634363	0.0365588
SUDS3_118379807	0.0524606
SUDS3_118387495	0.0431144
SUDS3_118389605	0.0431144
SUDS3_118401415	0.0537361
SUDS3_118407176	0.0927629
SUDS3_118407505	0.0927629
SUDS3_118410199	0.0927629
SUDS3_118411819	0.0832559
SVOP_108921985	0.0391102
SVOP_108939401	0.054849
SVOP_108981664	0.0371622
SYCP3_101733779	0.0512564
SYT10_33377053	0.0309259
TAC3_57015886	0.0484007
TAOK3_118235235	0.135746
TAPBPL_6455042	0.0302741
TAPBPL_6459540	0.028699
TBC1D15_71878111	0.0492906
TBC1D15_71920564	0.0567796
TBX3_114676561	0.131084
TCHP_109901942	0.0702638
TCHP_109907031	0.0322136
TCP11L2_106309366	0.0779531
TCP11L2_106314066	0.0639766
TCTN1_110616123	0.0602315
TCTN2_123674639	0.0441292
TCTN2_123702773	0.0281716
TEAD4_3010695	0.0440076
TEAD4_3021232	0.0168206
TESC_117039299	0.0112591
TESC_117083340	0.0339914
TFCP2_51107386	0.0557582
TFCP2_51118880	0.141604
TIMELESS_56423102	0.040274
TIMELESS_56424019	0.0302491
TIMELESS_56434452	0.0884848
TM7SF3_26991352	0.0484858
TM7SF3_26998847	0.035125
TMED2_123595233	0.0681381
TMEM116_111937396	0.115028
TMEM120B_121763936	0.0328024
TMEM120B_121770638	0.0328024
TMEM120B_121774517	0.0158418
TMEM132C_128695752	0.0154741
TMEM132C_128702553	0.0286203
TMEM132C_128702802	0.0286203
TMEM132D_129076644	0.0183497
TMEM19_71689589	0.0307417
TMTC1_29511529	0.0165257
TMTC3_88170898	0.0573271
TNS2_53047372	0.222454
TNS2_53058314	0.0600376
TPCN1_113266015	0.0304748
TPCN1_113268680	0.0119274
TPCN1_113278028	0.0277257
TPCN1_113284094	0.0611225
TPCN1_113289885	0.00865547
TPCN1_113289894	0.00865547
TPH2_72026161	0.130264
TPI1_6867911	0.142695
TRHDE_72653681	0.0499355
TRPV4_109797816	0.0261221
TRPV4_109802802	0.0185453
TSFM_57784782	0.0494463
TSFM_57786768	0.0307152
TSPAN19_85027479	0.0499235
TSPAN9_3078769	0.0949021
TSPAN9_3183818	0.0816422
TSPAN9_3245772	0.0741763
TSPAN9_3281629	0.0361955
TULP3_2925920	0.0749016
TULP3_2934253	0.0268493
TWF1_43801235	0.0841151
TXNRD1_104244200	0.102186
TXNRD1_104313558	0.0658146
TXNRD1_104319221	0.0285918
TXNRD1_104319233	0.0285918
TXNRD1_104324652	0.0222294
TXNRD1_104347886	0.0370544
UBE3B_109478988	0.0259274
UBE3B_109489747	0.0247296
UBE3B_109500627	0.012666
UBE3B_109508379	0.0201973
UBE3B_109511525	0.0209478
UBE3B_109512079	0.0209478
UBE3B_109522171	0.00857378
UHRF1BP1L_100041277	0.0987165
UHRF1BP1L_100098641	0.130015
ULK1_131908463	0.0202284
ULK1_131909514	0.0130205
ULK1_131913479	0.0200369
ULK1_131919138	0.0755358
UNC119B_120714745	0.0369833
USP15_62320418	0.0659632
USP15_62390604	0.0449257
USP5_6863143	0.0752695
UTP20_101298815	0.0403572
UTP20_101299595	0.0403572
UTP20_101314253	0.0504382
UTP20_101343815	0.0327682
UTP20_101351466	0.0451482
UTP20_101370788	0.0244899
UTP20_101371448	0.030835
VAMP1_6469983	0.123786
VDR_47845871	0.0228676
VDR_47865398	0.0500769
VEZT_95257014	0.086921
VEZT_95257073	0.086921
VEZT_95269449	0.163548
VEZT_95295505	0.0403111
VWF_6110752	0.0471307
VWF_6121583	0.0177691
WASHC3_102044882	0.0654367
WASHC4_105116564	0.0538432
WASHC4_105118270	0.0538432
WASHC4_105136258	0.0421436
WASHC4_105154701	0.0578863
WBP11_14791072	0.0539881
WDR66_121957827	0.338058
WDR66_121962312	0.0479393
WDR66_121974274	0.0909563
WIF1_65062969	0.0791427
WIF1_65075024	0.0888394
WNK1_860489	0.0522726
WNK1_878836	0.121059
WNK1_897319	0.056059
WNT10B_48969522	0.317396
WNT1_48979208	0.0773086
WNT1_48980858	0.0505519
WSB2_118049120	0.0602134
WSB2_118053754	0.0991239
WSCD2_108206948	0.0381246
WSCD2_108209518	0.0381246
XPOT_64405012	0.0800419
YARS2_32752852	0.0677992
YBX3_10722654	0.0946848
ZCCHC8_122477386	0.0249161
ZCCHC8_122492986	0.0675647
ZCCHC8_122496698	0.0675647
ZDHHC17_76806899	0.0749792
ZDHHC17_76827978	0.086469
ZFC3H1_71662260	0.0975995
ZNF384_6669383	0.0725185
ZNF384_6684554	0.0419959
ZNF385A_54371968	0.260565
ZNF385A_54372467	0.260565
ZNF385A_54390439	0.256068
ZNF605_132954112	0.0210494
ZNF605_132955182	0.0210494
ABC13-47488600E17.1_113967652	0.0218823
ABC13-47488600E17.1_113968983	0.0218823
ABC13-47488600E17.1_113969494	0.0218823
ABCC4_95078759	0.0198641
ABCC4_95185479	0.0151649
ABCC4_95192191	0.0456817
ABCC4_95194241	0.0456817
ADPRHL1_113427312	0.035188
ADPRHL1_113428507	0.035188
ALOX5AP_30737402	0.0349141
ALOX5AP_30752247	0.0543156
ARHGEF7_111197885	0.0633112
ARHGEF7_111270298	0.0163336
ARHGEF7_111285526	0.00703342
ARHGEF7_111286815	0.0136077
ARHGEF7_111291549	0.0582839
ARHGEF7_111301408	0.0512063
ATP11A_112807741	0.0202594
ATP11A_112809925	0.0202594
ATP11A_112820820	0.0153869
ATP11A_112836130	0.00813645
ATP11A_112836176	0.00813645
ATP11A_112846903	0.0340958
ATP11A_112869876	0.0746268
ATP12A_24696312	0.0212221
ATP12A_24698222	0.0212221
ATP12A_24698624	0.0212221
ATP4B_113654090	0.00684409
ATP4B_113656008	0.00540971
ATP4B_113657968	0.00540971
ATP7B_51956253	0.0114126
ATP7B_51971073	0.0367564
ATP7B_51971612	0.0367564
ATP8A2_25552128	0.0361101
ATP8A2_25554435	0.0422393
ATP8A2_25556969	0.0417697
ATP8A2_25562090	0.0654477
ATP8A2_25576378	0.0210213
ATP8A2_25576509	0.0210213
ATP8A2_26013442	0.0255882
B3GLCT_31221383	0.0957312
B3GLCT_31276347	0.0496025
B3GLCT_31321493	0.0440697
BIVM-ERCC5_102805826	0.0424444
BRCA2_32325891	0.0613963
BRCA2_32329254	0.0727561
BRCA2_32369395	0.10288
CARS2_110651355	0.0461098
CARS2_110656247	0.0461098
CARS2_110684064	0.0148794
CARS2_110688120	0.0461602
CARS2_110705328	0.0303291
CCNA1_36440976	0.04053
CDADC1_49258698	0.0981107
CDADC1_49261304	0.145642
CDADC1_49286023	0.0857586
CDC16_114249488	0.0632147
CDK8_26402611	0.0300545
CENPJ_24897317	0.0496385
CENPJ_24909402	0.0553572
CKAP2_52464781	0.126058
COG3_45494987	0.072221
COG3_45512768	0.0951947
COG3_45518082	0.196894
COG3_45518426	0.196894
COG3_45518640	0.196894
COG3_45530244	0.204046
COG3_45534246	0.037303
COL4A1_110174954	0.0224915
COL4A1_110182540	0.00761011
COL4A1_110192941	0.00612423
COL4A1_110202595	0.0139187
COL4A2_110431022	0.0370373
COL4A2_110434717	0.010282
COL4A2_110468872	0.00772311
COL4A2_110469594	0.0145963
COL4A2_110476373	0.0163526
COL4A2_110485307	0.0208915
COL4A2_110486023	0.0295779
COL4A2_110506239	0.0469386
COL4A2_110506705	0.00837801
COL4A2_110510945	0.0385301
CPB2_46064857	0.0320823
CPB2_46087229	0.0435616
CRYL1_20404741	0.0756934
CRYL1_20408250	0.0756934
CRYL1_20413522	0.0217838
CUL4A_113221261	0.0223209
CUL4A_113243384	0.0225284
CUL4A_113247625	0.0456372
CUL4A_113257159	0.0283935
CUL4A_113261647	0.0729116
DCUN1D2_113475077	0.0545693
DCUN1D2_113489619	0.0326177
DGKH_42188905	0.0314971
DGKH_42205799	0.049923
DHRS12_51770238	0.0389533
DHRS12_51798094	0.0407587
DHRS12_51800537	0.020659
DIAPH3_59923000	0.143298
DIAPH3_59974611	0.12121
DIAPH3_59976243	0.12121
DIAPH3_60009318	0.0323155
DIAPH3_60010887	0.0425842
DIS3_72772517	0.0410791
DLEU1-AS1_50527007	0.112046
DNAJC3_95757399	0.148487
DNAJC3_95790763	0.0994829
DOCK9_98808131	0.272215
DOCK9_98827032	0.0167834
DOCK9_98829791	0.0212414
DOCK9_98830873	0.0212414
DOCK9_98832386	0.0152222
DOCK9_98848016	0.208624
DOCK9_98867063	0.0797239
DOCK9_98890356	0.0426691
DOCK9_98891309	0.0426691
DOCK9_98892715	0.0426691
DOCK9_98922190	0.214048
DOCK9_98922440	0.214048
DOCK9_98927734	0.034709
DZIP1_95625761	0.0588011
DZIP1_95628241	0.0588011
DZIP1_95633398	0.0427828
DZIP1_95633711	0.0427828
DZIP1_95634639	0.0427828
DZIP1_95637323	0.0427828
EEF1AKMT1_20729927	0.0335736
EEF1AKMT1_20730954	0.0335736
ELF1_40948765	0.0781738
ENOX1_43360509	0.341378
ERCC5_102853365	0.0403766
ERICH6B_45584976	0.0391015
ERICH6B_45595089	0.0516713
F10_113141896	0.0285564
F7_113106263	0.0156624
F7_113108687	0.00912384
FAM155A_107194406	0.0479203
FAM155A_107306516	0.0339838
FAM155A_107417084	0.0339838
FARP1_98383571	0.0181812
FARP1_98389033	0.0313694
FARP1_98390931	0.0149406
FARP1_98394253	0.0264251
FARP1_98436701	0.0234608
FARP1_98437663	0.0234608
FLT1_28305796	0.00926171
FLT1_28330115	0.0862221
FLT1_28332669	0.0862221
FLT1_28345707	0.0701176
FLT1_28435084	0.022945
FLT3_28057708	0.0647103
FNDC3A_49092674	0.110366
FNDC3A_49131551	0.0577718
FREM2_38849855	0.027335
FREM2_38860187	0.0201712
FRY_32136551	0.145887
FRY_32147706	0.104987
FRY_32151645	0.0326284
FRY_32198511	0.0453008
FRY_32216716	0.0382765
FRY_32218464	0.0382765
FRY_32222490	0.0638245
FRY_32276813	0.0263155
FRY_32290428	0.069902
GAS6_113823951	0.00830479
GAS6_113826259	0.00830479
GAS6_113846692	0.010179
GAS6_113847877	0.010179
GPC6_94182406	0.117227
GPR180_94625553	0.0363839
GPR18_99257461	0.0706845
GRK1_113669150	0.0198957
GRTP1_113348827	0.0104573
GRTP1_113351077	0.0975693
GRTP1_113354604	0.0975693
GSX1_27793319	0.046149
HSPH1_31137741	0.0103855
HSPH1_31141339	0.0485885
HSPH1_31148598	0.0149437
HSPH1_31153773	0.0195092
IFT88_20579357	0.149081
IFT88_20599287	0.0891607
ING1_110717841	0.144227
INTS6_51375384	0.0656003
IPO5_97989525	0.0213517
IPO5_97992215	0.0266729
IPO5_98013882	0.0364962
IPO5_98016526	0.0211404
ITGBL1_101578635	0.0492816
KDELC1_102798094	0.0361609
KL_33056160	0.0617169
KPNA3_49714864	0.0713072
KPNA3_49780028	0.125772
LAMP1_113302955	0.0217241
LAMP1_113303664	0.0217241
LAMP1_113320072	0.0146163
LATS2_20997276	0.0496081
LMO7_75799066	0.0349664
LMO7_75800285	0.0349664
LMO7_75831596	0.050494
LMO7_75842545	0.0240369
LNX2_27548569	0.0274087
LNX2_27549642	0.0274087
LNX2_27564082	0.0384253
LRCH1_46703061	0.0300275
LRCH1_46707170	0.0218723
LRCH1_46711501	0.0218723
LRCH1_46732019	0.0285565
MBNL2_97342522	0.0709135
MCF2L_113082903	0.0055134
MCF2L_113090468	0.047827
MCF2L_113092961	0.047827
METTL21C_102691287	0.0579004
MICU2_21505878	0.111838
MIPEP_23757089	0.0538079
MIPEP_23867861	0.0216217
MIPEP_23869528	0.0212145
MIPEP_23879477	0.0127641
MIPEP_23880264	0.0127641
MPHOSPH8_19649746	0.0381182
MPHOSPH8_19652199	0.118318
MPHOSPH8_19659604	0.0593563
MPHOSPH8_19665070	0.0102235
MRPS31_40753438	0.0460593
MTMR6_25274319	0.0414702
MTUS2_29483447	0.0174414
MYCBP2_77063481	0.0539374
MYCBP2_77094654	0.0669205
MYCBP2_77144732	0.0438264
MYCBP2_77156641	0.0471205
MYCBP2_77160142	0.054205
MYCBP2_77170007	0.0447445
MYCBP2_77172960	0.0260766
MYCBP2_77181392	0.0944407
MYCBP2_77211072	0.0646446
MYCBP2_77219806	0.0387539
MYCBP2_77221264	0.0387539
MYCBP2_77251779	0.0999297
MYCBP2_77292257	0.0506649
MYO16_108886461	0.0249105
MYO16_109051882	0.0326835
MYO16_109052680	0.0609809
MZT1_72721779	0.0317416
N4BP2L2_32527665	0.0523547
NAA16_41320080	0.0791634
NAA16_41322864	0.0423684
NAA16_41349716	0.0937345
NALCN_101065213	0.0171732
NALCN_101073842	0.0429246
NALCN_101091768	0.0600911
NALCN_101098840	0.0202471
NALCN_101289022	0.0649946
NAXD_110626044	0.0101806
NAXD_110632069	0.0419736
NAXD_110632198	0.0419736
NBEA_35160591	0.0673221
NBEA_35175644	0.0345534
NEK3_52145323	0.0527641
NEK3_52148540	0.0550299
NEK5_52069264	0.0863552
NEK5_52075173	0.168378
NEK5_52090201	0.0494749
NEK5_52116412	0.0493801
NEK5_52119153	0.0493801
NUDT15_48039010	0.0592894
NUP58_25312831	0.0449325
NUP58_25336677	0.448705
NUP58_25339587	0.0832255
OLFM4_53029910	0.200794
OXGR1_96992920	0.0155814
PAN3_28262502	0.0497192
PAN3_28264306	0.0497192
PAN3_28275082	0.0996993
PAN3_28280140	0.0930863
PARP4_24436311	0.0707781
PARP4_24440272	0.0707781
PARP4_24449548	0.0232055
PARP4_24456546	0.0526955
PARP4_24479887	0.15843
PARP4_24480121	0.15843
PCCA_100104137	0.0679187
PCCA_100521860	0.197917
PCID2_113195272	0.0224521
PCID2_113202911	0.0338172
PDS5B_32668488	0.067749
PDS5B_32702404	0.0426047
PDS5B_32748558	0.0355308
PDS5B_32750446	0.0355308
PDS5B_32764017	0.0592816
PDS5B_32771692	0.0982373
PHF11_49519167	0.0661212
PHF11_49520802	0.0661212
PHF11_49520806	0.0661212
POMP_28667079	0.0502411
POSTN_37578432	0.0649397
PROZ_113167301	0.029328
PROZ_113167367	0.029328
RAB20_110529493	0.0326553
RAP2A_97435114	0.0539924
RASA3_114018334	0.0117941
RASA3_114024457	0.00567227
RASA3_114024461	0.00567227
RASA3_114028044	0.0179373
RASA3_114047457	0.0271489
RCBTB1_49545514	0.055485
RCBTB1_49546560	0.055485
RCBTB1_49550410	0.0492027
RCBTB1_49551492	0.121561
RCBTB1_49558285	0.0592031
RCBTB2_48499939	0.0337128
RFC3_33830578	0.0375963
RFC3_33830594	0.0375963
RFC3_33835572	0.0415124
RGCC_41464816	0.0697763
RGCC_41465206	0.0697763
RGCC_41468460	0.156671
RNASEH2B_50927613	0.203441
RNASEH2B_50933045	0.0498509
RNF17_24826110	0.0592214
RNF17_24844437	0.0409603
RNF17_24865896	0.0884096
RNF219_78636518	0.172594
RNF219_78643025	0.0793561
RP11-141M1.1_33334443	0.0298042
RP11-318G21.4_77943212	0.025689
RUBCNL_46361714	0.0177749
RXFP2_31799593	0.0208479
SACS_23369745	0.0270448
SCEL_77635170	0.046009
SCEL_77638088	0.0561798
SERPINE3_51352194	0.0646642
SERPINE3_51361190	0.0483151
SETDB2_49452409	0.0827094
SETDB2_49455944	0.0827094
SETDB2_49464537	0.0991137
SETDB2_49482195	0.0500716
SKA3_21162922	0.0677191
SKA3_21163243	0.0677191
SKA3_21172871	0.0834823
SKA3_21176303	0.0834823
SLAIN1_77761548	0.0137252
SLC15A1_98712991	0.0434227
SLC25A15_40800745	0.0402541
SLC25A15_40802561	0.0402541
SLC25A30_45416506	0.0389658
SLC46A3_28711777	0.0466002
SLC46A3_28714301	0.0622806
SLC46A3_28716501	0.0622806
SLC7A1_29520253	0.0202588
SLC7A1_29521326	0.0202588
SLC7A1_29522230	0.0202588
SLC7A1_29522564	0.0186403
SLC7A1_29527257	0.0138684
SLC7A1_29532023	0.0119919
SLC7A1_29534949	0.0140138
SMAD9_36875693	0.038804
SMAD9_36878663	0.038804
SPATA13_23980234	0.0507272
SPATA13_24219672	0.0519782
SPATA13_24251185	0.0587701
SPATA13_24251619	0.0587701
SPATA13_24251634	0.0587701
SPATA13_24286453	0.0396685
SPATA13_24290109	0.0159837
SPATA13_24290205	0.0159837
SPATA13_24301586	0.0500594
STARD13-IT1_33163010	0.0955856
STARD13_33109183	0.0572556
STARD13_33113240	0.0347399
STARD13_33166256	0.0327903
STK24_98458986	0.0074356
STK24_98462705	0.0140558
STK24_98463983	0.0216735
STK24_98473688	0.0188232
STK24_98474710	0.0188232
STK24_98478039	0.0153152
STOML3_38976104	0.0637817
SUCLA2_47951031	0.0769852
SUCLA2_47972475	0.0503576
SUCLA2_47998661	0.0553337
SUCLA2_48000607	0.0553337
SUGT1_52654054	0.0446612
SUGT1_52662571	0.0533213
SUGT1_52662582	0.0533213
TBC1D4_75291193	0.0382946
TBC1D4_75307574	0.0517133
TBC1D4_75310466	0.0612916
TDRD3_60440689	0.117092
TDRD3_60443323	0.117092
TDRD3_60486163	0.0932571
TEX29_111341845	0.28837
TFDP1_113633336	0.0215281
TFDP1_113637977	0.00619298
TFDP1_113639059	0.00619298
TFDP1_113639939	0.00619298
TMEM255B_113761346	0.0473211
TMEM255B_113764744	0.0473211
TMTC4_100612340	0.0221072
TMTC4_100669944	0.0140236
TNFRSF19_23610768	0.111039
TNFSF11_42575219	0.0963547
TPP2_102598498	0.0409304
TPP2_102600454	0.0409304
TPP2_102619642	0.0237141
TPP2_102621569	0.0237141
TPP2_102621707	0.0237141
TPP2_102646758	0.0251789
TPP2_102656608	0.0603295
TSC22D1_44435293	0.269766
TUBA3C_19180210	0.0194457
TUBGCP3_112504761	0.0189405
TUBGCP3_112518149	0.073005
TUBGCP3_112552080	0.0497526
TUBGCP3_112555367	0.0142352
TUBGCP3_112562528	0.0209211
UBE2L5P_30425404	0.0514558
UGGT2_95898440	0.0704271
UGGT2_95993926	0.0766552
UPF3A_114292153	0.0343857
UPF3A_114292368	0.0343857
USP12_27093643	0.0368668
USPL1_30655662	0.0221958
USPL1_30656707	0.0221958
VPS36_52435480	0.137523
VPS36_52449528	0.0624534
VWA8_41611307	0.0767036
VWA8_41611864	0.139332
VWA8_41613694	0.139332
VWA8_41703092	0.0711005
VWA8_41731866	0.0440237
VWA8_41833601	0.0987894
WASF3_26676029	0.0365519
WBP4_41064150	0.0557695
WDFY2_51746414	0.0827891
XPO4_20789894	0.0224065
XPO4_20800503	0.0897485
XPO4_20856697	0.0310547
XPO4_20860594	0.0310547
XPO4_20860604	0.0310547
ZC3H13_45957695	0.0465854
ZC3H13_45980186	0.110367
ZC3H13_45988457	0.0708975
ZDHHC20_21383161	0.0268717
ZDHHC20_21409224	0.100224
ZMYM2_20051216	0.119607
ABHD12B_50880221	0.0767179
ABHD4_22605527	0.060035
ABHD4_22606779	0.0517777
ABHD4_22610666	0.0387141
ACIN1_23070348	0.425232
ACTN1_68893904	0.0624273
ACTN1_68896166	0.0624273
ACTN1_68898331	0.0624273
ACTN1_68903828	0.0209598
ACTN1_68912497	0.0184939
ACTR10_58217435	0.048056
ADCK1_77818805	0.0936333
ADCK1_77927117	0.0437604
ADCY4_24328585	0.0996233
ADCY4_24333039	0.061907
AK7_96397992	0.0476853
AK7_96408734	0.0139148
AK7_96449643	0.058974
AKT1_104785738	0.0293582
ALDH6A1_74072405	0.103541
AMN_102924723	0.0234723
ANGEL1_76789515	0.0736841
AP4S1_31069600	0.127323
AP4S1_31080460	0.0864951
AP5M1_57277645	0.0703478
APOPT1_103563950	0.0360728
AREL1_74665031	0.0801007
AREL1_74682812	0.0947032
AREL1_74683655	0.123577
AREL1_74706842	0.133442
ARG2_67646383	0.117101
ARHGAP5_32122139	0.0797809
ARHGAP5_32149718	0.0675058
ARHGAP5_32152024	0.0862244
ASB2_93949947	0.0424158
ASB2_93952936	0.0290422
ASPG_104098654	0.0350626
ASPG_104105752	0.00716914
ASPG_104105811	0.00716914
ATG14_55377671	0.0435097
ATG14_55378278	0.111291
ATG14_55379986	0.111291
ATG2B_96307301	0.0231818
ATG2B_96331924	0.0474378
ATP5S_50321417	0.132482
ATP5S_50321457	0.132482
ATP6V1D_67359446	0.0981064
BAZ1A_34761152	0.0560893
BAZ1A_34780869	0.0490994
BBOF1_74020389	0.0577903
BBOF1_74020455	0.0577903
BBOF1_74021029	0.0577903
BBOF1_74025305	0.142387
BBOF1_74054944	0.065534
BEGAIN_100541331	0.0282822
BRF1_105221167	0.00925709
BRF1_105221426	0.00925709
BRMS1L_35827038	0.109054
BRMS1L_35830779	0.109054
BRMS1L_35831065	0.109054
BRMS1L_35863212	0.113735
BTBD7_93247882	0.0324504
BTBD7_93261778	0.0600128
C14orf105_57482320	0.0403134
C14orf159_91170741	0.0186356
C14orf159_91171353	0.0186356
C14orf159_91178306	0.0431129
C14orf159_91187730	0.0293922
C14orf159_91197929	0.0481575
C14orf159_91217276	0.0363816
C14orf166_51990214	0.0443472
C14orf166_51991105	0.0443472
C14orf180_104587241	0.00375311
C14orf1_75651678	0.107316
C14orf1_75657254	0.0775608
C14orf39_60483906	0.0806952
C14orf79_104988298	0.0182016
C14orf80_105491849	0.000940887
C14orf80_105492067	0.000940887
C14orf80_105493229	0.00647166
C14orf93_22988209	0.0661333
C14orf93_22988794	0.0661333
C14orf93_22996793	0.240582
C14orf93_22997819	0.240582
CALM1_90403319	0.326561
CATSPERB_91585962	0.0969257
CATSPERB_91622785	0.0542405
CATSPERB_91670113	0.0483535
CATSPERB_91672331	0.0483535
CATSPERB_91725573	0.103455
CCDC85C_99515372	0.016027
CCDC85C_99516743	0.0144444
CCDC88C_91301120	0.0110033
CCDC88C_91311753	0.0148238
CCDC88C_91342663	0.0136449
CDC42BPB_102940953	0.0513505
CDC42BPB_102953585	0.0166713
CDC42BPB_102957564	0.0359041
CDC42BPB_102967547	0.109283
CDC42BPB_102971453	0.00454194
CDC42BPB_102971797	0.00454194
CDC42BPB_103009135	0.0435637
CDC42BPB_103009159	0.0435637
CDCA4_105015857	0.0093447
CDH24_23050707	0.0314393
CDH24_23053085	0.0633499
CDKL1_50333236	0.0964826
CDKL1_50340381	0.0254466
CDKL1_50344858	0.109659
CDKN3_54408517	0.204449
CDKN3_54411865	0.0430303
CEP128_80501480	0.157106
CEP128_80760724	0.0589822
CEP128_80941248	0.0300613
CEP170B_104876839	0.0117167
CEP170B_104882558	0.00931451
CGRRF1_54537902	0.168176
CHD8_21386490	0.0566945
CHGA_92929538	0.0285095
CHGA_92929986	0.0343013
CHGA_92930403	0.0343013
CHMP4A_24212169	0.0382983
CHURC1_64926693	0.0777276
CLMN_95193415	0.0625326
CLMN_95194930	0.0190999
CLMN_95195273	0.0190999
CLMN_95196209	0.0190999
CLMN_95197448	0.0520781
CLMN_95200546	0.0520781
CLMN_95210879	0.0124425
CLMN_95215887	0.0189664
CNIH1_54428220	0.0490008
CNIH1_54431680	0.0512954
CNIH1_54437702	0.0527962
CTAGE5_39299535	0.0446917
CTAGE5_39302434	0.0614927
CTAGE5_39316960	0.144895
CTAGE5_39323921	0.115583
CYP46A1_99684860	0.07398
CYP46A1_99691050	0.07398
CYP46A1_99719640	0.0145601
CYP46A1_99725068	0.0215289
DAAM1_59317686	0.12351
DAAM1_59330014	0.0782787
DAAM1_59334543	0.137994
DAAM1_59339162	0.306255
DAAM1_59341472	0.156206
DAAM1_59345714	0.156206
DAAM1_59346701	0.156206
DAAM1_59356159	0.0636884
DCAF4_72937822	0.0798598
DCAF4_72943207	0.0573997
DCAF4_72947140	0.0282846
DCAF4_72952443	0.0276584
DCAF4_72953863	0.0276584
DCAF4_72958553	0.0165988
DCAF5_69055868	0.134208
DDX24_94054574	0.0206172
DDX24_94061346	0.0226165
DHRS1_24295530	0.0470083
DHRS1_24297546	0.0339316
DHRS7_60164472	0.128577
DICER1_95139360	0.050908
DLGAP5_55158157	0.0660918
DLGAP5_55173849	0.0941988
DLGAP5_55174544	0.0941988
DLK1_100729246	0.0478545
DLK1_100732288	0.0697038
DLST_74893669	0.137223
DLST_74902036	0.0292547
DTD2_31454838	0.0984099
DYNC1H1_101980955	0.0436896
DYNC1H1_101982281	0.0436896
DYNC1H1_101994045	0.0060753
DYNC1H1_102004339	0.0206875
EAPP_34538428	0.0717801
EFCAB11_89818304	0.109771
EGLN3_33929246	0.142132
ELMSAN1_73719800	0.0365382
ELMSAN1_73720619	0.0365382
ELMSAN1_73725742	0.0372723
ELMSAN1_73731969	0.0880339
EML1_99929808	0.0462134
EML5_88642388	0.16356
ENTPD5_73973203	0.0471526
ENTPD5_74018072	0.0805273
ERH_69396783	0.0535072
ERO1A_52679022	0.0805652
ESR2_64235150	0.0720018
ESR2_64235296	0.0720018
ESRRB_76493465	0.0499971
EVL_100131034	0.010555
EVL_100132610	0.010555
EVL_100133216	0.012239
EXD2_69239252	0.0659936
EXOC3L4_103103257	0.0239555
EXOC3L4_103108636	0.0168757
EXOC5_57221319	0.0761002
FBXO34_55293104	0.116083
FBXO34_55310546	0.116083
FERMT2_52873288	0.0330168
FLVCR2_75642575	0.022835
FNTB_65012825	0.0411821
FNTB_65014444	0.0411821
FNTB_65014483	0.0411821
FNTB_65030406	0.0768465
FNTB_65033123	0.0739265
FNTB_65037974	0.0739265
FNTB_65054753	0.112009
FOXN3_89285949	0.0922779
FOXN3_89566055	0.0962043
G2E3_30589212	0.100436
G2E3_30591784	0.0598055
G2E3_30604209	0.0673881
GALC_87948019	0.0291048
GALC_87948454	0.0291048
GALC_87971162	0.0523728
GALC_87974418	0.0523728
GALNT16_69327996	0.0215281
GALNT16_69331191	0.057972
GCH1_54860245	0.0549084
GEMIN2_39121696	0.069053
GLRX5_95540698	0.0195121
GOLGA5_92803197	0.0623854
GOLGA5_92809178	0.0522718
GOLGA5_92818573	0.0350578
GOLGA5_92823514	0.115593
GOLGA5_92839273	0.0472354
GON7_93206385	0.0571877
GPATCH2L_76168346	0.0912753
GPHB5_63313703	0.0313389
GPHB5_63314785	0.0313389
GPHB5_63314886	0.0313389
GPHN_66704457	0.134634
GPR132_105056673	0.007855
GPR132_105065059	0.0295569
GSKIP_96381551	0.0360207
GTF2A1_81197105	0.0597472
HAUS4_22948512	0.112696
HEATR4_73498493	0.107303
HEATR4_73509662	0.0520719
HEATR5A_31300597	0.056597
HEATR5A_31313281	0.0739073
HEATR5A_31318465	0.168632
HEATR5A_31350891	0.0624651
HEATR5A_31362473	0.0676613
HECTD1_31117989	0.0453802
HECTD1_31135646	0.0390601
HECTD1_31144651	0.085388
HHIPL1_99645854	0.0236671
HHIPL1_99662722	0.0196472
HHIPL1_99670906	0.0329788
HHIPL1_99672105	0.0329788
HHIPL1_99673999	0.0285663
HNRNPC_21231222	0.0301205
HNRNPC_21240865	0.0699958
HNRNPC_21240905	0.0699958
IFI27L1_94098681	0.103645
INF2_104704881	0.0134739
INF2_104706908	0.0137176
INF2_104708270	0.0253834
IPO4_24186206	0.101817
ISM2_77477120	0.0542457
ISM2_77485035	0.0423558
ISM2_77485047	0.0423558
ITPK1_92946702	0.0153058
ITPK1_92950344	0.0153058
ITPK1_92958452	0.0101274
ITPK1_92998879	0.0256556
ITPK1_93023099	0.0324155
ITPK1_93081594	0.0285256
ITPK1_93104086	0.0285256
ITPK1_93105764	0.0285256
JAG2_105147921	0.0510176
JAG2_105150223	0.0239938
JAG2_105154327	0.0289575
JAG2_105155111	0.0289575
JAG2_105156377	0.00818124
JAG2_105165398	0.0240124
JKAMP_59490865	0.108363
JKAMP_59496223	0.0737287
JPH4_23574618	0.148235
KCNK10_88187758	0.0280475
KIAA0391_35126434	0.0814355
KIAA0391_35270317	0.0581064
KIAA0586_58475186	0.0778933
KIAA0586_58475197	0.0778933
KIAA0586_58477345	0.0614804
KIF26A_104155741	0.0406376
KLC1_103659119	0.0271754
KLHDC1_49727545	0.061097
KLHDC1_49742736	0.0822443
KLHL28_44931717	0.074707
KTN1_55624187	0.0788568
KTN1_55648485	0.0683965
KTN1_55652233	0.0444328
L2HGDH_50270454	0.130105
L2HGDH_50302391	0.0543356
L2HGDH_50304914	0.0799859
LGMN_92710343	0.0318348
LGMN_92714884	0.0161704
LGMN_92718939	0.0278197
LIN52_74090976	0.065041
LIN52_74091137	0.065041
LINC00238_66488123	0.0485541
LINC00521_94008582	0.0256406
LRFN5_41888536	0.364328
LRP10_22873870	0.0280491
LRRC74A_76861996	0.0200154
LRRC74A_76868019	0.0223027
LRRC9_59923183	0.0488466
LRRC9_59931930	0.106101
LTBP2_74505297	0.0140481
LTBP2_74505306	0.0140481
LTBP2_74527512	0.0288978
LTBP2_74553225	0.0613094
MAP3K9_70734538	0.109153
MAP3K9_70740725	0.0312969
MAP3K9_70777061	0.055223
MAP4K5_50461567	0.0675343
MARK3_103456315	0.0446409
MARK3_103501252	0.032975
MAX_65097343	0.246257
MIA2_39244132	0.0793201
MIPOL1_37207355	0.118676
MIPOL1_37267827	0.052338
MIS18BP1_45204646	0.033636
MIS18BP1_45206737	0.0770798
MIS18BP1_45209795	0.0770798
MIS18BP1_45210775	0.166217
MIS18BP1_45224958	0.0985752
MIS18BP1_45226942	0.0692857
MIS18BP1_45237171	0.0727217
MLH3_75025555	0.0908999
MLH3_75031688	0.272375
MLH3_75037759	0.0949185
MPP5_67327303	0.129734
MTA1_105456225	0.0137264
MTHFD1_64412943	0.0409336
MYH6_23388524	0.1417
NDRG2_21022001	0.0592418
NEK9_75087735	0.0779424
NEK9_75088791	0.0776979
NEK9_75091934	0.0605261
NEK9_75102763	0.0786464
NEK9_75104240	0.0749257
NEMF_49791984	0.0711607
NEMF_49802071	0.0729698
NEMF_49834731	0.133405
NEMF_49838376	0.0414429
NID2_52011252	0.0194249
NID2_52016925	0.0336861
NID2_52019441	0.0235445
NID2_52019660	0.0235445
NID2_52068547	0.0203167
NIN_50748165	0.0811614
NOXRED1_77414257	0.113332
NOXRED1_77421668	0.113332
NPC2_74482262	0.362854
NPC2_74488588	0.0582676
NRDE2_90287741	0.0393382
NRDE2_90298595	0.0226826
NRDE2_90303607	0.0203325
NRDE2_90305791	0.0526385
NUBPL_31722549	0.151492
NUDT14_105174566	0.0189532
NUMB_73296739	0.088027
NYNRIN_24412440	0.0398273
OTX2_56802987	0.0558264
OTX2_56804971	0.0870863
OXA1L_22767212	0.0553333
OXA1L_22769789	0.0778023
PACS2_105353979	0.0521443
PACS2_105393104	0.0527926
PAPLN_73240386	0.0246805
PAPLN_73245332	0.00125806
PAPLN_73247298	0.0252841
PAPLN_73253399	0.0907362
PAPLN_73258339	0.0408677
PAPLN_73259191	0.025512
PAPLN_73267076	0.0161467
PAPOLA_96553988	0.0365549
PAPOLA_96554502	0.0365549
PCNX1_70976765	0.0874295
PCNX1_71000743	0.0642415
PCNX1_71011276	0.0976786
PCNX1_71015278	0.0433179
PCNX1_71074368	0.0544197
PELI2_56291980	0.018531
PELI2_56296230	0.018531
PGF_74950403	0.139667
PGF_74954579	0.28641
PIGH_67594863	0.0937766
PLEK2_67396013	0.0328085
PLEKHG3_64729980	0.0916077
PLEKHG3_64732706	0.0293216
PLEKHG3_64742840	0.0238061
PLEKHH1_67534082	0.106884
PLEKHH1_67557822	0.0301197
PLEKHH1_67563380	0.0417352
PLEKHH1_67567035	0.0417352
PLEKHH1_67568939	0.0417352
PLEKHH1_67569697	0.0366435
PLEKHH1_67570228	0.0342823
PNP_20475720	0.0370044
POLE2_49662080	0.119281
POMT2_77281151	0.0634977
POMT2_77318360	0.0566467
PPP1R13B_103735276	0.013197
PPP1R13B_103740962	0.0214599
PPP1R13B_103741005	0.0214599
PPP1R13B_103752133	0.0288542
PPP1R36_64566539	0.0475862
PPP2R3C_35096952	0.0961649
PPP2R3C_35099632	0.146311
PPP2R3C_35112044	0.134861
PPP2R5C_101814084	0.0424876
PPP2R5C_101888279	0.0145151
PPP2R5C_101900996	0.0180746
PPP2R5E_63384176	0.0395669
PPP2R5E_63396978	0.0669219
PPP4R3A_91461747	0.0658957
PPP4R3A_91464991	0.125147
PPP4R4_94240643	0.0261222
PPP4R4_94245447	0.0511568
PRIMA1_93783060	0.0594017
PRIMA1_93784292	0.0594017
PRIMA1_93784608	0.0594017
PRIMA1_93787900	0.111218
PRIMA1_93787902	0.111218
PRIMA1_93788013	0.111218
PRKCH_61451308	0.054583
PRKCH_61456210	0.0435055
PRKCH_61529583	0.178802
PRKCH_61549384	0.0337703
PRKD1_29625114	0.0496688
PRPF39_45098005	0.0565624
PRPF39_45098820	0.0565624
PRPF39_45107328	0.0485616
PSMA3-AS1_58296915	0.0453019
PSMA3_58268876	0.049107
PSMA6_35308713	0.16543
PSMB5_23034262	0.0771548
PSMC1_90258440	0.0499
PTGDR_52274023	0.0305815
PTGDR_52274340	0.0305815
PTPN21_88505885	0.116882
PTPN21_88508707	0.0661884
PTPN21_88510405	0.0661884
PYGL_50934996	0.053885
PYGL_50935503	0.0474376
RAB2B_21468975	0.0826379
RAB2B_21470870	0.0826379
RAD51B_68562836	0.134721
RALGAPA1_35653039	0.0584348
RALGAPA1_35671114	0.0829361
RALGAPA1_35764954	0.236479
RBM25_73073455	0.0469471
RBM25_73091356	0.0583263
RBM25_73104601	0.0310097
RBM25_73110302	0.064559
RCOR1_102722113	0.0241459
RCOR1_102724015	0.00853518
RCOR1_102725028	0.00853518
RDH11_67695438	0.042929
RGS6_72460776	0.03022
RGS6_72463900	0.03022
RGS6_72474439	0.041401
RGS6_72537717	0.0967867
RGS6_72538152	0.0967867
RGS6_72539074	0.0967867
RIPK3_24337460	0.0450256
RNASE7_21042518	0.00447843
RNF212B_23185613	0.0904295
RNF212B_23244145	0.0635133
RNF212B_23259787	0.066982
RNF212B_23270779	0.0969695
RP11-361H10.3_76253433	0.0924385
RP11-736N17.11_103086901	0.0251353
RP11-986E7.7_94593564	0.0249415
RPGRIP1_21299865	0.050309
RPGRIP1_21331051	0.0823071
RPGRIP1_21340116	0.0583645
RPS6KA5_90897236	0.0411054
RPS6KA5_90897247	0.0411054
RPS6KA5_90897930	0.0411054
RPS6KA5_90932397	0.0909282
SAMD4A_54683299	0.109654
SAMD4A_54749073	0.147435
SAMD4A_54751158	0.147435
SAMD4A_54760069	0.0477052
SAMD4A_54772134	0.162043
SAMD4A_54783901	0.0904157
SAMD4A_54784135	0.0904157
SEC23A_39051703	0.0856044
SEC23A_39090135	0.136886
SEL1L_81493249	0.0431627
SEL1L_81504707	0.041322
SEL1L_81528382	0.100695
SEL1L_81531016	0.100695
SERPINA10_94291004	0.00719057
SERPINA12_94488728	0.0400668
SERPINA12_94492002	0.00959606
SERPINA12_94516426	0.00395265
SERPINA3_94622288	0.0194049
SERPINA6_94310787	0.021103
SERPINA9_94466872	0.00919476
SETD3_99402750	0.0597102
SETD3_99405026	0.17756
SETD3_99406802	0.0182915
SETD3_99461500	0.0145818
SIPA1L1_71699678	0.0287212
SIPA1L1_71727891	0.0410889
SIPA1L1_71733601	0.0590948
SIVA1_104755423	0.00673939
SIX4_60721549	0.340582
SIX4_60722063	0.340582
SLC10A1_69776791	0.0230386
SLC24A4_92448139	0.00849121
SLC24A4_92450111	0.063928
SLC24A4_92452744	0.063928
SLC24A4_92486436	0.0208128
SLC25A47_100323875	0.00972623
SLC25A47_100324675	0.00972623
SLC25A47_100329100	0.0329344
SLC35F4_57583638	0.0490419
SLC7A8_23131632	0.114385
SMOC1_69975492	0.0838884
SMOC1_69977565	0.261347
SMOC1_69995742	0.0953036
SMOC1_70012919	0.0324571
SMOC1_70029377	0.0404204
SNAPC1_61770508	0.0433499
SNAPC1_61770883	0.0433499
SNW1_77719279	0.06585
SNW1_77732778	0.0570733
SNX6_34586362	0.100551
SOS2_50140208	0.0792012
SOS2_50154451	0.0812272
SOS2_50187865	0.0802521
SOS2_50201907	0.0672198
SPATA7_88391934	0.0931726
SPTB_64778721	0.0264213
SPTB_64798006	0.0728963
SPTB_64805182	0.073109
SPTB_64877321	0.106685
SPTLC2_77564743	0.065927
SPTLC2_77565731	0.065927
STON2_81358560	0.079031
STRN3_31000128	0.104483
STYX_52749298	0.0926115
STYX_52759456	0.0702516
SUSD6_69673186	0.0944732
SUSD6_69708517	0.0335135
SUSD6_69709647	0.0581622
SYNE2_63977662	0.078497
SYNE2_63978271	0.0583909
SYNE2_64011864	0.0524731
SYNE2_64017403	0.0656355
SYNE2_64022250	0.0279543
SYNE2_64116831	0.0499387
SYNE2_64117153	0.0499387
SYNE2_64123317	0.0529661
SYNE2_64124905	0.0529661
SYNE2_64137056	0.031512
SYNE2_64137611	0.031512
SYNE2_64145203	0.0571387
SYNE2_64167158	0.036281
SYNE2_64184740	0.0648105
SYNE2_64188332	0.118101
SYNE2_64218063	0.0351323
SYNE3_95441791	0.0114391
SYNE3_95446195	0.0222357
SYNE3_95453320	0.010553
TCL1A_95713595	0.0148452
TDP1_89965648	0.0163348
TDP1_89969358	0.0187095
TDRD9_103956800	0.0252032
TDRD9_103970211	0.0349191
TDRD9_104006131	0.0317497
TDRD9_104020247	0.0241612
TDRD9_104020484	0.0241612
TDRD9_104025991	0.0190926
TDRD9_104045289	0.0513756
TDRD9_104050839	0.0421165
TECPR2_102433108	0.0342255
TECPR2_102437086	0.00794769
TECPR2_102437101	0.00794769
TECPR2_102437841	0.00794769
TECPR2_102439140	0.01463
TECPR2_102449627	0.0512855
TECPR2_102452265	0.00662672
TEP1_20371881	0.0420762
TEP1_20404086	0.0340399
TEP1_20407311	0.0189402
TGFB3_75962539	0.0434739
TGM1_24249665	0.0697482
TGM1_24250552	0.0697482
TIMM9_58411229	0.0426849
TMED8_77344051	0.0500848
TMED8_77348822	0.0581873
TMED8_77351007	0.0581873
TMEM179_104598334	0.0175128
TMEM179_104601125	0.0175128
TMEM260_56620641	0.0497936
TMEM260_56630066	0.139825
TMEM260_56635275	0.0389068
TMEM63C_77233426	0.022631
TMEM63C_77245350	0.064566
TMEM63C_77249140	0.0380646
TMEM63C_77249264	0.0380646
TMEM63C_77253984	0.0681753
TMX1_51241617	0.0230446
TMX1_51248973	0.0436413
TMX1_51252043	0.0533399
TNFAIP2_103129264	0.0111545
TNFAIP2_103129371	0.0111545
TOX4_21493423	0.0425469
TRAF3_102871581	0.0387422
TRAF3_102874537	0.0654876
TRAF3_102890924	0.185022
TRIM9_50999932	0.0684034
TRIP11_91970996	0.0525352
TRIP11_91971001	0.0525352
TRIP11_91998806	0.0394055
TRIP11_92008217	0.0416163
TRIP11_92025599	0.196309
TRMT61A_103531231	0.011228
TTC6_37681582	0.0769667
TTC6_37735773	0.100465
TTC6_37790445	0.0324566
TTC6_37807031	0.0888566
TTC7B_90616427	0.0738001
TTC7B_90677819	0.0933109
TTC7B_90678322	0.0933109
TTC7B_90695848	0.0935677
TTC7B_90704157	0.0935677
TTC8_88839215	0.0922745
TTC8_88854124	0.0762548
TTLL5_75683436	0.063794
TTLL5_75706701	0.14215
TTLL5_75734512	0.342753
TXNDC16_52537343	0.0485081
TXNDC16_52545771	0.0775077
TXNDC16_52551875	0.0775077
UBR7_93224173	0.139289
UNC79_93492674	0.0510469
UNC79_93579817	0.111615
UNC79_93594891	0.0418233
UNC79_93644021	0.0406973
UNC79_93656170	0.0647672
UNC79_93688444	0.0338128
UNC79_93706480	0.0172311
VASH1_76763566	0.0423763
VASH1_76772619	0.0214275
VASH1_76777606	0.01507
VCPKMT_50112767	0.0718518
VIPAS39_77428501	0.0434143
VIPAS39_77456195	0.0427787
VRK1_96836666	0.0302547
VRK1_96852629	0.0266199
VSX2_74244647	0.039912
WARS_100347022	0.010495
WARS_100347052	0.010495
WARS_100360435	0.0393022
WDHD1_54965737	0.0439461
WDHD1_54982509	0.0539779
WDHD1_55012765	0.06562
WDR25_100526269	0.00986125
YLPM1_74771744	0.10551
YLPM1_74803076	0.0796933
YLPM1_74805334	0.0796933
YLPM1_74815214	0.107271
ZC3H14_88564384	0.0490596
ZC3H14_88605796	0.0236043
ZDHHC22_77136466	0.128693
ZFHX2_23527234	0.0340413
ZFHX2_23528501	0.0512441
ZFHX2_23528628	0.0512441
ZFYVE1_72972269	0.0229784
ZFYVE1_72973127	0.0229784
ZFYVE1_72995103	0.0469746
ZFYVE1_72997027	0.0469746
ZFYVE26_67755705	0.0533931
ZFYVE26_67768630	0.0483799
ZFYVE26_67773759	0.0333561
ZFYVE26_67781879	0.0556424
ZFYVE26_67795342	0.0599776
ZFYVE26_67799816	0.199339
ZFYVE26_67802396	0.0530886
ZFYVE26_67809498	0.0933995
ZNF839_102318051	0.0322083
ZNF839_102325399	0.0322083
ZNF839_102334264	0.0251899
AAGAB_67203352	0.0461618
AAGAB_67232035	0.14119
AAGAB_67234107	0.14119
AAGAB_67246573	0.0845051
ABHD2_89153352	0.0562604
ABHD2_89191561	0.0355607
ACAN_88836869	0.030922
ACSBG1_78175093	0.0283844
ACSBG1_78177998	0.0283844
ACTC1_34793605	0.162716
ADAL_43331771	0.0868106
ADAL_43337414	0.0683424
ADAL_43339095	0.0683424
ADAM10_58640331	0.0498514
ADAM10_58641029	0.0506909
ADAM10_58645537	0.041237
ADAMTS17_100053009	0.0193524
ADAMTS17_100053022	0.0193524
ADAMTS17_100254373	0.0265912
ADAMTS17_100341565	0.0541703
ADAMTS17_99975991	0.0210196
ADAMTS17_99994083	0.0494283
ADAMTS7_78762106	0.0176473
ADAMTS7_78769232	0.025828
ADAMTS7_78777788	0.0532312
ADAMTS7_78797449	0.0121972
ADAMTSL3_83990921	0.0293979
ADAMTSL3_84016177	0.0293951
ADAMTSL3_84037322	0.0194199
ADAMTSL3_84037326	0.0194199
ADPGK_72778103	0.0421813
AGBL1_86268600	0.0195222
AGBL1_86270324	0.010646
AGBL1_86279457	0.107281
AKAP13_85469215	0.0798951
AKAP13_85516574	0.0511776
AKAP13_85577870	0.086465
AKAP13_85584326	0.12401
AKAP13_85710352	0.0107239
AKAP13_85721345	0.0228652
AKAP13_85724346	0.033809
AKAP13_85727538	0.0116569
AKAP13_85727925	0.0116569
ALDH1A2_57962319	0.02462
ALDH1A2_57965058	0.0230447
ALDH1A2_57993245	0.508119
ALDH1A2_58013371	0.157591
ALDH1A3_100898051	0.034946
ALDH1A3_100905911	0.00938939
ALPK3_84866995	0.0150053
ANKDD1A_64912200	0.0392458
ANKDD1A_64915595	0.0392458
ANKDD1A_64928574	0.041145
ANKDD1A_64931174	0.0262191
ANKDD1A_64941461	0.12314
ANPEP_89797366	0.0390225
AP3S2_89876178	0.155316
AP3S2_89888816	0.0572716
AP3S2_89888961	0.0572716
AP4E1_50913023	0.086386
AP4E1_50927346	0.0833748
AP4E1_50936500	0.139029
AP4E1_50963376	0.181227
AP4E1_50974221	0.116027
AP4E1_50996840	0.0952097
AP4E1_51001762	0.0739704
APBA2_28990805	0.0401092
APBA2_29100058	0.0255841
APBA2_29112593	0.00805797
APH1B_63282002	0.0899586
APH1B_63286454	0.0899586
AQP9_58173909	0.0328773
AQR_34863238	0.104043
AQR_34866807	0.104043
AQR_34889147	0.0499899
AQR_34896454	0.0417057
AQR_34900924	0.119355
AQR_34935868	0.0469893
AQR_34937961	0.0469893
AQR_34952295	0.0628313
AQR_34968686	0.0599171
ARIH1_72555544	0.15684
ARNT2_80578195	0.00744151
ARNT2_80592378	0.0711799
ARNT2_80592941	0.0711799
ARPIN_89909831	0.0267392
ASB7_100605052	0.0798107
ATP10A_25704619	0.0111113
ATP10A_25729888	0.0154114
ATP8B4_49866544	0.0677037
ATP8B4_49899017	0.276216
ATP8B4_49918276	0.0804119
ATP8B4_49984640	0.0955861
AVEN_33874985	0.0153
AVEN_33876135	0.069073
BAHD1_40462545	0.063408
BBS4_72692008	0.0597497
BBS4_72715061	0.109993
BBS4_72715065	0.109993
BBS4_72718814	0.0691018
BBS4_72723403	0.0661851
BMF_40104938	0.282087
BNIP2_59684937	0.0599005
BUB1B_40168153	0.0839098
BUB1B_40209501	0.0135845
BUB1B_40219358	0.0822019
C15orf41_36653694	0.0816301
C15orf41_36653919	0.0816301
C15orf57_40556102	0.135234
CA12_63327591	0.194981
CA12_63338550	0.0650474
CALML4_68204313	0.0395229
CALML4_68204798	0.0395229
CAPN3_42388844	0.0552968
CAPN3_42389751	0.0783933
CAPN3_42403494	0.0711152
CCDC33_74271101	0.0270657
CCDC33_74274972	0.0656624
CCDC33_74280602	0.0277391
CCDC33_74332437	0.0398372
CCDC33_74333488	0.138621
CCDC33_74333529	0.138621
CCDC33_74333856	0.138621
CCNB2_59117028	0.035608
CCPG1_55370491	0.0676508
CD276_73708956	0.026063
CD276_73709344	0.026063
CD276_73709830	0.0918678
CDAN1_42732522	0.0587384
CEMIP_80875520	0.0162477
CEMIP_80879562	0.0329917
CEMIP_80881684	0.0177633
CEMIP_80885125	0.0207185
CEMIP_80924206	0.00600685
CEMIP_80924960	0.016855
CEMIP_80927689	0.0137206
CEMIP_80932736	0.0851544
CEMIP_80937178	0.0127247
CEMIP_80939576	0.00842621
CEP152_48740494	0.0331488
CEP152_48757255	0.0464711
CEP152_48758383	0.0464711
CEP152_48766460	0.0888605
CEP152_48781118	0.0854484
CEP152_48791551	0.0660993
CERS3_100480248	0.0308781
CERS3_100483980	0.0308781
CERS3_100485952	0.035221
CERS3_100488041	0.035221
CGNL1_57443471	0.0398252
CGNL1_57452475	0.0454487
CGNL1_57461575	0.0476031
CGNL1_57519236	0.0472649
CGNL1_57523281	0.0472649
CGNL1_57524327	0.0375186
CHD2_92937784	0.0243299
CHD2_92942112	0.0411973
CHD2_92985759	0.0518008
CHD2_92994085	0.0280334
CHD2_93008491	0.0151691
CHD2_93012050	0.0250371
CHD2_93019011	0.0258628
CHD2_93023486	0.040515
CHP1_41275857	0.0566619
CHP1_41276981	0.0566619
CHRFAM7A_30383701	0.0764756
CHRNA5_78582860	0.0405521
CHRNB4_78633603	0.0392545
CHRNB4_78634897	0.0392545
CHSY1_101205712	0.0481904
CIB2_78130478	0.0374831
CILP_65202233	0.0367635
CILP_65208676	0.125115
CLN6_68209759	0.0207352
CLPX_65166879	0.0812039
CORO2B_68714861	0.0152178
CORO2B_68717926	0.0238069
COX5A_74927031	0.10139
CPEB1_82546563	0.0217375
CPEB1_82549203	0.10899
CPLX3_74826983	0.127943
CPLX3_74828482	0.0425807
CPLX3_74828720	0.0425807
CPLX3_74828887	0.0425807
CRABP1_78347518	0.0850039
CSNK1G1_64174024	0.134355
CSNK1G1_64203395	0.0701663
CSNK1G1_64213743	0.12009
CSPG4_75677575	0.0241352
CSPG4_75684268	0.0187302
CTD-2313J17.1_92808343	0.0369936
CTDSPL2_44493181	0.0626662
CTDSPL2_44523231	0.0753878
CTSH_78936030	0.0533772
CYFIP1_22879234	0.0396947
CYFIP1_22908417	0.0221553
CYFIP1_22911782	0.0168718
CYFIP1_22915424	0.0607886
CYFIP1_22919583	0.0555116
CYFIP1_22920718	0.0555116
CYFIP1_22925596	0.0555116
CYFIP1_22931044	0.0297389
CYFIP1_22931486	0.0297389
CYFIP1_22932368	0.0217515
CYFIP1_22934125	0.0305611
CYFIP1_22936273	0.0305611
CYFIP1_22943005	0.0145711
CYP11A1_74345409	0.0193581
CYP11A1_74345721	0.0193581
DAPK2_64040426	0.0450964
DAPK2_64041399	0.0450964
DAPK2_64045185	0.0450964
DENND4A_65674349	0.113855
DENND4A_65693418	0.0691205
DENND4A_65734333	0.144763
DENND4A_65741523	0.136627
DIS3L_66319548	0.161637
DISP2_40365550	0.110224
DISP2_40366514	0.0408491
DLL4_40934496	0.168145
DMXL2_51460289	0.243139
DMXL2_51468507	0.0730641
DMXL2_51478579	0.0747356
DMXL2_51491161	0.0551681
DMXL2_51498422	0.0638826
DPH6_35544667	0.0382977
DPP8_65463187	0.0989862
DPP8_65464537	0.0614948
DUOX1_45138294	0.0297193
DUOX1_45146076	0.0765723
DUOX1_45152147	0.0543219
DUOX1_45153269	0.0330394
DUOX1_45158917	0.0527663
DUOX1_45162939	0.0920217
DUOX2_45096130	0.0322124
DUOXA2_45114827	0.0825287
DUT_48334979	0.0270625
DYX1C1_55435153	0.0521045
EFL1_82156195	0.05001
EFL1_82218857	0.0131783
EFL1_82231486	0.0309306
EFL1_82234969	0.0309306
EHD4_41909461	0.0394674
EIF2AK4_39941330	0.0431636
EIF2AK4_39957706	0.0457152
EIF2AK4_39971968	0.035786
EIF2AK4_39973465	0.0300641
EIF2AK4_39993823	0.0353439
EIF2AK4_40019492	0.0683551
ELL3_43774872	0.0291109
EPB42_43205955	0.0252007
EPB42_43209840	0.0461166
ETFA_76231703	0.162424
FAH_80172556	0.0154196
FAM189A1_29125040	0.00630698
FAM189A1_29125882	0.00630698
FAM189A1_29130329	0.0288674
FAM189A1_29136022	0.0288674
FAM214A_52599366	0.0616164
FAM214A_52606051	0.0355911
FAM227B_49335275	0.0412544
FAM227B_49569994	0.0675779
FAM227B_49577500	0.0591226
FAM81A_59507648	0.0353796
FAM96A_64083479	0.0684188
FAM98B_38473897	0.096344
FAM98B_38474065	0.096344
FAM98B_38474069	0.096344
FAM98B_38475058	0.0742475
FAM98B_38477855	0.0742475
FAN1_30917158	0.0283735
FANCI_89275246	0.0603333
FANCI_89276655	0.0603333
FANCI_89291885	0.0264347
FANCI_89294147	0.086094
FBN1_48423547	0.0344721
FBN1_48435848	0.134022
FBN1_48465380	0.0401766
FBN1_48485521	0.135355
FBN1_48520317	0.028868
FES_90887906	0.0222491
FMN1_32910178	0.0309678
FRMD5_43892320	0.0734185
FRMD5_43903563	0.0281344
FSD2_82766125	0.0238813
FSD2_82771209	0.0642495
FSD2_82782714	0.0666458
GABPB1_50279963	0.0781379
GABPB1_50284214	0.0781379
GABPB1_50284286	0.0781379
GABRA5_26883015	0.0299022
GABRG3_27327486	0.01975
GALK2_49313191	0.124564
GALK2_49322957	0.115867
GANC_42297994	0.132424
GANC_42345673	0.0676596
GANC_42345999	0.0458938
GANC_42349573	0.0689569
GCOM1_57618412	0.0322094
GCOM1_57633442	0.0238689
GCOM1_57633556	0.0238689
GCOM1_57635029	0.0242074
GDPGP1_90234892	0.052992
GLDN_51401555	0.0183839
GNB5_52154225	0.0996523
GTF2A2_59642503	0.0509337
GTF2A2_59650354	0.0509337
HACD3_65562626	0.0808716
HAUS2_42566216	0.0727708
HCN4_73325815	0.038343
HDC_50247424	0.0303428
HDC_50249982	0.0357653
HDC_50258839	0.0473335
HERC1_63614791	0.0314622
HERC1_63631225	0.0348876
HERC1_63632927	0.0700792
HERC1_63641333	0.0611797
HERC1_63645863	0.0590461
HERC1_63659451	0.0622153
HERC1_63667819	0.0722604
HERC1_63700773	0.144317
HERC1_63719044	0.0774979
HERC1_63726943	0.0844721
HERC1_63727967	0.0592527
HERC1_63729804	0.0967789
HERC1_63748007	0.103366
HERC1_63748412	0.103366
HERC1_63754895	0.123581
HERC1_63760971	0.0734158
HERC2_28135235	0.0256804
HERC2_28144987	0.00742668
HERC2_28145910	0.00742668
HERC2_28148560	0.0195859
HERC2_28166503	0.020738
HERC2_28167180	0.020738
HERC2_28196590	0.028932
HERC2_28197983	0.028932
HERC2_28205818	0.0189092
HERC2_28207710	0.0340606
HERC2_28211797	0.0140416
HERC2_28214346	0.105123
HERC2_28214470	0.105123
HERC2_28233604	0.1125
HERC2_28262405	0.0165162
HERC2_28268961	0.0192821
HERC2_28293924	0.0646423
HMG20A_77453557	0.124318
HMG20A_77463657	0.0724381
HMG20A_77472255	0.165027
HOMER2_82863855	0.0501332
HOMER2_82903389	0.0831268
ICE2_60432032	0.0649555
ICE2_60477004	0.0528722
IGDCC3_65336119	0.135741
IGDCC3_65376391	0.0380289
IGDCC3_65376431	0.0380289
IGDCC4_65386778	0.0313789
IGDCC4_65393615	0.0215017
IGDCC4_65394327	0.0215017
IGDCC4_65400470	0.0519371
IGDCC4_65403667	0.073401
IGF1R_98658585	0.0638161
IGF1R_98891754	0.0434223
IGF1R_98917378	0.0163383
IGF1R_98917594	0.0163383
IGF1R_98922940	0.0151385
IGF1R_98924450	0.0216055
IGF1R_98940725	0.0382715
IGF1R_98956637	0.0440454
IGF1R_98956868	0.0440454
IL16_81278536	0.0136803
IL16_81289020	0.0152003
INO80_41045607	0.105527
INO80_41054090	0.0562808
INO80_41081411	0.0595774
INO80_41086363	0.054633
INO80_41101167	0.0976822
IQCH_67256608	0.10024
IQCH_67357317	0.158069
IQCH_67393965	0.190972
IQGAP1_90449262	0.0765839
IQGAP1_90456024	0.0166967
IQGAP1_90473142	0.0291562
IQGAP1_90477542	0.0361797
IREB2_78465703	0.0500295
ISG20_88653380	0.0271414
ISLR2_74132423	0.0554189
ITGA11_68316902	0.0185452
ITGA11_68321758	0.0289319
ITGA11_68340745	0.0388687
ITGA11_68346312	0.0388687
ITGA11_68360708	0.0342533
ITGA11_68363865	0.0226729
ITGA11_68365047	0.0338096
ITPKA_41496540	0.11337
ITPKA_41496663	0.11337
IVD_40407360	0.0343594
IVD_40413397	0.0309017
IVD_40415806	0.0272067
JMJD7_41835901	0.0294553
KATNBL1_34148367	0.0549517
KIF7_89632744	0.0205852
KIF7_89642877	0.0157764
KIF7_89646127	0.0109527
KIF7_89647422	0.0295204
KIF7_89652395	0.0694758
KLHL25_85776046	0.0437703
KNL1_40594474	0.081764
KNL1_40600608	0.081764
KNL1_40640629	0.10446
KNL1_40641230	0.0933963
KNL1_40641559	0.0933963
KNSTRN_40386877	0.0367289
LCTL_66563382	0.023025
LEO1_51955433	0.0518908
LEO1_51955902	0.0518908
LEO1_51957071	0.0518908
LEO1_51971396	0.109124
LINC01314_80203018	0.0162834
LIPC_58541731	0.0282287
LIPC_58547307	0.0228955
LMAN1L_74823519	0.0252638
LOXL1_73943574	0.0941433
LRRC28_99360285	0.0865941
LRRC57_42546865	0.0901657
LRRK1_101010246	0.00814935
LRRK1_101016837	0.044903
LRRK1_101057947	0.0268051
LRRK1_101060250	0.0224394
LRRK1_101061522	0.00743407
LTK_41511578	0.0201597
LYSMD4_99730231	0.0399528
MAN2A2_90904995	0.0417761
MAN2A2_90908243	0.0308678
MAN2C1_75361774	0.0530672
MAN2C1_75362260	0.0243165
MAP2K1_66442957	0.0568605
MAP2K1_66485348	0.0611336
MAP2K5_67587163	0.0666384
MAP2K5_67588131	0.0666384
MAP2K5_67622109	0.217712
MAPKBP1_41813983	0.0379857
MAPKBP1_41818355	0.0958826
MAPKBP1_41820080	0.0200864
MAPKBP1_41824197	0.389185
MEF2A_99711205	0.0167188
MEF2A_99712050	0.0167188
MEGF11_65930124	0.0181395
MEIS2_36896468	0.516771
MESDC2_80982819	0.0220727
MESDC2_80989173	0.0220727
MFGE8_88905966	0.0319227
MFGE8_88905985	0.0319227
MFGE8_88907056	0.012851
MGA_41733569	0.134255
MGA_41742425	0.196445
MGA_41743552	0.196445
MGA_41754979	0.0577848
MNS1_56444828	0.0611108
MORF4L1_78876212	0.0397905
MPI_74892536	0.0731684
MRPL46_88466061	0.0315516
MRPL46_88466103	0.0315516
MRPS11_88476523	0.0532093
MTMR10_30945533	0.0259901
MTMR10_30961188	0.0560408
MYEF2_48158952	0.153212
MYEF2_48160319	0.0957175
MYEF2_48160334	0.0957175
MYO1E_59170625	0.0347503
MYO1E_59178537	0.0428643
MYO1E_59206835	0.31465
MYO1E_59213994	0.0520232
MYO1E_59226515	0.0191222
MYO5A_52343443	0.0662741
MYO5A_52375620	0.040667
MYO5C_52195238	0.0786233
MYO5C_52204226	0.0917726
MYO5C_52214905	0.0429932
MYO5C_52218953	0.0331531
MYO5C_52234118	0.0182172
MYO5C_52235121	0.0182172
MYO5C_52243947	0.0209505
MYO5C_52245539	0.0143347
MYO5C_52249018	0.0310752
MYO5C_52249652	0.0310752
MYO5C_52263580	0.0249471
MYO5C_52279901	0.0278069
MYO5C_52281350	0.0278069
MYO9A_71851474	0.0401695
MYO9A_71904191	0.0481298
MYO9A_72017435	0.0720014
NDUFAF1_41389881	0.198702
NDUFAF1_41395289	0.060009
NDUFAF1_41395327	0.060009
NEIL1_75349994	0.0209737
NEO1_73254092	0.0338328
NEO1_73273615	0.0439952
NEO1_73277800	0.0895843
NEO1_73288086	0.0361269
NIPA1_22820099	0.0679816
NIPA2_22860406	0.0440165
NMB_84657398	0.0385255
NOX5_69035190	0.0329721
NOX5_69056505	0.0331034
NPTN_73565542	0.227985
NPTN_73570621	0.0274731
NR2E3_71811357	0.0298357
NTRK3_87931025	0.0502125
NTRK3_88131090	0.0263041
NTRK3_88131890	0.0263041
NTRK3_88183936	0.0271361
NUSAP1_41366588	0.0967111
NUSAP1_41371392	0.0967111
OCA2_27847852	0.024738
OCA2_27954218	0.0141988
OCA2_27955105	0.0141988
OCA2_27962348	0.0540213
OCA2_28019368	0.017541
OCA2_28023730	0.031092
OCA2_28024419	0.031092
ODF3L1_75725731	0.0273909
OTUD7A_31486657	0.038561
OTUD7A_31503343	0.0214522
OTUD7A_31529717	0.0119361
OTUD7A_31529944	0.0119361
PAK6_40240447	0.289487
PAK6_40268293	0.0191402
PAK6_40271967	0.0191402
PAK6_40271983	0.0191402
PAQR5_69390643	0.0372614
PAQR5_69395059	0.0372614
PAQR5_69395645	0.0372614
PAQR5_69399053	0.0199589
PAQR5_69399822	0.0199589
PARP16_65260241	0.131155
PARP6_72257720	0.0607416
PARP6_72265631	0.101917
PARP6_72265670	0.101917
PATL2_44668602	0.0192394
PCLAF_64381157	0.0485017
PCSK6_101392285	0.0377477
PCSK6_101395015	0.0304382
PCSK6_101428476	0.0303121
PDCD7_65121565	0.0654735
PDCD7_65129479	0.0678148
PDE8A_85075538	0.033358
PDE8A_85075719	0.033358
PDE8A_85092715	0.0220565
PDE8A_85099452	0.0693655
PDE8A_85108437	0.0215978
PIAS1_68150610	0.109934
PIAS1_68186672	0.0457073
PIGBOS1_55318211	0.0493597
PIGB_55338972	0.078452
PIGB_55343694	0.061617
PLA2G4D_42074233	0.0936317
PLA2G4D_42084343	0.0171041
PLA2G4D_42084756	0.0171041
PLA2G4D_42085569	0.0279912
PLA2G4D_42086401	0.0299445
PLA2G4D_42087045	0.0299445
PLA2G4E_41984125	0.0239371
PLA2G4E_41987494	0.0302244
PLA2G4E_41987727	0.0302244
PLA2G4E_41990349	0.0262527
PLA2G4E_42000332	0.0226144
PLA2G4E_42003729	0.0390852
PLA2G4E_42009721	0.0329388
PLA2G4F_42150276	0.0783939
PLA2G4F_42155758	0.0369552
PLCB2_40294693	0.0359592
PLCB2_40296945	0.0278056
PLCB2_40304815	0.0352604
PLCB2_40305903	0.0352604
PLCB2_40307246	0.0352604
PLEKHO2_64856352	0.144802
PML_73995196	0.0601832
PML_73995380	0.0601832
PML_74023955	0.0280615
PML_74044114	0.0353821
POLG_89323156	0.0219182
PPCDC_75044266	0.473761
PPCDC_75047215	0.0368707
PPIP5K1_43573652	0.149275
PPIP5K1_43577535	0.137523
PRC1_90978319	0.0276622
PRTG_55638248	0.0193568
PRTG_55695854	0.11069
PRTG_55741664	0.301976
PRTG_55742161	0.301976
PSTPIP1_77019200	0.0243129
PSTPIP1_77021909	0.0243129
PSTPIP1_77029003	0.0223607
PTPN9_75507144	0.0352424
RAB11A_65878451	0.0427353
RAB27A_55210872	0.053664
RAB27A_55230751	0.0509581
RAB8B_63210229	0.121483
RAD51_40700839	0.0459977
RAD51_40706129	0.104161
RAD51_40706739	0.042407
RAD51_40706755	0.042407
RASGRF1_78996541	0.0151059
RASGRF1_78998468	0.0164784
RASGRF1_79015751	0.0134021
RASGRF1_79017993	0.0300867
RASGRF1_79025098	0.0448313
RASGRF1_79026247	0.0099466
RASGRF1_79028401	0.0127946
RASGRP1_38519071	0.0247593
RBPMS2_64741382	0.01904
RBPMS2_64751357	0.042045
RCN2_76933037	0.0571651
RCN2_76936151	0.0852974
RCN2_76936167	0.0852974
RCN2_76937334	0.0852974
RHCG_89472204	0.0290234
RMDN3_40743100	0.0349974
RNF111_59084615	0.0486717
RNF111_59089912	0.0406413
RORA_60509818	0.119788
RORA_60514309	0.0609469
RORA_61024721	0.127691
RORA_61044036	0.127691
RORA_61174375	0.127691
RP11-100M12.2_27425055	0.0297525
RP11-142J21.2_47526019	0.0876547
RP11-429B14.1_89577964	0.0587275
RP11-429D19.1_59271174	0.0618331
RP11-7M10.2_84753789	0.0598151
RPAP1_41522466	0.052144
RPAP1_41537319	0.085245
RPUSD2_40573324	0.0560178
RYR3_33541815	0.111782
RYR3_33542187	0.111782
RYR3_33548645	0.0174281
RYR3_33565517	0.0640592
RYR3_33566342	0.0640592
RYR3_33631651	0.0155541
RYR3_33650038	0.0232114
RYR3_33664255	0.0548339
RYR3_33669788	0.0532328
RYR3_33733002	0.0281857
RYR3_33740933	0.0569549
RYR3_33747957	0.0338809
RYR3_33771696	0.0291052
RYR3_33786329	0.0272823
RYR3_33787139	0.0272823
RYR3_33821521	0.0902614
RYR3_33825361	0.0951526
RYR3_33829405	0.0549184
SCAMP2_74845897	0.0717678
SCAMP2_74846862	0.0717678
SCAMP5_75011605	0.0786781
SCAMP5_75012534	0.0333108
SCAMP5_75013484	0.0769863
SCAPER_76799982	0.0566114
SCAPER_76800664	0.0295516
SCG5_32683638	0.0593118
SEC11A_84688442	0.127416
SEC11A_84688449	0.127416
SECISBP2L_49009007	0.133657
SECISBP2L_49010828	0.0351633
SECISBP2L_49011254	0.0351633
SECISBP2L_49014623	0.0342504
SEMA6D_47762505	0.248973
SEMA6D_47763677	0.0787396
SEMA7A_74413437	0.105277
SEMA7A_74415009	0.0433009
SEMA7A_74415311	0.0433009
SH2D7_78094407	0.0253848
SH2D7_78103193	0.0259355
SH3GL3_83567508	0.0386653
SH3GL3_83574979	0.0229349
SH3GL3_83576459	0.0229349
SHC4_48845305	0.0710919
SIN3A_75378262	0.0699439
SIN3A_75389953	0.0540289
SIN3A_75424482	0.0712722
SKOR1_67828787	0.108605
SKOR1_67830490	0.0604046
SLC12A1_48241228	0.0677943
SLC12A1_48255770	0.0366688
SLC12A1_48256408	0.148698
SLC12A1_48262862	0.139364
SLC24A1_65637906	0.0678245
SLC27A2_50227571	0.048239
SLC27A2_50228195	0.048239
SLC28A1_84908345	0.0483485
SLC28A1_84919549	0.0398956
SLC28A1_84926657	0.0335903
SLC28A1_84932553	0.0335903
SLC51B_65046815	0.0238693
SLCO3A1_92121851	0.0394084
SLCO3A1_92147261	0.111442
SLTM_58882680	0.0315651
SMAD3_67170063	0.0576492
SMAD3_67185403	0.0499176
SMAD3_67186158	0.0499176
SMAD6_66709465	0.186838
SMAD6_66711420	0.186838
SMAD6_66715504	0.185439
SNUPN_75605531	0.0589517
SNUPN_75606822	0.0589517
SNUPN_75607596	0.0377394
SNUPN_75616864	0.0506641
SNURF_24956555	0.0350857
SNX1_64131443	0.0912044
SNX1_64133989	0.113401
SNX1_64136039	0.0348075
SNX33_75653086	0.0873774
SORD_45067264	0.0772924
SPATA5L1_45403923	0.199882
SPG11_44563944	0.0957831
SPG11_44569505	0.0245123
SPG11_44589543	0.0397205
SPG11_44598983	0.0564184
SPG11_44616920	0.0512927
SPG11_44650460	0.0702638
SPG11_44659570	0.0414787
SPG21_64971920	0.0690381
SPG21_64982931	0.0596202
SPPL2A_50730208	0.065136
SPTBN5_41862928	0.0115313
SPTBN5_41864952	0.0176719
SPTBN5_41868601	0.0145545
SPTBN5_41868883	0.0145545
SPTBN5_41870723	0.00291032
SPTBN5_41871680	0.0404598
SPTBN5_41873632	0.0508686
SPTBN5_41877424	0.0136223
SPTBN5_41891543	0.0211853
SQRDL_45669325	0.0421053
SQRDL_45675354	0.0297473
SQRDL_45687794	0.0743737
SQRDL_45688075	0.0743737
SRP14_40037047	0.0420982
ST8SIA2_92435080	0.0857086
ST8SIA2_92437750	0.0857086
ST8SIA2_92442259	0.0246566
ST8SIA2_92443134	0.0246566
STARD9_42582257	0.195656
STARD9_42667049	0.0708492
STARD9_42678787	0.0487407
STARD9_42695644	0.0911432
STOML1_73990543	0.0259112
STRA6_74192663	0.0586919
STRA6_74198430	0.055072
STRC_43608922	0.076292
SV2B_91290282	0.0337184
SV2B_91290291	0.0337184
TARSL2_101678747	0.11385
TARSL2_101703082	0.0257013
TARSL2_101722324	0.0361667
TBC1D21_73887013	0.0257617
TBC1D21_73887434	0.0257617
TBC1D2B_78000324	0.0276368
TBC1D2B_78003690	0.0178042
TBC1D2B_78015720	0.013649
TBC1D2B_78016318	0.013649
TBC1D2B_78071025	0.0386471
TERB2_44976457	0.125432
TEX9_56389977	0.048222
TGM5_43233737	0.0406818
TGM5_43234982	0.043308
TGM5_43236053	0.0295666
TGM5_43253200	0.0572285
TGM5_43256348	0.022478
TGM7_43278460	0.0279387
TGM7_43281079	0.0536755
TGM7_43281085	0.0536755
TGM7_43283920	0.0344957
TGM7_43288015	0.126704
THAP10_70887706	0.129245
THBS1_39583940	0.0545525
THBS1_39583944	0.0545525
THSD4_71744927	0.0347963
TICRR_89577962	0.0587275
TICRR_89588286	0.0924096
TICRR_89589303	0.0924096
TJP1_29705126	0.0183797
TJP1_29709808	0.0185006
TJP1_29716341	0.0857456
TJP1_29763835	0.0150854
TJP1_29772325	0.0260272
TLE3_70056462	0.0287472
TLE3_70059158	0.0174764
TLN2_62613644	0.0514624
TLN2_62650387	0.0518903
TLN2_62701897	0.0612677
TLN2_62708358	0.0129904
TLN2_62738080	0.0174268
TLN2_62742711	0.0451967
TLN2_62751927	0.0192741
TLN2_62766799	0.0295629
TLN2_62780872	0.0534268
TLN2_62781793	0.0876651
TLN2_62798217	0.0160978
TLN2_62805163	0.0839812
TM6SF1_83109095	0.0418487
TM6SF1_83110071	0.0418487
TMC3_81345306	0.0163718
TMC3_81346212	0.0163718
TMED3_79313705	0.0201642
TMED3_79316176	0.0256133
TMED3_79317452	0.0256133
TMEM202_72405639	0.0791395
TMEM62_43139755	0.245337
TMEM62_43174021	0.174738
TMEM62_43183879	0.0950122
TMEM87A_42225887	0.0758285
TMEM87A_42267349	0.104428
TMEM87A_42272267	0.0779072
TMOD3_51863678	0.0433124
TMOD3_51867990	0.0433124
TMOD3_51892670	0.069846
TMOD3_51897370	0.0394115
TP53BP1_43430069	0.100643
TP53BP1_43452305	0.0763634
TP53BP1_43470716	0.0722028
TP53BP1_43473783	0.0722028
TP53BP1_43481146	0.0523104
TPM1_63057871	0.0368024
TRIP4_64397400	0.0984233
TRIP4_64406171	0.0604118
TRIP4_64417714	0.065851
TRPM7_50578147	0.0463818
TRPM7_50592782	0.0871727
TTBK2_42750211	0.122794
TTBK2_42777563	0.102523
TTBK2_42778360	0.102523
TTBK2_42830153	0.0936099
TTBK2_42830157	0.0936099
TTBK2_42873491	0.0890744
TTC23_99241189	0.0766715
TTLL13P_90255189	0.0204089
TTLL13P_90257419	0.0621127
TUBGCP4_43375811	0.103791
TUBGCP4_43382728	0.0871723
TUBGCP4_43395918	0.0395587
TUBGCP5_23019510	0.0374169
TUBGCP5_23019832	0.0374169
TUBGCP5_23030069	0.0721638
TUBGCP5_23037276	0.0363982
TUBGCP5_23037291	0.0363982
TYRO3_41567184	0.0452254
TYRO3_41576634	0.0748715
TYRO3_41576967	0.0748715
TYRO3_41576982	0.0748715
UACA_70691546	0.0465907
UACA_70693767	0.0465907
UACA_70723470	0.0823404
UBAP1L_65093394	0.029687
UBE2Q2_75874907	0.0486822
UBE2Q2_75877726	0.0799278
UBE2Q2_75890630	0.100297
UBE3A_25431165	0.0503284
UBL7_74450880	0.039901
UBL7_74452644	0.0678502
UBL7_74458056	0.0309851
UBR1_42956145	0.0692739
UBR1_42964087	0.0501622
UBR1_42973121	0.0840591
UBR1_42991166	0.141177
UBR1_43017926	0.0392001
UBR1_43019516	0.0392001
UBR1_43020747	0.0392001
UBR1_43032936	0.0955415
UBR1_43043564	0.0649788
UBR1_43070491	0.0588144
ULK3_74839427	0.0633207
UNC13C_54298537	0.0357214
UNC45A_90948018	0.0556056
USP3_63535797	0.149347
USP3_63570302	0.0472408
USP3_63573014	0.0452452
USP50_50542423	0.0257154
USP8_50444643	0.075448
USP8_50473640	0.0949309
VPS13C_61910956	0.0499967
VPS13C_61912937	0.167809
VPS13C_61930619	0.0693669
VPS13C_61936447	0.0243377
VPS13C_61957287	0.0281115
VPS13C_61972161	0.0406743
VPS13C_62040882	0.0872811
VPS33B_91009879	0.0362848
VPS33B_91018157	0.0233456
VPS39_42175770	0.0527801
VPS39_42190761	0.0637453
WDR61_78290423	0.083037
WDR72_53518990	0.364107
WDR72_53713129	0.0628534
WDR76_43836692	0.0919525
WDR76_43840248	0.0727606
WDR76_43849812	0.100092
WDR76_43850730	0.100092
WDR76_43850735	0.100092
WDR76_43857637	0.0691128
WDR76_43865979	0.0819321
WDR93_89728848	0.0139215
WDR93_89731307	0.0209301
WDR93_89733780	0.0220938
WDR93_89738412	0.0775106
WDR93_89743082	0.0775106
WDR93_89743175	0.0775106
WHAMM_82817701	0.0606147
WHAMM_82821838	0.126576
ZFAND6_80136529	0.0664235
ZFYVE19_40810283	0.124178
ZNF280D_56682160	0.164548
ZNF592_84791014	0.0529077
ZNF592_84801602	0.0224509
ZNF609_64588199	0.147704
ZSCAN29_43367185	0.117279
ZSCAN2_84601939	0.0916792
ZWILCH_66508714	0.0544233
ZWILCH_66528594	0.0717433
ZWILCH_66529750	0.0409383
ZWILCH_66540770	0.0799447
AARS_70260447	0.0294141
AARS_70265893	0.0471688
AARS_70272795	0.0430372
ABAT_8776279	0.0312792
ABAT_8779802	0.0189243
ABCA3_2278673	0.015781
ABCA3_2278677	0.015781
ABCA3_2280551	0.00542405
ABCA3_2280874	0.00542405
ABCA3_2290332	0.0831362
ABCA3_2307805	0.0326083
ABCA3_2323796	0.0150895
ABCA3_2326594	0.040402
ABCC11_48170636	0.0217701
ABCC11_48175497	0.0143274
ABCC11_48194258	0.0216207
ABCC11_48208552	0.0357132
ABCC11_48230031	0.0190392
ABCC11_48230862	0.0539968
ABCC12_48105757	0.0775894
ABCC12_48114438	0.0315063
ABCC12_48129028	0.0536839
ABCC12_48134009	0.0738292
ABCC12_48134019	0.0738292
ABCC12_48138028	0.0738292
ABCC1_16035008	0.0261836
ABCC1_16036396	0.0261836
ABCC1_16037274	0.0273134
ABCC1_16052689	0.0413416
ABCC1_16103878	0.0350769
ABCC1_16104011	0.0350769
ABCC1_16112918	0.0319793
ABCC1_16121821	0.0307322
ABCC1_16125159	0.0198356
ABCC1_16129466	0.143402
ABCC6_16162518	0.0406968
ABCC6_16173551	0.0361864
ABCC6_16182604	0.0603349
ABCC6_16185184	0.0372475
ABCC6_16186105	0.0372475
ABCC6_16190482	0.0309525
ABCC6_16190541	0.0309525
AC004381.6_20827671	0.107627
AC004381.6_20841747	0.0611841
ACSF3_89099071	0.0141201
ACSF3_89099548	0.0141201
ACSF3_89116342	0.0489834
ACSF3_89116421	0.0489834
ACSM3_20781588	0.0413258
ACSM5_20417887	0.0824163
ADAMTS18_77287184	0.0143259
ADAMTS18_77433238	0.115557
ADAMTS18_77433491	0.115557
ADAT1_75609149	0.0421423
ADAT1_75621929	0.0274191
ADCY7_50290307	0.0455218
ADCY7_50290363	0.0455218
ADCY7_50292176	0.0147082
ADCY7_50292951	0.0354394
ADCY7_50295788	0.0194391
ADCY9_3977830	0.0247481
ADCY9_3985478	0.0165033
ADCY9_3989791	0.0401259
ADCY9_4023535	0.0544841
ADGRG1_57642999	0.0540239
ADGRG1_57658325	0.0177698
ADGRG3_57676983	0.0342545
ADGRG5_57571766	0.0355651
AGRP_67482872	0.0351408
AJ003147.9_3189147	0.0609953
AJ003147.9_3190734	0.0334427
ALG1_5072740	0.0422833
ALG1_5076362	0.0189644
AMDHD2_2524327	0.0272383
AMDHD2_2524975	0.0272383
AMFR_56388368	0.050846
ANKRD11_89285887	0.0339537
ANKRD11_89288994	0.050542
ANKRD11_89291254	0.0273652
ANKRD11_89310825	0.0254012
ANKRD11_89424561	0.0398799
ANKRD11_89445116	0.0398799
ANKS3_4698729	0.02562
ANKS3_4720055	0.0373191
APRT_88810699	0.0128348
AQP8_25228242	0.0207921
ARHGAP17_24978589	0.107658
ATF7IP2_10428663	0.12783
ATF7IP2_10429644	0.0461826
ATF7IP2_10434649	0.0541411
ATF7IP2_10438554	0.0370009
ATMIN_81036388	0.0237835
ATP2A1_28903530	0.218226
ATP2A1_28904093	0.218226
ATP2C2_84405484	0.019588
ATP2C2_84410224	0.0205871
ATP2C2_84413434	0.013957
ATP2C2_84447957	0.0291808
ATP2C2_84453008	0.0129054
ATP2C2_84459090	0.0141344
ATP6V0C_2514718	0.0684385
ATP6V0D1_67444045	0.225631
ATXN2L_28827818	0.062367
AXIN1_309558	0.0241266
AXIN1_312039	0.0134661
BAIAP3_1343088	0.0663218
BAIAP3_1343224	0.0663218
BANP_87953363	0.0256732
BANP_87982557	0.0127889
BANP_87983509	0.0127889
BANP_88028199	0.019037
BANP_88030444	0.019037
BANP_88031257	0.019037
BANP_88073513	0.0118168
BCAR1_75237509	0.0220521
BCAR1_75240172	0.0220521
BCO1_81280638	0.0524479
BEAN1-AS1_66471858	0.0453044
BEAN1-AS1_66472184	0.0453044
BFAR_14645131	0.0648886
BFAR_14648843	0.0335235
BFAR_14648929	0.0335235
BRD7_50331576	0.213363
BRD7_50340322	0.120961
BRD7_50351140	0.0922304
BRD7_50360456	0.0443885
C16orf45_15582942	0.0537023
C16orf46_81062602	0.0196826
C16orf47_73128902	0.132451
C16orf58_31496067	0.0401374
C16orf58_31497077	0.0292897
C16orf58_31507343	0.0583601
C16orf62_19558132	0.034115
C16orf62_19581190	0.0318715
C16orf62_19618406	0.0683734
C16orf62_19633477	0.044568
C16orf62_19691873	0.0471258
C16orf62_19692182	0.0471258
C16orf62_19693209	0.0471258
C16orf62_19699128	0.0471258
C16orf62_19699221	0.0471258
C16orf70_67141080	0.0827229
C16orf70_67146952	0.0336729
C16orf71_4737411	0.0109559
C16orf71_4742982	0.0257801
C16orf87_46804335	0.0746806
C16orf87_46821163	0.0788598
C16orf96_4566664	0.116602
C16orf96_4595229	0.0254475
C1QTNF8_1095146	0.00590308
CA5A_87890432	0.0259033
CA5A_87904594	0.017955
CA5A_87924346	0.0216419
CACNA1H_1177089	0.0200947
CACNA1H_1195732	0.0202833
CACNA1H_1199544	0.00952059
CACNA1H_1201394	0.0205386
CACNA1H_1214170	0.00974615
CACNA1H_1214477	0.00974615
CACNA1H_1216826	0.0149081
CACNG3_24349342	0.0352257
CACNG3_24355861	0.0582717
CACNG3_24360531	0.0582717
CALB2_71373294	0.0394648
CAPN15_528719	0.0109493
CAPN15_528867	0.0109493
CAPN15_550095	0.0383848
CAPN15_552049	0.0176839
CARHSP1_8856580	0.0299196
CASKIN1_2178751	0.0398824
CASKIN1_2179435	0.0416517
CASKIN1_2183035	0.0334732
CASKIN1_2183260	0.0334732
CASKIN1_2186310	0.00987442
CASKIN1_2190510	0.0581841
CASKIN1_2191437	0.0581841
CASKIN1_2191878	0.0581841
CBFA2T3_88878217	0.00949248
CBFA2T3_88896828	0.0308653
CBFB_67034659	0.166722
CCDC102A_57514005	0.077502
CCDC102A_57516150	0.0170672
CCDC102A_57530569	0.0429415
CCDC102A_57530745	0.0429415
CCDC102A_57531861	0.0429415
CCDC102A_57533137	0.0429415
CCDC102A_57534599	0.0429415
CCDC113_58259201	0.0311361
CCNF_2438677	0.0622303
CDH11_64993197	0.0984351
CDH11_65001436	0.0252793
CDH15_89178456	0.00655237
CDH15_89184491	0.00862568
CDH16_66917067	0.0989307
CDH16_66917743	0.0405661
CDH16_66917830	0.0405661
CDH1_68803134	0.0406392
CDH1_68818632	0.0300773
CDH3_68682687	0.0462764
CDH3_68687263	0.232509
CDH3_68688034	0.0483061
CDH5_66387794	0.01577
CDH5_66390849	0.0150563
CDH5_66391025	0.0150563
CDH5_66398330	0.0558052
CDK10_89695241	0.0289189
CDR2_22349894	0.0623497
CDYL2_80604646	0.0264468
CDYL2_80615877	0.0200651
CENPN_81016061	0.0556088
CENPN_81025202	0.0423915
CES1_55817002	0.0162978
CES1_55819992	0.0178251
CES1_55823764	0.0109737
CES1_55828396	0.0056722
CES2_66943253	0.0170214
CES5A_55853094	0.0171646
CES5A_55853557	0.0171646
CES5A_55859456	0.026851
CES5A_55863994	0.0235195
CES5A_55873259	0.0475911
CES5A_55874771	0.0210747
CETP_56973783	0.0642692
CETP_56973901	0.0642692
CHD9_53110272	0.108692
CHD9_53254284	0.0821828
CHD9_53271978	0.0484715
CHD9_53299843	0.219811
CHD9_53319223	0.0865488
CHMP1A_89646240	0.0173918
CHMP1A_89655488	0.0475965
CHST5_75532529	0.0148032
CHTF18_795887	0.0858571
CIITA_10898851	0.0775677
CIITA_10904363	0.0183231
CIITA_10922001	0.0426085
CIITA_10922387	0.106064
CKLF_66564314	0.0572609
CLCN7_1452893	0.00774149
CLCN7_1471606	0.00732221
CLDN6_3019601	0.0379591
CLEC16A_10968566	0.0378699
CLEC16A_10979089	0.0186641
CLEC16A_10981230	0.0855545
CLEC16A_10981325	0.0855545
CLEC16A_11022539	0.0326336
CLEC16A_11024036	0.0326336
CLEC19A_19299391	0.0320833
CLEC3A_78029014	0.0409246
CLN3_28478490	0.0654204
CLUAP1_3530369	0.116554
CMIP_81652161	0.0360906
CMIP_81652491	0.0174909
CMIP_81654685	0.0174909
CMIP_81655637	0.0174909
CMIP_81658153	0.0376492
CMIP_81658372	0.0376492
CMIP_81658818	0.0376492
CMIP_81698837	0.0311531
CMIP_81700983	0.015774
CMIP_81701406	0.015774
CMIP_81706023	0.0127445
CMIP_81707855	0.00997971
CMTM3_66607002	0.025812
CMTM4_66622591	0.0240694
CNGB1_57886549	0.0369594
CNGB1_57899841	0.0225714
CNGB1_57900526	0.0225714
CNGB1_57900882	0.0225714
CNGB1_57901701	0.0556175
CNGB1_57901795	0.0556175
CNGB1_57911037	0.0401008
CNGB1_57914220	0.0265652
CNGB1_57919483	0.0238763
CNGB1_57920712	0.0198156
CNGB1_57922943	0.0198156
CNGB1_57940133	0.0200811
CNGB1_57960260	0.00166346
CNGB1_57964697	0.0114832
CNGB1_57966237	0.0114832
CNGB1_57969717	0.0423594
CNOT1_58526458	0.0632988
CNOT1_58584042	0.0467768
CNTNAP4_76456921	0.0781881
CNTNAP4_76476626	0.024217
CNTNAP4_76556848	0.0329614
COG4_70497608	0.0624408
COG4_70506838	0.0933463
COG4_70512540	0.0451667
COG4_70513659	0.0451667
COG4_70517844	0.0430666
COG7_23389244	0.0119326
COG7_23398161	0.0475343
COG7_23399818	0.0475343
COG7_23420390	0.0766151
COG7_23442188	0.0576424
COQ7_19077828	0.0268442
COQ9_57451961	0.0378461
COQ9_57460546	0.037469
CORO7_4365768	0.114801
CORO7_4388744	0.0530119
CORO7_4389435	0.0530119
CORO7_4407960	0.0295383
CPNE2_57121642	0.0645249
CPNE2_57123095	0.0214743
CPNE2_57137769	0.0586225
CPNE7_89583434	0.0276515
CPNE7_89588519	0.017605
CRAMP1_1627045	0.0114273
CRAMP1_1631614	0.0114273
CRAMP1_1635443	0.0148118
CRAMP1_1640933	0.0339895
CRAMP1_1655679	0.043
CRAMP1_1658303	0.0052748
CRAMP1_1672370	0.00613481
CREBBP_3735742	0.0131276
CREBBP_3739329	0.0151525
CREBBP_3739724	0.0251187
CREBBP_3786023	0.0470767
CRISPLD2_84841974	0.0366264
CRISPLD2_84844292	0.0366264
CRISPLD2_84849089	0.0198126
CRISPLD2_84869872	0.0316229
CRISPLD2_84872810	0.0737308
CRISPLD2_84880075	0.0393065
CRYM_21275800	0.0236999
CSNK2A2_58166895	0.0810517
CTB-193M12.3_15683929	0.0278458
CTD-3088G3.8_11386672	0.0258034
CTD-3088G3.8_11388237	0.0167487
CTD-3088G3.8_11394226	0.0119919
CTD-3088G3.8_11394902	0.0119919
CTD-3088G3.8_11396062	0.0119919
CTD-3088G3.8_11403207	0.0108904
CTD-3088G3.8_11406662	0.0283339
CTD-3088G3.8_11422292	0.0567747
CTD-3088G3.8_11422929	0.0567747
CTD-3088G3.8_11436061	0.0269485
CTD-3088G3.8_11461747	0.00928686
CTD-3088G3.8_11477732	0.022714
CTD-3088G3.8_11494219	0.0394871
CTD-3088G3.8_11513047	0.0235602
CTD-3088G3.8_11522201	0.0201201
CTD-3088G3.8_11522733	0.0201201
CTF1_30896809	0.0827367
CTRB1_75222532	0.0262519
CYBA_88647828	0.0235857
CYBA_88649956	0.0147955
DDX19B_70323248	0.0769282
DECR2_405459	0.0129311
DEF8_89954673	0.0240417
DEF8_89963172	0.0122231
DHODH_72020746	0.0671238
DHX38_72104803	0.05508
DHX38_72104808	0.05508
DNAAF1_84145877	0.0239994
DNAAF1_84154120	0.0172421
DNAAF1_84171820	0.0286905
DNAH3_20944880	0.0953278
DNAH3_20960377	0.0607574
DNAH3_21024846	0.0760503
DNAH3_21048561	0.227204
DNAH3_21068208	0.0785193
DNAH3_21125523	0.0560643
DNAH3_21129203	0.0547991
DNAH3_21135907	0.0274564
DNAJA3_4442143	0.031987
DNAJA3_4445333	0.0151451
DNAJA3_4446083	0.0151451
DNAJA3_4454639	0.0431491
DOK4_57477927	0.0779937
DPEP3_67979417	0.0691136
DRC7_57701600	0.00335246
DRC7_57720230	0.0278176
DRC7_57724901	0.0244675
DRC7_57725364	0.0244675
DRC7_57730079	0.0231522
DUS2_68024473	0.0741934
DUS2_68049196	0.0966258
DUS2_68049990	0.0582385
DUS2_68051097	0.0582385
DUS2_68068146	0.103703
DUS2_68070031	0.103703
DUS2_68076848	0.124659
DYNC1LI2_66734336	0.0524572
DYNC1LI2_66750422	0.0761174
E2F4_67193648	0.0852063
EARS2_23528112	0.0274144
ECI1_2246094	0.0151934
ECI1_2250474	0.0420386
EEF2K_22246289	0.0781166
EEF2K_22249529	0.028198
EEF2K_22251121	0.0327429
EEF2K_22266388	0.0120437
EEF2K_22267092	0.0879975
EEF2K_22272142	0.0879975
EEF2K_22273576	0.0879975
EEF2K_22278452	0.0620774
EEF2K_22278905	0.0620774
EMC8_85782928	0.0214118
EMC8_85787959	0.0214118
EME2_1773644	0.0241609
EME2_1774666	0.000729651
EMP2_10537653	0.0273071
ERCC4_13946425	0.019167
ERI2_20786790	0.062023
ERN2_23696052	0.0442048
ERN2_23704649	0.0267826
ERN2_23705508	0.0333046
ERN2_23711266	0.0586368
ERN2_23711970	0.0586368
FA2H_74718109	0.0149615
FAM234A_244653	0.0444155
FAM234A_256245	0.168727
FAM234A_262292	0.0156515
FAM57B_30028334	0.110748
FAM65A_67539992	0.051719
FAM65A_67540008	0.051719
FAM92B_85108339	0.011468
FAM92B_85108368	0.011468
FAM92B_85111013	0.0108462
FANCA_89751691	0.0329982
FANCA_89764802	0.0265319
FANCA_89769468	0.0274552
FANCA_89772241	0.00846154
FANCA_89784584	0.0304934
FANCA_89784648	0.0304934
FANCA_89785699	0.0250292
FANCA_89792134	0.0271095
FANCA_89804337	0.00881373
FANCA_89815706	0.018342
FBRS_30661017	0.200434
FBRS_30661840	0.0439484
FBRS_30663680	0.322007
FBXL16_699526	0.0246547
FBXL19_30928324	0.389485
FBXO31_87334502	0.0130059
FBXO31_87339316	0.0242096
FBXO31_87341818	0.0242096
FBXO31_87353766	0.0376766
FTO_53715931	0.125684
FTO_53873648	0.101122
FTO_53886463	0.0721772
FUK_70470738	0.0430643
GALNS_88817552	0.0126196
GALNS_88835384	0.0362742
GALNS_88839972	0.0122542
GAS8_90031571	0.0601138
GAS8_90032547	0.0601138
GAS8_90032561	0.0601138
GAS8_90033773	0.0425225
GAS8_90035499	0.0425225
GAS8_90037917	0.0131481
GGA2_23479031	0.146578
GINS2_85681446	0.00944425
GINS2_85683078	0.0153659
GLG1_74455846	0.0328398
GLG1_74494940	0.0902393
GLYR1_4809148	0.0424801
GLYR1_4812248	0.0439126
GLYR1_4831260	0.0370784
GLYR1_4845251	0.203431
GNAO1_56332029	0.0157158
GNAO1_56334185	0.0157158
GNG13_799727	0.00842857
GNPTG_1356796	0.0369135
GOT2_58708375	0.0410205
GOT2_58720784	0.0404509
GP2_20318706	0.0315324
GPT2_46897533	0.0862351
GPT2_46910090	0.0484934
GPT2_46919802	0.0211217
GPT2_46920328	0.0211217
GPT2_46924816	0.0673878
GRIN2A_9765604	0.0585382
GS1-21A4.1_87892854	0.0884924
GSE1_85648938	0.0228811
GSE1_85649611	0.0228811
GSE1_85650708	0.0228811
GSE1_85652447	0.0228811
GSE1_85653808	0.0228811
GSE1_85657806	0.0577907
GSE1_85657818	0.0577907
GSE1_85659342	0.0577907
GSE1_85662166	0.0364848
GSG1L_27828119	0.0370182
GSPT1_11879433	0.0415282
GSPT1_11887072	0.0543887
GSPT1_11902839	0.0748692
GTF3C1_27478279	0.0465317
GTF3C1_27478655	0.0240491
GTF3C1_27478753	0.0240491
GTF3C1_27484943	0.0141156
GTF3C1_27485012	0.0141156
GTF3C1_27544531	0.0245735
GTF3C1_27548755	0.0175101
HAGH_1817358	0.00578785
HERPUD1_56933900	0.0697668
HERPUD1_56941968	0.0403006
HMOX2_4505856	0.0200958
HMOX2_4509171	0.0230737
HN1L_1678914	0.0244178
HN1L_1687144	0.0186027
HS3ST6_1917152	0.0113586
HS3ST6_1917353	0.0113586
HS3ST6_1917366	0.0113586
HS3ST6_1917518	0.0113586
HSD11B2_67433257	0.146975
HSDL1_84127582	0.0468848
HYDIN_70861757	0.0398604
HYDIN_70862370	0.0477937
HYDIN_70872265	0.0654165
HYDIN_70872512	0.0654165
HYDIN_70882364	0.0317244
HYDIN_70886505	0.0789264
HYDIN_70900687	0.0410989
HYDIN_70956764	0.0345708
HYDIN_70961337	0.0385145
HYDIN_70975269	0.0551339
HYDIN_70981038	0.0259808
HYDIN_71022055	0.0967913
HYDIN_71067653	0.128126
HYDIN_71089898	0.10856
HYDIN_71091431	0.0899471
IFT140_1511456	0.0872357
IFT140_1558592	0.0122579
IFT140_1559892	0.0122579
IFT140_1561897	0.0122579
IFT140_1566877	0.0118234
IFT140_1567591	0.0118234
IFT140_1591106	0.0114902
IGSF6_21645126	0.0252511
IL21R_27433474	0.028133
IL21R_27436287	0.0341119
IL27_28500091	0.0634326
IL27_28506162	0.0458527
IL27_28506407	0.0458527
IL34_70659419	0.0132228
IL4R_27345788	0.0141155
IL4R_27347561	0.0138831
IL4R_27355188	0.0417113
IL4R_27360638	0.0155037
IQCK_19716724	0.0313455
IRF8_85906585	0.0426412
IRF8_85912372	0.011716
IRF8_85919824	0.0110582
IRX6_55329793	0.122488
ITGAD_31421767	0.0353278
ITGAL_30474660	0.0222383
ITGAL_30481673	0.0466008
ITGAL_30513366	0.0365957
ITGAL_30513502	0.0365957
ITGAL_30519581	0.0194952
ITGAM_31273279	0.0312456
ITGAM_31329603	0.0344028
ITGAX_31361834	0.0813987
ITGAX_31373139	0.0335917
JPH3_87685273	0.00633724
JPH3_87685967	0.00633724
JPH3_87687944	0.00633724
JPH3_87689523	0.00633724
KAT8_31118855	0.0586755
KATNB1_57749033	0.0188279
KATNB1_57754426	0.0154229
KCNG4_84238181	0.0465919
KDM8_27216498	0.0487452
KIAA0430_15604815	0.0291413
KIAA0430_15604933	0.0291413
KIAA0430_15608896	0.0233277
KIAA0430_15622331	0.0441703
KIAA0513_85069843	0.028581
KIAA0556_27643734	0.0807079
KIAA0556_27649735	0.0526197
KIAA0556_27699016	0.0237018
KIAA0556_27752536	0.0522273
KIAA0556_27767328	0.0334716
KIAA0556_27769762	0.0334716
KIAA0556_27778298	0.0271076
KIAA0895L_67181792	0.0507679
KIF22_29793832	0.0643902
KIF22_29797342	0.0482825
KIFC3_57760111	0.0198697
KIFC3_57796201	0.0934048
KIFC3_57801579	0.0753107
KLHDC4_87729309	0.0167077
KLHDC4_87756526	0.0217191
KNOP1_19708362	0.0151196
KNOP1_19712909	0.0154998
LA16c-380H5.3_2997979	0.0235115
LA16c-380H5.3_2997988	0.0235115
LA16c-431H6.6_1655679	0.043
LCMT1_25166612	0.01958
LCMT1_25175942	0.0285671
LINC00311_85284416	0.0894
LINC02125_76656100	0.00217547
LMF1_871018	0.0160072
LMF1_874172	0.0252624
LMF1_875253	0.0252624
LMF1_878300	0.0252624
LMF1_927504	0.0728979
LONP2_48264302	0.123943
LONP2_48272707	0.0539238
LONP2_48276369	0.0539238
LONP2_48297169	0.0429079
LONP2_48347396	0.0752863
LPCAT2_55528987	0.130525
LPCAT2_55544874	0.0503576
LPCAT2_55580751	0.0429845
LUC7L_192225	0.0119716
LUC7L_195537	0.0440638
MAPK8IP3_1747431	0.0167376
MAPK8IP3_1762620	0.0358549
MARVELD3_71628320	0.034603
MBTPS1_84062367	0.0215203
MBTPS1_84068980	0.00869809
MBTPS1_84070860	0.0261558
MBTPS1_84076314	0.0450291
MBTPS1_84084821	0.0124044
MBTPS1_84087676	0.0105269
MEFV_3246655	0.0422991
MEFV_3248761	0.0360921
MEIOB_1860597	0.0328012
METTL22_8623499	0.0225535
METTL22_8629629	0.0192824
METTL22_8631108	0.0192824
METTL22_8641401	0.0152654
METTL22_8645498	0.00911505
MGRN1_4651510	0.013265
MGRN1_4652672	0.0139888
MGRN1_4657050	0.0164946
MGRN1_4671284	0.031488
MGRN1_4671297	0.031488
MGRN1_4676451	0.02859
MGRN1_4677831	0.024756
MGRN1_4681913	0.00797228
MGRN1_4683756	0.00788133
MGRN1_4684204	0.0230864
MKL2_14210111	0.0790947
MKL2_14215022	0.0730434
MKL2_14238068	0.0229437
MKL2_14240136	0.0229437
MKL2_14252332	0.0202933
MLKL_74684196	0.035714
MLKL_74691998	0.0788166
MMP15_58038215	0.0456698
MMP25_3048073	0.0319679
MMP2_55490087	0.00948431
MMP2_55492221	0.0213097
MMP2_55496699	0.0224816
MPG_82998	0.00844703
MPHOSPH6_82149472	0.124655
MPHOSPH6_82166027	0.0397473
MPHOSPH6_82166284	0.0397473
MPHOSPH6_82169416	0.0397473
MSLNL_769767	0.000997468
MSLNL_771247	0.0270854
MTHFSD_86542610	0.0251625
MTSS1L_70680602	0.044668
MVD_88654354	0.0164365
MVP_29831862	0.0238545
MVP_29838085	0.0257518
MVP_29840574	0.0117975
MYH11_15717005	0.0193744
MYH11_15748254	0.0194322
MYH11_15748575	0.0194322
MYH11_15758210	0.0218349
MYH11_15771891	0.0355443
MYLK3_46711031	0.03693
MYLK3_46719029	0.0779319
MYLK3_46720712	0.0779319
MYLK3_46723270	0.106097
MYLK3_46735934	0.0416164
MYLK3_46738783	0.0320998
MYLPF_30375405	0.0243952
N4BP1_48547829	0.02752
NAA60_3445115	0.049638
NAA60_3480204	0.0164116
NAE1_66813876	0.0487531
NAGPA_5031916	0.0220519
NARFL_737906	0.0378421
NDRG4_58493906	0.0167027
NDUFAB1_23594336	0.0257422
NECAB2_83979470	0.0118176
NECAB2_83994245	0.0249194
NECAB2_83999252	0.0118791
NECAB2_83999464	0.0118791
NECAB2_84000297	0.0118791
NETO2_47085063	0.0829059
NETO2_47124458	0.0497792
NETO2_47139069	0.0509276
NFAT5_69649565	0.17372
NFAT5_69669921	0.130671
NFATC2IP_28955403	0.0158625
NFATC3_68126034	0.098396
NFATC3_68187047	0.0747402
NKD1_50602789	0.0867019
NKD1_50623716	0.029371
NKD1_50626694	0.0279442
NKD1_50626837	0.0279442
NKD1_50628447	0.0279442
NKD1_50630616	0.0498984
NKD1_50632508	0.0326462
NLRC3_3556618	0.035675
NLRC5_57024202	0.0134617
NLRC5_57044736	0.0509121
NLRC5_57047258	0.0196567
NLRC5_57047712	0.0202182
NLRC5_57058752	0.0352114
NOD2_50716744	0.0585455
NOD2_50719329	0.0612325
NOD2_50719518	0.0612325
NOD2_50723560	0.0335808
NPRL3_134901	0.0459592
NPRL3_88559	0.0515727
NQO1_69711588	0.0789198
NQO1_69722879	0.0422194
NTAN1_15047550	0.138322
NTAN1_15050802	0.0462663
NTAN1_15051105	0.0462663
NUBP1_10744967	0.0555119
NUBP1_10755378	0.0345503
NUDT21_56436846	0.0529774
NUDT21_56439793	0.107987
NUDT21_56450292	0.0382247
NUDT7_77724088	0.0155994
NUP93_56827715	0.0799004
NUP93_56829599	0.0236551
NUP93_56842342	0.0338161
OGFOD1_56452548	0.0607607
OGFOD1_56453959	0.0717628
OGFOD1_56456021	0.0717628
OSGIN1_83958930	0.0270572
OSGIN1_83962753	0.0293815
OSGIN1_83963960	0.0293815
OTOA_21697299	0.0558352
OTOA_21706338	0.056197
OTOA_21717603	0.0875122
OTOA_21721524	0.0508576
OTOA_21724383	0.0566123
OTOA_21744594	0.0475723
PABPN1L_88865296	0.0233917
PALB2_23620181	0.0744131
PAM16_4349641	0.0221329
PAPD5_50214663	0.0582059
PARN_14503535	0.064273
PARN_14583807	0.068417
PARN_14586664	0.0571177
PARN_14604374	0.0438414
PARN_14628951	0.0474602
PDILT_20360992	0.0143121
PDILT_20372287	0.024018
PDPK1_2558817	0.0263191
PDPK1_2558868	0.0263191
PDPK1_2581030	0.01218
PDPK1_2586126	0.0120032
PDPK1_2587023	0.0148203
PDPK1_2596813	0.0155063
PDPK1_2596992	0.0155063
PDPR_70153086	0.034154
PDPR_70155204	0.0378128
PDXDC1_15033933	0.0168002
PHKB_47471169	0.10887
PHKB_47514799	0.0398143
PHKB_47666352	0.0983799
PHKB_47668651	0.0983799
PHLPP2_71654703	0.0597574
PHLPP2_71669573	0.0241975
PHLPP2_71685482	0.0791394
PIEZO1_88735536	0.025828
PIGQ_575062	0.00805767
PIGQ_575262	0.00805767
PKD1L3_71944229	0.0292186
PKD1_2094033	0.0658846
PLCG2_81783803	0.0368389
PLCG2_81857365	0.0270762
PLCG2_81881564	0.0122864
PLCG2_81885029	0.00994099
PLCG2_81896814	0.0173213
PLCG2_81903403	0.0296463
PLCG2_81903700	0.0296463
PLCG2_81910184	0.0204144
PLCG2_81930515	0.0384547
PLCG2_81935002	0.0108149
PLCG2_81936521	0.0140239
PLEKHG4_67284074	0.033346
PLEKHG4_67285990	0.0225197
PLK1_23680342	0.0291407
PLK1_23682913	0.034066
PLLP_57260129	0.0573892
PMFBP1_72122525	0.031972
PMFBP1_72170630	0.224509
PMM2_8811422	0.0687146
PMM2_8837475	0.090533
PMM2_8840710	0.090533
POLR2C_57469054	0.0261151
POLR3E_22300058	0.0490718
POLR3E_22307135	0.0177681
POLR3E_22321770	0.100331
POLR3E_22324282	0.0117609
POLR3K_50848	0.0205008
PPL_4887535	0.0288021
PPL_4888544	0.0145995
PPL_4895824	0.0238805
PPL_4897426	0.0238805
PPP4C_30080953	0.0329402
PRMT7_68316223	0.0755457
PRMT7_68328749	0.119985
PRMT7_68338836	0.0597949
PRMT7_68353287	0.201654
PRSS22_2855238	0.0171573
PRSS53_31085773	0.0344339
PRSS54_58290716	0.040642
PSKH1_67910724	0.0723704
PSMD7_74298905	0.0768599
RAB11FIP3_428174	0.0374734
RAB11FIP3_487292	0.041866
RAB11FIP3_488388	0.041866
RAB11FIP3_494249	0.0612847
RAB11FIP3_497227	0.0286325
RAB11FIP3_517218	0.0521567
RAB11FIP3_519708	0.0116626
RAB40C_618118	0.0189989
RAB40C_626264	0.0111557
RAB40C_626276	0.0111557
RABEP2_28911252	0.0408285
RABEP2_28915015	0.064252
RABEP2_28917782	0.064252
RANBP10_67727009	0.0779661
RANBP10_67733490	0.0981347
RANBP10_67735102	0.10347
RANBP10_67735107	0.10347
RANBP10_67743722	0.0509128
RANBP10_67805717	0.119936
RBBP6_24542764	0.0452246
RBFOX1_7579983	0.0860348
RBFOX1_7581191	0.0860348
RBL2_53439474	0.052495
RBL2_53450284	0.0715487
RBL2_53459099	0.0475382
RBL2_53463518	0.101089
RFWD3_74624398	0.0565627
RFWD3_74631740	0.0295482
RFWD3_74648956	0.031437
RHBDF1_59582	0.0255443
RNF166_88700617	0.0110373
RNF166_88700980	0.0110373
RNF40_30772616	0.0107876
RP11-178L8.4_87314136	0.0622146
RP11-196G11.4_31118855	0.0586755
RP11-196G11.5_31122783	0.0240202
RP11-196G11.5_31123316	0.0240202
RP11-252K23.2_75381410	0.0873643
RP11-278A23.2_87744786	0.0189524
RP11-343C2.11_69316954	0.0213843
RP11-343C2.11_69319894	0.0323953
RP11-490B18.9_75673704	0.145796
RP11-521L9.2_68935075	0.180335
RP11-616M22.5_1257232	0.0063996
RP11-70O5.2_69241136	0.0509318
RP11-77H9.1_8884232	0.00720946
RP11-77H9.1_8885185	0.0241123
RP11-77H9.2_8856610	0.0299196
RP11-960L18.1_81740203	0.0382382
RP11-96D1.3_68317393	0.0660691
RPGRIP1L_53646515	0.0627571
RPGRIP1L_53657823	0.150799
RPGRIP1L_53662074	0.220348
RPL3L_1950533	0.0416229
RPL3L_1953710	0.0275246
RRAD_66924026	0.0385596
RRN3_15069035	0.035909
RRN3_15070755	0.099933
RSPRY1_57205380	0.124975
RSPRY1_57213526	0.0861914
RSPRY1_57238713	0.0801584
SALL1_51150708	0.410231
SCNN1B_23352079	0.0158003
SCNN1B_23354289	0.0143035
SCNN1B_23373882	0.0327971
SCNN1G_23182903	0.038756
SCNN1G_23183531	0.038756
SDR42E2_22178037	0.0667753
SDR42E2_22179867	0.0575185
SDR42E2_22181193	0.0575185
SDR42E2_22181340	0.0575185
SDR42E2_22181807	0.0820216
SDR42E2_22184855	0.0341228
SEC14L5_4958700	0.121122
SEPT12_4778855	0.0406295
SETD1A_30978899	0.0285863
SETD6_58517410	0.0271471
SEZ6L2_29883786	0.0807044
SEZ6L2_29888861	0.0519178
SF3B3_70551292	0.0993988
SF3B3_70568992	0.0588135
SGF29_28585418	0.0334583
SGF29_28590581	0.0508298
SH2B1_28870527	0.0185735
SHCBP1_46597620	0.124736
SHCBP1_46612870	0.108031
SHCBP1_46618497	0.0602178
SLC12A3_56870545	0.0392641
SLC12A3_56886026	0.0150901
SLC12A3_56888353	0.037603
SLC12A3_56889176	0.037603
SLC12A3_56891925	0.0213772
SLC12A3_56899875	0.0259793
SLC12A3_56900106	0.0259793
SLC12A3_56901274	0.0259793
SLC12A3_56904198	0.0160673
SLC12A3_56905427	0.0724679
SLC12A4_67958838	0.0595057
SLC12A4_67967836	0.113828
SLC38A7_58670869	0.0355633
SLC38A8_84010019	0.0105613
SLC38A8_84012180	0.0105613
SLC38A8_84012894	0.0105613
SLC38A8_84014919	0.0105796
SLC38A8_84030695	0.0171745
SLC38A8_84035266	0.00674722
SLC5A11_24874130	0.0586586
SLC5A11_24875879	0.0118073
SLC5A11_24876876	0.0118073
SLC5A11_24878328	0.0443905
SLC5A11_24906498	0.0490103
SLC6A2_55694008	0.0190986
SLC6A2_55694707	0.0214871
SLC6A2_55696064	0.0173467
SLC6A2_55696071	0.0173467
SLC6A2_55698388	0.0192506
SLC6A2_55699716	0.0187851
SLC7A5_87861339	0.0182771
SLC7A6OS_68308336	0.0822955
SLC7A6_68273738	0.0898996
SLC7A6_68274060	0.0898996
SLC9A3R2_2027527	0.0397782
SLC9A3R2_2027831	0.0397782
SLC9A3R2_2035303	0.0521153
SLC9A3R2_2037233	0.0113377
SLC9A5_67254813	0.0998635
SLC9A5_67258709	0.117025
SLC9A5_67264694	0.0787737
SLC9A5_67264699	0.0787737
SLX4_3587615	0.0457896
SLX4_3588269	0.0457896
SLX4_3594883	0.0167343
SLX4_3597745	0.108881
SLX4_3602359	0.0598233
SLX4_3602367	0.0598233
SLX4_3602534	0.0598233
SLX4_3603483	0.0598233
SLX4_3606272	0.0598233
SMG1_18860072	0.0364673
SMG1_18871717	0.116976
SMG1_18890419	0.0800854
SMPD3_68365262	0.0668777
SMPD3_68365786	0.0668777
SNX20_50677140	0.0229668
SPATA2L_89700422	0.034851
SPIRE2_89860681	0.00647214
SPIRE2_89861285	0.0332093
SPIRE2_89861770	0.0332093
SPIRE2_89863996	0.0536968
SPIRE2_89864694	0.0536968
SPIRE2_89868972	0.022977
SRL_4195963	0.062162
SRL_4203726	0.0128057
ST3GAL2_70393795	0.0650601
STX1B_30993069	0.210276
SYCE1L_77205214	0.0387481
SYCE1L_77206964	0.0113347
SYCE1L_77211816	0.0188265
SYT17_19182915	0.0215813
TANGO6_68862691	0.0629174
TANGO6_68862695	0.0629174
TANGO6_68873879	0.107847
TANGO6_68918945	0.122998
TANGO6_69047088	0.10488
TAOK2_29980058	0.0326431
TAOK2_29983951	0.0657571
TBC1D10B_30361358	0.0552452
TBC1D10B_30368257	0.0797041
TBC1D24_2499197	0.0216229
TBL3_1973146	0.00450108
TCF25_89884440	0.0104434
TCF25_89885583	0.00628547
TCF25_89892352	0.0125565
TCF25_89893654	0.0125565
TCF25_89907035	0.00923278
TEKT5_10628399	0.0355663
TEKT5_10635704	0.0355663
TELO2_1497314	0.0437734
TEPP_57983565	0.0775266
TERB1_66771742	0.0877358
TERB1_66800240	0.0827385
TERF2IP_75649329	0.0729184
TERF2_69357109	0.065859
TFAP4_4260769	0.0240042
TK2_66543626	0.0431634
TLDC1_84481142	0.0146336
TLDC1_84482824	0.0104592
TLDC1_84491692	0.106427
TLDC1_84493823	0.106427
TLDC1_84494572	0.106427
TLDC1_84496299	0.0578616
TLDC1_84496365	0.0578616
TMC5_19443754	0.0311168
TMC5_19461775	0.0199175
TMC5_19464326	0.0363627
TMC5_19473963	0.0132047
TMC5_19476165	0.0225985
TMC5_19477408	0.0225985
TMC5_19486238	0.0412303
TMC7_19027210	0.0476947
TMC7_19045581	0.0378331
TMC7_19056387	0.0427517
TMC7_19061712	0.0392847
TMED6_69351278	0.0747909
TMEM204_1529120	0.0434787
TMEM231_75540775	0.170611
TNRC6A_24802797	0.0216578
TNRC6A_24822493	0.0845689
TPSD1_1257232	0.0063996
TRAF7_2156513	0.0114116
TRIM72_31217776	0.0856142
TRIM72_31218053	0.0856142
TSC2_2049025	0.0392315
TSC2_2069052	0.0211492
TSC2_2073044	0.00834457
TSC2_2074128	0.00834457
TSC2_2080125	0.0147596
TUBB3_89926502	0.0391089
TXNDC11_11679964	0.0355896
TXNDC11_11689202	0.0608077
TXNDC11_11693317	0.0597817
TXNDC11_11698811	0.0723932
TXNDC11_11725796	0.0418765
TXNDC11_11728400	0.0418765
TXNDC11_11732463	0.0667321
TXNDC11_11734260	0.0533366
TXNDC11_11737740	0.0256524
TXNL4B_72087607	0.0400847
UBALD1_4613085	0.0220189
UBN1_4855082	0.0492301
UBN1_4867757	0.0614781
UBN1_4868769	0.0614781
UBN1_4869193	0.0425749
UBN1_4876355	0.0384143
UBN1_4878358	0.0391699
UBN1_4879720	0.0391699
UNKL_1400001	0.0251171
UQCRC2_21981339	0.0667411
USB1_58019578	0.0228313
USP10_84774632	0.012941
USP31_23084743	0.0260352
USP31_23107935	0.0293325
USP7_8908685	0.0130144
USP7_8930106	0.0881867
UTP4_69133932	0.0519288
UTP4_69152631	0.0419593
VAC14_70693724	0.0393177
VASN_4374055	0.0873517
VPS35_46663191	0.0677425
VPS9D1_89707954	0.0135805
VWA3A_22110640	0.0382655
VWA3A_22111103	0.0327548
VWA3A_22117936	0.0234835
VWA3A_22120710	0.0373299
VWA3A_22136390	0.0243351
WDR59_74889394	0.0370832
WDR59_74909132	0.0491415
WDR59_74922883	0.0652744
WDR59_74923450	0.0652744
WDR59_74942481	0.0375641
WDR59_74948373	0.0435524
WDR59_74950599	0.0354653
WDR59_74956848	0.0539644
WWOX_78109286	0.0387783
WWOX_78174785	0.112743
WWOX_78271561	0.112743
WWP2_69769787	0.0934794
WWP2_69917084	0.0698319
XPO6_28102169	0.013045
XPO6_28105140	0.0179648
XPO6_28111725	0.0334117
XPO6_28133227	0.0591301
XPO6_28150183	0.0389052
XPO6_28167663	0.065683
XPO6_28169456	0.065683
XPO6_28173920	0.0291767
XPO6_28176708	0.0561984
XPO6_28177033	0.0561984
XPO6_28179643	0.0952334
XYLT1_17140754	0.10623
ZC3H18_88571742	0.0506175
ZC3H18_88578490	0.00877696
ZC3H18_88585608	0.00877696
ZC3H18_88601155	0.0184731
ZC3H18_88610340	0.0150235
ZC3H18_88610618	0.0150235
ZC3H7A_11756754	0.0415209
ZC3H7A_11760452	0.0430293
ZC3H7A_11775086	0.0506914
ZCCHC14_87423622	0.00769997
ZCCHC14_87423928	0.0217377
ZCCHC14_87457753	0.0298225
ZDHHC1_67403042	0.0469185
ZDHHC7_84988543	0.0161281
ZDHHC7_85004337	0.0244319
ZFHX3_72936267	0.0963158
ZFHX3_72952451	0.0606312
ZFHX3_72957179	0.0606312
ZFPM1_88472071	0.0786989
ZFPM1_88487420	0.136382
ZFPM1_88509519	0.0324279
ZFPM1_88529300	0.0118097
ZFPM1_88531053	0.0118097
ZKSCAN2_25245692	0.0336626
ZNF200_3228923	0.091499
ZNF205_3116757	0.0441341
ZNF263_3288997	0.0149793
ZNF267_31884468	0.1542
ZNF276_89724722	0.032348
ZNF276_89731083	0.020122
ZNF423_49823956	0.204939
ZNF423_49826585	0.204939
ZNF48_30396300	0.0228146
ZNF500_4753594	0.0625894
ZNF597_3443308	0.0105098
ZNF598_1999300	0.0234786
ZNF668_31067559	0.0312525
ZNF778_89221295	0.13859
ZNF821_71871039	0.13513
ZNF821_71881240	0.247515
ZNF843_31439691	0.0983487
ZNRF1_75096324	0.0488933
ZP2_21214027	0.0220157
ZSCAN10_3091228	0.0131624
ZSCAN10_3094421	0.0400466
ZSCAN10_3096446	0.0400466
ZSCAN32_3396559	0.0270942
AANAT_76462888	0.0614612
AANAT_76469377	0.0314985
AARSD1_42957828	0.0185221
AATF_36986433	0.18614
AATF_36988418	0.130619
AATF_37049371	0.17997
AATK-AS1_81166531	0.0891905
AATK_81124442	0.00853218
AATK_81134651	0.030816
AATK_81153873	0.030816
AATK_81162978	0.030816
ABCA10_69221257	0.0140777
ABCA5_69252125	0.0400182
ABCA6_69081145	0.0137649
ABCA6_69097451	0.0166136
ABCA6_69122224	0.0338289
ABCA6_69128122	0.0355406
ABCA8_68876703	0.00954356
ABCA8_68884611	0.0182603
ABCA8_68886735	0.0140382
ABCA8_68889857	0.0401208
ABCA8_68906823	0.0182088
ABCA8_68932629	0.0149326
ABCA9_68985128	0.054114
ABCA9_68993408	0.011606
ABCA9_69048428	0.0897899
ABCC3_50672847	0.0422359
ABCC3_50673336	0.0506455
ABCC3_50676245	0.0542941
ABCC3_50688672	0.0734246
ABI3_49215056	0.0408877
ABR_1006774	0.0439377
ABR_1006839	0.0439377
ABR_1006904	0.0439377
ABR_1006973	0.0439377
ABR_1007034	0.0439377
ABR_1007099	0.0439377
ABR_1011661	0.0137933
ABR_1038355	0.0575382
ABR_1051002	0.0295348
ABR_1054266	0.0295348
ABR_1073980	0.104087
ABR_1075528	0.104087
ABR_1077971	0.104087
ABR_1090319	0.0688333
ABR_1093155	0.0408352
AC004702.2_20276623	0.0548084
AC005224.2_14214179	0.0294662
ACACA_37089161	0.162954
ACACA_37129257	0.313572
ACACA_37205956	0.15043
ACACA_37210679	0.277062
ACACA_37242304	0.0586333
ACACA_37254203	0.0606123
ACACA_37275118	0.220803
ACAP1_7341673	0.0340583
ACAP1_7341778	0.0340583
ACAP1_7351218	0.035922
ACE_63483786	0.0399966
ACLY_41895362	0.0597135
ACLY_41911896	0.0642089
ACOX1_75948630	0.0597194
ADAM11_44779172	0.0263606
ADAP2_30926375	0.0633198
ADAP2_30930775	0.0365521
ADPRM_10707093	0.0462423
AFMID_78197602	0.053931
AFMID_78197605	0.053931
AKAP10_19931207	0.0455141
AKAP10_19941182	0.116217
AKAP10_19968763	0.0872549
AKAP1_57107834	0.156792
AKAP1_57111628	0.122554
AKAP1_57114222	0.0170016
AKAP1_57116020	0.0256269
ALDH3A1_19743569	0.0111436
ALDH3A2_19653537	0.0411358
ALDH3A2_19671561	0.0456899
ALOX12B_8073845	0.010288
ALOX12B_8075716	0.031441
ALOX12B_8078621	0.0879314
ALOX12B_8084620	0.0876002
ALOX12_6996520	0.0105323
ALOX12_6997962	0.0235564
ALOX15B_8039856	0.0278986
ALOX15B_8043836	0.0580905
ALOX15_4636067	0.00835864
ALOX15_4637433	0.0165783
ALOXE3_8105143	0.037095
ALYREF_81891199	0.0365936
ANKFN1_56477306	0.155631
ANKFY1_4180904	0.0227151
ANKRD40_50704721	0.0921896
ANKRD40_50706125	0.0921896
AOC2_42847511	0.0299603
AP2B1_35598071	0.175318
AP2B1_35625343	0.255676
AP2B1_35629838	0.101275
AP2B1_35648170	0.0783613
APOH_66217102	0.0259473
APOH_66221554	0.0389134
APOH_66223127	0.0389134
ARHGAP23_38465182	0.156858
ARHGAP23_38481844	0.079985
ARHGAP23_38484656	0.0223615
ARHGAP27_45405336	0.0352408
ARHGAP27_45413219	0.0454418
ARHGAP27_45415231	0.0454418
ARHGAP44_12945993	0.00987983
ARHGAP44_12949451	0.019136
ARHGAP44_12953523	0.0294822
ARHGAP44_12956494	0.0250979
ARHGAP44_12975201	0.0418674
ARHGAP44_12979081	0.0418674
ARHGAP44_12983329	0.0140158
ARHGAP44_12983469	0.0140158
ARHGEF15_8314152	0.0132341
ARHGEF15_8314156	0.0132341
ARL5C_39157305	0.0250981
ARL5C_39163157	0.0691171
ARL5C_39164470	0.0691171
ASGR2_7101795	0.0371977
ASGR2_7108186	0.0153014
ASIC2_33014245	0.0225084
ASIC2_33021840	0.045082
ASIC2_33026294	0.0567804
ASPA_3481438	0.0974769
ASPSCR1_81979009	0.0351254
ASPSCR1_82009410	0.0356497
ATAD5_30861109	0.109722
ATAD5_30873833	0.104541
ATAD5_30889635	0.0552465
ATP2A3_3925895	0.0486725
ATP2A3_3945712	0.0466855
ATP6V0A1_42463529	0.0834999
ATP6V0A1_42465605	0.0834999
ATP6V0A1_42482598	0.0758601
ATP6V0A1_42509128	0.107614
ATP6V0A1_42512254	0.107614
ATPAF2_18025980	0.0245576
ATPAF2_18027792	0.0197857
AXIN2_65548310	0.132228
AXIN2_65549797	0.122889
AXIN2_65554217	0.122889
B3GNTL1_82962037	0.0250152
B4GALNT2_49135420	0.191361
B4GALNT2_49157281	0.0155035
B4GALNT2_49158962	0.0155035
B4GALNT2_49158966	0.0155035
B4GALNT2_49163321	0.0242211
B4GALNT2_49163897	0.0242211
B4GALNT2_49167037	0.0328413
B4GALNT2_49167582	0.0328413
B9D1_19344341	0.0133776
B9D1_19344748	0.0133776
B9D1_19347586	0.0309469
B9D1_19358019	0.00842399
B9D1_19358284	0.00842399
B9D1_19360669	0.0735567
BAHCC1_81440905	0.0260791
BAHCC1_81441199	0.0260791
BAHCC1_81449941	0.00557711
BAIAP2_81039965	0.0321786
BAIAP2_81079892	0.0111419
BAIAP2_81089828	0.0194631
BCAS3_60681145	0.0507307
BCAS3_60908618	0.176941
BCAS3_61027984	0.140524
BCAS3_61035739	0.0741398
BCAS3_61250321	0.189842
BCL6B_7027456	0.0393277
BECN1_42818445	0.0787266
BIRC5_78217337	0.0345855
BRCA1_43090234	0.0888616
BRCA1_43101942	0.148683
BRCA1_43115974	0.103322
BRIP1_61687906	0.142051
BRIP1_61856638	0.109377
BRIP1_61857373	0.0986716
BTBD17_74357917	0.0170004
BTBD17_74358627	0.0170004
BTBD17_74360388	0.0311585
C17orf53_44155796	0.0545626
C17orf53_44155925	0.0545626
C17orf64_60429028	0.0348031
C17orf75_32335600	0.0463411
C17orf78_37377805	0.0553785
C17orf80_73245725	0.0353663
C1QL1_44961092	0.110443
C1QL1_44962169	0.110443
CA10_51650743	0.119259
CA4_60150185	0.0907832
CA4_60152182	0.0907832
CACNA1G_50602050	0.0380146
CACNA1G_50615655	0.0329108
CACNA1G_50618046	0.343737
CACNB1_39186104	0.349972
CACNB1_39187022	0.0243224
CACNG1_67052227	0.0372204
CACNG1_67054585	0.0106076
CACNG5_66878970	0.0115066
CALCOCO2_48843559	0.0908221
CALCOCO2_48854996	0.164928
CAMKK1_3873579	0.0373178
CAMKK1_3874017	0.0373178
CAMKK1_3875608	0.0373178
CAMKK1_3884485	0.0435089
CAMKK1_3888532	0.103948
CAMTA2_4975801	0.118409
CAMTA2_4981415	0.0660063
CAMTA2_4981436	0.0660063
CANT1_78995319	0.00781977
CANT1_78995364	0.00781977
CARD14_80190138	0.0144362
CASKIN2_75508372	0.092249
CASKIN2_75508394	0.092249
CBX1_48074828	0.141984
CBX2_79780662	0.0214616
CBX2_79783263	0.0241446
CCDC137_81668842	0.0221677
CCDC40_80083332	0.0120987
CCDC42_8731876	0.0243713
CCDC47_63756604	0.0468045
CCDC47_63761571	0.0843675
CCDC57_82161723	0.0373474
CCDC57_82175283	0.058334
CCDC57_82187466	0.0311148
CCDC57_82195120	0.0144025
CCDC57_82199352	0.00684912
CCDC57_82199698	0.00684912
CCL13_34357354	0.00414794
CCL15_35998643	0.00533122
CCL15_36001026	0.053338
CCL16_35977819	0.0670706
CCL7_34270774	0.00479718
CCL8_34319989	0.0185311
CCT6B_34946812	0.111581
CD300C_74544981	0.0932726
CD300LB_74525505	0.00801288
CD300LB_74526972	0.0194147
CD300LD_74580427	0.00971198
CD300LD_74582640	0.092532
CD300LF_74712437	0.0781335
CD300LG_43850170	0.0441899
CD300LG_43852689	0.0441899
CD300LG_43858652	0.0516025
CD300LG_43860930	0.0516025
CDC6_40289007	0.0319446
CDK12_39499370	0.0529542
CDK12_39522229	0.0792582
CDR2L_75001873	0.039615
CENPV_16347210	0.0226201
CEP112_66066197	0.0435955
CEP131_81201100	0.0246196
CEP131_81207598	0.0260136
CEP131_81209070	0.0439885
CEP95_64510875	0.0946388
CEP95_64514120	0.0946388
CEP95_64514128	0.0946388
CFAP52_9595733	0.0372518
CFAP52_9605203	0.103193
CFAP52_9610084	0.0240112
CFAP52_9612156	0.0240112
CFAP52_9632049	0.0473107
CH17-351M24.1_79602363	0.0243422
CHD3_7890500	0.0656222
CHD3_7906820	0.0343918
CHMP6_80992551	0.00719892
CHMP6_80996526	0.0119447
CLEC10A_7078438	0.015913
CLTC_59645817	0.25574
CLTC_59647335	0.25574
CLTC_59682627	0.107755
CLUH_2693633	0.00889702
CLUH_2693702	0.00889702
CLUH_2696942	0.0111647
CNP_41973303	0.0136369
CNTNAP1_42683687	0.124653
CNTNAP1_42692406	0.0693846
CNTROB_7940062	0.0255462
COASY_42565195	0.0363073
COL1A1_50191625	0.0580707
COPRS_31857090	0.0274752
COPS3_17260071	0.0334149
COPZ2_48030497	0.032422
CORO6_29620071	0.147386
CORO6_29620578	0.147386
COX10_14108491	0.116819
COX10_14112691	0.116819
COX11_54965855	0.0585038
CPSF4L_73252153	0.028498
CRHR1_45829384	0.0558703
CRLF3_30795584	0.0409509
CRYBA1_29247535	0.0369542
CSNK1D_82245936	0.0715649
CTD-2047H16.2_80315343	0.0446427
CTD-2047H16.2_80315361	0.0446427
CTD-2047H16.2_80315373	0.0446427
CTD-2501B8.1_63513731	0.0602032
CTDNEP1_7244473	0.21477
CTNS_3641831	0.0338021
CTNS_3645517	0.0338021
CTNS_3654865	0.0486873
CTNS_3658519	0.0199631
CTNS_3659117	0.0199631
CTNS_3659507	0.0199631
CUEDC1_57872980	0.0558966
CUEDC1_57876150	0.0845417
CUEDC1_57876582	0.0845417
CUEDC1_57884769	0.0892796
CWC25_38806115	0.0646431
CWC25_38813347	0.111342
CYB5D2_4153265	0.0273171
CYGB_76534567	0.0678266
CYGB_76536814	0.0678266
DBF4B_44714968	0.1979
DBF4B_44716360	0.1979
DBF4B_44727859	0.0824265
DCAF7_63586943	0.0592223
DDX42_63791831	0.0599311
DDX42_63807603	0.0329766
DGKE_56852095	0.103039
DGKE_56858855	0.0342394
DGKE_56861547	0.0342394
DGKE_56861660	0.0342394
DHRS13_28899711	0.0551512
DHRS7B_21161470	0.158501
DHRS7B_21187067	0.0226146
DHRS7C_9773431	0.0198595
DHRS7C_9780942	0.0198766
DHX33_5451505	0.0261928
DHX33_5451514	0.0261928
DHX33_5454987	0.0334504
DHX33_5455344	0.057491
DHX58_42108300	0.0309397
DHX58_42108575	0.0309397
DHX8_43485117	0.0560008
DHX8_43494532	0.104585
DHX8_43516147	0.0861449
DLG4_7206067	0.165543
DLX3_49992646	0.171998
DLX3_49992813	0.171998
DNAH17_78426197	0.0234475
DNAH17_78430082	0.0108981
DNAH17_78438860	0.00944963
DNAH17_78453087	0.00934931
DNAH17_78453236	0.00934931
DNAH17_78470563	0.0245174
DNAH17_78492789	0.0120291
DNAH17_78494859	0.0482826
DNAH17_78498374	0.00886829
DNAH17_78503665	0.0176576
DNAH17_78506630	0.0176107
DNAH17_78506991	0.0270603
DNAH17_78510730	0.0213176
DNAH17_78515091	0.123336
DNAH17_78515105	0.123336
DNAH17_78527476	0.0194194
DNAH17_78530619	0.00822245
DNAH17_78538629	0.0134373
DNAH17_78545027	0.0377601
DNAH17_78547129	0.0377601
DNAH17_78555381	0.0339521
DNAH17_78563192	0.0158316
DNAH17_78565154	0.0158316
DNAH17_78566396	0.0158316
DNAH2_7722281	0.108014
DNAH2_7739731	0.109276
DNAH2_7768742	0.024128
DNAH2_7773446	0.0413617
DNAH2_7777241	0.0378435
DNAH2_7791882	0.0299997
DNAH2_7806919	0.122403
DNAH2_7823832	0.0264098
DNAH9_11611648	0.0770785
DNAH9_11617358	0.0319126
DNAH9_11629860	0.0383994
DNAH9_11651481	0.0324513
DNAH9_11702647	0.0233543
DNAH9_11747508	0.0394116
DNAH9_11767094	0.0274392
DNAH9_11796633	0.0270104
DNAH9_11822383	0.0308373
DNAH9_11891710	0.0410252
DNAH9_11893102	0.0288965
DNAH9_11905459	0.0130404
DNAH9_11937305	0.0412204
DNAH9_11963966	0.0440091
DNAI2_74274876	0.0303777
DNAI2_74304713	0.0399885
DOC2B_149855	0.056099
DOC2B_151624	0.056099
DOC2B_154444	0.056099
DOC2B_155557	0.056099
DPH1_2032367	0.0929145
DPH1_2040216	0.0590254
DRC3_17973575	0.0233432
DRC3_17974210	0.03236
DRC3_17989215	0.0215919
DRC3_18004194	0.0773604
DRG2_18101242	0.0278559
EFCAB13_47344853	0.101903
EFCAB13_47344938	0.101903
EFCAB3_62387056	0.0672592
EFCAB3_62407806	0.104481
EFNB3_7706965	0.3559
EFNB3_7706976	0.3559
EFTUD2_44878672	0.0347276
EFTUD2_44880255	0.0428131
EFTUD2_44883872	0.0226225
EIF4A3_80141980	0.0525067
EIF4A3_80145844	0.00926452
ELAC2_12998033	0.00613789
ELAC2_13008536	0.025368
ELAC2_13011934	0.0086264
ENGASE_79077173	0.0163202
EPN2_19281866	0.0504836
EPN2_19311274	0.0554309
EPN3_50538471	0.0907179
EPX_58196885	0.0470255
EPX_58201453	0.0442376
ERBB2_39709052	0.0252503
ERBB2_39727254	0.0388419
ERN1_64053013	0.0335993
ERN1_64055416	0.0276111
ERN1_64063669	0.0249191
ERN1_64074871	0.154705
ERN1_64077040	0.0735614
EXOC7_76101999	0.0447261
EZH1_42707080	0.0822003
EZH1_42713565	0.140492
FADS6_74893011	0.015213
FAM104A_73229236	0.0526822
FAM104A_73230361	0.0526822
FAM117A_49718831	0.0762225
FAM171A2_44361657	0.174466
FAM20A_68538972	0.0243323
FAM20A_68546304	0.0857625
FAM222B_28795377	0.140715
FASN_82097008	0.00585432
FBF1_75911632	0.0292664
FBF1_75932044	0.0487384
FBF1_75934023	0.0346169
FBXL20_39265512	0.0524065
FBXL20_39274882	0.110781
FBXL20_39275288	0.0742707
FBXL20_39299223	0.109349
FBXW10_18750678	0.0175347
FKBP10_41813523	0.0385847
FKBP10_41813961	0.0385847
FLCN_17216216	0.00691157
FLCN_17218694	0.0154145
FLII_18248883	0.0552387
FLII_18255382	0.0170293
FLOT2_28884389	0.0971698
FLOT2_28884394	0.0971698
FLOT2_28884882	0.0971698
FMNL1_45237058	0.0437365
FMNL1_45237838	0.0239719
FN3KRP_82723110	0.0275366
FN3K_82735943	0.0128425
FN3K_82743125	0.0685241
FN3K_82744379	0.0685241
FOXK2_82570927	0.0285508
FOXN1_28531284	0.253385
FOXN1_28531968	0.253385
FSCN2_81534691	0.0182617
FXR2_7598080	0.0431721
FXR2_7609292	0.0958143
G6PC_42907353	0.0357174
GAA_80103165	0.00310398
GAS2L2_35748027	0.03311
GAS2L2_35749409	0.024787
GAS2L2_35749413	0.024787
GAS7_9917423	0.0515645
GAS7_9945028	0.0247214
GAS7_9951893	0.0403153
GAST_41715734	0.0753154
GDPD1_59253932	0.0778439
GEMIN4_749996	0.0289441
GGA3_75243800	0.0449646
GGNBP2_36567567	0.135859
GID4_18047437	0.0323168
GID4_18058779	0.031676
GID4_18061538	0.0442487
GID4_18062598	0.0257943
GIP_48960605	0.0526243
GIP_48962310	0.0641823
GIP_48967755	0.0299295
GIT1_29575955	0.0989441
GIT1_29588630	0.0795117
GLP2R_9834859	0.0221405
GLP2R_9858625	0.0180554
GLP2R_9860634	0.026271
GLP2R_9861820	0.0284762
GLP2R_9880281	0.0431126
GNA13_65015912	0.0270973
GOSR1_30480330	0.0690299
GOSR2_46929298	0.112514
GPR142_74368465	0.0389366
GPR179_38331890	0.0492182
GPR179_38333462	0.0217364
GPR179_38333814	0.0217364
GPR179_38337900	0.0992182
GPRC5C_74441592	0.0581144
GPRC5C_74444645	0.0652807
GRB2_75320709	0.0137023
GRN_44350226	0.0577122
GSDMA_39969639	0.0463437
GSDMB_39905626	0.0295886
GSDMB_39909971	0.036698
GSDMB_39912673	0.0505949
GUCY2D_8006036	0.0177167
GUCY2D_8009665	0.0239632
HAP1_41730914	0.0680544
HAP1_41733571	0.0439356
HDAC5_44084264	0.106605
HDAC5_44117788	0.163847
HDAC5_44122678	0.242039
HEATR6_60046887	0.0464226
HEATR6_60055970	0.143887
HEATR6_60056971	0.0487951
HEATR6_60065264	0.331939
HEATR6_60070260	0.0484189
HEATR9_35857989	0.0305387
HELZ_67107879	0.0419901
HELZ_67134165	0.0923504
HELZ_67157843	0.0953888
HELZ_67200270	0.0465414
HES7_8122840	0.285523
HEXDC_82421094	0.0270253
HEXDC_82424621	0.0390908
HEXDC_82439629	0.0213004
HEXIM2_45166425	0.0722522
HGS_81686622	0.0155089
HGS_81687408	0.00712873
HID1_74967979	0.0573033
HID1_74968899	0.0573033
HID1_74970854	0.0855081
HNF1B_37734613	0.0681921
HOXB5_48592567	0.32698
HOXB6_48600438	0.272506
HOXB8_48613879	0.434754
HSF5_58480577	0.0916578
IGF2BP1_49028138	0.0597902
IGF2BP1_49048693	0.0250994
IGFBP4_40444203	0.136691
IGFBP4_40454571	0.0298797
IKZF3_39791739	0.12709
INPP5K_1516148	0.117693
INTS2_61886487	0.0576751
INTS2_61887926	0.0576751
INTS2_61899621	0.136722
INTS2_61923174	0.0448101
ITGA2B_44382874	0.0162999
ITGAE_3715080	0.0296986
ITGAE_3716335	0.0296986
ITGAE_3723509	0.0275164
ITGAE_3740240	0.0352252
ITGAE_3743816	0.0261733
ITGAE_3752202	0.027265
ITGAE_3757235	0.0317145
ITGAE_3757354	0.0317145
ITGAE_3758064	0.0279805
ITGB3_47290150	0.101262
ITGB3_47300254	0.0317592
ITGB3_47300267	0.0317592
ITGB4_75731682	0.033307
ITGB4_75735859	0.0259623
ITGB4_75737083	0.0226013
ITGB4_75741297	0.0157558
ITGB4_75755532	0.232523
ITGB4_75755567	0.232523
JMJD6_76722340	0.0572524
KAT2A_42115859	0.0322981
KAT7_49805200	0.0710914
KCNAB3_7923338	0.0517029
KCNH4_42174259	0.125224
KCNH4_42180382	0.146785
KCNH6_63537999	0.0849093
KCNH6_63543321	0.0672989
KCTD2_75034272	0.151253
KCTD2_75062765	0.021763
KIAA0100_28636516	0.0917284
KIAA0100_28642701	0.061075
KIAA0753_6598459	0.0207909
KIAA0753_6608487	0.0158528
KIAA0753_6624938	0.0568842
KIF1C_5002462	0.0328024
KIF1C_5003781	0.0445528
KIF1C_5007431	0.0527419
KIF1C_5013443	0.0463894
KPNB1_47658171	0.109012
KRT17_41622579	0.0228151
KRT23_40925723	0.020036
KRT23_40934714	0.084971
KRT24_40700587	0.0168492
KRT26_40770513	0.0409825
KRT32_41460942	0.0313876
KRT32_41466500	0.0105727
KRT33A_41347638	0.0332857
KRT34_41381311	0.011866
KRT34_41381386	0.011866
KRT35_41479101	0.0142336
KRT35_41479152	0.0142336
KRT35_41479169	0.0142336
KRT35_41479186	0.0142336
KRT35_41479203	0.0142336
KRT36_41487901	0.020604
KRT36_41489950	0.112192
KRT39_40961657	0.0680108
KRT9_41566957	0.0170278
KSR1_27555455	0.0473969
KSR1_27604248	0.0275664
KSR1_27604260	0.0275664
KSR1_27604567	0.0275664
KSR1_27604579	0.0275664
KSR1_27605175	0.0115887
KSR1_27610455	0.025495
KSR1_27616181	0.0809165
KSR1_27617077	0.0809165
KSR1_27617082	0.0809165
KSR1_27617948	0.0551229
LGALS3BP_78973919	0.00320137
LGALS3BP_78975032	0.0236061
LGALS9_27632514	0.00848635
LGALS9_27637756	0.00848635
LIG3_34994177	0.01906
LIG3_34994714	0.0122714
LINC00675_10796289	0.0157286
LINC00675_10802520	0.0157286
LLGL1_18233650	0.0201795
LLGL2_75555935	0.0388956
LLGL2_75566238	0.0143853
LPO_58248085	0.0676615
LPO_58248324	0.0676615
LPO_58267679	0.032735
LRRC37B_32031163	0.0478908
LRRC3C_39942929	0.0891473
LRRC3C_39943304	0.0891473
LRRC3C_39943565	0.0891473
LRRC45_82025890	0.0137965
LSM12_44040419	0.082944
LUC7L3_50744460	0.0362759
MAP2K3_21286539	0.0662097
MAP2K3_21302947	0.014909
MAP2K3_21303054	0.014909
MAP2K3_21305419	0.0263819
MAP2K4_12128381	0.0395097
MAP2K6_69522140	0.0305582
MAP2K6_69525447	0.0915248
MAP2K6_69538839	0.0937597
MAP3K14_45271250	0.0290504
MAP3K3_63650464	0.141667
MAP3K3_63654248	0.142233
MAP3K3_63663270	0.103195
MAPT_45984423	0.0521007
MAPT_46005196	0.0433339
MARCH10_62725213	0.0866335
MARCH10_62738430	0.0532275
MED13_61954935	0.0978862
MED13_61988556	0.0856304
MED1_39450253	0.0893674
METRNL_83081477	0.0705475
METRNL_83081796	0.0705475
METRNL_83087784	0.00978006
METRNL_83092893	0.00978006
METRNL_83092936	0.00978006
METTL16_2439424	0.0684977
METTL16_2469755	0.0521279
MFAP4_19385663	0.017145
MFAP4_19385678	0.017145
MFAP4_19385833	0.017145
MFSD11_76758405	0.0611631
MFSD11_76775416	0.0176977
MGAT5B_76927926	0.0329077
MGAT5B_76937367	0.0444198
MIEF2_18263603	0.0431584
MINK1_4879914	0.0415294
MINK1_4880683	0.0415294
MLLT6_38712319	0.0974749
MLLT6_38723619	0.0357499
MMD_55405750	0.123147
MMD_55415794	0.0980585
MMP28_35775850	0.0886597
MNT_2392972	0.0673542
MNT_2397567	0.164985
MPP3_43813404	0.034082
MPP3_43814643	0.0383729
MPP3_43823376	0.045414
MPP3_43829558	0.0250439
MPRIP_17082509	0.03016
MPRIP_17086262	0.03016
MPRIP_17133015	0.0236402
MPRIP_17133891	0.0236402
MPRIP_17138439	0.152895
MPRIP_17139734	0.152895
MPRIP_17147527	0.0167297
MPRIP_17148031	0.0167297
MPRIP_17157880	0.0275956
MPRIP_17183932	0.0527613
MRC2_62667210	0.0284971
MRC2_62682608	0.0364319
MRPL12_81704106	0.0214775
MRPL45_38300016	0.0817743
MRPL45_38320429	0.0403837
MRPL58_75017039	0.0985084
MRPL58_75018103	0.0280046
MRPL58_75019659	0.0280046
MSI2_57420162	0.142171
MSI2_57541962	0.163223
MTMR4_58510356	0.0438152
MXRA7_76683262	0.079755
MXRA7_76683949	0.079755
MYBBP1A_4540647	0.00605828
MYBBP1A_4541283	0.00605828
MYBBP1A_4550737	0.00981258
MYBBP1A_4551263	0.00981258
MYBBP1A_4552713	0.00742096
MYCBPAP_50523908	0.0319029
MYCBPAP_50524401	0.0319029
MYH10_8495382	0.032424
MYH10_8514673	0.0195613
MYH10_8515368	0.0195613
MYH10_8549434	0.0528503
MYH10_8552333	0.0237757
MYH10_8573229	0.0628887
MYH10_8628847	0.128956
MYH13_10331834	0.0159702
MYH13_10331974	0.0159702
MYH13_10360416	0.0249767
MYH1_10494039	0.0501406
MYH2_10523412	0.0809398
MYH2_10527056	0.021945
MYH2_10539766	0.0210712
MYH3_10651059	0.037618
MYH4_10456957	0.0250139
MYH8_10392194	0.0404486
MYH8_10399032	0.012253
MYH8_10399037	0.012253
MYL4_47218931	0.0526342
MYO15A_18132687	0.0279012
MYO15A_18136956	0.0261126
MYO15A_18146496	0.0423113
MYO15A_18148027	0.0423113
MYO18A_29108392	0.185013
MYO18A_29113208	0.0310224
MYO18A_29114475	0.0251211
MYO18A_29130892	0.131919
MYO18A_29144523	0.109285
MYO19_36526059	0.0485066
MYO19_36527944	0.372802
MYO1C_1470046	0.0547071
MYO1C_1473635	0.0151617
MYO1C_1473736	0.0151617
MYO1D_32742951	0.0524044
MYO1D_32761387	0.044564
MYO1D_32772549	0.0540536
MYO1D_32840619	0.0799296
NAGLU_42541618	0.0476074
NARF_82467780	0.0383213
NARF_82485911	0.0239469
NARF_82486383	0.0239469
NATD1_21247944	0.0115358
NBR1_43203631	0.127208
NCBP3_3816595	0.0337595
NCBP3_3817686	0.0337595
NCBP3_3825153	0.0814763
NCOR1_16035964	0.0967558
NCOR1_16078806	0.0805893
NCOR1_16084395	0.140441
NCOR1_16114061	0.0733198
NCOR1_16115661	0.0733198
NCOR1_16172104	0.0886611
NDEL1_8452595	0.0669469
NF1_31155915	0.142983
NF1_31162936	0.0880633
NF1_31167331	0.10383
NF1_31231858	0.0915022
NF1_31232677	0.0793235
NF1_31257788	0.230599
NF1_31261495	0.0523531
NF1_31352042	0.0877998
NFE2L1_48055737	0.426308
NKIRAS2_42022738	0.0246624
NLE1_35133498	0.027076
NLGN2_7415313	0.0995138
NLRP1_5520305	0.0315469
NLRP1_5530735	0.00788002
NLRP1_5532359	0.00788002
NLRP1_5542066	0.0757129
NLRP1_5582523	0.0429275
NME2_51167437	0.0481144
NMT1_45082588	0.0666004
NMT1_45087664	0.0551075
NMT1_45094656	0.052828
NMT1_45100080	0.0607041
NOS2_27767974	0.0222239
NOS2_27781267	0.0103321
NOS2_27787962	0.0400866
NOTUM_81953857	0.373362
NOTUM_81959955	0.0433937
NPEPPS_47612897	0.0363293
NPEPPS_47615907	0.124904
NPLOC4_81595312	0.0157734
NPLOC4_81606390	0.0340841
NPLOC4_81629508	0.047148
NSF_46634623	0.0688081
NSF_46637664	0.0790474
NSRP1_30172414	0.128539
NT5C3B_41829836	0.0181889
NT5C3B_41829955	0.0181889
NT5C3B_41833012	0.0507419
NT5M_17306179	0.0156253
NTN1_9182119	0.0172846
NUFIP2_29266825	0.030671
NUP85_75216499	0.0364515
NUP85_75227043	0.0295262
NXN_803239	0.0580231
NXN_822519	0.0712624
NXPH3_49578497	0.0844397
OGFOD3_82402927	0.0401896
OGFOD3_82406808	0.0357286
OTOP2_74925113	0.0177377
OTOP2_74928485	0.0450282
OTOP3_74944013	0.0358478
OTOP3_74947844	0.0282921
P2RX1_3898882	0.0272474
P2RX5_3677401	0.0170418
P2RX5_3689060	0.0253757
P2RX5_3691098	0.0370552
PAFAH1B1_2665082	0.0958901
PAFAH1B1_2665878	0.0433005
PCGF2_38738097	0.0348318
PCTP_55768422	0.0278993
PCTP_55773503	0.0234125
PECAM1_64324529	0.118513
PECAM1_64330047	0.0519043
PECAM1_64344692	0.0581299
PECAM1_64364344	0.104533
PECAM1_64369497	0.104533
PECAM1_64375744	0.0444824
PECAM1_64378148	0.0337541
PELP1_4675947	0.087
PELP1_4682990	0.0530029
PEMT_17508757	0.0105412
PEMT_17510653	0.0160672
PGAP3_39685190	0.0254881
PGS1_78399254	0.0123785
PGS1_78403246	0.0539097
PGS1_78415952	0.069778
PHF12_28923238	0.0587619
PHOSPHO1_49226826	0.0958576
PHOSPHO1_49229254	0.0958576
PIGL_16324502	0.110449
PIGW_36535701	0.0335536
PIK3R5_8883451	0.0230294
PIK3R5_8899415	0.0359425
PIK3R5_8907231	0.0335306
PIK3R6_8803916	0.0559286
PIK3R6_8803933	0.0559286
PIK3R6_8821102	0.0246649
PIK3R6_8837151	0.0374559
PIP4K2B_38780812	0.0656666
PIP4K2B_38786016	0.0477108
PIPOX_29056100	0.0873462
PITPNA_1534455	0.0626771
PITPNA_1539150	0.0666567
PITPNA_1542349	0.0241501
PITPNA_1550086	0.0424129
PITPNC1_67527949	0.081018
PITPNM3_6459339	0.0127962
PITPNM3_6461215	0.0127962
PITPNM3_6468137	0.0107591
PITPNM3_6469057	0.0128973
PITPNM3_6474969	0.0329183
PLCD3_45113903	0.0311786
PLD6_17204009	0.00586816
PLEKHH3_42670849	0.0954931
PLEKHM1_45441846	0.0360996
PLEKHM1_45444765	0.0360996
PLEKHM1_45452515	0.0370834
PLEKHM1_45454456	0.402087
PLEKHM1_45469682	0.0550038
PLSCR3_7390849	0.0336707
PLXDC1_39073605	0.0583407
PLXDC1_39083856	0.0524749
PMP22_15231412	0.0363615
POLDIP2_28351063	0.0568083
POLDIP2_28355006	0.0522308
POLG2_64495639	0.122119
POLR2A_7502458	0.021757
PPM1E_58958029	0.125702
PPM1E_58960179	0.125702
PPP1R1B_39632090	0.11285
PPP1R9B_50146739	0.116614
PRKCA_66303788	0.106409
PRKCA_66558813	0.0438245
PRKCA_66649902	0.0381006
PRKCA_66691906	0.0219509
PRPF8_1661511	0.035549
PRPSAP2_18862009	0.0357374
PRPSAP2_18874192	0.0175162
PSMB3_38760211	0.0780586
PSMB3_38761505	0.0219334
PSMB6_4797400	0.169055
PSMD11_32454394	0.152276
PSMD11_32479051	0.0707918
PSMD12_67360109	0.0572573
PSMD12_67360682	0.0572573
PSMD3_39987287	0.045502
PSMD3_39989063	0.00736017
PYCR1_81933552	0.00989357
QRICH2_76277390	0.00916962
QRICH2_76284478	0.0448743
RAB11FIP4_31522151	0.0708903
RAB34_28715369	0.0791453
RAB37_74738066	0.0859935
RAB37_74744177	0.0509638
RAB40B_82659963	0.0130865
RAB40B_82663635	0.0158068
RAB5C_42126002	0.0293551
RAB5C_42127063	0.0868187
RAB5C_42129941	0.0785234
RABEP1_5292513	0.0943313
RABEP1_5354234	0.0420265
RABEP1_5371982	0.0207053
RABEP1_5381868	0.0543311
RABEP1_5383027	0.0543311
RAD51C_58709627	0.144191
RAI1_17802288	0.0141116
RAI1_17809168	0.021772
RAI1_17809173	0.021772
RAP1GAP2_2980677	0.030807
RAP1GAP2_2982090	0.197844
RAP1GAP2_3002495	0.103069
RAP1GAP2_3003852	0.103069
RAP1GAP2_3005279	0.103069
RAP1GAP2_3005339	0.103069
RAP1GAP2_3020104	0.0436506
RAP1GAP2_3026729	0.0400459
RAP1GAP2_3029331	0.0186824
RAP1GAP2_3031633	0.0365744
RAP1GAP2_3032097	0.0365744
RAPGEFL1_40191101	0.0386112
RASL10B_35740315	0.0711663
RCVRN_9898382	0.00874282
RECQL5_75652431	0.107291
RECQL5_75658181	0.107291
RECQL5_75665172	0.0290502
RFFL_35016933	0.039087
RFFL_35026606	0.133434
RFLNB_445242	0.0599364
RGS9_65157364	0.0351778
RGS9_65159774	0.0477541
RHBDF2_76486340	0.040794
RHBDL3_32267417	0.145961
RHBDL3_32287208	0.0371361
RHBDL3_32289566	0.0744722
RHOT1_32151647	0.132555
RHOT1_32166100	0.132555
RHOT1_32203596	0.0946724
RNF135_30984926	0.0304672
RNF157_76167569	0.0713244
RNF167_4942531	0.312918
RNF213_80327732	0.00803248
RNF213_80337060	0.00898757
RNF213_80342377	0.0392836
RNF213_80348425	0.00984963
RNF213_80370386	0.0170528
RNF213_80379442	0.0171569
RNF213_80380193	0.0120681
RNF43_58359973	0.0517615
RNF43_58361142	0.0360056
RNF43_58361284	0.0360056
RP11-120M18.2_68419130	0.17909
RP11-142O6.1_31135161	0.176117
RP11-420A6.2_5370169	0.0207053
RP11-64J4.2_3385914	0.0846872
RP13-1032I1.10_81714193	0.00956268
RPA1_1880269	0.164692
RPA1_1880920	0.170655
RPA1_1887007	0.0635112
RPA1_1892776	0.0862122
RPA1_1894443	0.0862122
RPH3AL_319650	0.0210192
RPH3AL_319808	0.0210192
RPS6KB1_59911224	0.153832
RPS6KB1_59941446	0.106281
RPTOR_80680550	0.0280689
RPTOR_80769899	0.0256954
RPTOR_80892190	0.0113401
RPTOR_80903928	0.0233024
RPTOR_80943001	0.036926
RPTOR_80943721	0.036926
RPTOR_80948484	0.00671879
RPTOR_80951489	0.0319523
RPTOR_80961323	0.0437118
RUNDC1_42985655	0.0469707
RUNDC1_42986412	0.0469707
RUNDC3A_44313030	0.0636422
SAMD14_50117915	0.0402215
SAP30BP_75701482	0.0373271
SARM1_28392823	0.0833572
SARM1_28393085	0.0833572
SCARF1_1637720	0.0102438
SCIMP_5215488	0.0809176
SCN4A_63942391	0.0254567
SCN4A_63948926	0.0232233
SCN4A_63954554	0.0628987
SCN4A_63961796	0.0860857
SCN4A_63963586	0.0860857
SCN4A_63966642	0.0367185
SCN4A_63969330	0.0258514
SCPEP1_56996661	0.0345158
SDK2_73368680	0.0322672
SDK2_73380581	0.0358006
SDK2_73398429	0.019706
SDK2_73398701	0.019706
SDK2_73415992	0.0481885
SDK2_73429497	0.0476404
SEC14L1_77193130	0.012175
SEC14L1_77202303	0.0246578
SEC14L1_77203280	0.0246578
SECTM1_82326975	0.00292465
SEPT9_77318810	0.0581314
SEPT9_77476701	0.031208
SEPT9_77489337	0.0059984
SERPINF1_1776312	0.0473719
SERPINF2_1752005	0.0337285
SERPINF2_1754006	0.0431968
SEZ6_28959529	0.127422
SEZ6_28969600	0.167272
SGSM2_2338128	0.0802024
SGSM2_2338566	0.0802024
SGSM2_2365518	0.163482
SGSM2_2365665	0.163482
SGSM2_2369606	0.163482
SHMT1_18329052	0.0333045
SHMT1_18335924	0.119992
SHMT1_18356274	0.0545218
SHPK_3626978	0.0946472
SHPK_3630048	0.0946472
SHPK_3635311	0.0504596
SLC13A5_6690258	0.0207365
SLC13A5_6691154	0.0281493
SLC13A5_6691290	0.0281493
SLC13A5_6691813	0.0281493
SLC13A5_6699215	0.0343293
SLC13A5_6708681	0.069404
SLC16A5_75097896	0.02656
SLC16A5_75103681	0.0562036
SLC16A6_68272585	0.0604167
SLC25A10_81714193	0.00956268
SLC25A35_8291235	0.0631742
SLC26A11_80250020	0.0245909
SLC26A11_80250396	0.0245909
SLC26A11_80252044	0.0614056
SLC2A4_7284163	0.0778898
SLC38A10_81258947	0.0394813
SLC38A10_81259455	0.0394813
SLC38A10_81272757	0.01586
SLC39A11_72648479	0.0152351
SLC39A11_72717797	0.0448239
SLC43A2_1580504	0.033342
SLC43A2_1581533	0.033342
SLC43A2_1582691	0.033342
SLC43A2_1586245	0.0790634
SLC43A2_1587650	0.0790634
SLC47A1_19543068	0.0337868
SLC47A1_19568101	0.0335879
SLC47A2_19679235	0.00825167
SLC47A2_19703920	0.0105477
SLC47A2_19706978	0.0112917
SLC4A1_44256696	0.0217778
SLC5A10_18952557	0.00272973
SLC5A10_18953294	0.00272973
SLC5A10_18957375	0.0206925
SLC5A10_18962781	0.0121348
SLC6A4_30215766	0.0345341
SLFN11_35355587	0.0937791
SLFN12_35418884	0.149915
SLFN12_35421335	0.0560249
SLFN14_35554836	0.0401171
SLFN5_35260658	0.058705
SLFN5_35260848	0.058705
SMARCE1_40638104	0.167709
SMCR8_18318769	0.034535
SMCR8_18320240	0.034535
SMG6_2188678	0.224188
SMG6_2188765	0.224188
SMG6_2193678	0.224188
SMG6_2294450	0.0464326
SMG6_2298191	0.155349
SMG6_2303013	0.161355
SMTNL2_4594620	0.0500409
SMURF2_64553380	0.0261657
SMURF2_64558005	0.0790384
SMURF2_64564797	0.0761891
SMURF2_64570982	0.0761891
SMURF2_64571986	0.11812
SMURF2_64589356	0.0728465
SMURF2_64595966	0.120056
SMYD4_1784554	0.0281618
SMYD4_1786717	0.0281618
SNF8_48934258	0.113055
SNX11_48113123	0.13595
SNX11_48116358	0.0525262
SOCS7_38355461	0.269503
SOCS7_38360884	0.269503
SOCS7_38397549	0.0367393
SOST_43757099	0.0620011
SOST_43758148	0.0620011
SOST_43758307	0.0620011
SPAG5_28583762	0.104448
SPAG9_50978206	0.0510008
SPAG9_51010977	0.162534
SPAG9_51047650	0.085583
SPATA22_3441983	0.0619086
SPATA22_3455889	0.157523
SPDYE4_8753674	0.041167
SPDYE4_8757666	0.0539652
SPECC1_20276623	0.0548084
SPNS2_4529881	0.0843327
SPNS3_4436156	0.0215959
SPNS3_4442126	0.0328766
SPNS3_4447692	0.0531586
SPOP_49603510	0.204389
SPOP_49608531	0.0711615
SPOP_49611457	0.227804
SPOP_49613644	0.227804
SPOP_49615107	0.227804
SRCIN1_38546226	0.137496
SRCIN1_38565977	0.159727
SREBF1_17816148	0.0806966
SRP68_76045616	0.026616
SRP68_76057275	0.0722046
SSH2_29677970	0.140646
SSH2_29683322	0.140646
SSH2_29684776	0.127307
SSH2_29684780	0.127307
ST6GALNAC1_76625527	0.0295361
ST6GALNAC1_76626135	0.0388653
ST6GALNAC1_76626592	0.0714884
ST6GALNAC2_76581082	0.0315911
ST6GALNAC2_76583550	0.0315911
STAC2_39215332	0.0271039
STAC2_39221613	0.114918
STAT3_42323812	0.014776
STAT3_42331802	0.0506972
STAT3_42337944	0.0212623
STAT3_42338024	0.0212623
STAT3_42341436	0.0482295
STAT5A_42307211	0.0148428
STAT5B_42207898	0.0531769
STAT5B_42207902	0.0531769
STAT5B_42207906	0.0531769
STAT5B_42216430	0.0258557
STAT5B_42227195	0.0672876
STAT5B_42228476	0.0866509
STAT5B_42228713	0.0866509
STRADA_63723007	0.078443
STXBP4_54996375	0.06461
STXBP4_55004952	0.156328
STXBP4_55046426	0.0564916
STXBP4_55149417	0.113088
SUPT4H1_58349223	0.0492253
SUPT6H_28677648	0.0912188
SUPT6H_28685343	0.103104
SYNRG_37539036	0.0854903
SYNRG_37539285	0.0225855
SYNRG_37540586	0.0526499
SYNRG_37582755	0.123086
SYNRG_37599007	0.10362
SYNRG_37607831	0.0875656
TACO1_63605509	0.0781202
TADA2A_37442286	0.0917954
TADA2A_37473800	0.109397
TANC2_63315347	0.133088
TANC2_63318119	0.133088
TANC2_63353309	0.0825671
TANC2_63393588	0.0788901
TANC2_63401726	0.139793
TANC2_63415337	0.0637971
TANC2_63416231	0.104621
TAOK1_29502332	0.0926523
TAX1BP3_3663913	0.0783236
TAX1BP3_3667503	0.202114
TBC1D16_79941984	0.0196008
TBCD_82762829	0.0783655
TBCD_82768219	0.013568
TBCD_82773379	0.0423055
TBCD_82775352	0.0423055
TBCD_82775445	0.0423055
TBCD_82777515	0.0423055
TBCD_82803410	0.0345486
TBCD_82808289	0.0308695
TBCD_82814454	0.0156199
TBCD_82851925	0.0767748
TBCD_82883839	0.0378106
TBCD_82899413	0.0356676
TBCD_82901340	0.0115088
TBCD_82903651	0.0274335
TBCD_82910131	0.0102016
TBCD_82910295	0.0102016
TBCD_82938843	0.0373878
TBKBP1_47702835	0.138272
TBKBP1_47707878	0.138272
TBKBP1_47708239	0.138272
TBX21_47743316	0.0210709
TBX4_61452684	0.108576
TEKT1_6815578	0.0194896
TEKT3_15306504	0.0503835
TEKT3_15313991	0.0123564
TEPSIN_81233772	0.0258902
TEX14_58570975	0.0271253
TEX14_58593775	0.0444793
TEX14_58617800	0.0399591
TEX14_58622536	0.034484
TEX2_64153154	0.0319858
TEX2_64159697	0.083354
TEX2_64236958	0.0713353
THRA_40082927	0.0722549
THRA_40087675	0.0482478
TIMP2_78895617	0.013889
TIMP2_78906784	0.0399315
TLK2_62578429	0.0289688
TLK2_62601065	0.06062
TM4SF5_4772856	0.0492942
TM4SF5_4778709	0.0492942
TM4SF5_4780600	0.0492942
TM4SF5_4782458	0.033586
TMC8_78137973	0.0594
TMEM104_74777549	0.0237005
TMEM104_74780421	0.0237005
TMEM104_74790514	0.0190668
TMEM132E_34636585	0.0228978
TMEM94_75495127	0.0492731
TMEM97_28326365	0.0167472
TMEM98_32934710	0.0400643
TMIGD1_30322842	0.0713626
TNFSF12_7554010	0.0345287
TNFSF12_7555505	0.0345287
TNK1_7381585	0.0282731
TNK1_7382518	0.0282731
TNK1_7383968	0.098181
TNK1_7385871	0.0426102
TNK1_7386163	0.0426102
TNRC6C_78085947	0.0210561
TNRC6C_78087249	0.0170739
TNRC6C_78090387	0.0170739
TNRC6C_78090466	0.0170739
TNRC6C_78103985	0.0109871
TNS4_40482416	0.0589037
TNS4_40489832	0.0696937
TOM1L1_54902066	0.0783182
TOM1L1_54929990	0.0789331
TOM1L2_17867245	0.0911934
TOM1L2_17868407	0.0911934
TOM1L2_17883077	0.0890469
TOM1L2_17898708	0.0264117
TOM1L2_17904875	0.0264117
TOP2A_40390164	0.100207
TOP3A_18277393	0.0265323
TOP3A_18279589	0.0330882
TOP3A_18285520	0.0555884
TOP3A_18286074	0.0555884
TOP3A_18289996	0.0555884
TOP3A_18294400	0.0301914
TOP3A_18314020	0.272705
TOP3A_18314086	0.272705
TRIM16_15680507	0.0512416
TRIM16_15682689	0.0569668
TRIM25_56899489	0.0324531
TRIM25_56904587	0.0387927
TRIM37_59017511	0.0954903
TRIM37_59028895	0.0669029
TRIM37_59076653	0.0507272
TRPV1_3577032	0.0245178
TRPV1_3577434	0.0414099
TRPV1_3586997	0.0272517
TRPV2_16431533	0.0407483
TRPV2_16434688	0.0277767
TRPV3_3520614	0.211134
TRPV3_3521303	0.0340678
TRPV3_3524400	0.0482558
TRPV3_3532490	0.0313408
TRPV3_3532937	0.0234137
TRPV3_3534023	0.0234137
TRPV3_3545451	0.0220628
TRPV3_3545455	0.0220628
TRPV3_3556489	0.0291509
TSEN54_75518786	0.0191434
TSPOAP1_58313895	0.032057
TSPOAP1_58320878	0.00820568
TSPOAP1_58324381	0.121836
TSPOAP1_58327505	0.10473
TTC25_41949515	0.0786113
TTLL6_48767777	0.0441217
TTYH2_74229632	0.0265024
TTYH2_74257363	0.0489703
TTYH2_74259762	0.0489703
TUBD1_59878933	0.0423576
TUBD1_59890474	0.0686935
UBALD2_76270125	0.0948151
UBE2G1_4332834	0.0743097
UBE2O_76397697	0.015694
UBE2O_76413300	0.0508952
UBE2O_76417862	0.0508952
UBE2Z_48911006	0.13708
UBE2Z_48921738	0.0355921
ULK2_19795916	0.0622249
ULK2_19796964	0.170066
ULK2_19819795	0.033084
ULK2_19824852	0.033084
ULK2_19831138	0.119725
ULK2_19841859	0.0451767
UNC13D_75833563	0.0170029
UNC45B_35149756	0.0307254
UNC45B_35151532	0.0332552
UNC45B_35154447	0.0457982
UNC45B_35165484	0.0284946
UNC45B_35165495	0.0284946
UNK_75821151	0.0180532
USP22_21010233	0.0178586
USP22_21018143	0.0118313
USP22_21020163	0.0245221
USP22_21021471	0.0356164
USP22_21024842	0.0356164
USP32_60193071	0.0701229
USP32_60207313	0.0736479
USP32_60218140	0.20035
USP32_60255530	0.255979
USP36_78804517	0.0303316
USP36_78805518	0.0303316
USP43_9667013	0.0176997
USP43_9671386	0.0176997
USP43_9674770	0.0176997
USP43_9694251	0.0300498
USP6_5131734	0.0470532
UTP18_51280995	0.0734695
UTP18_51282784	0.0734695
UTP6_31886235	0.0259421
UTP6_31900751	0.0277945
VPS53_519450	0.0326983
VPS53_536207	0.104034
VPS53_560730	0.0984049
VPS53_628385	0.119722
VPS53_654853	0.0693428
WDR45B_82629675	0.0154208
WDR45B_82630181	0.0154208
WDR45B_82646810	0.0129205
WDR45B_82647521	0.0129205
WDR81_1735479	0.0436111
WDR81_1735483	0.0436111
WIPF2_40261032	0.0793603
WIPF2_40266428	0.0535262
WIPF2_40272320	0.0535262
WIPF2_40274147	0.0812121
WIPI1_68431920	0.0304008
WIPI1_68435956	0.0247459
WIPI1_68438059	0.0270962
WIPI1_68454340	0.124243
WIPI1_68455460	0.124243
WNK4_42781910	0.101899
WNK4_42786187	0.0381047
WNT9B_46876071	0.0186959
WSCD1_6089288	0.0409644
WSCD1_6092854	0.0211345
WSCD1_6094624	0.0211345
WSCD1_6110020	0.0267331
XYLT2_50346933	0.0674774
XYLT2_50347830	0.0674774
XYLT2_50352018	0.0674774
YWHAE_1355618	0.0794494
ZMYND15_4745817	0.0239074
ZNF18_11983536	0.0077078
ZNF18_11983577	0.0077078
ZNF18_11994244	0.0412394
ZNF207_32356006	0.0484361
ZNF207_32365176	0.028171
ZNF286A_15707576	0.0320048
ZNF286A_15714236	0.046412
ZNF286B_18680511	0.130266
ZNF624_16648286	0.0488131
ZNF652_49316046	0.192607
ZSWIM7_15995343	0.0616864
ZSWIM7_15997054	0.0616864
ZZEF1_4020050	0.0215158
ZZEF1_4061239	0.0148047
ZZEF1_4069568	0.0644737
ZZEF1_4104015	0.0475061
ABHD3_21702765	0.173704
ACAA2_49790842	0.0357797
ADNP2_80111392	0.0258987
AFG3L2_12336480	0.0618412
AFG3L2_12354032	0.0366597
AFG3L2_12367548	0.0321985
AFG3L2_12374724	0.0314264
AFG3L2_12375143	0.0314264
ANKRD29_23630495	0.0716946
ANKRD30B_14752399	0.0159969
ANKRD30B_14769716	0.0118285
ANKRD30B_14774943	0.0169908
ANKRD30B_14777186	0.0169908
AQP4_26863817	0.0818347
AQP4_26864655	0.0818347
ARHGAP28_6870443	0.0143979
ARHGAP28_6887572	0.0466103
ARHGAP28_6895136	0.0181311
ARHGAP28_6910772	0.0244846
ATP8B1_57649313	0.038442
ATP8B1_57656111	0.0649369
ATP8B1_57677974	0.048586
ATP8B1_57685386	0.0403525
ATP8B1_57685805	0.0403525
ATP8B1_57691697	0.0432567
ATP8B1_57696720	0.018058
ATP9B_79306613	0.102113
ATP9B_79334863	0.0494789
ATP9B_79335277	0.0494789
ATP9B_79344456	0.0128108
ATP9B_79375994	0.0476247
B4GALT6_31637441	0.0344679
B4GALT6_31640799	0.0477305
B4GALT6_31644297	0.0477305
B4GALT6_31664240	0.031112
C18orf21_35974729	0.0302233
C18orf21_35975525	0.0677701
C18orf25_46254803	0.0726952
C18orf63_74321657	0.0753694
C18orf8_23508398	0.0277585
C18orf8_23509684	0.0518578
C18orf8_23521492	0.0245453
CABLES1_23183908	0.0414676
CABLES1_23256580	0.0193368
CABYR_24157011	0.213506
CCDC102B_68838549	0.0220756
CCDC178_33396431	0.0498893
CCDC68_54932550	0.0768332
CDH20_61534230	0.0771614
CDH2_27983321	0.354112
CDH2_28102062	0.100078
CELF4_37269939	0.115851
CEP192_13005623	0.0455535
CEP192_13006196	0.0455535
CEP192_13007177	0.0455535
CEP192_13018209	0.0544558
CEP192_13035912	0.0417308
CEP192_13048544	0.0707914
CEP192_13069696	0.0308345
CEP192_13072402	0.0517393
CEP192_13072563	0.0517393
CEP192_13091000	0.0351572
CEP192_13099266	0.0616879
CEP192_13101294	0.00945394
CEP192_13102973	0.00945394
CEP192_13115380	0.0164089
CEP76_12682482	0.0677184
CEP76_12686566	0.0424185
CEP76_12702182	0.0118309
CIDEA_12261016	0.0185344
CLUL1_619027	0.229049
CNDP1_74564854	0.0780257
CNDP1_74571013	0.0185085
CNDP2_74512263	0.0151709
CNDP2_74516164	0.042817
CTDP1_79697693	0.00556512
CTDP1_79702283	0.025657
CTDP1_79710311	0.0122049
CTDP1_79715868	0.00781555
CTDP1_79733811	0.0395482
CTIF_48663988	0.0264364
CTIF_48758457	0.0405576
CTIF_48758822	0.0405576
CTIF_48857750	0.0380864
DCC_53393812	0.0621607
DCC_53528494	0.0314111
DSC1_31149141	0.0195195
DSC3_31028824	0.0203682
DSC3_31031822	0.0251295
DSG1_31319001	0.0567468
DSG1_31323029	0.0567468
DSG2_31539794	0.029612
DSG2_31540075	0.029612
DSG2_31540675	0.029612
DSG2_31545116	0.0731278
DSG3_31448430	0.0604062
DSG3_31456129	0.0604062
DSG4_31392589	0.0549544
DTNA_34807606	0.0531519
DTNA_34807610	0.0531519
DTNA_34809486	0.0531519
DTNA_34866009	0.0752959
DTNA_34885933	0.0768571
DYNAP_54592298	0.0403504
ELP2_36132973	0.0703462
ELP2_36169848	0.0372264
ENOSF1_690043	0.0361309
EPB41L3_5418390	0.0870003
EPG5_45865090	0.03878
EPG5_45874486	0.059385
EPG5_45905847	0.0305448
EPG5_45908398	0.0424317
EPG5_45913979	0.0433906
EPG5_45936977	0.0388858
EPG5_45946841	0.0293454
EPG5_45953254	0.056776
ESCO1_21567363	0.0560981
FAM210A_13669204	0.0535272
FAM210A_13702546	0.0941796
FBXO15_74129951	0.0227703
FECH_57556827	0.0169401
FECH_57561701	0.159699
FECH_57581315	0.0488568
FHOD3_36603360	0.0484427
FHOD3_36741483	0.0235727
FHOD3_36759884	0.0719756
GATA6_22172656	0.0725112
GATA6_22174138	0.0725112
GNAL_11875890	0.0492769
GRP_59222734	0.0557315
HAUS1_46122704	0.0315664
HMSD_63949713	0.0388227
HMSD_63949717	0.0388227
HMSD_63951737	0.0388227
HRH4_24476631	0.0659393
HSBP1L1_79965433	0.0400247
HSBP1L1_79965641	0.0400247
IMPACT_24430534	0.0626088
KATNAL2_47058909	0.0276326
KATNAL2_47075117	0.147152
KDSR_63352948	0.0216678
KIAA1328_36831151	0.100693
KIAA1328_36842344	0.0749107
KIAA1468_62254812	0.174078
KIAA1468_62283651	0.0731455
KIAA1468_62304355	0.0866747
KLHL14_32689921	0.118166
KLHL14_32695703	0.128859
L3MBTL4_6241855	0.0193525
L3MBTL4_6242278	0.0193525
L3MBTL4_6290013	0.04962
L3MBTL4_6307089	0.0450639
LAMA1_6966365	0.0262553
LAMA1_6983316	0.0496948
LAMA1_6994254	0.0203279
LAMA1_7001535	0.0219029
LAMA1_7013409	0.0377381
LAMA1_7020217	0.021526
LAMA1_7020785	0.021526
LAMA1_7022081	0.021526
LAMA1_7023429	0.019506
LAMA1_7035080	0.0190625
LAMA1_7037796	0.012638
LAMA1_7043602	0.0198237
LAMA1_7050153	0.0274777
LAMA3_23778878	0.0307906
LAMA3_23811464	0.0280325
LAMA3_23838031	0.0635216
LAMA3_23846795	0.0131812
LAMA3_23883294	0.0680759
LAMA3_23944438	0.0151165
LIPG_49571698	0.046423
LIPG_49580568	0.109702
LIPG_49586568	0.0212669
LOXHD1_46519262	0.0751857
LOXHD1_46522833	0.0396507
LOXHD1_46538035	0.043642
LOXHD1_46566645	0.0364579
LOXHD1_46592669	0.183293
LOXHD1_46600053	0.080728
LPIN2_2927124	0.0268035
LPIN2_2927504	0.0268035
LPIN2_2927867	0.0196085
LPIN2_2939815	0.109481
MALT1_58696162	0.109468
MALT1_58698420	0.0333992
MALT1_58708272	0.0981582
MALT1_58715741	0.0290723
MALT1_58747299	0.0244489
MAPK4_50720858	0.0522429
MAPRE2_35063460	0.112712
MAPRE2_35097315	0.0946951
MAPRE2_35126744	0.0706632
MAPRE2_35129783	0.0380983
MAPRE2_35138745	0.0254608
MBP_77012674	0.0239496
ME2_50908021	0.0996104
MEP1B_32204062	0.098398
MEP1B_32204074	0.098398
MEP1B_32210268	0.0304006
METTL4_2540666	0.126087
MIB1_21766150	0.0702553
MIB1_21801269	0.0667818
MIB1_21851849	0.0968182
MIB1_21857373	0.0385023
MOCOS_36188069	0.0626055
MOCOS_36191202	0.0626055
MOCOS_36195219	0.0626055
MOCOS_36198928	0.0338629
MOCOS_36199492	0.0338629
MOCOS_36200404	0.067372
MOCOS_36203842	0.0176301
MOCOS_36204895	0.0176301
MOCOS_36218074	0.0913905
MOCOS_36249743	0.0262113
MOCOS_36265457	0.0384928
MPPE1_11907160	0.0847726
MTCL1_8718310	0.0560434
MTCL1_8783140	0.0704634
MTCL1_8795912	0.0254937
MTCL1_8817466	0.0899768
MTCL1_8819887	0.0190285
MTCL1_8823321	0.0152159
MTCL1_8827609	0.0353394
MYL12B_3274567	0.0997585
MYO5B_49859275	0.0212817
MYO5B_49863662	0.027214
MYO5B_49878066	0.0688164
MYO5B_49880180	0.0174359
MYO5B_49933142	0.0138922
MYO5B_49984105	0.0407145
MYO5B_50039863	0.0201639
MYOM1_3069997	0.054172
MYOM1_3082185	0.0590915
MYOM1_3082837	0.0590915
MYOM1_3100617	0.0611612
MYOM1_3158506	0.0548904
NAPG_10530593	0.0383069
NAPG_10532609	0.0346103
NAPG_10546010	0.0219754
NAPG_10546156	0.0219754
NARS_57605322	0.0302942
NARS_57619801	0.0497755
NEDD4L_58342840	0.136286
NEDD4L_58355678	0.0851771
NEDD4L_58357412	0.0253776
NEDD4L_58364512	0.0332721
NEDD4L_58370928	0.0295222
NEDD4L_58392314	0.00668266
NEDD4L_58394247	0.00668266
NETO1_72751655	0.0132324
NOL4_33958019	0.871064
NPC1_23535843	0.0095607
NPC1_23551273	0.0732567
NPC1_23551884	0.0122337
OSBPL1A_24167162	0.0244185
OSBPL1A_24314699	0.051141
OSBPL1A_24315968	0.051141
PHLPP1_62881034	0.0684791
PHLPP1_62905519	0.0428153
PHLPP1_62916895	0.0555378
PHLPP1_62963257	0.0483739
PIAS2_46856850	0.0364602
PIEZO2_10703254	0.0189914
PIEZO2_10706091	0.122593
PIEZO2_10706541	0.122593
PIEZO2_10707147	0.122593
PIEZO2_10745413	0.010037
PIEZO2_10745757	0.010037
PIEZO2_10746328	0.010037
PIEZO2_10754680	0.126036
PIEZO2_10786722	0.00965929
PIGN_62073797	0.0600151
PIGN_62119560	0.115233
PIGN_62144840	0.0587393
PIGN_62145383	0.0587393
PIGN_62146616	0.0262635
PIK3C3_41957343	0.0414643
PIK3C3_41968265	0.081582
PIK3C3_41997086	0.108788
PIK3C3_42010990	0.126655
PIK3C3_42019088	0.0724607
PIK3C3_42035434	0.0260937
PIK3C3_42044512	0.0452841
POLI_54283454	0.0759327
PPP4R1_9562153	0.217087
PRELID3A_12422662	0.0443946
PRELID3A_12423087	0.0443946
PRELID3A_12430291	0.0889207
PSTPIP2_45989080	0.0350143
PTPN2_12837187	0.0736847
PTPRM_8247675	0.0643227
PTPRM_8249098	0.324737
PTPRM_8386988	0.0322243
PTPRM_8389917	0.0209489
RAB12_8637994	0.0334718
RALBP1_9514154	0.0525415
RALBP1_9534268	0.00896475
RBBP8_22989054	0.0586766
RBFADN_80067619	0.0428011
RBFADN_80067998	0.0428011
RBFADN_80080444	0.0606821
RBFA_80044154	0.0305482
RNF125_32036948	0.14124
RNF138_32128089	0.08005
RNF165_46455940	0.0308121
RNMT_13735978	0.0819407
RNMT_13738085	0.0554401
RNMT_13743570	0.0471455
RNMT_13759727	0.0498367
ROCK1_20954195	0.0667553
ROCK1_20955569	0.0461093
ROCK1_20975347	0.0832686
ROCK1_21011905	0.110319
ROCK1_21017020	0.048553
ROCK1_21018195	0.048553
ROCK1_21022444	0.0643633
RP11-813F20.4_49970427	0.0733782
RTTN_70068468	0.0423134
RTTN_70088147	0.0526898
RTTN_70134318	0.0587737
RTTN_70134615	0.0381542
RTTN_70146956	0.0196699
RTTN_70147720	0.0196699
RTTN_70166335	0.0266356
RTTN_70188737	0.0722545
RTTN_70191599	0.0487625
SEC11C_59149456	0.060564
SEC11C_59152112	0.0258671
SEC11C_59155380	0.0344177
SEH1L_12954604	0.0504037
SEH1L_12966917	0.056222
SERPINB11_63721849	0.0221982
SERPINB12_63557168	0.00922085
SERPINB2_63891726	0.0258548
SERPINB2_63901680	0.0278154
SERPINB5_63486532	0.029304
SERPINB5_63490374	0.0388085
SERPINB7_63775789	0.0362823
SERPINB8_63980896	0.0394776
SERPINB8_63981473	0.0394776
SIGLEC15_45839607	0.0218314
SIGLEC15_45841109	0.0189769
SIGLEC15_45841255	0.0189769
SLC14A1_45739055	0.0621959
SLC14A2_45636800	0.0486176
SLC14A2_45675445	0.0485046
SMAD2_47868051	0.0797438
SMAD7_48944778	0.225392
SMAD7_48946765	0.225392
SMAD7_48948832	0.271836
SMCHD1_2696664	0.0356403
SMCHD1_2704827	0.0745274
SMCHD1_2726316	0.0476257
SMCHD1_2731028	0.0369492
SMCHD1_2772688	0.0491785
SMIM21_75427199	0.0339512
SPIRE1_12509799	0.0532636
SPIRE1_12509822	0.0532636
ST8SIA3_57356783	0.180576
ST8SIA5_46680649	0.025627
ST8SIA5_46686369	0.0156977
ST8SIA5_46687682	0.0156977
TAF4B_26286999	0.0673509
TAF4B_26324412	0.134512
TCF4_55256107	0.0914885
TCF4_55428518	0.19303
TGIF1_3452852	0.260027
THOC1_252781	0.0683313
THOC1_254539	0.132021
THOC1_267063	0.0415844
THOC1_267207	0.0415844
TIMM21_74151043	0.0212835
TIMM21_74154423	0.0212835
TIMM21_74155679	0.0164103
TIMM21_74155909	0.0164103
TIMM21_74156202	0.0164103
TMEM241_23352691	0.0387196
TMEM241_23358550	0.0560567
TMEM241_23430065	0.0782348
TMEM241_23434189	0.0507428
TMX3_68678530	0.0168449
TMX3_68691605	0.0264502
TMX3_68691693	0.0264502
TNFRSF11A_62347849	0.0566927
TNFRSF11A_62360213	0.0282141
TNFRSF11A_62361515	0.0282141
TRAPPC8_31891698	0.091609
TTC39C_24064908	0.0241755
TTC39C_24114258	0.0407169
TYMS_670143	0.0469374
USP14_163865	0.0577891
USP14_192715	0.0810713
VAPA_9920097	0.0496981
WDR7_56676398	0.141222
WDR7_56686300	0.0413844
YES1_740045	0.0839916
YES1_740856	0.0839916
ZCCHC2_62570965	0.0328
ZNF236_76871294	0.0209901
ZNF236_76905807	0.008323
ZNF236_76911669	0.014301
ZNF236_76916905	0.0181637
ZNF236_76936415	0.040919
ZNF236_76947835	0.0537577
ZNF396_35370469	0.0525934
ZNF407_74727516	0.134368
ZNF407_75032660	0.12419
ZNF516_76367085	0.0595989
ZNF516_76370878	0.347744
ABCA7_1048436	0.0524371
AC006129.2_41555208	0.0120364
AC007204.2_19958143	0.0683716
ACER1_6312645	0.0611385
ACP7_39106498	0.0367245
ACSBG2_6183446	0.053288
ACSBG2_6185064	0.053288
ACTN4_38700512	0.125564
ACTN4_38707250	0.0269088
ACTN4_38707836	0.0269088
ACTN4_38710193	0.145355
ADAMTS10_8596702	0.0282893
ADAMTS10_8598656	0.0478953
ADGRE1_6898514	0.0605315
ADGRE1_6910729	0.0387713
ADGRE1_6915351	0.020603
ADGRE1_6919848	0.0471318
ADGRE1_6934160	0.0731734
ADGRE2_14737524	0.0972935
ADGRE2_14764021	0.101867
ADGRE3_14630368	0.0487007
ADGRL1_14171608	0.0536553
ADGRL1_14182974	0.112354
ADGRL1_14183251	0.112354
AKAP8L_15397412	0.0706067
AKAP8_15362322	0.110254
AKT1S1_49871000	0.0290565
ANGPTL8_11241282	0.0461202
ANKRD24_4214421	0.044036
ANKRD24_4215882	0.044036
ANKRD27_32615160	0.0501921
ANKRD27_32619747	0.0156301
ANKRD27_32628317	0.0230288
ANKRD27_32630219	0.0332288
ANKRD27_32634426	0.0838115
ANKRD27_32647897	0.0484015
AP1M1_16226312	0.137526
AP2A1_49773640	0.0484209
AP2A1_49775983	0.0484209
AP2A1_49792791	0.0130205
AP2A1_49794564	0.0388707
AP3D1_2113899	0.0102714
AP3D1_2127902	0.0407225
AP3D1_2137946	0.0158557
AP3D1_2138230	0.0158557
APC2_1455937	0.0277009
APC2_1456672	0.0288214
ARHGAP33_35776917	0.23819
ARHGAP33_35781601	0.0223634
ARHGAP33_35784705	0.400038
ARHGEF18_7456149	0.0233393
ARHGEF18_7465066	0.0710548
ARHGEF1_41891941	0.0460072
ARHGEF1_41904815	0.0173345
ARID3A_960238	0.0210142
ARID3A_961058	0.0210142
ARID3A_963240	0.0210142
ARID3A_963804	0.0210142
ARID3A_967566	0.0507142
ARMC6_19044687	0.0801754
ARMC6_19055238	0.00462672
ARRDC5_4894847	0.0290777
ARRDC5_4896524	0.0290777
ARRDC5_4900223	0.0766664
ASF1B_14125971	0.043954
ASNA1_12747161	0.0467251
ATCAY_3905363	0.0946193
ATCAY_3909484	0.0170027
ATP13A1_19656222	0.0160672
ATP13A1_19656331	0.0160672
ATP13A1_19656337	0.0160672
ATP13A1_19662968	0.0262671
ATP1A3_41975959	0.0193463
ATP4A_35554487	0.016728
ATP5SL_41438524	0.0291254
ATP8B3_1803311	0.0315598
ATP8B3_1806977	0.0174686
ATP8B3_1811063	0.00208199
AURKC_57233387	0.0479076
AXL_41223676	0.0914342
AXL_41244793	0.0543924
AXL_41253238	0.030065
AXL_41253958	0.0534542
B9D2_41360145	0.0540488
BABAM1_17276407	0.0144918
BAX_48957114	0.0875905
BAX_48959416	0.0875905
BBC3_47226222	0.0580497
BBC3_47231600	0.171092
BCAM_44810028	0.101141
BCKDHA_41402490	0.0433445
BCKDHA_41413092	0.05595
BCKDHA_41421861	0.0237628
BCL2L12_49669699	0.00993091
BCL2L12_49669852	0.00993091
BCL2L12_49672448	0.0153521
BHMG1_45744996	0.0658861
BISPR_17407472	0.100826
BLVRB_40459203	0.0708095
BLVRB_40460686	0.0708095
BLVRB_40462093	0.0708095
BORCS8_19186411	0.0150605
BRD4_15262019	0.0111566
BRD4_15263750	0.0353579
BRD4_15263754	0.0353579
BRD4_15268761	0.20043
BRD4_15271321	0.0301466
BRD4_15272518	0.0301466
BRSK1_55292477	0.0372327
BRSK1_55308433	0.0496659
C19orf18_57966846	0.101858
C19orf18_57973834	0.0480897
C19orf35_2279727	0.0226711
C19orf38_10849478	0.0185497
C19orf44_16506495	0.0307367
C19orf47_40328898	0.0289451
C19orf54_40744733	0.0309462
C19orf71_3540983	0.0289046
C19orf81_50658469	0.0113411
C2CD4C_408814	0.00618543
C3_6694683	0.0422334
C3_6706174	0.0325827
CABP5_48031661	0.0418926
CABP5_48033234	0.0418926
CACNA1A_13212995	0.0162802
CACNA1A_13232605	0.0356706
CACNA1A_13242044	0.165761
CACNA1A_13276303	0.0329694
CACNA1A_13284911	0.0502268
CACNA1A_13304925	0.0170198
CACNA1A_13310576	0.0434273
CACNG6_53993335	0.012594
CACNG7_53915065	0.0606337
CADM4_43624903	0.0715018
CADM4_43627828	0.142716
CALM3_46602384	0.136784
CAPN12_38731772	0.0182328
CARD8_48216919	0.0392728
CARD8_48247178	0.0591757
CARM1_10908518	0.316447
CARM1_10914942	0.0149732
CATSPERD_5745104	0.0368088
CATSPERD_5758301	0.01883
CATSPERD_5766472	0.0373608
CATSPERG_38346309	0.0518611
CATSPERG_38360370	0.039989
CBARP_1232910	0.00542093
CBLC_44782751	0.0343584
CBLC_44786375	0.0711874
CBLC_44791974	0.0497748
CBLC_44793853	0.111149
CC2D1A_13909188	0.0903424
CCDC105_15011936	0.0548989
CCDC105_15021996	0.0144006
CCDC114_48301283	0.104157
CCDC114_48319367	0.00802093
CCDC155_49392134	0.045854
CCDC61_45999639	0.0594174
CCDC61_46000740	0.0594174
CCDC61_46005332	0.0536601
CCDC61_46010531	0.0568122
CCDC94_4259824	0.0421451
CCDC9_47259102	0.0743585
CCDC9_47269800	0.0258509
CCER2_38909360	0.0270477
CD177_43358828	0.020392
CD177_43359265	0.020392
CD177_43361888	0.0375079
CD209_7743370	0.0059157
CD33_51233874	0.142171
CD37_49339048	0.0185293
CD70_6589086	0.0218518
CD79A_41878776	0.0226457
CDC34_536898	0.0149851
CDC34_539269	0.02411
CDC37_10394953	0.0259778
CDC37_10396535	0.0152144
CEACAM16_44706129	0.1335
CEACAM16_44706640	0.1335
CEACAM1_42520141	0.0207218
CEACAM20_44515204	0.0384458
CEACAM5_41717118	0.0205258
CEACAM6_41763455	0.0309429
CEACAM6_41766032	0.0309429
CEACAM6_41767699	0.0741244
CEACAM7_41677682	0.0428519
CEACAM7_41684399	0.0177868
CEACAM7_41686049	0.0177868
CEACAM7_41686158	0.0177868
CEACAM8_42583521	0.0638472
CEACAM8_42589210	0.0762249
CEACAM8_42590071	0.0133364
CELF5_3292630	0.0568074
CEP89_32960146	0.0769513
CERS4_8257759	0.0168277
CERS4_8259841	0.0305924
CERS4_8260591	0.0305924
CFD_861506	0.0138139
CHAF1A_4403253	0.0289445
CHAF1A_4406250	0.0215439
CHAF1A_4420237	0.0280143
CHAF1A_4432897	0.0130766
CHERP_16522582	0.00901646
CHERP_16527251	0.0129421
CHERP_16531456	0.0610711
CHERP_16535742	0.0189558
CHERP_16536008	0.0189558
CIB3_16171365	0.0676263
CLASRP_45052293	0.0273537
CLASRP_45060170	0.019499
CLIP3_36021483	0.0484445
CLPTM1_44957518	0.0660268
CLPTM1_44959941	0.0660268
CLPTM1_44979899	0.0379
CLPTM1_44985095	0.0379
CLPTM1_44991937	0.0123679
CNN1_11544883	0.0615047
CNN2_1030277	0.0352658
CNOT3_54143117	0.0592609
CNOT3_54146918	0.0174114
CNOT3_54152141	0.0136907
CNTD2_40224025	0.0145016
CNTD2_40224970	0.0117742
CNTD2_40225010	0.0117742
COL5A3_10009222	0.120168
COL5A3_10009407	0.120168
COLGALT1_17577804	0.0233906
COPE_18909968	0.0218375
COQ8B_40693132	0.0346682
COX6B1_35656831	0.0986986
CPAMD8_16901992	0.0229267
CPAMD8_16901996	0.0229267
CPAMD8_16912770	0.0664995
CPAMD8_16922096	0.018153
CPAMD8_16927772	0.0455941
CPAMD8_16975371	0.0600108
CPAMD8_16979295	0.016024
CPAMD8_16979876	0.016024
CPAMD8_16993788	0.0435624
CPAMD8_16997413	0.0477356
CPAMD8_17005281	0.0276119
CPAMD8_17014546	0.0547261
CPAMD8_17022215	0.0438615
CPAMD8_17024408	0.0438615
CPAMD8_17026243	0.0438615
CPAMD8_17026251	0.0438615
CRB3_6465284	0.0437043
CRB3_6466292	0.0254959
CRB3_6466296	0.0254959
CRTC1_18745472	0.0914547
CRTC1_18752460	0.0337616
CRTC1_18757691	0.0311507
CRTC1_18762069	0.0240214
CRTC1_18764113	0.0240214
CRTC1_18771258	0.0162764
CRX_47834361	0.0361567
CRX_47834372	0.0361567
CSNK1G2_1974686	0.0154865
CTB-133G6.1_7376073	0.0107953
CTB-133G6.1_7381198	0.0513088
CTB-180A7.6_6387753	0.0195303
CTB-180A7.6_6389754	0.0224439
CTB-50L17.10_4499924	0.0117201
CTB-60B18.23_49062566	0.0387316
CTC-490E21.12_40892225	0.0230373
CTD-2192J16.22_12646788	0.015942
CTD-2525I3.2_52175989	0.0395198
CTD-2553L13.4_34639043	0.360322
CTD-2571L23.8_47672275	0.0378093
CTD-2571L23.8_47688587	0.0284546
CTD-2587H24.4_55157485	0.0279963
CTD-3105H18.14_12397602	0.0935317
CTD-3138B18.4_58246004	0.0249229
CYP2B6_40997690	0.0530034
CYP2B6_41008555	0.0683539
CYP2B6_41009044	0.0683539
CYP2B6_41009050	0.0683539
CYP2F1_41116104	0.00791157
CYP4F11_15928866	0.0185494
CYP4F22_15541271	0.065
CYP4F22_15548860	0.0316607
CYP4F3_15641668	0.0254767
CYTH2_48471007	0.0438725
DACT3_46655184	0.098607
DACT3_46658764	0.098607
DAPK3_3966172	0.033789
DAPK3_3966262	0.033789
DAZAP1_1423152	0.279796
DCAF15_13956965	0.00846233
DEDD2_42218544	0.0905522
DENND1C_6481119	0.0383565
DHX34_47359599	0.035608
DHX34_47360521	0.0238532
DHX34_47372055	0.0120312
DLL3_39506987	0.0213787
DMKN_35510595	0.0131485
DMKN_35510720	0.0131485
DMKN_35512807	0.0483822
DMRTC2_41849674	0.0509005
DNAAF3_55164509	0.0551062
DNM2_10784013	0.0262698
DNM2_10787037	0.0223203
DNMT1_10151133	0.00850315
DNMT1_10156537	0.00993933
DNMT1_10158782	0.00993933
DNMT1_10158919	0.00993933
DOCK6_11201261	0.022311
DOCK6_11209143	0.00797118
DOCK6_11227989	0.0577394
DOCK6_11246785	0.0756808
DOCK6_11254842	0.0425855
DOHH_3492961	0.0139378
DOT1L_2188675	0.0364266
DOT1L_2199228	0.0195752
DOT1L_2208486	0.0156196
DOT1L_2229100	0.219558
DPF1_38214275	0.128541
DPF1_38218710	0.073056
DPP9_4680977	0.0459603
DPP9_4691050	0.0237127
DPP9_4699967	0.027647
DPP9_4713628	0.0217215
DPY19L3_32466936	0.0392823
DUS3L_5785511	0.0541868
DUXA_57164449	0.0861334
DYRK1B_39826555	0.0446649
ECSIT_11508325	0.0298314
EFNA2_1299536	0.0601508
EHD2_47722545	0.07474
EHD2_47724740	0.07474
EIF3K_38619965	0.0323974
EIF3K_38622745	0.0952378
EIF3K_38623310	0.0952378
EIF3K_38625131	0.0561683
EIF3K_38625951	0.0561683
ELANE_851672	0.0219813
ELAVL1_7966223	0.0194118
ELAVL1_7969197	0.0236748
ELAVL1_7970981	0.0236748
ELAVL3_11460981	0.0648425
ELAVL3_11466398	0.0219518
ELL_18446834	0.0266884
ELL_18449081	0.0266884
ELL_18452756	0.0236675
ELL_18466988	0.0225766
ELSPBP1_48019228	0.0388869
EML2_45623388	0.0521254
EPOR_11378830	0.0585273
EPS15L1_16362039	0.0855499
EPS15L1_16377636	0.0371619
EPS15L1_16394098	0.0227109
EPS15L1_16429030	0.0364048
EPS8L1_55079561	0.0289778
EPS8L1_55083765	0.103414
ERCC1_45418223	0.0399645
ERCC1_45420583	0.0186827
ERCC2_45356919	0.0203699
ERCC2_45363128	0.0112438
ETFB_51350038	0.0359508
EVI5L_7859955	0.00927501
EXOC3L2_45241515	0.0514157
EXOSC5_41392011	0.0168053
FAM129C_17533924	0.0375939
FAM129C_17542755	0.0264746
FAM129C_17548631	0.0500401
FAM187B_35227681	0.0247305
FAM83E_48609681	0.0625008
FARSA_12924033	0.0173592
FBL_39845597	0.012598
FBN3_8075656	0.0736718
FBN3_8075660	0.0736718
FBN3_8084234	0.0637241
FBN3_8126636	0.079028
FBN3_8126884	0.0472287
FBN3_8136747	0.00815538
FBN3_8138743	0.0482586
FBN3_8143012	0.0409555
FBXL12_9816833	0.0828992
FBXW9_12691560	0.0458981
FCER2_7699021	0.0420803
FCGBP_39865692	0.0482233
FCGRT_49516200	0.0856986
FCHO1_17761129	0.067251
FCHO1_17783977	0.0644355
FCHO1_17784625	0.0419427
FDX2_10312847	0.0451962
FKRP_46752646	0.062721
FLT3LG_49475619	0.00759725
FOXA3_45871679	0.0780755
FSD1_4305292	0.0298716
FSD1_4307046	0.0200161
FSD1_4308063	0.0430856
FSTL3_677323	0.115432
FSTL3_677327	0.115432
FSTL3_678610	0.0307605
FUT6_5833028	0.0746369
FXYD5_35160580	0.0381872
FXYD5_35165899	0.087586
FZR1_3526574	0.0140388
FZR1_3530486	0.0629315
FZR1_3530624	0.0629315
FZR1_3533292	0.0170855
GADD45GIP1_12954705	0.0413219
GALP_56176782	0.0242701
GALP_56181844	0.0290813
GALP_56181938	0.0290813
GALP_56182021	0.0290813
GALP_56182081	0.0290813
GALP_56183832	0.0127792
GATAD2A_19492132	0.0430593
GATAD2A_19494718	0.082992
GIPC3_3589626	0.0395018
GIPR_45668741	0.0605365
GIPR_45673945	0.0464853
GIPR_45675155	0.0743539
GLTSCR1_47676940	0.108731
GLTSCR1_47688587	0.0284546
GLTSCR2_47747369	0.027541
GLTSCR2_47750085	0.027541
GMFG_39329630	0.0308078
GMFG_39329689	0.0308078
GNA11_3110637	0.0186712
GNA11_3120121	0.00765071
GNA11_3120738	0.00765071
GNA15_3160710	0.0339845
GNG7_2518558	0.0293484
GP6_55019475	0.0890315
GP6_55024648	0.0890315
GP6_55028729	0.051102
GPATCH1_33087575	0.0474144
GPATCH1_33108883	0.0192957
GPATCH1_33111174	0.0337422
GPATCH1_33128824	0.0635339
GPI_34374987	0.047903
GPI_34380443	0.0216012
GPI_34388021	0.0410684
GPR108_6736208	0.0197457
GRAMD1A_35013965	0.0256881
GRAMD1A_35021269	0.0300722
GRIK5_42003888	0.017049
GRIK5_42055074	0.0509922
GRIK5_42055681	0.0509922
GRIK5_42056329	0.0509922
GRIN2D_48396163	0.120711
GRIN2D_48396708	0.120711
GRIN2D_48421526	0.0270832
GRIN2D_48441692	0.0605712
GRIN3B_1006761	0.0100526
GRIN3B_1007106	0.0100526
GTF2F1_6387753	0.0195303
GTF2F1_6389754	0.0224439
GYS1_48970709	0.0516697
GYS1_48976104	0.0410279
GZMM_544634	0.0316055
HAUS5_35614860	0.0440855
HAUS5_35614864	0.0440855
HAUS5_35619213	0.045762
HAUS8_17054108	0.0285437
HAUS8_17055694	0.0139813
HAUS8_17058106	0.0288995
HAUS8_17059156	0.00975441
HCN2_598049	0.0198174
HCN2_613166	0.0521115
HCN2_614343	0.0103206
HCN2_615005	0.0103206
HIF3A_46306885	0.054411
HIF3A_46318274	0.0878765
HKR1_37344551	0.0871129
HNRNPM_8457218	0.320101
HNRNPM_8469706	0.0343665
HNRNPUL1_41272753	0.0459611
HNRNPUL1_41294922	0.0401518
HOOK2_12766815	0.0230849
HOOK2_12771664	0.0331657
HSD11B1L_5687280	0.0229103
HSH2D_16152358	0.0398406
HSPBP1_55265019	0.0442605
HSPBP1_55277305	0.0389944
HSPBP1_55278576	0.0297133
ICAM1_10278334	0.0358692
IFNL1_39297723	0.0240916
IGFL2_46148301	0.0100986
IGFL2_46148707	0.0100986
IGFL3_46123244	0.332088
IGLON5_51321979	0.0466638
IGSF23_44627123	0.0622649
IGSF23_44628287	0.108297
IL12RB1_18063296	0.110925
IL12RB1_18069305	0.0460785
IL12RB1_18082415	0.00661183
IL27RA_14032053	0.0850508
IL27RA_14036132	0.109374
IL4I1_49896143	0.0389912
ILF3_10673631	0.0229582
ILVBL_15118919	0.01556
INSR_7120872	0.0416797
INSR_7149407	0.0232213
INSR_7173852	0.0352561
INSR_7274918	0.0513127
ITPKC_40722240	0.0658979
JAK3_17843997	0.0340961
JOSD2_50506991	0.004003
KCNA7_49071080	0.0184479
KCNA7_49071851	0.0184479
KCNC3_50317517	0.13693
KCNC3_50322870	0.0952256
KCNK6_38323506	0.0311563
KCNN1_17953398	0.0389245
KCNN1_17990045	0.0785137
KCNN4_43770951	0.0151101
KCNN4_43779271	0.0893537
KCNN4_43779721	0.0893537
KCTD15_33799592	0.253291
KDELR1_48386925	0.0279844
KDM4B_5027185	0.026326
KDM4B_5036456	0.00910038
KDM4B_5039638	0.00910038
KDM4B_5049745	0.0408335
KDM4B_5051547	0.0408335
KDM4B_5114220	0.0244355
KDM4B_5115677	0.0244355
KDM4B_5117306	0.0244355
KDM4B_5118107	0.0244355
KDM4B_5133547	0.00504533
KDM4B_5138231	0.0493813
KDM4B_5141690	0.0493813
KEAP1_10489853	0.0601555
KIAA0355_34320518	0.0479244
KIAA0355_34326069	0.0479244
KIAA0355_34351910	0.0582827
KIR2DL4_54803842	0.0310503
KIR2DL4_54813123	0.00760057
KIR3DL3_54724991	0.0126648
KIR3DL3_54728419	0.0317832
KIR3DL3_54729491	0.0317832
KIRREL2_35860130	0.039215
KIRREL2_35865862	0.0179342
KLC3_45343261	0.0429757
KLC3_45349678	0.0344973
KLF16_1861381	0.00068999
KLF1_12885210	0.038668
KLHL26_18661691	0.0431977
KLK13_51058298	0.0554461
KLK14_51078392	0.00986107
KLK14_51081904	0.00765327
KLK4_50909482	0.0074331
KLK6_50959445	0.052888
KLK7_50980488	0.0186153
KMT2B_35725161	0.0418788
KMT2B_35726769	0.0415698
KMT2B_35728308	0.0981694
KMT2B_35734770	0.0220532
KPTN_47481333	0.0597612
KRI1_10564020	0.0582382
LDLR_11108861	0.0729573
LENG1_54157375	0.0395995
LENG8_54455856	0.0458596
LGALS16_39658240	0.013352
LGI4_35128148	0.086258
LIG1_48124692	0.0183386
LIG1_48125609	0.0183386
LIG1_48132221	0.0154376
LIG1_48132829	0.0154376
LIG1_48140407	0.0396905
LIG1_48144095	0.0330704
LIG1_48147203	0.0202694
LIG1_48153793	0.008797
LIG1_48155300	0.0116438
LIG1_48157291	0.0132711
LIG1_48168419	0.0519121
LILRA1_54597929	0.0291323
LILRB4_54662342	0.00472188
LIM2_51385063	0.0248964
LIN37_35749412	0.0595871
LIN37_35750525	0.0595871
LINC00664_21490025	0.22594
LIPE_42402337	0.0586422
LMTK3_48489174	0.0394964
LMTK3_48491897	0.00831569
LMTK3_48497331	0.0316933
LMTK3_48501901	0.00773678
LMTK3_48505464	0.0328469
LMTK3_48508583	0.0328469
LONP1_5694148	0.0128136
LONP1_5704363	0.0276159
LRFN3_35942477	0.0422986
LRFN3_35944245	0.0422986
LSM14A_34195098	0.0645462
LSM14A_34226096	0.0586497
LSM4_18309893	0.010015
LSM4_18310967	0.010015
LSM4_18314401	0.0248031
LSM7_2325418	0.0461618
LSR_35255643	0.0631892
MADCAM1_503019	0.0334333
MADCAM1_503171	0.0334333
MAG_35292553	0.117233
MAG_35304116	0.0796962
MAN2B1_12649714	0.0565434
MAN2B1_12651606	0.0420176
MAN2B1_12665832	0.0558399
MAP1S_17725601	0.0265947
MAP1S_17733942	0.0129147
MAP2K2_4109168	0.0286917
MAP2K2_4116997	0.0112775
MAP3K10_40197467	0.0369085
MAP3K10_40199525	0.0557106
MAP3K10_40211171	0.0801556
MAP3K10_40212025	0.0801556
MAP4K1_38605174	0.277353
MARK4_45265909	0.0250837
MARK4_45265938	0.0250837
MARK4_45281991	0.0603883
MAST3_18124543	0.0351782
MAST3_18125428	0.0478381
MAST3_18128656	0.0475651
MAST3_18130353	0.0277899
MAST3_18145594	0.0377349
MAU2_19336803	0.0795774
MAU2_19336985	0.0795774
MAU2_19337494	0.0145028
MBD3_1579670	0.0262906
MBD3_1580657	0.0262906
MBOAT7_54178321	0.0426478
MBOAT7_54183256	0.0484973
MBOAT7_54183887	0.013117
MCOLN1_7524708	0.0257485
MED16_878120	0.0237155
MED16_878890	0.0237155
MED16_879200	0.0237155
MED16_879848	0.0237155
MED16_885191	0.010247
MED16_889216	0.0152634
MED16_892953	0.0137097
MED29_39392263	0.0226388
MED29_39394074	0.0402399
MEGF8_42336801	0.0467804
MEIS3_47408781	0.0339654
MEX3D_1562023	0.0302326
MIDN_1254165	0.14906
MIDN_1254573	0.0158842
MIDN_1256267	0.0391723
MIER2_310290	0.0141795
MIER2_341537	0.0251716
MISP_761231	0.0245968
MLLT1_6215615	0.004347
MLLT1_6217096	0.0533646
MLLT1_6219663	0.00617014
MLLT1_6223172	0.0286615
MLLT1_6225692	0.0286615
MLLT1_6270278	0.0274
MLLT1_6277947	0.0252303
MOB3A_2076594	0.0332188
MOB3A_2083635	0.0147852
MPND_4344702	0.0462794
MPND_4344878	0.0462794
MPND_4350248	0.170475
MPND_4355279	0.0254935
MPND_4359764	0.0157318
MUC16_8866402	0.0117843
MUC16_8868792	0.0607042
MUC16_8871849	0.0416295
MUC16_8923731	0.0438414
MUC16_8943847	0.0204315
MUM1_1362803	0.00486834
MUM1_1368395	0.0110284
MUM1_1371518	0.0107215
MYBPC2_50436976	0.0320705
MYBPC2_50443423	0.0991907
MYH14_50204186	0.0746101
MYH14_50215192	0.0464291
MYH14_50223781	0.102289
MYH14_50262010	0.023966
MYH14_50271787	0.0215762
MYH14_50279775	0.041684
MYH14_50306964	0.0459766
MYH14_50308233	0.0320991
MYO1F_8537320	0.078513
MYO1F_8547632	0.0412201
MYO9B_17157856	0.0354643
MYO9B_17162322	0.0427264
MYO9B_17163221	0.0640529
MYO9B_17171428	0.0533711
MYO9B_17172711	0.0431744
MYO9B_17174702	0.0545665
MYO9B_17178209	0.297775
MYO9B_17196757	0.0378395
MYPOP_45900194	0.0365196
NAPA_47502893	0.0113288
NAPA_47503683	0.0207321
NCAN_19223953	0.0394628
NCAN_19224806	0.0210203
NCAN_19231398	0.0694053
NCLN_3199281	0.0158194
NCR1_54909699	0.0179413
NDUFA11_5894632	0.0271632
NDUFB7_14568025	0.0260404
NECTIN2_44870454	0.0403558
NFIC_3457506	0.0462204
NFIC_3459434	0.0462204
NFIC_3459764	0.0462204
NFIX_13061186	0.127857
NFIX_13076664	0.0894957
NLRP11_55795225	0.0221502
NLRP11_55796608	0.0544061
NLRP13_55903385	0.00599635
NLRP13_55909685	0.0161788
NLRP13_55910162	0.0161788
NLRP13_55925329	0.0219904
NLRP2_54969901	0.0238324
NLRP2_54990020	0.0243743
NLRP2_54997888	0.0930407
NLRP4_55860629	0.0233909
NLRP5_56050694	0.00998754
NLRP5_56053636	0.00998754
NLRP5_56058534	0.01166
NLRP7_54932769	0.0385865
NLRP7_54934780	0.0450012
NLRP7_54936628	0.0330757
NLRP8_55952872	0.043661
NLRP8_55953039	0.043661
NLRP8_55969855	0.0467247
NLRP8_55970491	0.0467247
NOTCH3_15161955	0.0298067
NOTCH3_15178364	0.0228019
NOTCH3_15181835	0.0705243
NOTCH3_15183475	0.0705243
NOTCH3_15185111	0.0333291
NOTCH3_15185123	0.0333291
NOTCH3_15197167	0.0731831
NOTCH3_15200444	0.127174
NOTCH3_15200527	0.127174
NOVA2_45959875	0.154714
NPAS1_47035807	0.072061
NPAS1_47041542	0.029573
NPHS1_35837520	0.0575822
NPHS1_35843165	0.0191151
NR1H2_50380014	0.0134511
NR1H2_50381493	0.0134511
NRTN_5827396	0.0415021
NRTN_5827429	0.0415021
NTN5_48668266	0.0200376
NUCB1_48908878	0.0354712
NUCB1_48912445	0.0323618
NUMBL_40672290	0.0302477
NUMBL_40672295	0.0302477
NWD1_16736838	0.0779336
NWD1_16738074	0.0779336
NWD1_16761720	0.0975886
NWD1_16764993	0.011784
NWD1_16772952	0.0645095
NWD1_16773013	0.0645095
OCEL1_17227837	0.0299812
ODF3L2_472153	0.0236973
ODF3L2_474207	0.0201236
OPA3_45558338	0.0681587
OPA3_45559509	0.0681587
OSCAR_54102452	0.0501005
OVOL3_36112572	0.0257179
PAFAH1B3_42300428	0.115239
PAFAH1B3_42301460	0.115239
PALM_734056	0.0458575
PALM_741340	0.026529
PCSK4_1487409	0.0243633
PDCD2L_34410080	0.0449101
PDCD5_32582457	0.0366654
PDE4A_10450493	0.0560523
PEPD_33390670	0.193902
PEPD_33418885	0.0721443
PEPD_33514355	0.022163
PEX11G_7482252	0.0261042
PGLYRP1_46019724	0.0218397
PGLYRP1_46020791	0.0218397
PGLYRP1_46021500	0.0218397
PGPEP1_18341601	0.0566794
PHLDB3_43480820	0.0807686
PIAS4_4023831	0.0129541
PIAS4_4025311	0.0354308
PIAS4_4027701	0.0354308
PIAS4_4029519	0.011602
PIN1_9847862	0.0203835
PIP5K1C_3644710	0.00634843
PIP5K1C_3645819	0.00634843
PIP5K1C_3646479	0.0235457
PIP5K1C_3658721	0.0301191
PIP5K1C_3663260	0.0246631
PIP5K1C_3663553	0.0246631
PKN1_14435573	0.0995322
PKN1_14467429	0.0429317
PKN1_14467457	0.0429317
PLA2G4C_48053916	0.0468873
PLA2G4C_48062655	0.113912
PLA2G4C_48077892	0.147975
PLA2G4C_48104796	0.0888372
PLAUR_43658524	0.0433843
PLAUR_43667772	0.0125038
PLD3_40361683	0.0488569
PLEKHA4_48837921	0.0210237
PLEKHA4_48839491	0.0744806
PLIN3_4844889	0.0231305
PLIN3_4864890	0.0337644
PLIN4_4505242	0.0147696
PLIN4_4505953	0.0147696
PLIN4_4506143	0.0147696
PLIN4_4516312	0.0196837
PLIN5_4526010	0.0560735
PLIN5_4530085	0.0344847
PLIN5_4532009	0.0552541
PLPP2_288818	0.0154754
PLPP2_290824	0.0154754
PLPPR2_11358373	0.121578
PLPPR2_11362183	0.0245293
PLPPR3_815948	0.0149485
PLVAP_17358135	0.0476595
PNKP_49864667	0.0169585
PNMAL1_46469565	0.0507394
PNPLA6_7553835	0.0161495
PODNL1_13933735	0.0232559
POLD1_50405901	0.0128019
POLD1_50410023	0.024884
POP4_29609724	0.017116
POU2F2_42093208	0.0433652
POU2F2_42094518	0.0361129
PPFIA3_49126092	0.0683764
PPFIA3_49133762	0.0200212
PPFIA3_49140238	0.136171
PPFIA3_49140296	0.136171
PPFIA3_49148925	0.0558734
PPP1R12C_55098305	0.0183211
PPP1R12C_55107304	0.0300849
PPP1R13L_45397815	0.0469334
PPP1R37_45133874	0.0405938
PPP1R37_45138874	0.0110868
PPP2R1A_52210888	0.0288183
PPP2R1A_52215550	0.0185761
PPP2R1A_52220899	0.0288313
PPP5C_46352219	0.0698706
PPP5C_46353205	0.0698706
PPP5C_46376839	0.0500328
PRAM1_8502405	0.00937931
PRKCG_53893577	0.0468555
PRKCG_53899155	0.0250037
PRKCG_53900904	0.0510594
PRKCSH_11438290	0.0310202
PRKCSH_11446016	0.0134398
PRKCSH_11449264	0.1024
PRKD2_46675195	0.0232756
PRKD2_46692047	0.0385659
PRKD2_46694196	0.0685508
PRKD2_46701162	0.0407382
PRMT1_49683066	0.0150252
PRMT1_49684323	0.024962
PRMT1_49684454	0.024962
PRMT1_49687592	0.0129749
PRODH2_35803106	0.0398469
PRR12_49592662	0.374614
PRR12_49601163	0.0174111
PRR19_42303932	0.0739785
PRSS57_687793	0.272819
PSG2_43070320	0.0157449
PSG7_42931742	0.00888334
PSMC4_39971547	0.0611477
PSMC4_39978177	0.0479066
PSMD8_38376097	0.0319124
PTPRH_55183258	0.0241301
PTPRH_55186025	0.05395
PTPRS_5208698	0.00742561
PTPRS_5219737	0.032482
PTPRS_5240496	0.0363927
PTPRS_5261412	0.0570573
PTPRS_5264374	0.0570573
PTPRS_5264466	0.0570573
PTPRS_5281057	0.0719657
PVR_44657544	0.0243566
QPCTL_45693785	0.0536941
RAB11B_8400559	0.0224292
RAB3D_11339157	0.131529
RAB8A_16115694	0.0555606
RAB8A_16121631	0.0321548
RAB8A_16121650	0.0321548
RAB8A_16123158	0.0219483
RAB8A_16131812	0.0470403
RANBP3_5930090	0.0162624
RANBP3_5948125	0.0307261
RASGRP4_38416379	0.0799455
RASGRP4_38419384	0.0469027
RASGRP4_38425323	0.0708411
RASIP1_48731516	0.0438933
RASIP1_48737452	0.0810135
RASIP1_48737883	0.0810135
RAVER1_10324455	0.0346526
RBM42_35632007	0.114677
RCN3_49530477	0.0515504
RCN3_49533031	0.0515504
RCN3_49533698	0.0515504
RCN3_49538753	0.0184323
RDH13_55047534	0.0242107
RDH13_55047729	0.0242107
RDH13_55058597	0.0332943
RDH8_10016877	0.0578984
REEP6_1491502	0.0218294
RELB_45002794	0.087536
RELB_45022451	0.0315324
RELB_45022515	0.0315324
REXO1_1818400	0.0087418
REXO1_1819284	0.0274788
RFX1_13966819	0.0412741
RFX2_6012838	0.0322652
RFX2_6043854	0.0141102
RGL3_11401631	0.066791
RGL3_11418587	0.0690875
RHPN2_33021769	0.0944184
RINL_38871870	0.0480298
RINL_38872153	0.0480298
RNASEH2A_12809751	0.0439988
RNASEH2A_12811294	0.0712767
RNF126_648750	0.0225051
RNF126_649957	0.0703381
RPL13A_49488387	0.0164993
RPS19_41868289	0.0180203
RPS9_54204769	0.0184604
RSPH6A_45796943	0.0531028
RTBDN_12829151	0.0344796
RTN2_45492603	0.0562049
RUVBL2_49007690	0.0202489
RUVBL2_49009608	0.0202489
RUVBL2_49012318	0.0249004
RYR1_38435173	0.12191
RYR1_38479342	0.0879609
RYR1_38487795	0.0875841
RYR1_38505672	0.0366585
RYR1_38511743	0.0201432
RYR1_38543186	0.0498078
RYR1_38546329	0.0656995
RYR1_38570515	0.0374641
RYR1_38570865	0.0540642
RYR1_38585864	0.111191
RYR1_38586327	0.0344565
S1PR5_10516751	0.0377542
SAFB2_5608755	0.00543594
SAFB_5626120	0.0141346
SAMD4B_39355456	0.101269
SAMD4B_39373588	0.0788744
SAMD4B_39382553	0.0263486
SBK3_55544587	0.022371
SBNO2_1110466	0.0187477
SBNO2_1110524	0.0187477
SBNO2_1118919	0.0138273
SBNO2_1150413	0.0134805
SBNO2_1152062	0.0134805
SBNO2_1153029	0.0134805
SBNO2_1171898	0.0134479
SCAF1_49654278	0.0167325
SEMA6B_4551877	0.0380148
SEMA6B_4556345	0.0237433
SF3A2_2240531	0.00517994
SHANK1_50705745	0.0302499
SHANK1_50710613	0.0302499
SHC2_424289	0.0110557
SHC2_437769	0.0141475
SHD_4284204	0.0172009
SHISA7_55441428	0.0216349
SHISA7_55441709	0.0216349
SHKBP1_40589822	0.02577
SIGLEC11_49958081	0.148944
SIGLEC6_51529363	0.0347082
SIGLEC8_51452738	0.0262315
SIGLECL1_51264512	0.01422
SIN3B_16849271	0.0293369
SIN3B_16856331	0.0419811
SIN3B_16860007	0.0419811
SIN3B_16868264	0.01199
SIPA1L3_38060004	0.0485939
SIPA1L3_38083252	0.0243676
SIPA1L3_38084236	0.0243676
SIPA1L3_38086456	0.0243676
SIPA1L3_38107581	0.0153687
SIPA1L3_38162835	0.0179383
SIPA1L3_38164105	0.0179383
SIPA1L3_38198141	0.0139742
SIRT2_38894444	0.0453871
SIRT2_38895170	0.0453871
SIRT2_38895566	0.0453871
SIRT6_4177383	0.0264896
SLC17A7_49434457	0.0187856
SLC1A6_14953279	0.0306791
SLC1A6_14959798	0.0648224
SLC25A42_19096538	0.02624
SLC25A42_19099103	0.02624
SLC25A42_19110396	0.0210535
SLC27A1_17501587	0.102474
SLC35E1_16569368	0.0440963
SLC44A2_10628740	0.0866919
SLC5A5_17873939	0.0738877
SLC5A5_17878563	0.0476297
SLC5A5_17881258	0.0145736
SLC5A5_17883596	0.0419473
SLC7A10_33220768	0.00314004
SLC7A9_32831362	0.0278436
SLC7A9_32834239	0.0552164
SLC8A2_47438291	0.0399612
SLC8A2_47438934	0.0399612
SLC8A2_47439675	0.0399612
SLC8A2_47441500	0.0685375
SLC8A2_47443675	0.0685375
SMARCA4_10988954	0.00952802
SMARCA4_11001643	0.0319736
SMARCA4_11023481	0.00893226
SMG9_43734099	0.0192046
SMG9_43740963	0.0250503
SMG9_43746935	0.0208647
SMG9_43748679	0.0206239
SMG9_43751073	0.0355172
SMIM17_56646696	0.0218199
SMIM17_56647224	0.0218199
SMIM24_3479119	0.0282733
SMIM24_3479124	0.0282733
SNRNP70_49101696	0.488906
SNRNP70_49105385	0.0106348
SNRNP70_49106977	0.0106348
SNRNP70_49107114	0.0106348
SNRPA_40754555	0.0396202
SNRPA_40764173	0.0333814
SNRPD2_45687964	0.0190607
SPACA6_51701487	0.0272685
SPC24_11147894	0.0938898
SPC24_11155258	0.0734395
SPIB_50423900	0.0852821
SPPL2B_2331509	0.0102758
SPPL2B_2334396	0.0102758
SPPL2B_2339289	0.015335
SPRED3_38393749	0.0656206
SPTBN4_40487983	0.0374816
SPTBN4_40506081	0.0331721
SPTBN4_40512525	0.0441643
SPTBN4_40514464	0.0308992
SPTBN4_40524735	0.0495764
SPTBN4_40560157	0.0301372
SPTBN4_40565298	0.0517782
SSBP4_18423293	0.014586
SSBP4_18425416	0.014586
SSBP4_18425907	0.014586
STAP2_4329195	0.0114909
STRN4_46739732	0.0398441
STXBP2_7637962	0.0553561
STXBP2_7638223	0.0553561
SUGP1_19306689	0.042851
SUGP1_19310332	0.0283315
SUGP2_19031147	0.0625203
SULT2A1_47880495	0.0588686
SULT2A1_47885487	0.0647911
SULT2B1_48589194	0.0851204
SULT2B1_48592477	0.020857
SUPT5H_39475407	0.0371872
SYMPK_45824208	0.0247498
SYMPK_45831632	0.0465044
SYMPK_45859516	0.040671
SYNGR4_48368941	0.0547591
SYNGR4_48375985	0.0363916
SYT3_50633848	0.0295335
TARM1_54072229	0.0407297
TARM1_54074273	0.0127743
TBXA2R_3597015	0.0430876
TCF3_1611990	0.109317
TCF3_1622658	0.00869381
TCF3_1632705	0.0337991
TCF3_1644571	0.0337991
TCF3_1647527	0.0198029
TDRD12_32802602	0.0305192
TDRD12_32815275	0.0218929
TDRD12_32817543	0.0128874
TEAD2_49341890	0.017949
TEAD2_49343038	0.0219609
TEX101_43404121	0.354532
TFPT_54110280	0.0474667
TGFB1_41351718	0.0700853
THAP8_36040206	0.0898481
THOP1_2786126	0.0281453
THOP1_2787903	0.0281453
THOP1_2794383	0.0207676
THOP1_2798471	0.0384894
THOP1_2802681	0.0137418
THOP1_2804194	0.0137418
THOP1_2805559	0.0084977
TIMM44_7933115	0.0214964
TIMM44_7934844	0.0205872
TJP3_3729851	0.0218554
TJP3_3735769	0.012262
TJP3_3738729	0.0426094
TJP3_3745822	0.0295749
TLE2_3014949	0.0213724
TM6SF2_19266811	0.0363304
TMC4_54171684	0.0264015
TMEM145_42316347	0.123034
TMEM150B_55319361	0.0526208
TMEM150B_55321353	0.0182529
TMEM150B_55321370	0.0182529
TMEM161A_19123353	0.0995879
TMEM221_17440425	0.0664893
TMEM259_1015102	0.00282725
TMEM259_1017614	0.00282725
TMEM38A_16681030	0.0211338
TMEM38A_16682177	0.0211338
TMEM59L_18607774	0.147121
TMEM91_41380474	0.0854744
TMIGD2_4301473	0.0547531
TMPRSS9_2423564	0.0346486
TNNI3_55157485	0.0279963
TNNT1_55135039	0.0861225
TOMM40_44894244	0.026715
TOMM40_44898180	0.026715
TOMM40_44900526	0.026715
TPM4_16068949	0.0721793
TPM4_16091677	0.0859828
TRAPPC6A_45165399	0.0244076
TRIP10_6741395	0.0273834
TRMT1_13110381	0.0739683
TRMT1_13117112	0.0785293
TRPM4_49171324	0.0500263
TSKS_49741703	0.0769618
TSKS_49742091	0.0481557
TSKS_49745483	0.0124483
TSKS_49747594	0.0835833
TSPAN16_11300275	0.0573305
TTYH1_54420080	0.0928584
TTYH1_54425020	0.0222027
TTYH1_54429011	0.0224913
TTYH1_54433988	0.0368584
TUBB4A_6499423	0.0403404
U2AF2_55667014	0.0784496
UBA2_34463459	0.0286701
UBXN6_4453238	0.00666321
UHRF1_4937503	0.0282193
UHRF1_4944130	0.0256855
UNC13A_17618011	0.0283065
UNC13A_17620461	0.109445
UNC13A_17629711	0.0110317
UNC13A_17630494	0.0269781
UNC13A_17630563	0.0269781
UNC13A_17642413	0.0116351
UNC13A_17643242	0.0247206
UNC13A_17646704	0.0299133
UNC13A_17652972	0.0821599
UNC13A_17670561	0.0376738
UPF1_18845817	0.0387509
UPF1_18854281	0.0266624
UPF1_18855891	0.0278446
UPF1_18858045	0.0120194
UQCR11_1599987	0.0486351
URI1_29985400	0.240883
USF2_35273922	0.0124659
USHBP1_17255782	0.0279815
VASP_45518666	0.0250195
VAV1_6829380	0.0225695
VAV1_6829784	0.0225695
VAV1_6842989	0.059894
VAV1_6847996	0.0278648
VAV1_6854180	0.0236745
VRK3_49994055	0.0129087
VRK3_50014141	0.0630549
VRK3_50022114	0.0250606
VSIG10L_51338250	0.0320604
VSTM1_54055434	0.0406649
VSTM1_54058986	0.0254961
VSTM1_54060258	0.0254961
WDR18_986943	0.0215177
WDR62_36056454	0.0259199
WDR62_36078132	0.112462
WDR83_12675244	0.023024
WDR88_33156205	0.0615831
WDR88_33156290	0.0615831
WIZ_15448670	0.389727
WTIP_34482816	0.0247207
WTIP_34483460	0.0247207
WTIP_34485224	0.0247207
XAB2_7625234	0.00596513
XRCC1_43544499	0.0170752
XRCC1_43547072	0.0702761
XRCC1_43553188	0.0152848
XRCC1_43561255	0.0596082
XRCC1_43561268	0.0596082
YIPF2_10924311	0.015564
ZBTB45_58515781	0.00899136
ZC3H4_47081895	0.0361266
ZC3H4_47082349	0.0123694
ZC3H4_47082977	0.0123694
ZC3H4_47093705	0.0383172
ZFP28_56543245	0.0186156
ZFP28_56550014	0.0184476
ZIK1_57585489	0.0366257
ZIK1_57589705	0.00447435
ZIM2_56782761	0.113998
ZNF101_19669718	0.133899
ZNF101_19675299	0.133899
ZNF121_9567909	0.104054
ZNF132_58437342	0.0120338
ZNF132_58437725	0.0120338
ZNF132_58439170	0.0120338
ZNF134_57615131	0.0493097
ZNF134_57616154	0.0493097
ZNF135_58061926	0.0633366
ZNF136_12181173	0.0758975
ZNF14_19720595	0.149264
ZNF154_57707170	0.00352437
ZNF155_43989454	0.00662931
ZNF160_53089731	0.0147372
ZNF180_44491424	0.0320369
ZNF20_12134905	0.0222384
ZNF211_57635775	0.012633
ZNF223_44058113	0.0596274
ZNF223_44062942	0.0169297
ZNF226_44171934	0.02988
ZNF227_44215301	0.0367103
ZNF227_44232131	0.0743032
ZNF227_44234353	0.0743032
ZNF229_44430949	0.028736
ZNF230_44005361	0.0218299
ZNF233_44266612	0.00985767
ZNF234_44151217	0.0179104
ZNF260_36527935	0.0638654
ZNF264_57192297	0.0113128
ZNF264_57193418	0.0113128
ZNF264_57193539	0.0113128
ZNF264_57206188	0.0268306
ZNF283_43830216	0.0366469
ZNF283_43835224	0.0443967
ZNF28_52807086	0.00662833
ZNF304_57352147	0.00938382
ZNF304_57352743	0.00938382
ZNF304_57352831	0.00938382
ZNF304_57353446	0.00938382
ZNF333_14695338	0.0103495
ZNF333_14701204	0.0411239
ZNF333_14705915	0.0302845
ZNF333_14710216	0.046862
ZNF347_53149687	0.0110745
ZNF347_53150749	0.0110745
ZNF347_53157332	0.00792675
ZNF347_53157849	0.00792675
ZNF350_51971531	0.089851
ZNF416_57577539	0.00454516
ZNF416_57578246	0.00305759
ZNF418_57923383	0.0155336
ZNF420_37080868	0.171317
ZNF426_9531279	0.0503956
ZNF426_9534132	0.0380188
ZNF433_12034919	0.035852
ZNF439_11866978	0.0172797
ZNF43_21816528	0.149796
ZNF441_11778035	0.0374471
ZNF443_12440165	0.117214
ZNF45_43919195	0.0197443
ZNF460_57281516	0.0227001
ZNF461_36665343	0.0525255
ZNF473_50027652	0.032901
ZNF480_52298932	0.0206114
ZNF480_52316352	0.0702301
ZNF493_21399121	0.0447019
ZNF493_21400419	0.0447019
ZNF497_58362079	0.0278727
ZNF527_37382102	0.151327
ZNF530_57601284	0.0409696
ZNF530_57602003	0.0409696
ZNF534_52431320	0.0608881
ZNF541_47530849	0.0213665
ZNF541_47537009	0.0904727
ZNF541_47539036	0.0158253
ZNF543_57322320	0.00845018
ZNF544_58246004	0.0249229
ZNF546_39997531	0.0270071
ZNF548_57391887	0.0299087
ZNF549_57535633	0.00582928
ZNF550_57559406	0.0256628
ZNF550_57559461	0.0256628
ZNF554_2821074	0.0299794
ZNF554_2828112	0.0867508
ZNF554_2828199	0.0867508
ZNF555_2841973	0.0375601
ZNF555_2843399	0.0375601
ZNF556_2871901	0.0716333
ZNF557_7079935	0.0306185
ZNF558_8822959	0.00279366
ZNF558_8826368	0.0441057
ZNF560_9473362	0.0192993
ZNF560_9498397	0.00118944
ZNF562_9658224	0.0204164
ZNF566_36461427	0.11473
ZNF567_36688157	0.0502252
ZNF567_36717699	0.0701329
ZNF568_36922555	0.0971874
ZNF568_36969109	0.111494
ZNF569_37464448	0.201109
ZNF570_37470672	0.0668152
ZNF573_37777212	0.097357
ZNF584_58411094	0.0920004
ZNF584_58414500	0.0920004
ZNF585B_37209791	0.0276333
ZNF606_57985234	0.0320098
ZNF607_37711163	0.0299866
ZNF615_52001492	0.0319951
ZNF616_52138903	0.044921
ZNF625_12154205	0.0737796
ZNF627_11614389	0.11134
ZNF653_11484477	0.0336869
ZNF665_53166461	0.143587
ZNF667_56458785	0.00935887
ZNF66_20793143	0.0158024
ZNF675_23674727	0.125694
ZNF677_53252399	0.0357892
ZNF701_52571521	0.0116089
ZNF71_56601273	0.0598939
ZNF724_23229268	0.119396
ZNF737_20550935	0.124268
ZNF749_57438637	0.0607878
ZNF749_57440178	0.0607878
ZNF773_57501599	0.00674818
ZNF773_57504190	0.00674818
ZNF780A_40077200	0.0559554
ZNF780B_40047728	0.0106856
ZNF781_37689063	0.12271
ZNF781_37689702	0.12271
ZNF788_12110156	0.227024
ZNF792_34963302	0.0341704
ZNF823_11732384	0.067566
ZNF829_36915365	0.0488076
ZNF836_52169818	0.00733935
ZNF83_52657010	0.0594756
ZNF841_52086433	0.0395101
ZNF844_12066035	0.0744671
ZNF846_9760073	0.0600243
ZNF888_52913681	0.0593981
ZNF888_52921373	0.0146042
ZNF888_52922482	0.0146042
ZNF8_58285022	0.0327184
ZNF8_58285509	0.0327184
ZNF8_58293643	0.0602383
ZSCAN1_58052912	0.0122113
ZSCAN22_58335409	0.0177451
ZSWIM4_13805304	0.131041
AAR2_36242699	0.0842908
ABHD12_25307532	0.0345457
ACSS1_25023877	0.0330208
ACSS1_25024190	0.0330208
ACSS2_34894624	0.14783
ACSS2_34919201	0.166927
ACTR5_38749687	0.0769074
ACTR5_38750392	0.0557996
ACTR5_38751275	0.0557996
ADAM33_3671345	0.0656027
ADA_44632403	0.0172045
ADA_44634741	0.0172045
ADIG_38583854	0.0200679
ADNP_50896812	0.108344
ADRM1_62306646	0.0329755
AHCY_34290138	0.0373021
AHCY_34292736	0.0362816
AHCY_34296249	0.0665583
ANGPT4_877899	0.0541935
ANGPT4_880089	0.0220681
ANGPT4_882844	0.0174276
ANGPT4_888540	0.0107665
ANKEF1_10047917	0.0441232
AP5S1_3822930	0.0263221
AP5S1_3823595	0.0263221
APMAP_24972791	0.0280928
APMAP_24973912	0.0319
APMAP_24980757	0.0497032
APMAP_24991022	0.021833
ARFGAP1_63276063	0.0370444
ARFGAP1_63277513	0.0121258
ARFGEF2_48941461	0.040817
ARFGEF2_48958897	0.0830285
ARFGEF2_48965823	0.0438733
ARFGEF2_48972189	0.0323512
ARFGEF2_49009004	0.0363711
ARFGEF2_49029183	0.0485814
ARHGAP40_38636404	0.0393652
ARHGAP40_38641305	0.0526977
ASIP_34261022	0.0795181
ASIP_34268807	0.0984364
ASXL1_32386166	0.0994924
ATP5E_59031293	0.057038
ATP9A_51610251	0.0270402
ATP9A_51617598	0.0162159
ATP9A_51625587	0.0331565
ATP9A_51628912	0.0117994
ATP9A_51670817	0.0219672
ATRN_3530335	0.193048
ATRN_3596856	0.112467
B4GALT5_49651964	0.0331811
BCAS1_54058398	0.0175772
BCAS4_50847119	0.0346796
BCL2L1_31712938	0.155829
BCL2L1_31713975	0.155829
BFSP1_17495750	0.0176866
BFSP1_17514215	0.0139857
BMP2_6777391	0.129346
BMP7_57179432	0.0126099
BPIFA3_33224068	0.0213359
BPIFB1_33287423	0.0160909
BPIFB1_33290866	0.0228081
BPIFB1_33291294	0.0256113
BPIFB1_33297709	0.0301299
BPIFB1_33307183	0.0272015
BPIFB2_33009686	0.0397624
BPIFB2_33011285	0.0135193
BPIFB2_33011306	0.0135193
BPIFB2_33014472	0.00926572
BPIFB3_33058551	0.0412452
BPIFB3_33062070	0.044373
BPIFB3_33068347	0.0316332
BPIFB4_33084324	0.0273412
BPIFB4_33084449	0.0273412
BPIFB4_33091237	0.0332805
BPIFB4_33094244	0.0173007
BPIFB4_33100241	0.0241164
BPIFB4_33111346	0.0340075
BPIFB6_33042486	0.0520088
BPI_38326087	0.0142683
C20orf173_35527443	0.0277525
C20orf194_3258707	0.0571766
C20orf194_3264105	0.0404545
C20orf194_3264800	0.107481
C20orf194_3279054	0.0736916
C20orf194_3287163	0.0594777
C20orf194_3288683	0.0579423
C20orf194_3304816	0.102227
C20orf194_3325834	0.300122
C20orf194_3341447	0.0377885
C20orf194_3376764	0.157989
C20orf194_3381022	0.157989
C20orf194_3381678	0.0877188
C20orf24_36606668	0.102316
C20orf27_3761293	0.0618871
C20orf27_3762887	0.0618871
C20orf85_58153954	0.0898127
C20orf96_285034	0.0724515
CABLES2_62395341	0.00996615
CASS4_56445650	0.0266133
CASS4_56445663	0.0266133
CASS4_56445672	0.0266133
CASS4_56450801	0.0176945
CBFA2T2_33631489	0.0606928
CBLN4_56001243	0.091032
CCM2L_32014686	0.0453666
CD40_46124689	0.0452789
CDC25B_3798770	0.278911
CDH22_46195922	0.101313
CDH22_46216091	0.0753448
CDH26_59968922	0.0213142
CDH26_59983228	0.018683
CDH26_59985462	0.0227365
CDH26_59997961	0.0054483
CDH26_60010035	0.0161964
CDH26_60010959	0.0161964
CDH26_60012133	0.0161964
CDH4_61253362	0.0414834
CDH4_61923902	0.0189014
CDK5RAP1_33367898	0.086351
CDK5RAP1_33370929	0.0468111
CDS2_5176801	0.0321632
CDS2_5176816	0.0321632
CDS2_5178815	0.0321632
CDS2_5180073	0.123971
CEP250_35465711	0.0897901
CEP250_35472586	0.0576161
CEP250_35493259	0.059769
CEP250_35493308	0.059769
CEP250_35496415	0.028185
CEP250_35498566	0.0580398
CHD6_41406082	0.0721632
CHD6_41408493	0.0721632
CHD6_41448254	0.0301725
CHD6_41453953	0.0491652
CHD6_41490109	0.242438
CHD6_41492033	0.0345105
CHD6_41495962	0.0451279
CHGB_5924849	0.0241114
CHMP4B_33848282	0.111523
CHRNA4_63359950	0.0359806
CNBD2_35971774	0.0728855
CNBD2_35986985	0.0310539
CNBD2_35987229	0.0310539
CNBD2_35987257	0.0310539
CNBD2_36010279	0.0565808
COL20A1_63305191	0.108185
COL9A3_62831026	0.00650415
COMMD7_32728318	0.0911062
COX4I2_31638797	0.0602417
COX4I2_31644474	0.0394643
CPNE1_35631851	0.10006
CRNKL1_20039257	0.0366727
CRNKL1_20049665	0.0213044
CRNKL1_20055436	0.0733116
CSE1L_49046633	0.0664443
CSE1L_49067135	0.0782504
CSE1L_49089029	0.0272754
CSNK2A1_489901	0.0564524
CST3_23635883	0.00661634
CST8_23492874	0.00920019
CST9_23605099	0.0019328
CSTF1_56397110	0.029204
CSTL1_23443697	0.00675399
CTNNBL1_37735184	0.229277
CTNNBL1_37736202	0.229277
CTNNBL1_37777113	0.124585
DDRGK1_3195850	0.0574549
DDX27_49219973	0.0336193
DDX27_49239694	0.0491703
DHX35_38985327	0.100236
DHX35_38997581	0.0430161
DHX35_39018483	0.0577976
DHX35_39018639	0.0577976
DHX35_39036080	0.0482523
DIDO1_62906149	0.0241434
DIDO1_62909555	0.016292
DLGAP4_36500074	0.40386
DNMT3B_32786476	0.0239263
DNMT3B_32798352	0.0311147
DNMT3B_32800693	0.0164235
DPM1_50951163	0.0416686
DSTN_17606756	0.0859177
DTD1_18737262	0.0792804
DUSP15_31862883	0.0528342
DYNLRB1_34528516	0.0546696
DZANK1_18385202	0.0430779
DZANK1_18432216	0.0541097
E2F1_33677669	0.0472712
EBF4_2707543	0.0432384
EDEM2_35131847	0.0599926
EDN3_59322169	0.0100484
EEF1A2_63489669	0.0147594
EFCAB8_32860838	0.0376164
EFCAB8_32882446	0.0644614
EFCAB8_32888367	0.0256071
EFCAB8_32890235	0.043788
EFCAB8_32891768	0.043788
EFCAB8_32894630	0.0320355
ELMO2_46368142	0.0261256
ELMO2_46374847	0.0450706
ELMO2_46401616	0.0564922
EMILIN3_41364316	0.0205678
EMILIN3_41364479	0.0205678
ESF1_13731286	0.0686506
ESF1_13732273	0.0686506
ESF1_13773148	0.0613861
ESF1_13782184	0.0490191
FAM65C_50603776	0.029685
FAM65C_50619315	0.0338907
FAM65C_50619660	0.0338907
FAM83D_38943379	0.0361207
FAM83D_38949690	0.0543129
FERMT1_6089352	0.0499489
FERMT1_6108549	0.0363669
FITM2_44309805	0.068388
FKBP1A_1372316	0.0506302
FKBP1A_1375845	0.0766127
FOXA2_22584873	0.408338
GATA5_62467891	0.0214131
GATA5_62469769	0.0214131
GFRA4_3662808	0.00905184
GMEB2_63593502	0.0144389
GMEB2_63596507	0.0569186
GMEB2_63597651	0.0569186
GMEB2_63605108	0.0332115
GNRH2_3045199	0.0126337
GPCPD1_5582763	0.0814794
GPCPD1_5591837	0.150427
GPCPD1_5599008	0.0377975
HAO1_7937906	0.0832912
HCK_32082121	0.0314425
HCK_32082327	0.0314425
HCK_32091299	0.0318053
HCK_32101212	0.0488482
HELZ2_63566453	0.0287128
HM13_31560804	0.0340141
HM13_31562411	0.0242175
HNF4A_44411164	0.0744239
HRH3_62217675	0.0150786
HSPA12B_3744135	0.0620349
HSPA12B_3751388	0.0262189
IFT52_43635631	0.106222
IFT52_43638033	0.0462147
ISM1_13272647	0.151867
ITCH-IT1_34451566	0.0871775
ITCH_34364396	0.136894
ITCH_34366757	0.136894
ITCH_34438691	0.0872738
ITCH_34451566	0.0871775
ITCH_34470544	0.0855971
ITCH_34484960	0.0939149
JAG1_10642329	0.0297697
JAG1_10668531	0.357558
JAG1_10669053	0.357558
KCNQ2_63410762	0.0721624
KCNQ2_63411051	0.0721624
KCNQ2_63420637	0.0622869
KCNQ2_63422586	0.155986
KCNQ2_63437454	0.0467806
KCNS1_45096752	0.036408
KIAA1755_38218994	0.0288646
KIAA1755_38221573	0.0308888
KIAA1755_38246325	0.061772
KIAA1755_38251812	0.061772
KIF16B_16374018	0.0498689
KIF16B_16507607	0.0916899
KIF16B_16536942	0.0406983
KIZ_21230996	0.0273087
L3MBTL1_43535541	0.0257394
LAMA5_62318755	0.0540104
LAMA5_62319201	0.0166358
LAMA5_62327739	0.0328469
LAMA5_62336564	0.00163889
LAMA5_62336573	0.00163889
LAMA5_62339586	0.0223673
LAMA5_62339957	0.0223673
LAMA5_62366848	0.0144695
LBP_38355065	0.0188102
LBP_38357621	0.0220948
LBP_38362553	0.0453433
LBP_38363690	0.0453433
LPIN3_41346283	0.0196851
LPIN3_41352513	0.0490597
LPIN3_41353863	0.0365566
LPIN3_41354489	0.0365566
LPIN3_41354589	0.0365566
LPIN3_41356982	0.0268945
LRRN4_6044314	0.045669
LSM14B_62124147	0.0302693
LSM14B_62133187	0.00814358
LSM14B_62133710	0.0187671
MANBAL_37310988	0.086485
MAPRE1_32829062	0.0618848
MAPRE1_32832174	0.0618848
MAPRE1_32839105	0.0640999
MAPRE1_32839200	0.0640999
MATN4_45294180	0.0844062
MATN4_45298971	0.054729
MAVS_3853270	0.04487
MAVS_3864206	0.0280841
MCM8_5953316	0.0748701
MCM8_5956962	0.0821238
MCM8_5967397	0.0999755
MKKS_10405795	0.070543
MKKS_10409633	0.0337595
MMP24_35247133	0.081548
MMP24_35261408	0.0898696
MRGBP_62797809	0.0130546
MRGBP_62798947	0.0759902
MROH8_37131677	0.0942061
MROH8_37138660	0.0558693
MTG2_62194403	0.0251217
MTG2_62198496	0.0126712
MYBL2_43677501	0.0486547
MYBL2_43686664	0.0323314
MYBL2_43689951	0.0367441
MYBL2_43710809	0.013254
MYBL2_43713366	0.0300849
MYBL2_43713883	0.0300849
MYH7B_34976921	0.140859
MYH7B_34986841	0.0231412
MYH7B_34993100	0.0430848
MYLK2_31822701	0.148362
MYLK2_31824122	0.0150547
MYLK2_31825566	0.01579
MYLK2_31826423	0.01579
MYT1_64198464	0.0555373
MYT1_64199721	0.0161005
MYT1_64206883	0.064792
MYT1_64209061	0.0212421
MYT1_64237584	0.0132702
MYT1_64237759	0.0132702
MYT1_64237915	0.0132702
NAPB_23403224	0.0410302
NCOA3_47622447	0.055031
NCOA3_47630604	0.144993
NCOA3_47637513	0.0552192
NCOA5_46067395	0.169758
NCOA6_34737037	0.154727
NCOA6_34774758	0.0832777
NDRG3_36656570	0.0408552
NDRG3_36671109	0.108743
NECAB3_33659124	0.0220967
NFATC2_51392989	0.0389177
NFATC2_51435831	0.0863074
NFS1_35671604	0.05977
NINL_25459181	0.0105702
NINL_25460528	0.0105702
NINL_25461100	0.0105702
NINL_25463628	0.0327502
NINL_25484900	0.0465023
NINL_25492951	0.00681487
NINL_25493208	0.00681487
NINL_25494429	0.00681487
NINL_25500133	0.0118929
NINL_25502370	0.0812329
NINL_25507362	0.0133405
NINL_25509388	0.0133405
NOL4L_32455767	0.0300059
NOL4L_32461793	0.0624508
NOL4L_32475032	0.262521
NOL4L_32477081	0.262521
NPEPL1_58698289	0.026769
NPEPL1_58703070	0.0170634
NPEPL1_58709078	0.0164651
NPEPL1_58709502	0.0164651
NPEPL1_58710675	0.0164651
NRSN2_352472	0.0473136
NRSN2_352772	0.0473136
NSFL1C_1454025	0.0464282
NSFL1C_1464525	0.0654008
NSFL1C_1465633	0.0654008
NSFL1C_1465710	0.0654008
OCSTAMP_46546574	0.0264564
OCSTAMP_46548310	0.0264564
OCSTAMP_46549964	0.0264564
OGFR_62811788	0.0176123
OSBPL2_62283185	0.0103864
OSBPL2_62289071	0.0310265
OSBPL2_62289081	0.0310265
OSBPL2_62292235	0.0142135
OVOL2_18041815	0.0526222
PABPC1L_44912607	0.026749
PABPC1L_44914057	0.0206989
PABPC1L_44923700	0.0430556
PABPC1L_44934109	0.0231315
PABPC1L_44936572	0.0339763
PABPC1L_44938591	0.0322573
PAK5_9539727	0.0144569
PARD6B_50737091	0.100296
PCIF1_45940265	0.0781057
PCSK2_17431209	0.041631
PDRG1_31946179	0.044632
PET117_18140394	0.054096
PHACTR3_59744876	0.01099
PHACTR3_59746608	0.01099
PHACTR3_59746849	0.01099
PHACTR3_59754593	0.0155696
PHACTR3_59770910	0.0104941
PHF20_35868652	0.105003
PIGU_34581265	0.109605
PIGU_34582713	0.0945685
PIGU_34638207	0.142871
PIGU_34640696	0.142871
PLAGL2_32198016	0.115427
PLAGL2_32205093	0.417233
PLAGL2_32205689	0.417233
PLCB1-IT1_8248952	0.0902014
PLCB1_8650362	0.0492781
PLCB4_9368612	0.0558175
PLCB4_9400745	0.037649
PLCB4_9401314	0.037649
PLCB4_9405827	0.0422235
PLCB4_9406048	0.0422235
PLCB4_9440688	0.0455769
PLCB4_9445176	0.0393367
PLTP_45899949	0.0166034
PMEPA1_57654815	0.0166265
PMEPA1_57656717	0.0166265
POFUT1_32231866	0.0845485
POFUT1_32233345	0.0845485
PPP1R16B_38902381	0.12077
PRELID3B_59038769	0.0668839
PREX1_48630944	0.0215337
PREX1_48630954	0.0215337
PREX1_48635420	0.0137878
PREX1_48638630	0.0201893
PREX1_48638685	0.0201893
PREX1_48640380	0.0299547
PREX1_48641526	0.0299547
PREX1_48656248	0.0215787
PREX1_48656477	0.0215787
PREX1_48676998	0.0359786
PREX1_48684622	0.0486203
PREX1_48685135	0.0486203
PREX1_48704242	0.0321032
PREX1_48706952	0.0321032
PRND_4722503	0.0340825
PRPF6_64005283	0.0248588
PRPF6_64011121	0.0493996
PRPF6_64014918	0.0401111
PRPF6_64025267	0.0202233
PRPF6_64025751	0.0202233
PRPF6_64027399	0.0327027
PSMA7_62142067	0.00838091
PSMF1_1125407	0.0438015
PSMF1_1125411	0.0438015
PSMF1_1164121	0.088679
PTGIS_49532331	0.067753
PTGIS_49541154	0.0211386
PTK6_63536188	0.00832593
PTK6_63536211	0.00832593
PTPN1_50568314	0.0210647
PTPN1_50570070	0.029705
PTPN1_50581229	0.0252848
PTPRA_3008344	0.110554
PTPRA_3036944	0.0312104
PTPRT_42119756	0.0651395
PXMP4_33715389	0.0598924
PXMP4_33718218	0.0598924
PYGB_25274220	0.0148496
PYGB_25274459	0.0148496
PYGB_25274473	0.0148496
PYGB_25274845	0.0070307
PYGB_25276000	0.0070307
PYGB_25283508	0.00833898
PYGB_25283560	0.00833898
PYGB_25285963	0.0124462
PYGB_25290283	0.0169534
PYGB_25291429	0.00511273
R3HDML_44337689	0.0456555
R3HDML_44341116	0.0456555
RAB22A_58354400	0.0426404
RAD21L1_1229731	0.118621
RAD21L1_1233177	0.0786755
RAD21L1_1240670	0.124225
RAE1_57356163	0.0107201
RAE1_57359699	0.316866
RAE1_57374605	0.0273664
RALGAPA2_20404416	0.154083
RALGAPB_38495854	0.135577
RALGAPB_38495893	0.135577
RALGAPB_38496382	0.135577
RALGAPB_38496686	0.135577
RALGAPB_38536982	0.209731
RALGAPB_38538855	0.209731
RALGAPB_38546186	0.0826937
RALGAPB_38554596	0.103875
RALGAPB_38570412	0.0794754
RALY_33998392	0.146595
RALY_34040191	0.11152
RALY_34054465	0.11152
RALY_34071941	0.11152
RALY_34071971	0.11152
RALY_34074146	0.203932
RASSF2_4798163	0.0125211
RASSF2_4798170	0.0125211
RBBP8NL_62425570	0.0082325
RBL1_37035844	0.0793025
RBL1_37036039	0.0793025
RBL1_37062421	0.13227
RBM12_35664083	0.160963
RBM39_35738489	0.165033
RBPJL_45315089	0.0238803
REM1_31477340	0.057595
REM1_31477375	0.057595
RGS19_64075560	0.0195794
RIMS4_44757290	0.0479953
RNF24_3947559	0.102081
RP11-261P9.4_58710675	0.0164651
RPN2_37203827	0.0982567
RPN2_37226502	0.110592
RPN2_37228326	0.110592
RPN2_37233641	0.142496
RPRD1B_38035404	0.121466
RPRD1B_38037533	0.121466
RPRD1B_38065874	0.0388712
RRBP1_17616236	0.0318352
RRBP1_17619981	0.00994035
RRBP1_17625834	0.00946705
RRBP1_17627452	0.103083
RRBP1_17634652	0.0258199
RRBP1_17668629	0.0521086
RSPO4_960599	0.0163824
RSPO4_962019	0.0163824
RSPO4_962933	0.0163824
RSPO4_963020	0.0163824
RSPO4_963034	0.0163824
RSPO4_963599	0.0163824
RTEL1_63659915	0.0570446
RTEL1_63668596	0.02794
RTFDC1_56469288	0.0236614
SAMHD1_36950749	0.0352675
SCAND1_35956191	0.0779625
SDC4_45335378	0.0850782
SDC4_45336064	0.148883
SDC4_45336075	0.148883
SEC23B_18511199	0.0433271
SEC23B_18520941	0.156297
SEC23B_18526328	0.0533977
SEL1L2_13863824	0.0960951
SGK2_43559747	0.0419253
SGK2_43579909	0.081184
SIRPA_1927560	0.0430871
SIRPA_1927578	0.0430871
SIRPA_1929252	0.0731749
SLA2_36633034	0.0234716
SLA2_36643978	0.0327546
SLA2_36644771	0.0327546
SLC13A3_46560288	0.0251437
SLC13A3_46561308	0.0251437
SLC13A3_46572183	0.0359205
SLC13A3_46575766	0.034453
SLC13A3_46589331	0.0439654
SLC13A3_46595630	0.0275032
SLC13A3_46595654	0.0275032
SLC13A3_46612579	0.0173989
SLC17A9_62953695	0.024833
SLC17A9_62959915	0.00640541
SLC23A2_4858191	0.0126718
SLC23A2_4862400	0.0289595
SLC23A2_4863044	0.0297096
SLC23A2_4873462	0.0286084
SLC23A2_4901716	0.0210007
SLC24A3_19683959	0.0368828
SLC24A3_19720611	0.0292311
SLC4A11_3235904	0.0408237
SLC52A3_764286	0.01051
SLC9A8_49880693	0.0469437
SLC9A8_49883650	0.0190068
SLPI_45253833	0.00913241
SLX4IP_10599076	0.0728314
SLX4IP_10631437	0.186033
SMOX_4175796	0.0545496
SMOX_4179097	0.0600388
SNAI1_49987349	0.0829034
SNTA1_33441117	0.0770385
SNX21_45838471	0.0866005
SNX5_17945991	0.049321
SNX5_17949164	0.0220311
SOGA1_36790774	0.0623971
SOGA1_36794718	0.0580776
SOGA1_36804977	0.0245695
SPAG4_35618390	0.0622947
SPEF1_3779977	0.0326557
SPINT4_45723152	0.0253694
SPO11_57338679	0.0703279
SRC_37348894	0.0760834
SRC_37399257	0.0198124
SRMS_63546671	0.00735303
SS18L1_62164409	0.0206162
SS18L1_62172917	0.0776385
SS18L1_62174304	0.0776385
STAU1_49118652	0.0161958
STAU1_49124213	0.0268806
STMN3_63642400	0.00691484
STMN3_63644782	0.0159436
SULF2_47674445	0.0118768
SULF2_47679406	0.0183182
SULF2_47689144	0.0667184
SYCP2_59882272	0.0457778
SYCP2_59886936	0.0732039
SYCP2_59894727	0.037956
SYCP2_59903687	0.0875379
TAF4_62000485	0.0239966
TAF4_62001981	0.00477112
TAF4_62011304	0.00897735
TASP1_13626573	0.0485676
TCF15_608140	0.0871795
TCFL5_62857281	0.0481452
TFAP2C_56632430	0.0759539
TGM2_38147850	0.0271107
TGM3_2324964	0.0322766
TGM3_2332395	0.056836
TGM3_2340387	0.0309798
TGM6_2399513	0.0184102
TM9SF4_32135570	0.0565192
TM9SF4_32143232	0.0546479
TM9SF4_32146783	0.0249067
TM9SF4_32151342	0.0436749
TM9SF4_32151594	0.0436749
TM9SF4_32154290	0.0436749
TM9SF4_32154387	0.0436749
TMC2_2592682	0.056928
TMC2_2616605	0.054684
TMEM230_5109722	0.0495131
TMX4_7990011	0.0572375
TMX4_7991455	0.0572375
TOMM34_44952230	0.0158431
TOMM34_44952975	0.0158431
TOMM34_44957136	0.027703
TOMM34_44959255	0.027703
TOP1_41078881	0.073745
TOP1_41085681	0.043659
TOP1_41089341	0.043659
TOP1_41115042	0.0538239
TP53INP2_34707348	0.178341
TP53TG5_45374176	0.0396066
TPD52L2_63868489	0.0295807
TPX2_31758491	0.0788545
TPX2_31799130	0.0752065
TRIB3_389671	0.0413142
TRMT6_5943129	0.0300518
TRMT6_5944327	0.0704955
TRMT6_5947466	0.0400716
TRPC4AP_35010105	0.0292425
TRPC4AP_35014081	0.0312067
TRPC4AP_35036403	0.0666046
TRPC4AP_35054091	0.0726127
TTLL9_31920697	0.0690568
TTLL9_31925788	0.102662
TTLL9_31942682	0.0809217
TTPAL_44485784	0.030708
UBOX5_3111533	0.0217419
UBOX5_3119969	0.0463811
UCKL1_63943843	0.053238
UCKL1_63945357	0.00777074
UQCC1_35352950	0.189303
UQCC1_35367850	0.151647
UQCC1_35380871	0.153243
VSTM2L_37932137	0.0286597
VSX1_25081267	0.0193007
WFDC10B_45704664	0.0134747
WFDC6_45539166	0.0162095
WFDC9_45614535	0.0122876
WISP2_44719895	0.033357
XRN2_21359959	0.0806032
XRN2_21375022	0.147703
XRN2_21387370	0.0778685
YTHDF1_63214941	0.039485
YTHDF1_63215671	0.0925455
ZBP1_57605546	0.0632242
ZBP1_57611958	0.0164205
ZBP1_57613551	0.0122217
ZFP64_52095656	0.0167547
ZFP64_52103768	0.0147005
ZFP64_52104507	0.0147005
ZFP64_52104553	0.0147005
ZHX3_41206269	0.176474
ZMYND8_47235923	0.0239455
ZMYND8_47239299	0.0396397
ZNF335_45950095	0.0918054
ZNF335_45956743	0.0221677
ZNF335_45959913	0.0276047
ZNF335_45962444	0.00776899
ZNF341_33744049	0.0419421
ZNF341_33745574	0.0617033
ZNF341_33753061	0.22088
ZNF341_33753616	0.0632857
ZNF341_33768742	0.0514533
ZNF343_2507870	0.148034
ZNF831_59195005	0.0294716
ZNF831_59253619	0.0489855
ZNFX1_49263894	0.0365341
ZNFX1_49272687	0.0552704
ABCG1_42282521	0.0151238
ABCG1_42282767	0.0151238
ABCG1_42286714	0.00981362
ABCG1_42287591	0.00981362
ABCG1_42290025	0.0284093
ADARB1_45134483	0.0307056
ADARB1_45152517	0.0214946
ADARB1_45178701	0.00712115
ADARB1_45181231	0.00590794
ADARB1_45181546	0.00590794
AGPAT3_43916965	0.0226069
AGPAT3_43961346	0.0226108
AGPAT3_43975637	0.0620026
APP_25896498	0.109461
APP_26143173	0.0621073
ATP5O_33907491	0.102665
BACE2_41243055	0.0340357
BACE2_41245416	0.0268886
BACH1-IT3_29497162	0.0363577
BACH1_29300321	0.0553271
BRWD1_39206463	0.0564535
BRWD1_39216226	0.221622
BRWD1_39230240	0.0235204
BRWD1_39246952	0.0682576
BRWD1_39296435	0.564825
C21orf58_46302169	0.0139242
C21orf58_46311846	0.0122478
C21orf58_46315573	0.0168392
C21orf58_46319286	0.0343746
C21orf59_32603401	0.0126659
C2CD2_41915014	0.018726
C2CD2_41917481	0.018726
C2CD2_41918338	0.0154634
CBR3_36139981	0.0315725
CCT8_29056224	0.145489
CCT8_29060780	0.0324848
CHAF1B_36408540	0.0480538
CHAF1B_36408557	0.0480538
COL18A1_45469229	0.0263285
COL18A1_45475753	0.0114626
COL18A1_45483803	0.028918
COL18A1_45497374	0.0149209
COL6A2_46120771	0.0132195
COL6A2_46126769	0.0567404
COL6A2_46126913	0.0567404
COL6A2_46130008	0.0567404
CRYZL1_33601167	0.0521879
DIP2A-IT1_46462315	0.049405
DIP2A-IT1_46464573	0.0606513
DIP2A-IT1_46464623	0.0606513
DIP2A_46494232	0.0799043
DIP2A_46509085	0.0641615
DIP2A_46535844	0.0591767
DIP2A_46537749	0.00783245
DIP2A_46548126	0.00850073
DIP2A_46558106	0.0213753
DNMT3L_44256283	0.0224216
DONSON_33581541	0.0825733
DOPEY2_36202808	0.0173228
DOPEY2_36208557	0.0173228
DOPEY2_36237088	0.0301581
DOPEY2_36237147	0.0301581
DOPEY2_36262498	0.0311173
DOPEY2_36266530	0.0484976
DSCAM_40042711	0.128527
DSCAM_40054500	0.0464645
DSCAM_40076273	0.0502183
DSCAM_40076866	0.0502183
DSCAM_40144240	0.029051
DSCR3_37227969	0.0282067
DSCR4-IT1_38010184	0.0213777
ERG_38402448	0.0536175
ERVH48-1_42923159	0.126326
FAM207A_44942012	0.0170014
FAM207A_44943080	0.0170014
FAM207A_44943530	0.0170014
FAM3B_41317357	0.00767347
FAM3B_41318170	0.00767347
FTCD_46145947	0.0127421
FTCD_46147568	0.0154542
FTCD_46154593	0.0102463
GABPA_25767262	0.0555028
GART_33515960	0.0224271
GRIK1_29588491	0.0802938
HLCS_36754993	0.0125273
HLCS_36759493	0.0513285
HLCS_36760123	0.01347
HLCS_36774531	0.0835344
HLCS_36933331	0.0685834
HLCS_36940576	0.114712
HSF2BP_43568744	0.111838
HSF2BP_43631281	0.0391633
HUNK_31919068	0.0607301
HUNK_31942224	0.080302
HUNK_31944998	0.080302
HUNK_31968612	0.0418134
HUNK_31970568	0.0418134
IFNGR2_33410019	0.0393059
IGSF5_39746048	0.0694194
IGSF5_39770512	0.0284979
IGSF5_39786786	0.0561239
IGSF5_39788732	0.0272063
IGSF5_39793135	0.022265
IL10RB_33271118	0.0981484
IL10RB_33279167	0.0290257
IL10RB_33287234	0.0367328
ITGB2_44895148	0.0162976
ITGB2_44899405	0.009172
ITGB2_44904058	0.00936993
ITGB2_44904879	0.00936993
ITSN1_33761871	0.0261258
ITSN1_33771124	0.0358549
ITSN1_33835034	0.0815005
ITSN1_33858361	0.0262495
ITSN1_33867862	0.0639523
LSS_46206071	0.0184425
LSS_46206107	0.0184425
LSS_46208688	0.0120591
LSS_46209785	0.0131055
LSS_46209981	0.0131055
LSS_46211098	0.00873816
LSS_46213253	0.0249723
LSS_46225795	0.0678251
LTN1_28936078	0.0557993
LTN1_28966021	0.0582808
MCM3AP_46236440	0.0374679
MCM3AP_46272262	0.0245008
MORC3_36333350	0.0940411
MORC3_36339632	0.0389306
MORC3_36367106	0.0458439
MRPL39_25594202	0.0311283
MRPL39_25597611	0.0466762
MX1_41436880	0.00993198
MX2_41382682	0.0493564
N6AMT1_28883183	0.0834393
NCAM2_21416564	0.0604078
NDUFV3_42898120	0.0308543
NDUFV3_42908482	0.0389723
PAXBP1_32770519	0.0556645
PCBP3_45902758	0.0323464
PCBP3_45905951	0.0323464
PCBP3_45912130	0.0274966
PCBP3_45930086	0.205925
PCBP3_45938822	0.00874979
PCBP3_45940849	0.0119701
PCNT_46353899	0.061997
PCNT_46353946	0.061997
PCNT_46358465	0.0426078
PCNT_46359255	0.0426078
PCNT_46366240	0.0133065
PCNT_46370108	0.0424063
PCNT_46391539	0.0621294
PCNT_46392361	0.0621294
PCNT_46398456	0.0905735
PCNT_46400835	0.0115604
PCNT_46402835	0.0710878
PCNT_46403587	0.0710878
PCNT_46404482	0.0710878
PCNT_46408561	0.0710878
PCNT_46410129	0.0710878
PCNT_46411018	0.0710878
PCNT_46413445	0.0095751
PCNT_46419961	0.0809334
PDE9A_42686190	0.0111471
PDE9A_42746956	0.0151836
PDE9A_42750965	0.0151836
PDE9A_42768819	0.0135681
PDE9A_42772210	0.00443171
PDXK_43726383	0.0248488
PDXK_43740262	0.0163538
PDXK_43749405	0.0201677
PDXK_43751117	0.037463
PFKL_44312482	0.0233324
PFKL_44318827	0.011996
PFKL_44319124	0.011996
PFKL_44323629	0.0200489
PIGP_37067627	0.0377536
POFUT2_45271501	0.131131
POFUT2_45280659	0.0108921
POFUT2_45283582	0.00522512
PRDM15_41822674	0.016557
PRDM15_41828560	0.0201823
PRDM15_41828618	0.0201823
PRDM15_41830976	0.0201823
PRDM15_41834601	0.0201823
PRDM15_41845900	0.0302329
PRDM15_41848568	0.00983591
PRDM15_41861462	0.00988151
PRDM15_41869919	0.0156815
PRDM15_41870968	0.00631976
PRDM15_41878550	0.00870126
PRMT2_46650031	0.135099
PRMT2_46650994	0.135099
PRMT2_46663792	0.0215176
PTTG1IP_44851868	0.00753043
PTTG1IP_44852114	0.00753043
PTTG1IP_44854402	0.00753043
PTTG1IP_44857626	0.00769862
PTTG1IP_44860608	0.00769862
PTTG1IP_44861527	0.0181266
PWP2_44107859	0.00965074
PWP2_44107987	0.00965074
PWP2_44107996	0.00965074
PWP2_44114541	0.0266098
PWP2_44120946	0.0410173
PWP2_44124175	0.0116395
PWP2_44128876	0.0103701
RCAN1_34608353	0.0453188
RIPPLY3_37014868	0.0160839
RRP1B_43664965	0.0240491
RRP1B_43690844	0.00962425
RRP1_43792573	0.0115843
RRP1_43792577	0.0115843
RRP1_43801721	0.00760632
RRP1_43803450	0.00951335
RSPH1_42481929	0.0246784
RWDD2B_29008698	0.0623161
S100B_46604572	0.0178012
SAMSN1_14517875	0.0703724
SAMSN1_14519774	0.0703724
SETD4_36036517	0.0625854
SETD4_36041692	0.0247411
SETD4_36044597	0.0115477
SETD4_36046951	0.0200483
SIM2_36711073	0.165499
SIM2_36717242	0.0970161
SIM2_36727950	0.0882918
SIM2_36746421	0.030782
SLC19A1_45526945	0.0347556
SLC19A1_45539254	0.00241202
SLC19A1_45540058	0.00241202
SLC37A1_42528345	0.00895396
SLC37A1_42539333	0.0140008
SLC37A1_42544317	0.00762629
SLC37A1_42545730	0.00762629
SLC37A1_42555805	0.0119944
SLC37A1_42564706	0.0163928
SLC37A1_42579708	0.0215149
SON_33544090	0.0946609
SUMO3_44809330	0.0649763
SUMO3_44817380	0.00803643
SYNJ1_32639818	0.0199324
SYNJ1_32665416	0.154408
SYNJ1_32679815	0.0776693
SYNJ1_32681038	0.0776693
SYNJ1_32697971	0.0586621
TIAM1_31121848	0.0724243
TIAM1_31133809	0.0194803
TIAM1_31187429	0.028738
TIAM1_31195405	0.0296889
TIAM1_31205217	0.0923687
TIAM1_31211867	0.0766053
TIAM1_31431294	0.0601487
TMEM50B_33452171	0.0459566
TMPRSS15_18275914	0.126037
TMPRSS2_41466484	0.00890823
TMPRSS2_41491079	0.0115974
TMPRSS2_41492994	0.0115974
TMPRSS2_41494013	0.0115974
TMPRSS3_42374774	0.00611172
TPTE_10522043	0.113687
TPTE_10569314	0.0456928
TPTE_10604289	0.0263033
TPTE_10605311	0.0263033
TRAPPC10_44055696	0.0185728
TRAPPC10_44056555	0.0144048
TRAPPC10_44094733	0.0335777
TRPM2_44364543	0.0135285
TRPM2_44379600	0.0146804
TRPM2_44393824	0.0171711
TRPM2_44408611	0.16265
TRPM2_44423834	0.00819839
TRPM2_44426838	0.0372601
TRPM2_44427542	0.044678
TSPEAR_44522260	0.0479155
TSPEAR_44527203	0.0078781
TSPEAR_44527904	0.00849303
TSPEAR_44528769	0.0129638
TSPEAR_44533251	0.0155617
TTC3_37087664	0.067239
TTC3_37091085	0.0570885
TTC3_37154611	0.0285816
UBASH3A_42410049	0.00725681
UBASH3A_42416007	0.0217132
UBASH3A_42424284	0.0189776
UBASH3A_42436436	0.0143024
UBASH3A_42445818	0.00658516
UMODL1_42072448	0.0107448
UMODL1_42073269	0.0107448
UMODL1_42073658	0.0107448
UMODL1_42084035	0.0142665
UMODL1_42092044	0.0187166
UMODL1_42106378	0.0178066
UMODL1_42116496	0.0117763
UMODL1_42127595	0.0237692
URB1_32323879	0.0104512
URB1_32334715	0.0108289
URB1_32343651	0.0317685
URB1_32348292	0.00961394
URB1_32349058	0.00961394
URB1_32353200	0.00868129
URB1_32359998	0.0156803
URB1_32364859	0.0128631
URB1_32367061	0.00693078
URB1_32388268	0.0334826
USP16_29050430	0.0482951
USP16_29051930	0.0482951
USP25_15764883	0.0503306
USP25_15797148	0.0551808
USP25_15814260	0.0548014
USP25_15828481	0.0571806
USP25_15836041	0.0408974
WDR4_42850330	0.00862475
WDR4_42862432	0.0107895
WDR4_42875000	0.0517027
WDR4_42878188	0.0151152
YBEY_46296550	0.0371476
ZBTB21_42002662	0.0128651
ACO2_41501304	0.051052
ACO2_41516395	0.0326551
ADORA2A_24440193	0.0248297
AIFM3_20976011	0.0338417
ALG12_49905329	0.0384325
ALG12_49906291	0.0384325
ALG12_49911155	0.0356147
ALG12_49911770	0.0356147
ANKRD54_37833912	0.0744212
ANKRD54_37838206	0.0744212
ANKRD54_37840029	0.0353394
AP1B1_29338732	0.0238572
AP1B1_29349584	0.0471505
AP1B1_29356777	0.0363732
APOBEC3B_38985134	0.0438652
APOL1_36255778	0.00369275
APOL3_36142970	0.0022686
APOL5_35729310	0.0011069
ARFGAP3_42805468	0.0275861
ARFGAP3_42815274	0.0287954
ARFGAP3_42820090	0.0103556
ARFGAP3_42821260	0.0103556
ARFGAP3_42846542	0.0377282
ARHGAP8_44807053	0.00962244
ARHGAP8_44845233	0.0468918
ARHGAP8_44846540	0.0321369
ARHGAP8_44846548	0.0321369
ARHGAP8_44848824	0.0135358
ARVCF_19972552	0.0410031
ARVCF_19973928	0.0276918
ARVCF_20011177	0.018078
ARVCF_20015709	0.018078
ASCC2_29792064	0.0612282
ASCC2_29814914	0.0348514
ASCC2_29826755	0.117999
ATXN10_45690946	0.0386688
ATXN10_45735522	0.0427707
ATXN10_45737082	0.0427707
BCL2L13_17684074	0.0266894
BCL2L13_17684705	0.0266894
BCL2L13_17692180	0.0928951
BCL2L13_17699977	0.0577835
BCR_23212514	0.0390218
BCR_23232974	0.0390218
BCR_23260497	0.0194331
BCR_23270299	0.0106359
BCR_23286280	0.0107123
BID_17742105	0.013385
BID_17743126	0.013385
BIK_43119182	0.0546101
BIK_43123917	0.0546101
BIK_43125112	0.0537925
BIK_43127266	0.0537925
BPIFC_32436168	0.0247999
BPIFC_32439490	0.0242806
BRD1_49788213	0.0855753
BRD1_49789140	0.0855753
BRD1_49791063	0.0855753
BRD1_49802040	0.0144972
BRD1_49803828	0.0144972
C1QTNF6_37182952	0.00897542
C1QTNF6_37183768	0.00897542
C22orf15_23763754	0.0197126
C22orf15_23764045	0.0197126
C22orf23_37948146	0.0635953
C22orf31_29059682	0.131795
C22orf39_19444542	0.0221794
CABIN1_24036952	0.0548315
CABIN1_24040301	0.0483762
CABIN1_24054547	0.0229164
CABIN1_24057485	0.0132456
CABIN1_24068170	0.0217982
CABIN1_24091443	0.0193091
CABIN1_24113382	0.0575996
CABIN1_24168092	0.0114581
CABIN1_24172064	0.0117728
CABP7_29724493	0.040959
CABP7_29726858	0.040959
CACNA1I_39635479	0.0473274
CACNA1I_39635994	0.0473274
CACNA1I_39643778	0.0477554
CACNA1I_39659374	0.0391392
CACNA1I_39663502	0.0453353
CACNA1I_39666656	0.0199387
CACNA1I_39682354	0.0199175
CARD10_37493516	0.00907093
CARD10_37503541	0.0137253
CARD10_37504542	0.0380631
CARD10_37506493	0.0186727
CARD10_37508358	0.0208392
CARD10_37513761	0.0602772
CARD10_37515278	0.0602772
CBX7_39139086	0.0573943
CBY1_38671941	0.0290675
CCDC157_30365171	0.0699809
CDC45_19481649	0.0392883
CDC45_19494906	0.0172334
CDC45_19500944	0.11525
CDC45_19511193	0.0895372
CDC45_19516184	0.0123498
CDPF1_46246331	0.00992945
CDPF1_46247332	0.0114968
CECR2_17552365	0.0221835
CELSR1_46364979	0.0285547
CELSR1_46379180	0.0253918
CELSR1_46388936	0.0313861
CELSR1_46391870	0.00741978
CELSR1_46437961	0.0231245
CENPM_41941170	0.0350273
CERK_46702863	0.0212572
CERK_46707545	0.0212572
CERK_46726479	0.0247009
CHEK2_28693365	0.0699163
CLTCL1_19203364	0.0413353
CLTCL1_19209492	0.0309389
CLTCL1_19213626	0.133559
CLTCL1_19215589	0.133559
CLTCL1_19226515	0.0249537
CLTCL1_19228199	0.0249537
CLTCL1_19234706	0.0574965
CPT1B_50576112	0.124741
CRYBA4_26622374	0.0327241
CRYBA4_26623674	0.0147758
CRYBA4_26625050	0.0147758
CRYBB3_25203184	0.043401
CRYBB3_25206590	0.0317524
CSF2RB_36923816	0.0151352
CSF2RB_36928772	0.0133217
CSF2RB_36936833	0.0197749
CYB5R3_42620354	0.017708
CYB5R3_42637081	0.077003
CYTH4_37299008	0.0211776
CYTH4_37299021	0.0211776
CYTH4_37309088	0.0235392
CYTH4_37309111	0.0235392
DDX17_38487042	0.10361
DENND6B_50319614	0.0216639
DEPDC5_31777982	0.0614661
DEPDC5_31785280	0.0661104
DEPDC5_31798303	0.0683235
DEPDC5_31798898	0.0411327
DEPDC5_31809466	0.049819
DEPDC5_31809470	0.049819
DEPDC5_31842166	0.042711
DEPDC5_31846297	0.0252287
DEPDC5_31852552	0.0777037
DEPDC5_31861093	0.0734534
DEPDC5_31899551	0.0429978
DEPDC5_31902746	0.0281127
DEPDC5_31904371	0.0281127
DEPDC5_31905532	0.0281127
DGCR14_19139529	0.027326
DGCR14_19140903	0.00845842
DGCR2_19059641	0.00787332
DGCR8_20081955	0.102579
DGCR8_20088045	0.0114619
DGCR8_20105999	0.041369
DGCR8_20106004	0.041369
DMC1_38566368	0.0917763
DNAL4_38782058	0.0598439
EFCAB6_43579503	0.0276971
EFCAB6_43634160	0.00906182
EFCAB6_43634410	0.00906182
EFCAB6_43667430	0.0581463
EFCAB6_43670728	0.0192935
EFCAB6_43673038	0.0351942
EIF3L_37853388	0.0487781
EIF3L_37854401	0.0487781
EIF3L_37856878	0.0473988
EIF3L_37874279	0.0432805
EIF4ENIF1_31440912	0.0539713
EIF4ENIF1_31444046	0.0380841
EIF4ENIF1_31456069	0.085154
EMID1_29206807	0.0938221
EMID1_29207368	0.0938221
EMID1_29209640	0.0938221
EMID1_29209644	0.0938221
EMID1_29211824	0.0938221
EMID1_29218479	0.0516646
EMID1_29219040	0.0516646
EMID1_29226073	0.022139
ENTHD1_39889804	0.149833
ENTHD1_39891254	0.149833
ENTHD1_39892157	0.149833
ENTHD1_39892983	0.149833
EWSR1_29287742	0.093501
FAM118A_45317214	0.0335234
FAM118A_45327673	0.0281402
FAM118A_45328308	0.106109
FAM118A_45329587	0.106109
FAM118A_45330383	0.106109
FAM118A_45331589	0.00785056
FAM118A_45334176	0.013618
FAM19A5_48603656	0.0204543
FAM227A_38594026	0.0584831
FAM227A_38599192	0.0334084
FAM227A_38627442	0.0459085
FAM83F_40019041	0.0540196
FAM83F_40020785	0.0268548
FAM83F_40023896	0.0527548
FBLN1_45522901	0.0152934
FBLN1_45541959	0.0118223
FBLN1_45546358	0.0207411
FBLN1_45576429	0.0172617
FOXRED2_36497543	0.02156
FOXRED2_36500299	0.0382179
GAB4_16964160	0.0215427
GAB4_16990898	0.0715946
GCAT_37809042	0.0266404
GCAT_37813135	0.0341013
GGA1_37614542	0.0220336
GGA1_37630491	0.0315205
GGT1_24604553	0.0402279
GGT5_24225715	0.0185319
GNB1L_19805867	0.0742265
GNB1L_19811433	0.0875913
GNB1L_19818335	0.0290321
GNB1L_19818980	0.0290321
GNB1L_19819244	0.0290321
GNB1L_19820307	0.0290321
GNB1L_19820345	0.0290321
GRAMD4_46628286	0.0327032
GRAMD4_46666799	0.0102335
GRAMD4_46670440	0.0361914
GRAMD4_46672501	0.0361914
GRAMD4_46676198	0.0118462
GRAP2_39949366	0.0681628
GRAP2_39955637	0.0681628
GRAP2_39958942	0.075458
GRAP2_39959230	0.075458
GRAP2_39965866	0.0746036
GRAP2_39966488	0.124954
GRAP2_39969167	0.0767944
GRAP2_39969294	0.0767944
GRK3_25702990	0.0418793
GRK3_25714360	0.0200536
GSC2_19149502	0.0194409
GSTTP1_24004083	0.0237072
GTPBP1_38717359	0.0595984
GTSE1_46309332	0.0171063
GTSE1_46315694	0.015443
GTSE1_46317862	0.00668482
GTSE1_46320553	0.00668482
GTSE1_46324443	0.0205997
GTSE1_46325637	0.0205997
GUCD1_24546671	0.0329276
HDHD5_17140942	0.0109621
HIRA_19353807	0.0361807
HIRA_19356319	0.0200882
HIRA_19361651	0.074639
HIRA_19376153	0.014198
HIRA_19381851	0.048302
HIRA_19391432	0.0136997
HIRA_19398124	0.0443231
HIRA_19400719	0.0443231
HIRA_19405462	0.0443231
HIRA_19408332	0.356673
HMGXB4_35292766	0.0341462
HMGXB4_35293564	0.0708638
HMOX1_35383384	0.0542334
HORMAD2_30118917	0.0781138
HPS4_26461631	0.0315235
HPS4_26461908	0.0315235
IFT27_36766901	0.11341
IL17RA_17098655	0.0353105
IL17RA_17101844	0.0121896
IL17RA_17104511	0.0575828
IL17RA_17107213	0.0240688
IL17RA_17107978	0.0180688
IL17REL_50011131	0.00363114
IL17REL_50012446	0.00363114
IL2RB_37136667	0.0146572
KB-318B8.7_24102044	0.0018692
KCTD17_37057836	0.0122089
KDELR3_38471206	0.0528506
KDELR3_38480060	0.0337377
KIAA0930_45203184	0.0210909
KIAA0930_45211845	0.0188185
KIAA1671_25032487	0.141021
KIAA1671_25066000	0.0395918
KIAA1671_25118334	0.0395918
KIAA1671_25131356	0.0395918
KIAA1671_25170567	0.0395918
KIAA1671_25178896	0.135674
KIAA1671_25192321	0.010781
KLHL22_20458565	0.0188273
KLHL22_20459419	0.0188273
KLHL22_20461679	0.0188273
KLHL22_20469610	0.0340764
KREMEN1_29140254	0.0644923
L3MBTL2_41228125	0.0180222
LARGE1_33278076	0.0282097
LARGE1_33278619	0.0282097
LARGE1_33382624	0.0562827
LARGE1_33384376	0.0368658
LGALS2_37579122	0.0464198
LIMK2_31269246	0.0674508
LIMK2_31273405	0.0793722
LMF2_50503978	0.0316874
LMF2_50504164	0.0316874
LRRC74B_21055677	0.027419
MAPK11_50268316	0.0124481
MAPK1_21772648	0.0350374
MAPK1_21848380	0.0835426
MAPK8IP2_50607307	0.00892516
MAPK8IP2_50607735	0.00892516
MAPK8IP2_50609141	0.00892516
MB_35607523	0.0303907
MCAT_43141315	0.0201689
MCM5_35401158	0.0160161
MCM5_35408657	0.0221922
MED15_20552364	0.019038
MEI1_41704062	0.10364
MEI1_41714523	0.0608875
MEI1_41716312	0.0650795
MEI1_41721520	0.0522507
MEI1_41729435	0.140208
MEI1_41755385	0.0517006
MFNG_37473113	0.0198119
MFNG_37479065	0.0487283
MGAT3_39481268	0.0310029
MICAL3_17868216	0.0418015
MICAL3_17868446	0.0418015
MICAL3_17870532	0.0418015
MICAL3_17893380	0.0263802
MICAL3_17893499	0.0263802
MICAL3_17895578	0.0293425
MICAL3_17901158	0.0221591
MICAL3_17901162	0.0221591
MICALL1_37907697	0.0489328
MICALL1_37926219	0.0221448
MICALL1_37929632	0.0264955
MICALL1_37930552	0.0264955
MICALL1_37934508	0.0292899
MICALL1_37940553	0.0747047
MKL1_40414049	0.0505211
MKL1_40415819	0.0505211
MKL1_40417894	0.00955795
MKL1_40432713	0.0712566
MKL1_40435582	0.0493047
MLC1_50062272	0.0146288
MLC1_50071521	0.0140589
MMP11_23773352	0.0664067
MMP11_23773651	0.0664067
MORC2_30943294	0.0575903
MORC2_30945452	0.0575903
MORC2_30960414	0.0868148
MOV10L1_50097254	0.0445807
MOV10L1_50100968	0.0405033
MOV10L1_50128218	0.0176206
MOV10L1_50148153	0.0336895
MRPL40_19434648	0.0337505
MTMR3_29974445	0.0720171
MTMR3_29983561	0.098307
MTMR3_29994169	0.0847669
MTMR3_29995364	0.0847669
MTMR3_30002093	0.114666
MYH9_36297699	0.0109989
MYH9_36299417	0.0153063
MYH9_36304181	0.014634
MYH9_36323215	0.128802
MYH9_36333858	0.0492148
MYO18B_25764996	0.0347812
MYO18B_25770663	0.0349353
MYO18B_25778828	0.036055
MYO18B_25824722	0.0481868
MYO18B_25828674	0.0202909
MYO18B_25829386	0.0141061
MYO18B_25841837	0.0207419
MYO18B_25848841	0.0194129
MYO18B_25874186	0.0612846
MYO18B_25891239	0.0345935
MYO18B_25950198	0.0163554
MYO18B_26004294	0.0194645
NCAPH2_50514982	0.0364618
NCF4_36862173	0.014509
NDUFA6_42089145	0.072567
NEFH_29485244	0.05425
NF2_29637607	0.169385
NF2_29658585	0.122364
NF2_29669790	0.133371
NF2_29678971	0.0475506
NFAM1_42410778	0.0214459
NIPSNAP1_29558693	0.027677
NIPSNAP1_29561016	0.0636696
NOL12_37690668	0.0193022
NPTXR_38827594	0.0629669
PACSIN2_42882807	0.0134234
PACSIN2_42886475	0.00779368
PACSIN2_42892116	0.0275123
PACSIN2_42893168	0.0275123
PANX2_50178718	0.0159623
PARVB_44132552	0.0166975
PARVB_44155157	0.0286594
PARVB_44160481	0.0137846
PARVG_44195462	0.0288507
PARVG_44202713	0.0145102
PATZ1_31332747	0.0863876
PDGFB_39226335	0.0486416
PDGFB_39232893	0.0143653
PDXP_37659868	0.0466875
PDXP_37662596	0.0466875
PHF21B_44886214	0.051959
PHF21B_44886561	0.051959
PHF21B_44886894	0.051959
PHF21B_44892542	0.0141708
PHF21B_44894951	0.0119592
PHF21B_44918165	0.0104616
PHF5A_41465178	0.0550185
PI4KA_20746594	0.0276104
PI4KA_20749671	0.0117797
PI4KA_20761678	0.0222283
PI4KA_20804654	0.0235532
PI4KA_20810800	0.0152879
PI4KA_20816015	0.02326
PI4KA_20820861	0.0219467
PI4KA_20834896	0.0395345
PICK1_38068963	0.0141006
PICK1_38072746	0.0254036
PIK3IP1_31284994	0.0872813
PIK3IP1_31288619	0.0872813
PIM3_49962384	0.084114
PITPNB_27917387	0.055761
PIWIL3_24722738	0.0411194
PIWIL3_24749990	0.0710084
PIWIL3_24757447	0.0447138
PLA2G6_38129655	0.0288397
PLXNB2_50279058	0.0245777
PLXNB2_50284935	0.0108739
PLXNB2_50285717	0.0108739
PNPLA3_43932713	0.0170577
PNPLA3_43933242	0.0148182
PNPLA3_43936556	0.0142789
PNPLA3_43942503	0.0571286
PNPLA5_43885487	0.0198048
PNPLA5_43890564	0.0087878
POLDIP3_42586791	0.0271601
POLDIP3_42600751	0.0323934
POLR2F_37960080	0.0443965
POLR2F_37961203	0.0443965
POLR3H_41533248	0.0502835
POLR3H_41535009	0.0502835
PPARA_46217179	0.0204363
PPARA_46218191	0.0204363
PPM1F_21926718	0.0131444
PPM1F_21930187	0.0131444
PPM1F_21930458	0.0131444
PPM1F_21932919	0.0411663
PPP6R2_50366423	0.0654815
PPP6R2_50395685	0.0290158
PPP6R2_50408386	0.0566317
PPP6R2_50422960	0.0121591
PPP6R2_50440461	0.0150142
PPP6R2_50440654	0.0150142
PRAME_22549368	0.00871165
PRAME_22553027	0.0262192
PRODH_18926038	0.0158872
PRODH_18926323	0.0158872
PRODH_18928897	0.0158872
PRODH_18932644	0.0287027
PRR5_44729471	0.0348289
PRR5_44733323	0.0314972
RAB36_23152992	0.0200198
RAB36_23160490	0.011936
RAC2_37237336	0.0159067
RANGAP1_41247465	0.0122021
RANGAP1_41251236	0.0115482
RANGAP1_41251719	0.0115482
RANGAP1_41254583	0.0210452
RASD2_35547434	0.0329656
RHBDD3_29265860	0.0481873
RIBC2_45425678	0.0115815
RNF185_31161132	0.0798491
RNF185_31187646	0.0803017
RNF185_31202254	0.040946
RP1-37E16.12_37691117	0.0244776
RRP7A_42514473	0.0162149
RSPH14_23059879	0.0163507
RSPH14_23061071	0.0163507
RSPH14_23063510	0.0184289
RSPH14_23140807	0.0259451
SAMM50_43990069	0.0203823
SAMM50_43990073	0.0203823
SAMM50_43995230	0.0118599
SCARF2_20429071	0.0351296
SCARF2_20432216	0.0331228
SCARF2_20436823	0.0331228
SCUBE1_43208415	0.00818977
SCUBE1_43224374	0.0124121
SCUBE1_43230498	0.0167153
SCUBE1_43259964	0.0237226
SCUBE1_43261405	0.0237226
SEC14L2_30419122	0.0570599
SEC14L4_30494322	0.0259069
SEC14L6_30525269	0.0318083
SELENOO_50204340	0.074478
SELENOO_50216592	0.0126768
SEPT3_41993466	0.0524646
SEPT5_19719211	0.0506089
SERHL2_42561669	0.0247476
SF3A1_30338588	0.0371897
SF3A1_30343459	0.0290312
SF3A1_30344480	0.0290312
SF3A1_30351153	0.0536689
SFI1_31551486	0.0973076
SGSM1_24847517	0.0519293
SGSM1_24849091	0.0339811
SGSM1_24852974	0.0318963
SGSM1_24859197	0.0378649
SGSM1_24876487	0.0513112
SGSM1_24879314	0.0200878
SGSM1_24912857	0.0384801
SH3BP1_37651175	0.078736
SHANK3_50678002	0.0118937
SHANK3_50703050	0.047392
SHANK3_50706273	0.033662
SHANK3_50715123	0.0316087
SLC16A8_38080564	0.013711
SLC25A18_17586326	0.0374257
SLC25A18_17587411	0.0203403
SLC25A1_19177204	0.01941
SLC5A1_32082083	0.018402
SLC5A1_32083728	0.0327064
SLC5A1_32100202	0.0548513
SLC5A4_32237381	0.0238048
SLC5A4_32238491	0.0238048
SLC5A4_32247550	0.0594116
SLC5A4_32248331	0.0594116
SLC7A4_21029575	0.0328835
SMARCB1_23800849	0.0551413
SMARCB1_23831789	0.0362544
SMC1B_45345235	0.0432622
SMC1B_45350844	0.0168703
SMC1B_45359046	0.0860842
SMC1B_45359053	0.0860842
SMC1B_45361073	0.039683
SMC1B_45367479	0.177392
SMC1B_45393228	0.02894
SMC1B_45412895	0.047034
SNAP29_20883965	0.0179392
SPECC1L_24344517	0.0780703
SPECC1L_24362990	0.0705974
SPECC1L_24364059	0.0231389
SREBF2_41875164	0.0271853
SREBF2_41886650	0.0664412
SREBF2_41899730	0.0129787
SREBF2_41901718	0.0428482
SRRD_26484437	0.0138544
SRRD_26489720	0.0120051
SSTR3_37209807	0.0337987
SSTR3_37210966	0.0337987
ST13_40841542	0.0303394
ST13_40849522	0.0396221
SYCE3_50551718	0.0947877
SYN3_32514326	0.0402309
SYN3_32528698	0.0342569
SYN3_32529143	0.0819557
SYN3_32531228	0.0819557
SYN3_32536834	0.0710614
SYN3_32666507	0.0713778
SYN3_32865347	0.0314272
SYN3_32985644	0.0679154
TAB1_39417404	0.0209016
TAB1_39419321	0.0233016
TAB1_39429213	0.0635216
TBC1D22A_46794587	0.00680816
TBC1D22A_46823808	0.0416191
TBC1D22A_46829410	0.0416191
TBC1D22A_46890997	0.035844
TBC1D22A_46991179	0.0281559
TBX1_19757130	0.125866
TBX1_19760542	0.137249
TCF20_42161748	0.0181148
TCF20_42162996	0.0181148
TEF_41391004	0.056335
TEX33_36991360	0.0737157
TEX33_37002856	0.00924549
THOC5_29527755	0.0468738
THOC5_29541582	0.0439914
THOC5_29547887	0.0990056
THOC5_29548954	0.0990056
THOC5_29549380	0.0470851
TIMP3_32849339	0.075754
TMEM184B_38247666	0.0204991
TMPRSS6_37067102	0.0278147
TMPRSS6_37083389	0.0243635
TMPRSS6_37085295	0.0182308
TMPRSS6_37095774	0.0836773
TMPRSS6_37099228	0.0344728
TMPRSS6_37101683	0.0344728
TMPRSS6_37106672	0.0159985
TMPRSS6_37108385	0.0159985
TMPRSS6_37108772	0.0159985
TNRC6B_40066482	0.108085
TNRC6B_40274376	0.0603835
TNRC6B_40276131	0.0603835
TNRC6B_40285036	0.158776
TNRC6B_40313471	0.0371015
TNRC6B_40313709	0.0371015
TOM1_35324036	0.0275483
TOM1_35325204	0.0275483
TOM1_35327032	0.0275483
TOM1_35328509	0.0178155
TOM1_35338671	0.0198014
TOM1_35346012	0.0130175
TPST2_26530419	0.0344804
TPST2_26541920	0.051964
TPST2_26542621	0.051964
TRABD_50193410	0.0112593
TRIOBP_37697901	0.0442012
TRIOBP_37700515	0.0442012
TRIOBP_37709325	0.119293
TRIOBP_37709585	0.119293
TRIOBP_37711258	0.0575649
TRIOBP_37714942	0.0371042
TRIOBP_37717160	0.0466592
TRIOBP_37738470	0.0196293
TRIOBP_37739289	0.106832
TRIOBP_37740026	0.106832
TRIOBP_37740412	0.106832
TRIOBP_37755891	0.0235315
TRIOBP_37756638	0.0235315
TRIOBP_37763026	0.0646137
TRIOBP_37765485	0.0646137
TRIOBP_37765490	0.0646137
TRIOBP_37770222	0.0437505
TRIOBP_37771375	0.0437505
TRMU_46341716	0.0468802
TRMU_46350764	0.0079662
TRMU_46352239	0.112517
TSPO_43161050	0.0232164
TST_37011681	0.0226486
TST_37013072	0.0226486
TTC28_27995538	0.022078
TTC28_27995649	0.022078
TTC28_28102417	0.0773714
TTC28_28559745	0.16267
TTC28_28562621	0.16267
TTC38_46272945	0.0161567
TTC38_46274640	0.0218107
TTC38_46282442	0.0272174
TTLL12_43171228	0.01326
TTLL12_43171477	0.01326
TTLL12_43179127	0.0234131
TTLL12_43186789	0.0149166
TTLL1_43042359	0.00836362
TTLL1_43046602	0.0379078
TTLL1_43071925	0.0322553
TUBA3FP_21011705	0.0314935
TUBA3FP_21011827	0.0314935
TUBA3FP_21012526	0.0314935
TUBGCP6_50228982	0.00667927
TXN2_36477440	0.0312093
UBE2L3_21586831	0.0531038
UPB1_24499903	0.0729115
UPK3A_45290016	0.0267984
XPNPEP3_40924187	0.0543371
XPNPEP3_40924890	0.0860381
XRCC6_41636078	0.074966
XRCC6_41650599	0.0825415
XRCC6_41654823	0.0569455
YPEL1_21704192	0.0343671
ZC3H7B_41328797	0.0312107
ZC3H7B_41343306	0.019813
ZC3H7B_41351122	0.0151664
ZC3H7B_41353554	0.029265
ZC3H7B_41354982	0.029265
ZC3H7B_41356585	0.0500655
ZDHHC8_20140869	0.132951
ZDHHC8_20144340	0.0281304
ZDHHC8_20144389	0.0281304
ZMAT5_29740351	0.0137129
ZNF280A_22515865	0.0522104
ZNF70_23749977	0.0473965
ZNF74_20404596	0.0242842
ZNRF3_28886033	0.129249
ZNRF3_29042447	0.109421
ZNRF3_29043204	0.0484499
ABCD1_153737374	0.171793
ABCD1_153738761	0.045663
ABCD1_153742055	0.00955757
ACE2_15563833	0.058395
ACE2_15580469	0.0520055
ACE2_15599754	0.132367
ADGRG2_18996673	0.0730193
ADGRG2_19015077	0.0629993
ADGRG2_19017665	0.0629993
ADGRG2_19020878	0.124556
ADGRG2_19030210	0.274145
ADGRG4_136356411	0.117012
ADGRG4_136358504	0.279091
ADGRG4_136363729	0.127389
ADGRG4_136401892	0.171913
AFF2_148647130	0.165182
AFF2_148957642	0.029451
AIFM1_130140416	0.0659849
AKAP14_119919663	0.107613
AKAP4_50200074	0.126825
ALAS2_55017114	0.148921
ALG13_111716097	0.109624
ALG13_111717678	0.109624
ALG13_111718953	0.0864022
ALG13_111754431	0.138095
AMOT_112781868	0.102061
AMOT_112833624	0.400031
ANOS1_8533117	0.0169834
APEX2_55003646	0.0967145
APLN_129648980	0.091453
APLN_129648987	0.091453
APLN_129650936	0.091453
APOOL_85066882	0.190957
APOO_23874203	0.113364
ARAF_47568658	0.0528265
ARHGAP6_11179594	0.0780264
ARHGAP6_11184759	0.0416264
ARHGAP6_11197234	0.151042
ARHGEF6_136668464	0.0326974
ARHGEF6_136707253	0.0475852
ARHGEF6_136710592	0.134901
ARHGEF9_63705774	0.0637211
ARMCX4_101487135	0.142308
ARSD_2909979	0.0111723
ARSD_2910793	0.0546842
ARSD_2910917	0.0546842
ARSD_2928382	0.0598941
ARSE_2937706	0.033342
ARSE_2944857	0.0814718
ARSH_3018504	0.0641172
ARSH_3021834	0.0250327
ARX_25014174	0.192196
ASB11_15285030	0.0395258
ASB11_15287035	0.0395258
ASB11_15299884	0.0822428
ASB9_15245608	0.0284743
ASB9_15249328	0.032253
ASMTL_1419611	0.021346
ASMT_1615507	0.0451223
ASMT_1632435	0.125684
ATG4A_108131610	0.148357
ATG4A_108135091	0.0762232
ATG4A_108151764	0.0592101
ATP11C_139783397	0.0545991
ATP11C_139788982	0.115502
ATP11C_139793999	0.140192
ATP11C_139796129	0.140192
ATP11C_139804832	0.0930179
ATP11C_139816287	0.160553
ATP11C_139817193	0.0666178
ATP11C_139824014	0.084421
ATP1B4_120378356	0.269995
ATP2B3_153537951	0.0387763
ATP2B3_153539713	0.0387763
ATP2B3_153539898	0.0387763
ATP2B3_153550999	0.00913901
ATP2B3_153557351	0.0114954
ATP2B3_153557493	0.0114954
ATP7A_77928082	0.19509
ATRX_77688546	0.123171
ATRX_77737183	0.126436
AWAT2_70042062	0.064058
BCAP31_153701700	0.0105199
BCAP31_153703517	0.04107
BCAP31_153709239	0.0316334
BCORL1_130009574	0.110933
BCORL1_130012260	0.110933
BCORL1_130019691	0.135365
BCORL1_130022389	0.100955
BCORL1_130023248	0.25845
BCORL1_130025578	0.191819
BCORL1_130027018	0.191819
BCORL1_130028157	0.191819
BCOR_40058772	0.19147
BCOR_40060589	0.19147
BCOR_40062479	0.0592216
BGN_153507594	0.017984
BMX_15523486	0.0601885
BMX_15529873	0.0499182
BMX_15531107	0.0303062
BMX_15545888	0.0762198
BRCC3_155084350	0.114024
BRCC3_155089580	0.133768
BRCC3_155089967	0.133768
BRCC3_155095753	0.178797
BRS3_136489349	0.228703
BRWD3_80684671	0.0947768
BRWD3_80697607	0.106319
BRWD3_80702244	0.048858
CACNA1F_49205878	0.0365251
CACNA1F_49219220	0.0520026
CACNA1F_49221363	0.0446648
CACNA1F_49231989	0.238086
CASK_41526895	0.137439
CASK_41577569	0.14042
CASK_41671725	0.203855
CCDC120_49059927	0.169089
CCDC120_49060939	0.169089
CCDC120_49066280	0.076818
CCNB3_50284891	0.2123
CCNB3_50349810	0.0756874
CCNB3_50351016	0.0756874
CD99L2_150774654	0.0317876
CD99L2_150785902	0.0606902
CDKL5_18605710	0.140483
CDKL5_18607056	0.140483
CDX4_73454116	0.141462
CENPI_101102015	0.055697
CFAP47_36072476	0.0453436
CFP_47627833	0.0445543
CFP_47627971	0.0445543
CLCN4_10168039	0.0468364
CLCN4_10194122	0.0644378
CLCN5_50076307	0.125267
CLCN5_50087535	0.207267
CLCN5_50088306	0.207267
COL4A5_108571176	0.16874
COL4A5_108595338	0.0351876
COL4A5_108599371	0.0703961
COL4A5_108680294	0.166822
COL4A6_108161832	0.0474671
COL4A6_108162534	0.0474671
COL4A6_108188233	0.120213
COL4A6_108199435	0.0677163
COL4A6_108204518	0.0696442
COL4A6_108220004	0.0717455
COX7B_77905064	0.0571858
CRLF2_1206059	0.0141907
CRLF2_1207725	0.0225222
CSF2RA_1274626	0.0723172
CSF2RA_1288181	0.01594
CSF2RA_1304638	0.00874895
CSTF2_100822566	0.175823
CSTF2_100827746	0.132332
CSTF2_100828909	0.251235
CT55_135167850	0.0689911
CT55_135169853	0.00705774
CTPS2_16676579	0.310774
CTPS2_16684383	0.0734769
CTPS2_16697562	0.0642576
CTPS2_16700317	0.0988488
CUL4B_120536013	0.106604
CXorf36_45157095	0.04219
CXorf38_40637333	0.0448591
CXorf56_119564709	0.0945138
CXorf57_106622554	0.127252
CXorf57_106623175	0.0732382
CXorf57_106634699	0.123941
CXorf57_106635052	0.123941
CXorf65_71105591	0.0703735
CXorf66_139958364	0.0952759
CXorf66_139959323	0.0952759
DCX_111409541	0.193449
DGKK_50369330	0.0761927
DGKK_50370257	0.0761927
DGKK_50370731	0.0785068
DGKK_50387292	0.10083
DGKK_50422643	0.108819
DHRSX_2229469	0.0290953
DHRSX_2231253	0.0290953
DIAPH2_96771543	0.143859
DIAPH2_96939964	0.086797
DKC1_154767652	0.384929
DMD_31125207	0.255195
DMD_31126062	0.255195
DMD_31146040	0.071881
DMD_32389035	0.0246191
DMD_32490422	0.044393
DOCK11_118514204	0.131992
DOCK11_118566823	0.0816232
DOCK11_118613903	0.0720087
DOCK11_118615485	0.0660862
DOCK11_118622217	0.0871477
DOCK11_118640327	0.0865651
DOCK11_118656731	0.0796612
DOCK11_118661525	0.0796612
DRP2_101243973	0.0977699
DRP2_101253221	0.040308
DRP2_101254393	0.040308
DRP2_101258662	0.0708728
DYNLT3_37846530	0.122884
DYNLT3_37846534	0.122884
EDA2R_66604204	0.060756
EDA_70029924	0.254427
EDA_70031186	0.195186
EFHC2_44245780	0.186396
EIF1AX_20129971	0.0678303
EIF1AX_20140695	0.103242
EIF2S3_24058283	0.0483365
ELK1_47637663	0.0452704
ELK1_47643823	0.10166
ELK1_47648388	0.10166
ENOX2_130683865	0.218624
ENOX2_130707201	0.228296
ENOX2_130722814	0.204047
F8_154902828	0.0621991
F8_154986635	0.065476
F8_154987060	0.065476
F8_154990823	0.110503
F9_139530985	0.102827
F9_139530989	0.102827
FAAH2_57380073	0.0478974
FAAH2_57447222	0.0879852
FAM120C_54157901	0.131578
FAM122B_134784209	0.0945111
FAM122B_134794043	0.266729
FAM122C_134808350	0.113908
FAM122C_134816577	0.114781
FAM155B_69528823	0.169913
FAM155B_69528915	0.169913
FAM199X_104168643	0.11894
FAM199X_104172620	0.11894
FAM3A_154515373	0.033899
FAM50A_154445375	0.014098
FAM50A_154448398	0.0168721
FAM58A_153593679	0.00994981
FAM9A_8796128	0.0412054
FAM9A_8796537	0.154707
FAM9A_8797185	0.154707
FAM9B_9028627	0.0450545
FAM9C_13043273	0.0431458
FANCB_14848847	0.0953597
FANCB_14854493	0.117272
FATE1_151719857	0.0490208
FATE1_151720559	0.0490208
FGD1_54452006	0.122193
FGD1_54458998	0.111646
FGD1_54466107	0.0589969
FMR1_147931217	0.459715
FOXO4_71102035	0.146057
FOXP3_49256007	0.11057
FOXP3_49257982	0.47159
FOXP3_49259602	0.187871
FRMD7_132086068	0.0856975
FRMD7_132093491	0.0856975
FRMPD3_107529771	0.126343
FRMPD3_107531749	0.21738
FRMPD3_107546275	0.109226
FRMPD3_107547241	0.109226
FRMPD3_107559901	0.118063
FRMPD3_107561856	0.0953416
FRMPD3_107562563	0.0953416
FRMPD4_12686784	0.129637
FRMPD4_12688283	0.129637
GAB3_154697409	0.0103563
GABRA3_152193298	0.0556131
GABRA3_152195566	0.0556131
GABRE_151960114	0.21373
GABRE_151972868	0.0645964
GABRQ_152645709	0.0498862
GABRQ_152648506	0.0554616
GATA1_48790937	0.0779388
GCNA_71608913	0.082091
GCNA_71609402	0.0677319
GDPD2_70426229	0.0707529
GDPD2_70427913	0.02714
GEMIN8_14020653	0.0588665
GK_30689919	0.117735
GK_30695575	0.0647434
GLOD5_48765688	0.0898116
GLRA2_14574132	0.160808
GNL3L_54551534	0.0237331
GPKOW_49117242	0.0653226
GPKOW_49122868	0.0354766
GPKOW_49122883	0.0354766
GPR143_9764808	0.0132059
GPR143_9765044	0.0132059
GPR50_151177343	0.122533
GPR50_151179174	0.0448162
GRIA3_123403157	0.145204
GRIPAP1_48999685	0.0705609
GTPBP6_307512	0.0470548
GTPBP6_308083	0.052331
GTPBP6_313819	0.0355233
GUCY2F_109388285	0.0722006
GUCY2F_109392287	0.342918
GYG2_2859768	0.0428567
GYG2_2875651	0.0407245
GYG2_2875657	0.0407245
H2BFWT_104011942	0.000770799
HCCS_11115959	0.0251197
HCFC1_153952189	0.0370845
HCFC1_153958249	0.02821
HCFC1_153958350	0.02821
HCFC1_153961037	0.0192706
HCFC1_153961877	0.0498621
HCFC1_153961969	0.0498621
HCFC1_153963433	0.0353
HDAC6_48805336	0.0527096
HDAC8_72479618	0.257298
HEPH_66192064	0.0372113
HEPH_66199780	0.0587849
HEPH_66202601	0.0559655
HEPH_66264727	0.0529466
HUWE1_53539942	0.0445711
HUWE1_53563102	0.831895
HUWE1_53573058	0.0565168
HUWE1_53576031	0.0434194
HUWE1_53587127	0.0317208
IGBP1_70141038	0.0948223
IGSF1_131277571	0.326159
IGSF1_131282138	0.0750842
IGSF1_131282161	0.0750842
IGSF1_131365673	0.256219
IKBKG_154548911	0.0465193
IL13RA1_118749454	0.0289789
IL13RA1_118765815	0.0692989
IL1RAPL2_105753500	0.237891
IL1RAPL2_105754579	0.237891
IL2RG_71110791	0.160918
IL3RA_1352642	0.0242025
IL3RA_1356391	0.092904
INTS6L_135546550	0.348901
INTS6L_135573686	0.0560232
IQSEC2_53236956	0.250816
IQSEC2_53238877	0.0981025
IQSEC2_53247308	0.182184
IQSEC2_53253267	0.14994
IQSEC2_53254204	0.14994
ITIH6_54789770	0.145969
ITIH6_54791783	0.0772354
ITIH6_54793339	0.131428
JADE3_47028478	0.165531
JADE3_47030407	0.165531
JADE3_47056756	0.107982
KDM6A_44917610	0.149894
KDM6A_45068337	0.131923
KIAA1210_119083842	0.049725
KIAA1210_119084782	0.049725
KIAA1210_119107704	0.0620652
KIAA1210_119116127	0.100386
KIF4A_70333785	0.149444
KIF4A_70341523	0.149444
KIF4A_70405740	0.216004
KIF4A_70418623	0.0982554
LAGE3_154478531	0.0521614
LAMP2_120454743	0.0708202
LAS1L_65514128	0.208868
LAS1L_65529335	0.138146
LINC01402_120118012	0.0749066
LL0XNC01-16G2.1_153321157	0.00297355
LONRF3_119014761	0.107522
LRCH2_115128551	0.0742076
LRCH2_115158192	0.118918
LUZP4_115303102	0.131982
MAGEA10_152136639	0.000944981
MAGEA1_153180049	0.0186823
MAGEA1_153181258	0.0186823
MAGEA1_153181353	0.0186823
MAGEA1_153181543	0.0186823
MAGEA1_153181583	0.0186823
MAGEB17_16168524	0.00492194
MAGEC2_142204100	0.000840909
MAGT1_77831131	0.142759
MAGT1_77871156	0.123036
MAGT1_77874314	0.123036
MAMLD1_150504412	0.143965
MAMLD1_150507525	0.143965
MAOA_43731665	0.10869
MAOA_43735783	0.0891897
MAOB_43801921	0.10203
MAP3K15_19373910	0.0205429
MAP3K15_19375952	0.0426252
MAP3K15_19378926	0.0426252
MAP3K15_19428271	0.0419101
MAP3K15_19429523	0.0419101
MAP3K15_19430711	0.0419101
MAP7D2_20043408	0.080549
MAP7D2_20047422	0.0934779
MAP7D2_20051951	0.0934779
MAP7D3_136234727	0.101431
MAP7D3_136240509	0.0910654
MBNL3_132382791	0.266628
MBNL3_132412739	0.153388
MBTPS2_21860024	0.17839
MBTPS2_21880670	0.104057
MCF2_139598545	0.0653007
MCF2_139617900	0.0370542
MCF2_139620064	0.121836
MECP2_154076494	0.0880083
MORC4_106961865	0.0819882
MOSPD1_134898814	0.181217
MOSPD2_14873618	0.161199
MOSPD2_14894231	0.0746591
MPP1_154791918	0.0508061
MSL3_11762549	0.0334795
MSN_65734376	0.143028
MTMR1_150720078	0.193539
MTMR1_150720252	0.193539
MTMR1_150732481	0.0345184
MTMR1_150761754	0.0185149
MTMR8_64355259	0.130669
NDP_43951588	0.0687109
NDUFA1_119875466	0.0717122
NKAP_119942212	0.0823368
NKAP_119942528	0.0823368
NOX1_100871050	0.136263
NOX1_100873080	0.136263
NR0B1_30306701	0.0399318
NRK_105895152	0.244505
NRK_105898860	0.24908
NRK_105946590	0.196576
NSDHL_152851089	0.0397227
NSDHL_152865025	0.0207204
NUP62CL_107167976	0.137715
NXF3_103077561	0.1674
NXF3_103083343	0.0649274
OCRL_129542256	0.157911
OCRL_129579316	0.112649
OCRL_129582470	0.112649
OCRL_129587301	0.0407151
OFD1_13737067	0.0456391
OFD1_13755495	0.0211154
OFD1_13755796	0.0211154
OPHN1_68113372	0.085362
OPHN1_68212286	0.0637787
OTC_38403190	0.105378
P2RY10_78945795	0.0395576
P2RY10_78947548	0.0395576
PAK3_111098856	0.103568
PAK3_111192321	0.0792394
PAK3_111194937	0.0715671
PASD1_151620823	0.135523
PBDC1_76174380	0.104276
PCDH19_100406217	0.585815
PCYT1B_24618137	0.117833
PDHA1_19344288	0.0721921
PDHA1_19351690	0.0621063
PDK3_24500867	0.109807
PDK3_24521597	0.098182
PGK1_78107084	0.146829
PGK1_78117591	0.0695087
PGRMC1_119237260	0.13546
PHEX_22218030	0.164638
PHEX_22224284	0.122526
PHEX_22225396	0.122526
PHEX_22227350	0.142992
PHF8_53949133	0.119581
PHKA1_72602600	0.122243
PHKA1_72622816	0.150884
PHKA1_72626806	0.128747
PHKA1_72636984	0.143488
PHKA1_72653566	0.0833855
PHKA2_18900111	0.0700721
PHKA2_18907511	0.0576858
PHKA2_18929906	0.0334979
PHKA2_18930762	0.0334979
PHKA2_18944903	0.0795626
PHKA2_18944912	0.0795626
PIH1D3_107208679	0.134989
PIM2_48917905	0.0269844
PIM2_48918198	0.0269844
PLCXD1_276908	0.029952
PLCXD1_290899	0.023662
PLP1_103789620	0.112905
PLXNA3_154459433	0.0715961
PLXNA3_154462832	0.0151833
PNPLA4_7901503	0.0262955
PNPLA4_7921880	0.296206
POF1B_85306744	0.0775838
POF1B_85307351	0.106926
POF1B_85315595	0.056485
POLA1_24732337	0.121234
POLA1_24746335	0.235062
POLA1_24843368	0.498261
PORCN_48511645	0.101733
PPEF1_18698454	0.218825
PPEF1_18782224	0.170143
PPP1R3F_49282645	0.0893093
PPP1R3F_49282973	0.0893093
PPP2R3B_340702	0.0417141
PPP2R3B_360083	0.0578648
PRAF2_49072650	0.0357142
PRAF2_49072822	0.0357142
PRDX4_23668159	0.211321
PRDX4_23679141	0.10487
PRDX4_23686050	0.148244
PRICKLE3_49178864	0.0387161
PRPS2_12798172	0.052675
PUDP_7097888	0.0180517
RBBP7_16857120	0.0578243
RBM10_47172696	0.195988
RBM10_47173756	0.366744
RBM10_47174228	0.366744
RBM41_107118426	0.0697774
RBM41_107118430	0.0697774
RENBP_153937410	0.0266769
REPS2_17050046	0.164967
REPS2_17069153	0.100737
REPS2_17134360	0.0576844
RGN_47084972	0.0987956
RHOXF1_120110374	0.0150833
RHOXF1_120111212	0.0150833
RHOXF1_120115306	0.0226278
RNF128_106784903	0.158115
RP11-85L21.4_135121349	0.026537
RPGR_38295866	0.090081
RPGR_38319556	0.101289
RPGR_38320699	0.101289
RPGR_38320730	0.101289
RPS6KA3_20165271	0.0893046
RPS6KA3_20168835	0.0961602
RPS6KA3_20175428	0.126284
RPS6KA3_20188792	0.0930238
RPS6KA3_20198567	0.149119
RPS6KA3_20216411	0.154275
RPS6KA6_84155953	0.115963
RRAGB_55721978	0.105952
RRAGB_55731215	0.121009
RS1_18643212	0.0802222
S100G_16650968	0.0360969
S100G_16652739	0.0617165
SAGE1_135904300	0.0126794
SASH3_129792128	0.0423507
SASH3_129792295	0.0423507
SEPT6_119641361	0.0890913
SH3BGRL_81291749	0.11415
SH3KBP1_19592595	0.120319
SH3KBP1_19852130	0.113392
SHOX_638406	0.133856
SHOX_639946	0.133856
SHOX_640674	0.133856
SHROOM2_9854919	0.0855077
SHROOM2_9934254	0.0186941
SHROOM2_9936939	0.0186941
SHROOM2_9945648	0.0128401
SHROOM4_50597193	0.0554804
SHROOM4_50597704	0.0554804
SLC10A3_154489161	0.0768913
SLC16A2_74521894	0.142511
SLC25A14_130358052	0.181689
SLC25A14_130367058	0.188604
SLC25A43_119406941	0.0678025
SLC25A53_104117315	0.116733
SLC25A6_1390082	0.0663703
SLC6A14_116437160	0.0992917
SLC7A3_70926211	0.0553764
SLC7A3_70927087	0.074375
SLC9A6_136013230	0.0722857
SLC9A6_136043125	0.0403244
SLC9A7_46608236	0.0499748
SLC9A7_46611968	0.0499748
SLC9A7_46664226	0.0926174
SLC9A7_46669854	0.0562568
SLC9A7_46687335	0.1516
SLC9A7_46757212	0.1516
SMARCA1_129482583	0.157437
SMARCA1_129491367	0.125475
SMARCA1_129497552	0.0505827
SMARCA1_129512180	0.0802066
SMARCA1_129516569	0.154286
SMC1A_53380288	0.328848
SMC1A_53404715	0.0545912
SMC1A_53415169	0.109658
SMC1A_53420970	0.109658
SMIM9_154829664	0.0413305
SMIM9_154831508	0.0226038
SMIM9_154831929	0.0226038
SMIM9_154832521	0.0226038
SMS_21968262	0.116502
SRPK3_153782354	0.0506501
SRPX2_100645473	0.134817
SRPX2_100667175	0.0454206
SRPX_38159782	0.0423991
SSX1_48257092	0.0173723
SSX1_48263693	0.0221322
STAG2_124022273	0.148548
STAG2_124045054	0.0955985
STAG2_124066611	0.0607414
STAG2_124072344	0.0523033
STAG2_124099347	0.130577
STK26_132061919	0.136803
STK26_132072008	0.148955
SUV39H1_48705848	0.0476768
SYAP1_16735933	0.0628988
SYAP1_16735936	0.0628988
SYAP1_16750092	0.0725818
SYN1_47574817	0.136477
SYN1_47605497	0.0686051
SYN1_47605586	0.0686051
SYTL4_100676324	0.0635108
SYTL4_100679412	0.0942051
SYTL4_100690782	0.104085
TAB3_30832252	0.0645418
TAB3_30832303	0.0645418
TAB3_30861923	0.129116
TAF1_71384683	0.105807
TAF1_71384788	0.105807
TAF9B_78133674	0.19012
TBC1D25_48540915	0.129402
TBC1D25_48544661	0.133309
TBC1D8B_106840343	0.113932
TBX22_80023630	0.0551959
TBX22_80024639	0.0466398
TBX22_80025601	0.0466398
TBX22_80025911	0.0516447
TBX22_80027057	0.0408708
TEX11_70529284	0.0990726
TEX11_70554559	0.203352
TEX11_70624086	0.212719
TEX11_70624518	0.212719
TFE3_49034462	0.0899497
THOC2_123638289	0.0751951
THOC2_123666392	0.230582
TKTL1_154309641	0.0540459
TKTL1_154311523	0.0345608
TKTL1_154315039	0.0642234
TKTL1_154324001	0.0205832
TLR8_12907070	0.0355957
TMEM185A_149603059	0.0268021
TMEM185A_149606837	0.0231602
TMEM255A_120308480	0.222994
TMLHE_155507938	0.14265
TREX2_153455958	0.00321285
TREX2_153456398	0.0479531
TRMT2B_101013069	0.157255
TRMT2B_101021020	0.220643
TRO_54926306	0.148756
TRPC5_111852983	0.088714
TXLNG_16819346	0.127392
TXLNG_16823061	0.0762763
TXLNG_16829018	0.0435782
TXLNG_16830413	0.0469358
TXLNG_16832072	0.0469358
TXLNG_16834132	0.0864052
TXLNG_16840824	0.0207366
U82695.5_153400304	0.0100077
U82695.5_153401073	0.0100077
UBA1_47207958	0.0449937
UBA1_47212246	0.0330676
UBE2A_119576635	0.159411
UPF3B_119851927	0.0823215
UPRT_75294093	0.155099
USP9X_41125934	0.0608205
USP9X_41129770	0.0597828
USP9X_41147687	0.0611379
USP9X_41147947	0.0611379
USP9X_41187235	0.0438658
USP9X_41201556	0.0442862
USP9X_41215659	0.0322464
UTP14A_129919974	0.0563361
UXT_47654028	0.111588
VAMP7_155895507	0.0763469
VEGFD_15354720	0.0889051
VEGFD_15357520	0.1259
VSIG1_108068138	0.150254
VSIG1_108069303	0.150254
VSIG1_108075228	0.0419996
VSIG4_66039841	0.054903
WDR44_118378647	0.152222
WDR44_118407441	0.0579025
WDR44_118435892	0.131348
WDR44_118436481	0.131348
WNK3_54200692	0.215257
WNK3_54251105	0.293972
WNK3_54253218	0.131663
WWC3_10110409	0.0310181
WWC3_10115257	0.0310181
WWC3_10117776	0.0402589
WWC3_10120457	0.0402589
WWC3_10125899	0.0100169
XAGE3_52865906	0.0204648
XG_2775122	0.0893643
XG_2781734	0.0893643
XG_2789454	0.0762958
XG_2789456	0.0762958
XG_2813143	0.0315345
XIAP_123883717	0.16579
XIAP_123898524	0.105943
XIAP_123906856	0.116987
XPNPEP2_129742673	0.0453828
XPNPEP2_129761413	0.0567435
YIPF6_68529121	0.184045
ZDHHC15_75428787	0.191236
ZDHHC9_129812022	0.0696325
ZDHHC9_129812502	0.0696325
ZDHHC9_129829180	0.216925
ZDHHC9_129833980	0.216925
ZDHHC9_129842594	0.383064
ZFX_24159801	0.134822
ZFX_24172932	0.192106
ZMYM3_71243108	0.116003
ZMYM3_71246751	0.104199
ZNF157_47411130	0.135967
ZNF157_47411918	0.135967
ZNF185_152919970	0.0114486
ZNF185_152937987	0.0855966
ZNF185_152960006	0.0106984
ZNF185_152963314	0.0106984
ZNF185_152963481	0.0106984
ZNF275_153339028	0.0506908
ZNF275_153344211	0.0506908
ZNF280C_130225153	0.110108
ZNF280C_130239078	0.119025
ZNF449_135346957	0.0605676
ZNF711_85248742	0.103071
ZNF711_85265849	0.247313
ZNF75D_135302785	0.147287
ZRSR2_15810274	0.0778339
EIF1AY_20578687	0.0520859
KDM5D_19733336	0.0617969
RPS4Y1_2846465	0.0419043
RPS4Y1_2853690	0.0419043
RPS4Y2_20762979	0.0474656
TBL1Y_7067896	0.104592
TBL1Y_7069427	0.104592
TBL1Y_7069969	0.104592
USP9Y_12703344	0.107706
USP9Y_12703578	0.107706
USP9Y_12727330	0.132512
USP9Y_12791269	0.0250518
USP9Y_12812113	0.0309246
USP9Y_12813526	0.104407
USP9Y_12853492	0.0894102
UTY_13304181	0.0298305
UTY_13355637	0.109
